[2026-06-09T00:31:15.445+0000] {processor.py:161} INFO - Started process (PID=124574) to work on /home/airflow/.local/lib/python3.12/site-packages/airflow/example_dags/example_dynamic_task_mapping.py
[2026-06-09T00:31:15.457+0000] {processor.py:830} INFO - Processing file /home/airflow/.local/lib/python3.12/site-packages/airflow/example_dags/example_dynamic_task_mapping.py for tasks to queue
[2026-06-09T00:31:15.482+0000] {logging_mixin.py:188} INFO - [2026-06-09T00:31:15.481+0000] {dagbag.py:545} INFO - Filling up the DagBag from /home/airflow/.local/lib/python3.12/site-packages/airflow/example_dags/example_dynamic_task_mapping.py
[2026-06-09T00:31:15.518+0000] {processor.py:840} INFO - DAG(s) 'example_dynamic_task_mapping' retrieved from /home/airflow/.local/lib/python3.12/site-packages/airflow/example_dags/example_dynamic_task_mapping.py
[2026-06-09T00:31:15.671+0000] {logging_mixin.py:188} INFO - [2026-06-09T00:31:15.667+0000] {dag.py:3096} INFO - Sync 1 DAGs
[2026-06-09T00:31:15.792+0000] {logging_mixin.py:188} INFO - [2026-06-09T00:31:15.791+0000] {dag.py:3954} INFO - Setting next_dagrun for example_dynamic_task_mapping to 2022-03-04 00:00:00+00:00, run_after=2022-03-05 00:00:00+00:00
[2026-06-09T00:31:15.936+0000] {processor.py:183} INFO - Processing /home/airflow/.local/lib/python3.12/site-packages/airflow/example_dags/example_dynamic_task_mapping.py took 0.503 seconds
[2026-06-09T00:31:46.466+0000] {processor.py:161} INFO - Started process (PID=124836) to work on /home/airflow/.local/lib/python3.12/site-packages/airflow/example_dags/example_dynamic_task_mapping.py
[2026-06-09T00:31:46.468+0000] {processor.py:830} INFO - Processing file /home/airflow/.local/lib/python3.12/site-packages/airflow/example_dags/example_dynamic_task_mapping.py for tasks to queue
[2026-06-09T00:31:46.469+0000] {logging_mixin.py:188} INFO - [2026-06-09T00:31:46.469+0000] {dagbag.py:545} INFO - Filling up the DagBag from /home/airflow/.local/lib/python3.12/site-packages/airflow/example_dags/example_dynamic_task_mapping.py
[2026-06-09T00:31:46.477+0000] {processor.py:840} INFO - DAG(s) 'example_dynamic_task_mapping' retrieved from /home/airflow/.local/lib/python3.12/site-packages/airflow/example_dags/example_dynamic_task_mapping.py
[2026-06-09T00:31:46.557+0000] {logging_mixin.py:188} INFO - [2026-06-09T00:31:46.557+0000] {dag.py:3096} INFO - Sync 1 DAGs
[2026-06-09T00:31:46.591+0000] {logging_mixin.py:188} INFO - [2026-06-09T00:31:46.591+0000] {dag.py:3954} INFO - Setting next_dagrun for example_dynamic_task_mapping to 2022-03-04 00:00:00+00:00, run_after=2022-03-05 00:00:00+00:00
[2026-06-09T00:31:46.625+0000] {processor.py:183} INFO - Processing /home/airflow/.local/lib/python3.12/site-packages/airflow/example_dags/example_dynamic_task_mapping.py took 0.238 seconds
[2026-06-09T00:32:17.286+0000] {processor.py:161} INFO - Started process (PID=125098) to work on /home/airflow/.local/lib/python3.12/site-packages/airflow/example_dags/example_dynamic_task_mapping.py
[2026-06-09T00:32:17.288+0000] {processor.py:830} INFO - Processing file /home/airflow/.local/lib/python3.12/site-packages/airflow/example_dags/example_dynamic_task_mapping.py for tasks to queue
[2026-06-09T00:32:17.292+0000] {logging_mixin.py:188} INFO - [2026-06-09T00:32:17.291+0000] {dagbag.py:545} INFO - Filling up the DagBag from /home/airflow/.local/lib/python3.12/site-packages/airflow/example_dags/example_dynamic_task_mapping.py
[2026-06-09T00:32:17.310+0000] {processor.py:840} INFO - DAG(s) 'example_dynamic_task_mapping' retrieved from /home/airflow/.local/lib/python3.12/site-packages/airflow/example_dags/example_dynamic_task_mapping.py
[2026-06-09T00:32:17.348+0000] {logging_mixin.py:188} INFO - [2026-06-09T00:32:17.348+0000] {dag.py:3096} INFO - Sync 1 DAGs
[2026-06-09T00:32:17.389+0000] {logging_mixin.py:188} INFO - [2026-06-09T00:32:17.388+0000] {dag.py:3954} INFO - Setting next_dagrun for example_dynamic_task_mapping to 2022-03-04 00:00:00+00:00, run_after=2022-03-05 00:00:00+00:00
[2026-06-09T00:32:17.442+0000] {processor.py:183} INFO - Processing /home/airflow/.local/lib/python3.12/site-packages/airflow/example_dags/example_dynamic_task_mapping.py took 0.174 seconds
[2026-06-09T00:32:47.758+0000] {processor.py:161} INFO - Started process (PID=125362) to work on /home/airflow/.local/lib/python3.12/site-packages/airflow/example_dags/example_dynamic_task_mapping.py
[2026-06-09T00:32:47.759+0000] {processor.py:830} INFO - Processing file /home/airflow/.local/lib/python3.12/site-packages/airflow/example_dags/example_dynamic_task_mapping.py for tasks to queue
[2026-06-09T00:32:47.761+0000] {logging_mixin.py:188} INFO - [2026-06-09T00:32:47.761+0000] {dagbag.py:545} INFO - Filling up the DagBag from /home/airflow/.local/lib/python3.12/site-packages/airflow/example_dags/example_dynamic_task_mapping.py
[2026-06-09T00:32:47.769+0000] {processor.py:840} INFO - DAG(s) 'example_dynamic_task_mapping' retrieved from /home/airflow/.local/lib/python3.12/site-packages/airflow/example_dags/example_dynamic_task_mapping.py
[2026-06-09T00:32:47.797+0000] {logging_mixin.py:188} INFO - [2026-06-09T00:32:47.796+0000] {dag.py:3096} INFO - Sync 1 DAGs
[2026-06-09T00:32:47.823+0000] {logging_mixin.py:188} INFO - [2026-06-09T00:32:47.823+0000] {dag.py:3954} INFO - Setting next_dagrun for example_dynamic_task_mapping to 2022-03-04 00:00:00+00:00, run_after=2022-03-05 00:00:00+00:00
[2026-06-09T00:32:47.848+0000] {processor.py:183} INFO - Processing /home/airflow/.local/lib/python3.12/site-packages/airflow/example_dags/example_dynamic_task_mapping.py took 0.096 seconds
[2026-06-09T00:33:18.643+0000] {processor.py:161} INFO - Started process (PID=125624) to work on /home/airflow/.local/lib/python3.12/site-packages/airflow/example_dags/example_dynamic_task_mapping.py
[2026-06-09T00:33:18.644+0000] {processor.py:830} INFO - Processing file /home/airflow/.local/lib/python3.12/site-packages/airflow/example_dags/example_dynamic_task_mapping.py for tasks to queue
[2026-06-09T00:33:18.647+0000] {logging_mixin.py:188} INFO - [2026-06-09T00:33:18.646+0000] {dagbag.py:545} INFO - Filling up the DagBag from /home/airflow/.local/lib/python3.12/site-packages/airflow/example_dags/example_dynamic_task_mapping.py
[2026-06-09T00:33:18.655+0000] {processor.py:840} INFO - DAG(s) 'example_dynamic_task_mapping' retrieved from /home/airflow/.local/lib/python3.12/site-packages/airflow/example_dags/example_dynamic_task_mapping.py
[2026-06-09T00:33:18.678+0000] {logging_mixin.py:188} INFO - [2026-06-09T00:33:18.678+0000] {dag.py:3096} INFO - Sync 1 DAGs
[2026-06-09T00:33:18.699+0000] {logging_mixin.py:188} INFO - [2026-06-09T00:33:18.699+0000] {dag.py:3954} INFO - Setting next_dagrun for example_dynamic_task_mapping to 2022-03-04 00:00:00+00:00, run_after=2022-03-05 00:00:00+00:00
[2026-06-09T00:33:18.723+0000] {processor.py:183} INFO - Processing /home/airflow/.local/lib/python3.12/site-packages/airflow/example_dags/example_dynamic_task_mapping.py took 0.086 seconds
[2026-06-09T00:33:49.737+0000] {processor.py:161} INFO - Started process (PID=125886) to work on /home/airflow/.local/lib/python3.12/site-packages/airflow/example_dags/example_dynamic_task_mapping.py
[2026-06-09T00:33:49.739+0000] {processor.py:830} INFO - Processing file /home/airflow/.local/lib/python3.12/site-packages/airflow/example_dags/example_dynamic_task_mapping.py for tasks to queue
[2026-06-09T00:33:49.741+0000] {logging_mixin.py:188} INFO - [2026-06-09T00:33:49.741+0000] {dagbag.py:545} INFO - Filling up the DagBag from /home/airflow/.local/lib/python3.12/site-packages/airflow/example_dags/example_dynamic_task_mapping.py
[2026-06-09T00:33:49.749+0000] {processor.py:840} INFO - DAG(s) 'example_dynamic_task_mapping' retrieved from /home/airflow/.local/lib/python3.12/site-packages/airflow/example_dags/example_dynamic_task_mapping.py
[2026-06-09T00:33:49.769+0000] {logging_mixin.py:188} INFO - [2026-06-09T00:33:49.768+0000] {dag.py:3096} INFO - Sync 1 DAGs
[2026-06-09T00:33:49.787+0000] {logging_mixin.py:188} INFO - [2026-06-09T00:33:49.787+0000] {dag.py:3954} INFO - Setting next_dagrun for example_dynamic_task_mapping to 2022-03-04 00:00:00+00:00, run_after=2022-03-05 00:00:00+00:00
[2026-06-09T00:33:49.808+0000] {processor.py:183} INFO - Processing /home/airflow/.local/lib/python3.12/site-packages/airflow/example_dags/example_dynamic_task_mapping.py took 0.076 seconds
[2026-06-09T00:34:20.280+0000] {processor.py:161} INFO - Started process (PID=126148) to work on /home/airflow/.local/lib/python3.12/site-packages/airflow/example_dags/example_dynamic_task_mapping.py
[2026-06-09T00:34:20.282+0000] {processor.py:830} INFO - Processing file /home/airflow/.local/lib/python3.12/site-packages/airflow/example_dags/example_dynamic_task_mapping.py for tasks to queue
[2026-06-09T00:34:20.285+0000] {logging_mixin.py:188} INFO - [2026-06-09T00:34:20.284+0000] {dagbag.py:545} INFO - Filling up the DagBag from /home/airflow/.local/lib/python3.12/site-packages/airflow/example_dags/example_dynamic_task_mapping.py
[2026-06-09T00:34:20.292+0000] {processor.py:840} INFO - DAG(s) 'example_dynamic_task_mapping' retrieved from /home/airflow/.local/lib/python3.12/site-packages/airflow/example_dags/example_dynamic_task_mapping.py
[2026-06-09T00:34:20.312+0000] {logging_mixin.py:188} INFO - [2026-06-09T00:34:20.312+0000] {dag.py:3096} INFO - Sync 1 DAGs
[2026-06-09T00:34:20.337+0000] {logging_mixin.py:188} INFO - [2026-06-09T00:34:20.337+0000] {dag.py:3954} INFO - Setting next_dagrun for example_dynamic_task_mapping to 2022-03-04 00:00:00+00:00, run_after=2022-03-05 00:00:00+00:00
[2026-06-09T00:34:20.359+0000] {processor.py:183} INFO - Processing /home/airflow/.local/lib/python3.12/site-packages/airflow/example_dags/example_dynamic_task_mapping.py took 0.086 seconds
[2026-06-09T00:34:50.612+0000] {processor.py:161} INFO - Started process (PID=126410) to work on /home/airflow/.local/lib/python3.12/site-packages/airflow/example_dags/example_dynamic_task_mapping.py
[2026-06-09T00:34:50.614+0000] {processor.py:830} INFO - Processing file /home/airflow/.local/lib/python3.12/site-packages/airflow/example_dags/example_dynamic_task_mapping.py for tasks to queue
[2026-06-09T00:34:50.616+0000] {logging_mixin.py:188} INFO - [2026-06-09T00:34:50.616+0000] {dagbag.py:545} INFO - Filling up the DagBag from /home/airflow/.local/lib/python3.12/site-packages/airflow/example_dags/example_dynamic_task_mapping.py
[2026-06-09T00:34:50.622+0000] {processor.py:840} INFO - DAG(s) 'example_dynamic_task_mapping' retrieved from /home/airflow/.local/lib/python3.12/site-packages/airflow/example_dags/example_dynamic_task_mapping.py
[2026-06-09T00:34:50.640+0000] {logging_mixin.py:188} INFO - [2026-06-09T00:34:50.640+0000] {dag.py:3096} INFO - Sync 1 DAGs
[2026-06-09T00:34:50.662+0000] {logging_mixin.py:188} INFO - [2026-06-09T00:34:50.662+0000] {dag.py:3954} INFO - Setting next_dagrun for example_dynamic_task_mapping to 2022-03-04 00:00:00+00:00, run_after=2022-03-05 00:00:00+00:00
[2026-06-09T00:34:50.686+0000] {processor.py:183} INFO - Processing /home/airflow/.local/lib/python3.12/site-packages/airflow/example_dags/example_dynamic_task_mapping.py took 0.078 seconds
[2026-06-09T00:35:20.806+0000] {processor.py:161} INFO - Started process (PID=126672) to work on /home/airflow/.local/lib/python3.12/site-packages/airflow/example_dags/example_dynamic_task_mapping.py
[2026-06-09T00:35:20.807+0000] {processor.py:830} INFO - Processing file /home/airflow/.local/lib/python3.12/site-packages/airflow/example_dags/example_dynamic_task_mapping.py for tasks to queue
[2026-06-09T00:35:20.810+0000] {logging_mixin.py:188} INFO - [2026-06-09T00:35:20.809+0000] {dagbag.py:545} INFO - Filling up the DagBag from /home/airflow/.local/lib/python3.12/site-packages/airflow/example_dags/example_dynamic_task_mapping.py
[2026-06-09T00:35:20.817+0000] {processor.py:840} INFO - DAG(s) 'example_dynamic_task_mapping' retrieved from /home/airflow/.local/lib/python3.12/site-packages/airflow/example_dags/example_dynamic_task_mapping.py
[2026-06-09T00:35:20.837+0000] {logging_mixin.py:188} INFO - [2026-06-09T00:35:20.836+0000] {dag.py:3096} INFO - Sync 1 DAGs
[2026-06-09T00:35:20.857+0000] {logging_mixin.py:188} INFO - [2026-06-09T00:35:20.857+0000] {dag.py:3954} INFO - Setting next_dagrun for example_dynamic_task_mapping to 2022-03-04 00:00:00+00:00, run_after=2022-03-05 00:00:00+00:00
[2026-06-09T00:35:20.875+0000] {processor.py:183} INFO - Processing /home/airflow/.local/lib/python3.12/site-packages/airflow/example_dags/example_dynamic_task_mapping.py took 0.074 seconds
[2026-06-09T00:35:51.320+0000] {processor.py:161} INFO - Started process (PID=126935) to work on /home/airflow/.local/lib/python3.12/site-packages/airflow/example_dags/example_dynamic_task_mapping.py
[2026-06-09T00:35:51.321+0000] {processor.py:830} INFO - Processing file /home/airflow/.local/lib/python3.12/site-packages/airflow/example_dags/example_dynamic_task_mapping.py for tasks to queue
[2026-06-09T00:35:51.323+0000] {logging_mixin.py:188} INFO - [2026-06-09T00:35:51.323+0000] {dagbag.py:545} INFO - Filling up the DagBag from /home/airflow/.local/lib/python3.12/site-packages/airflow/example_dags/example_dynamic_task_mapping.py
[2026-06-09T00:35:51.329+0000] {processor.py:840} INFO - DAG(s) 'example_dynamic_task_mapping' retrieved from /home/airflow/.local/lib/python3.12/site-packages/airflow/example_dags/example_dynamic_task_mapping.py
[2026-06-09T00:35:51.351+0000] {logging_mixin.py:188} INFO - [2026-06-09T00:35:51.351+0000] {dag.py:3096} INFO - Sync 1 DAGs
[2026-06-09T00:35:51.372+0000] {logging_mixin.py:188} INFO - [2026-06-09T00:35:51.372+0000] {dag.py:3954} INFO - Setting next_dagrun for example_dynamic_task_mapping to 2022-03-04 00:00:00+00:00, run_after=2022-03-05 00:00:00+00:00
[2026-06-09T00:35:51.391+0000] {processor.py:183} INFO - Processing /home/airflow/.local/lib/python3.12/site-packages/airflow/example_dags/example_dynamic_task_mapping.py took 0.076 seconds
[2026-06-09T00:36:21.927+0000] {processor.py:161} INFO - Started process (PID=127197) to work on /home/airflow/.local/lib/python3.12/site-packages/airflow/example_dags/example_dynamic_task_mapping.py
[2026-06-09T00:36:21.928+0000] {processor.py:830} INFO - Processing file /home/airflow/.local/lib/python3.12/site-packages/airflow/example_dags/example_dynamic_task_mapping.py for tasks to queue
[2026-06-09T00:36:21.930+0000] {logging_mixin.py:188} INFO - [2026-06-09T00:36:21.929+0000] {dagbag.py:545} INFO - Filling up the DagBag from /home/airflow/.local/lib/python3.12/site-packages/airflow/example_dags/example_dynamic_task_mapping.py
[2026-06-09T00:36:21.936+0000] {processor.py:840} INFO - DAG(s) 'example_dynamic_task_mapping' retrieved from /home/airflow/.local/lib/python3.12/site-packages/airflow/example_dags/example_dynamic_task_mapping.py
[2026-06-09T00:36:21.958+0000] {logging_mixin.py:188} INFO - [2026-06-09T00:36:21.957+0000] {dag.py:3096} INFO - Sync 1 DAGs
[2026-06-09T00:36:21.981+0000] {logging_mixin.py:188} INFO - [2026-06-09T00:36:21.981+0000] {dag.py:3954} INFO - Setting next_dagrun for example_dynamic_task_mapping to 2022-03-04 00:00:00+00:00, run_after=2022-03-05 00:00:00+00:00
[2026-06-09T00:36:22.003+0000] {processor.py:183} INFO - Processing /home/airflow/.local/lib/python3.12/site-packages/airflow/example_dags/example_dynamic_task_mapping.py took 0.082 seconds
[2026-06-09T00:36:52.680+0000] {processor.py:161} INFO - Started process (PID=127459) to work on /home/airflow/.local/lib/python3.12/site-packages/airflow/example_dags/example_dynamic_task_mapping.py
[2026-06-09T00:36:52.681+0000] {processor.py:830} INFO - Processing file /home/airflow/.local/lib/python3.12/site-packages/airflow/example_dags/example_dynamic_task_mapping.py for tasks to queue
[2026-06-09T00:36:52.683+0000] {logging_mixin.py:188} INFO - [2026-06-09T00:36:52.683+0000] {dagbag.py:545} INFO - Filling up the DagBag from /home/airflow/.local/lib/python3.12/site-packages/airflow/example_dags/example_dynamic_task_mapping.py
[2026-06-09T00:36:52.688+0000] {processor.py:840} INFO - DAG(s) 'example_dynamic_task_mapping' retrieved from /home/airflow/.local/lib/python3.12/site-packages/airflow/example_dags/example_dynamic_task_mapping.py
[2026-06-09T00:36:52.708+0000] {logging_mixin.py:188} INFO - [2026-06-09T00:36:52.708+0000] {dag.py:3096} INFO - Sync 1 DAGs
[2026-06-09T00:36:52.726+0000] {logging_mixin.py:188} INFO - [2026-06-09T00:36:52.726+0000] {dag.py:3954} INFO - Setting next_dagrun for example_dynamic_task_mapping to 2022-03-04 00:00:00+00:00, run_after=2022-03-05 00:00:00+00:00
[2026-06-09T00:36:52.749+0000] {processor.py:183} INFO - Processing /home/airflow/.local/lib/python3.12/site-packages/airflow/example_dags/example_dynamic_task_mapping.py took 0.073 seconds
[2026-06-09T00:37:23.179+0000] {processor.py:161} INFO - Started process (PID=127721) to work on /home/airflow/.local/lib/python3.12/site-packages/airflow/example_dags/example_dynamic_task_mapping.py
[2026-06-09T00:37:23.180+0000] {processor.py:830} INFO - Processing file /home/airflow/.local/lib/python3.12/site-packages/airflow/example_dags/example_dynamic_task_mapping.py for tasks to queue
[2026-06-09T00:37:23.183+0000] {logging_mixin.py:188} INFO - [2026-06-09T00:37:23.182+0000] {dagbag.py:545} INFO - Filling up the DagBag from /home/airflow/.local/lib/python3.12/site-packages/airflow/example_dags/example_dynamic_task_mapping.py
[2026-06-09T00:37:23.189+0000] {processor.py:840} INFO - DAG(s) 'example_dynamic_task_mapping' retrieved from /home/airflow/.local/lib/python3.12/site-packages/airflow/example_dags/example_dynamic_task_mapping.py
[2026-06-09T00:37:23.205+0000] {logging_mixin.py:188} INFO - [2026-06-09T00:37:23.205+0000] {dag.py:3096} INFO - Sync 1 DAGs
[2026-06-09T00:37:23.224+0000] {logging_mixin.py:188} INFO - [2026-06-09T00:37:23.224+0000] {dag.py:3954} INFO - Setting next_dagrun for example_dynamic_task_mapping to 2022-03-04 00:00:00+00:00, run_after=2022-03-05 00:00:00+00:00
[2026-06-09T00:37:23.240+0000] {processor.py:183} INFO - Processing /home/airflow/.local/lib/python3.12/site-packages/airflow/example_dags/example_dynamic_task_mapping.py took 0.067 seconds
[2026-06-09T00:37:53.707+0000] {processor.py:161} INFO - Started process (PID=127983) to work on /home/airflow/.local/lib/python3.12/site-packages/airflow/example_dags/example_dynamic_task_mapping.py
[2026-06-09T00:37:53.709+0000] {processor.py:830} INFO - Processing file /home/airflow/.local/lib/python3.12/site-packages/airflow/example_dags/example_dynamic_task_mapping.py for tasks to queue
[2026-06-09T00:37:53.711+0000] {logging_mixin.py:188} INFO - [2026-06-09T00:37:53.711+0000] {dagbag.py:545} INFO - Filling up the DagBag from /home/airflow/.local/lib/python3.12/site-packages/airflow/example_dags/example_dynamic_task_mapping.py
[2026-06-09T00:37:53.717+0000] {processor.py:840} INFO - DAG(s) 'example_dynamic_task_mapping' retrieved from /home/airflow/.local/lib/python3.12/site-packages/airflow/example_dags/example_dynamic_task_mapping.py
[2026-06-09T00:37:53.734+0000] {logging_mixin.py:188} INFO - [2026-06-09T00:37:53.733+0000] {dag.py:3096} INFO - Sync 1 DAGs
[2026-06-09T00:37:53.753+0000] {logging_mixin.py:188} INFO - [2026-06-09T00:37:53.753+0000] {dag.py:3954} INFO - Setting next_dagrun for example_dynamic_task_mapping to 2022-03-04 00:00:00+00:00, run_after=2022-03-05 00:00:00+00:00
[2026-06-09T00:37:53.771+0000] {processor.py:183} INFO - Processing /home/airflow/.local/lib/python3.12/site-packages/airflow/example_dags/example_dynamic_task_mapping.py took 0.070 seconds
[2026-06-09T00:38:23.912+0000] {processor.py:161} INFO - Started process (PID=128245) to work on /home/airflow/.local/lib/python3.12/site-packages/airflow/example_dags/example_dynamic_task_mapping.py
[2026-06-09T00:38:23.913+0000] {processor.py:830} INFO - Processing file /home/airflow/.local/lib/python3.12/site-packages/airflow/example_dags/example_dynamic_task_mapping.py for tasks to queue
[2026-06-09T00:38:23.915+0000] {logging_mixin.py:188} INFO - [2026-06-09T00:38:23.915+0000] {dagbag.py:545} INFO - Filling up the DagBag from /home/airflow/.local/lib/python3.12/site-packages/airflow/example_dags/example_dynamic_task_mapping.py
[2026-06-09T00:38:23.922+0000] {processor.py:840} INFO - DAG(s) 'example_dynamic_task_mapping' retrieved from /home/airflow/.local/lib/python3.12/site-packages/airflow/example_dags/example_dynamic_task_mapping.py
[2026-06-09T00:38:23.942+0000] {logging_mixin.py:188} INFO - [2026-06-09T00:38:23.941+0000] {dag.py:3096} INFO - Sync 1 DAGs
[2026-06-09T00:38:23.962+0000] {logging_mixin.py:188} INFO - [2026-06-09T00:38:23.962+0000] {dag.py:3954} INFO - Setting next_dagrun for example_dynamic_task_mapping to 2022-03-04 00:00:00+00:00, run_after=2022-03-05 00:00:00+00:00
[2026-06-09T00:38:23.980+0000] {processor.py:183} INFO - Processing /home/airflow/.local/lib/python3.12/site-packages/airflow/example_dags/example_dynamic_task_mapping.py took 0.073 seconds
[2026-06-09T00:38:54.613+0000] {processor.py:161} INFO - Started process (PID=128508) to work on /home/airflow/.local/lib/python3.12/site-packages/airflow/example_dags/example_dynamic_task_mapping.py
[2026-06-09T00:38:54.614+0000] {processor.py:830} INFO - Processing file /home/airflow/.local/lib/python3.12/site-packages/airflow/example_dags/example_dynamic_task_mapping.py for tasks to queue
[2026-06-09T00:38:54.616+0000] {logging_mixin.py:188} INFO - [2026-06-09T00:38:54.616+0000] {dagbag.py:545} INFO - Filling up the DagBag from /home/airflow/.local/lib/python3.12/site-packages/airflow/example_dags/example_dynamic_task_mapping.py
[2026-06-09T00:38:54.622+0000] {processor.py:840} INFO - DAG(s) 'example_dynamic_task_mapping' retrieved from /home/airflow/.local/lib/python3.12/site-packages/airflow/example_dags/example_dynamic_task_mapping.py
[2026-06-09T00:38:54.644+0000] {logging_mixin.py:188} INFO - [2026-06-09T00:38:54.644+0000] {dag.py:3096} INFO - Sync 1 DAGs
[2026-06-09T00:38:54.666+0000] {logging_mixin.py:188} INFO - [2026-06-09T00:38:54.666+0000] {dag.py:3954} INFO - Setting next_dagrun for example_dynamic_task_mapping to 2022-03-04 00:00:00+00:00, run_after=2022-03-05 00:00:00+00:00
[2026-06-09T00:38:54.687+0000] {processor.py:183} INFO - Processing /home/airflow/.local/lib/python3.12/site-packages/airflow/example_dags/example_dynamic_task_mapping.py took 0.080 seconds
[2026-06-09T00:39:24.767+0000] {processor.py:161} INFO - Started process (PID=128770) to work on /home/airflow/.local/lib/python3.12/site-packages/airflow/example_dags/example_dynamic_task_mapping.py
[2026-06-09T00:39:24.768+0000] {processor.py:830} INFO - Processing file /home/airflow/.local/lib/python3.12/site-packages/airflow/example_dags/example_dynamic_task_mapping.py for tasks to queue
[2026-06-09T00:39:24.770+0000] {logging_mixin.py:188} INFO - [2026-06-09T00:39:24.770+0000] {dagbag.py:545} INFO - Filling up the DagBag from /home/airflow/.local/lib/python3.12/site-packages/airflow/example_dags/example_dynamic_task_mapping.py
[2026-06-09T00:39:24.776+0000] {processor.py:840} INFO - DAG(s) 'example_dynamic_task_mapping' retrieved from /home/airflow/.local/lib/python3.12/site-packages/airflow/example_dags/example_dynamic_task_mapping.py
[2026-06-09T00:39:24.797+0000] {logging_mixin.py:188} INFO - [2026-06-09T00:39:24.796+0000] {dag.py:3096} INFO - Sync 1 DAGs
[2026-06-09T00:39:24.819+0000] {logging_mixin.py:188} INFO - [2026-06-09T00:39:24.818+0000] {dag.py:3954} INFO - Setting next_dagrun for example_dynamic_task_mapping to 2022-03-04 00:00:00+00:00, run_after=2022-03-05 00:00:00+00:00
[2026-06-09T00:39:24.840+0000] {processor.py:183} INFO - Processing /home/airflow/.local/lib/python3.12/site-packages/airflow/example_dags/example_dynamic_task_mapping.py took 0.077 seconds
[2026-06-09T00:39:55.063+0000] {processor.py:161} INFO - Started process (PID=129032) to work on /home/airflow/.local/lib/python3.12/site-packages/airflow/example_dags/example_dynamic_task_mapping.py
[2026-06-09T00:39:55.064+0000] {processor.py:830} INFO - Processing file /home/airflow/.local/lib/python3.12/site-packages/airflow/example_dags/example_dynamic_task_mapping.py for tasks to queue
[2026-06-09T00:39:55.066+0000] {logging_mixin.py:188} INFO - [2026-06-09T00:39:55.066+0000] {dagbag.py:545} INFO - Filling up the DagBag from /home/airflow/.local/lib/python3.12/site-packages/airflow/example_dags/example_dynamic_task_mapping.py
[2026-06-09T00:39:55.075+0000] {processor.py:840} INFO - DAG(s) 'example_dynamic_task_mapping' retrieved from /home/airflow/.local/lib/python3.12/site-packages/airflow/example_dags/example_dynamic_task_mapping.py
[2026-06-09T00:39:55.100+0000] {logging_mixin.py:188} INFO - [2026-06-09T00:39:55.100+0000] {dag.py:3096} INFO - Sync 1 DAGs
[2026-06-09T00:39:55.127+0000] {logging_mixin.py:188} INFO - [2026-06-09T00:39:55.127+0000] {dag.py:3954} INFO - Setting next_dagrun for example_dynamic_task_mapping to 2022-03-04 00:00:00+00:00, run_after=2022-03-05 00:00:00+00:00
[2026-06-09T00:39:55.151+0000] {processor.py:183} INFO - Processing /home/airflow/.local/lib/python3.12/site-packages/airflow/example_dags/example_dynamic_task_mapping.py took 0.096 seconds
[2026-06-09T00:40:25.336+0000] {processor.py:161} INFO - Started process (PID=129294) to work on /home/airflow/.local/lib/python3.12/site-packages/airflow/example_dags/example_dynamic_task_mapping.py
[2026-06-09T00:40:25.337+0000] {processor.py:830} INFO - Processing file /home/airflow/.local/lib/python3.12/site-packages/airflow/example_dags/example_dynamic_task_mapping.py for tasks to queue
[2026-06-09T00:40:25.339+0000] {logging_mixin.py:188} INFO - [2026-06-09T00:40:25.339+0000] {dagbag.py:545} INFO - Filling up the DagBag from /home/airflow/.local/lib/python3.12/site-packages/airflow/example_dags/example_dynamic_task_mapping.py
[2026-06-09T00:40:25.345+0000] {processor.py:840} INFO - DAG(s) 'example_dynamic_task_mapping' retrieved from /home/airflow/.local/lib/python3.12/site-packages/airflow/example_dags/example_dynamic_task_mapping.py
[2026-06-09T00:40:25.367+0000] {logging_mixin.py:188} INFO - [2026-06-09T00:40:25.367+0000] {dag.py:3096} INFO - Sync 1 DAGs
[2026-06-09T00:40:25.392+0000] {logging_mixin.py:188} INFO - [2026-06-09T00:40:25.392+0000] {dag.py:3954} INFO - Setting next_dagrun for example_dynamic_task_mapping to 2022-03-04 00:00:00+00:00, run_after=2022-03-05 00:00:00+00:00
[2026-06-09T00:40:25.414+0000] {processor.py:183} INFO - Processing /home/airflow/.local/lib/python3.12/site-packages/airflow/example_dags/example_dynamic_task_mapping.py took 0.084 seconds
[2026-06-09T00:40:55.510+0000] {processor.py:161} INFO - Started process (PID=129556) to work on /home/airflow/.local/lib/python3.12/site-packages/airflow/example_dags/example_dynamic_task_mapping.py
[2026-06-09T00:40:55.511+0000] {processor.py:830} INFO - Processing file /home/airflow/.local/lib/python3.12/site-packages/airflow/example_dags/example_dynamic_task_mapping.py for tasks to queue
[2026-06-09T00:40:55.513+0000] {logging_mixin.py:188} INFO - [2026-06-09T00:40:55.513+0000] {dagbag.py:545} INFO - Filling up the DagBag from /home/airflow/.local/lib/python3.12/site-packages/airflow/example_dags/example_dynamic_task_mapping.py
[2026-06-09T00:40:55.521+0000] {processor.py:840} INFO - DAG(s) 'example_dynamic_task_mapping' retrieved from /home/airflow/.local/lib/python3.12/site-packages/airflow/example_dags/example_dynamic_task_mapping.py
[2026-06-09T00:40:55.544+0000] {logging_mixin.py:188} INFO - [2026-06-09T00:40:55.544+0000] {dag.py:3096} INFO - Sync 1 DAGs
[2026-06-09T00:40:55.566+0000] {logging_mixin.py:188} INFO - [2026-06-09T00:40:55.566+0000] {dag.py:3954} INFO - Setting next_dagrun for example_dynamic_task_mapping to 2022-03-04 00:00:00+00:00, run_after=2022-03-05 00:00:00+00:00
[2026-06-09T00:40:55.590+0000] {processor.py:183} INFO - Processing /home/airflow/.local/lib/python3.12/site-packages/airflow/example_dags/example_dynamic_task_mapping.py took 0.086 seconds
[2026-06-09T00:41:26.211+0000] {processor.py:161} INFO - Started process (PID=129824) to work on /home/airflow/.local/lib/python3.12/site-packages/airflow/example_dags/example_dynamic_task_mapping.py
[2026-06-09T00:41:26.212+0000] {processor.py:830} INFO - Processing file /home/airflow/.local/lib/python3.12/site-packages/airflow/example_dags/example_dynamic_task_mapping.py for tasks to queue
[2026-06-09T00:41:26.214+0000] {logging_mixin.py:188} INFO - [2026-06-09T00:41:26.214+0000] {dagbag.py:545} INFO - Filling up the DagBag from /home/airflow/.local/lib/python3.12/site-packages/airflow/example_dags/example_dynamic_task_mapping.py
[2026-06-09T00:41:26.222+0000] {processor.py:840} INFO - DAG(s) 'example_dynamic_task_mapping' retrieved from /home/airflow/.local/lib/python3.12/site-packages/airflow/example_dags/example_dynamic_task_mapping.py
[2026-06-09T00:41:26.244+0000] {logging_mixin.py:188} INFO - [2026-06-09T00:41:26.243+0000] {dag.py:3096} INFO - Sync 1 DAGs
[2026-06-09T00:41:26.265+0000] {logging_mixin.py:188} INFO - [2026-06-09T00:41:26.264+0000] {dag.py:3954} INFO - Setting next_dagrun for example_dynamic_task_mapping to 2022-03-04 00:00:00+00:00, run_after=2022-03-05 00:00:00+00:00
[2026-06-09T00:41:26.287+0000] {processor.py:183} INFO - Processing /home/airflow/.local/lib/python3.12/site-packages/airflow/example_dags/example_dynamic_task_mapping.py took 0.080 seconds
[2026-06-09T00:41:56.662+0000] {processor.py:161} INFO - Started process (PID=130086) to work on /home/airflow/.local/lib/python3.12/site-packages/airflow/example_dags/example_dynamic_task_mapping.py
[2026-06-09T00:41:56.664+0000] {processor.py:830} INFO - Processing file /home/airflow/.local/lib/python3.12/site-packages/airflow/example_dags/example_dynamic_task_mapping.py for tasks to queue
[2026-06-09T00:41:56.666+0000] {logging_mixin.py:188} INFO - [2026-06-09T00:41:56.665+0000] {dagbag.py:545} INFO - Filling up the DagBag from /home/airflow/.local/lib/python3.12/site-packages/airflow/example_dags/example_dynamic_task_mapping.py
[2026-06-09T00:41:56.671+0000] {processor.py:840} INFO - DAG(s) 'example_dynamic_task_mapping' retrieved from /home/airflow/.local/lib/python3.12/site-packages/airflow/example_dags/example_dynamic_task_mapping.py
[2026-06-09T00:41:56.691+0000] {logging_mixin.py:188} INFO - [2026-06-09T00:41:56.690+0000] {dag.py:3096} INFO - Sync 1 DAGs
[2026-06-09T00:41:56.714+0000] {logging_mixin.py:188} INFO - [2026-06-09T00:41:56.714+0000] {dag.py:3954} INFO - Setting next_dagrun for example_dynamic_task_mapping to 2022-03-04 00:00:00+00:00, run_after=2022-03-05 00:00:00+00:00
[2026-06-09T00:41:56.736+0000] {processor.py:183} INFO - Processing /home/airflow/.local/lib/python3.12/site-packages/airflow/example_dags/example_dynamic_task_mapping.py took 0.081 seconds
[2026-06-09T00:42:27.056+0000] {processor.py:161} INFO - Started process (PID=130348) to work on /home/airflow/.local/lib/python3.12/site-packages/airflow/example_dags/example_dynamic_task_mapping.py
[2026-06-09T00:42:27.058+0000] {processor.py:830} INFO - Processing file /home/airflow/.local/lib/python3.12/site-packages/airflow/example_dags/example_dynamic_task_mapping.py for tasks to queue
[2026-06-09T00:42:27.060+0000] {logging_mixin.py:188} INFO - [2026-06-09T00:42:27.059+0000] {dagbag.py:545} INFO - Filling up the DagBag from /home/airflow/.local/lib/python3.12/site-packages/airflow/example_dags/example_dynamic_task_mapping.py
[2026-06-09T00:42:27.069+0000] {processor.py:840} INFO - DAG(s) 'example_dynamic_task_mapping' retrieved from /home/airflow/.local/lib/python3.12/site-packages/airflow/example_dags/example_dynamic_task_mapping.py
[2026-06-09T00:42:27.091+0000] {logging_mixin.py:188} INFO - [2026-06-09T00:42:27.091+0000] {dag.py:3096} INFO - Sync 1 DAGs
[2026-06-09T00:42:27.115+0000] {logging_mixin.py:188} INFO - [2026-06-09T00:42:27.115+0000] {dag.py:3954} INFO - Setting next_dagrun for example_dynamic_task_mapping to 2022-03-04 00:00:00+00:00, run_after=2022-03-05 00:00:00+00:00
[2026-06-09T00:42:27.140+0000] {processor.py:183} INFO - Processing /home/airflow/.local/lib/python3.12/site-packages/airflow/example_dags/example_dynamic_task_mapping.py took 0.088 seconds
[2026-06-09T00:42:57.521+0000] {processor.py:161} INFO - Started process (PID=130610) to work on /home/airflow/.local/lib/python3.12/site-packages/airflow/example_dags/example_dynamic_task_mapping.py
[2026-06-09T00:42:57.522+0000] {processor.py:830} INFO - Processing file /home/airflow/.local/lib/python3.12/site-packages/airflow/example_dags/example_dynamic_task_mapping.py for tasks to queue
[2026-06-09T00:42:57.525+0000] {logging_mixin.py:188} INFO - [2026-06-09T00:42:57.524+0000] {dagbag.py:545} INFO - Filling up the DagBag from /home/airflow/.local/lib/python3.12/site-packages/airflow/example_dags/example_dynamic_task_mapping.py
[2026-06-09T00:42:57.530+0000] {processor.py:840} INFO - DAG(s) 'example_dynamic_task_mapping' retrieved from /home/airflow/.local/lib/python3.12/site-packages/airflow/example_dags/example_dynamic_task_mapping.py
[2026-06-09T00:42:57.552+0000] {logging_mixin.py:188} INFO - [2026-06-09T00:42:57.552+0000] {dag.py:3096} INFO - Sync 1 DAGs
[2026-06-09T00:42:57.577+0000] {logging_mixin.py:188} INFO - [2026-06-09T00:42:57.577+0000] {dag.py:3954} INFO - Setting next_dagrun for example_dynamic_task_mapping to 2022-03-04 00:00:00+00:00, run_after=2022-03-05 00:00:00+00:00
[2026-06-09T00:42:57.597+0000] {processor.py:183} INFO - Processing /home/airflow/.local/lib/python3.12/site-packages/airflow/example_dags/example_dynamic_task_mapping.py took 0.084 seconds
[2026-06-09T00:43:27.877+0000] {processor.py:161} INFO - Started process (PID=130872) to work on /home/airflow/.local/lib/python3.12/site-packages/airflow/example_dags/example_dynamic_task_mapping.py
[2026-06-09T00:43:27.878+0000] {processor.py:830} INFO - Processing file /home/airflow/.local/lib/python3.12/site-packages/airflow/example_dags/example_dynamic_task_mapping.py for tasks to queue
[2026-06-09T00:43:27.880+0000] {logging_mixin.py:188} INFO - [2026-06-09T00:43:27.880+0000] {dagbag.py:545} INFO - Filling up the DagBag from /home/airflow/.local/lib/python3.12/site-packages/airflow/example_dags/example_dynamic_task_mapping.py
[2026-06-09T00:43:27.885+0000] {processor.py:840} INFO - DAG(s) 'example_dynamic_task_mapping' retrieved from /home/airflow/.local/lib/python3.12/site-packages/airflow/example_dags/example_dynamic_task_mapping.py
[2026-06-09T00:43:27.908+0000] {logging_mixin.py:188} INFO - [2026-06-09T00:43:27.907+0000] {dag.py:3096} INFO - Sync 1 DAGs
[2026-06-09T00:43:27.935+0000] {logging_mixin.py:188} INFO - [2026-06-09T00:43:27.935+0000] {dag.py:3954} INFO - Setting next_dagrun for example_dynamic_task_mapping to 2022-03-04 00:00:00+00:00, run_after=2022-03-05 00:00:00+00:00
[2026-06-09T00:43:27.958+0000] {processor.py:183} INFO - Processing /home/airflow/.local/lib/python3.12/site-packages/airflow/example_dags/example_dynamic_task_mapping.py took 0.089 seconds
[2026-06-09T00:43:58.363+0000] {processor.py:161} INFO - Started process (PID=131134) to work on /home/airflow/.local/lib/python3.12/site-packages/airflow/example_dags/example_dynamic_task_mapping.py
[2026-06-09T00:43:58.364+0000] {processor.py:830} INFO - Processing file /home/airflow/.local/lib/python3.12/site-packages/airflow/example_dags/example_dynamic_task_mapping.py for tasks to queue
[2026-06-09T00:43:58.366+0000] {logging_mixin.py:188} INFO - [2026-06-09T00:43:58.366+0000] {dagbag.py:545} INFO - Filling up the DagBag from /home/airflow/.local/lib/python3.12/site-packages/airflow/example_dags/example_dynamic_task_mapping.py
[2026-06-09T00:43:58.375+0000] {processor.py:840} INFO - DAG(s) 'example_dynamic_task_mapping' retrieved from /home/airflow/.local/lib/python3.12/site-packages/airflow/example_dags/example_dynamic_task_mapping.py
[2026-06-09T00:43:58.397+0000] {logging_mixin.py:188} INFO - [2026-06-09T00:43:58.396+0000] {dag.py:3096} INFO - Sync 1 DAGs
[2026-06-09T00:43:58.418+0000] {logging_mixin.py:188} INFO - [2026-06-09T00:43:58.418+0000] {dag.py:3954} INFO - Setting next_dagrun for example_dynamic_task_mapping to 2022-03-04 00:00:00+00:00, run_after=2022-03-05 00:00:00+00:00
[2026-06-09T00:43:58.443+0000] {processor.py:183} INFO - Processing /home/airflow/.local/lib/python3.12/site-packages/airflow/example_dags/example_dynamic_task_mapping.py took 0.085 seconds
[2026-06-09T00:44:28.812+0000] {processor.py:161} INFO - Started process (PID=131396) to work on /home/airflow/.local/lib/python3.12/site-packages/airflow/example_dags/example_dynamic_task_mapping.py
[2026-06-09T00:44:28.813+0000] {processor.py:830} INFO - Processing file /home/airflow/.local/lib/python3.12/site-packages/airflow/example_dags/example_dynamic_task_mapping.py for tasks to queue
[2026-06-09T00:44:28.815+0000] {logging_mixin.py:188} INFO - [2026-06-09T00:44:28.815+0000] {dagbag.py:545} INFO - Filling up the DagBag from /home/airflow/.local/lib/python3.12/site-packages/airflow/example_dags/example_dynamic_task_mapping.py
[2026-06-09T00:44:28.820+0000] {processor.py:840} INFO - DAG(s) 'example_dynamic_task_mapping' retrieved from /home/airflow/.local/lib/python3.12/site-packages/airflow/example_dags/example_dynamic_task_mapping.py
[2026-06-09T00:44:28.845+0000] {logging_mixin.py:188} INFO - [2026-06-09T00:44:28.844+0000] {dag.py:3096} INFO - Sync 1 DAGs
[2026-06-09T00:44:28.868+0000] {logging_mixin.py:188} INFO - [2026-06-09T00:44:28.867+0000] {dag.py:3954} INFO - Setting next_dagrun for example_dynamic_task_mapping to 2022-03-04 00:00:00+00:00, run_after=2022-03-05 00:00:00+00:00
[2026-06-09T00:44:28.888+0000] {processor.py:183} INFO - Processing /home/airflow/.local/lib/python3.12/site-packages/airflow/example_dags/example_dynamic_task_mapping.py took 0.083 seconds
[2026-06-09T00:44:59.275+0000] {processor.py:161} INFO - Started process (PID=131658) to work on /home/airflow/.local/lib/python3.12/site-packages/airflow/example_dags/example_dynamic_task_mapping.py
[2026-06-09T00:44:59.275+0000] {processor.py:830} INFO - Processing file /home/airflow/.local/lib/python3.12/site-packages/airflow/example_dags/example_dynamic_task_mapping.py for tasks to queue
[2026-06-09T00:44:59.277+0000] {logging_mixin.py:188} INFO - [2026-06-09T00:44:59.277+0000] {dagbag.py:545} INFO - Filling up the DagBag from /home/airflow/.local/lib/python3.12/site-packages/airflow/example_dags/example_dynamic_task_mapping.py
[2026-06-09T00:44:59.284+0000] {processor.py:840} INFO - DAG(s) 'example_dynamic_task_mapping' retrieved from /home/airflow/.local/lib/python3.12/site-packages/airflow/example_dags/example_dynamic_task_mapping.py
[2026-06-09T00:44:59.306+0000] {logging_mixin.py:188} INFO - [2026-06-09T00:44:59.305+0000] {dag.py:3096} INFO - Sync 1 DAGs
[2026-06-09T00:44:59.327+0000] {logging_mixin.py:188} INFO - [2026-06-09T00:44:59.327+0000] {dag.py:3954} INFO - Setting next_dagrun for example_dynamic_task_mapping to 2022-03-04 00:00:00+00:00, run_after=2022-03-05 00:00:00+00:00
[2026-06-09T00:44:59.347+0000] {processor.py:183} INFO - Processing /home/airflow/.local/lib/python3.12/site-packages/airflow/example_dags/example_dynamic_task_mapping.py took 0.077 seconds
[2026-06-09T00:45:29.565+0000] {processor.py:161} INFO - Started process (PID=131920) to work on /home/airflow/.local/lib/python3.12/site-packages/airflow/example_dags/example_dynamic_task_mapping.py
[2026-06-09T00:45:29.567+0000] {processor.py:830} INFO - Processing file /home/airflow/.local/lib/python3.12/site-packages/airflow/example_dags/example_dynamic_task_mapping.py for tasks to queue
[2026-06-09T00:45:29.569+0000] {logging_mixin.py:188} INFO - [2026-06-09T00:45:29.569+0000] {dagbag.py:545} INFO - Filling up the DagBag from /home/airflow/.local/lib/python3.12/site-packages/airflow/example_dags/example_dynamic_task_mapping.py
[2026-06-09T00:45:29.576+0000] {processor.py:840} INFO - DAG(s) 'example_dynamic_task_mapping' retrieved from /home/airflow/.local/lib/python3.12/site-packages/airflow/example_dags/example_dynamic_task_mapping.py
[2026-06-09T00:45:29.597+0000] {logging_mixin.py:188} INFO - [2026-06-09T00:45:29.596+0000] {dag.py:3096} INFO - Sync 1 DAGs
[2026-06-09T00:45:29.623+0000] {logging_mixin.py:188} INFO - [2026-06-09T00:45:29.622+0000] {dag.py:3954} INFO - Setting next_dagrun for example_dynamic_task_mapping to 2022-03-04 00:00:00+00:00, run_after=2022-03-05 00:00:00+00:00
[2026-06-09T00:45:29.642+0000] {processor.py:183} INFO - Processing /home/airflow/.local/lib/python3.12/site-packages/airflow/example_dags/example_dynamic_task_mapping.py took 0.083 seconds
[2026-06-09T00:45:59.981+0000] {processor.py:161} INFO - Started process (PID=132182) to work on /home/airflow/.local/lib/python3.12/site-packages/airflow/example_dags/example_dynamic_task_mapping.py
[2026-06-09T00:45:59.982+0000] {processor.py:830} INFO - Processing file /home/airflow/.local/lib/python3.12/site-packages/airflow/example_dags/example_dynamic_task_mapping.py for tasks to queue
[2026-06-09T00:45:59.985+0000] {logging_mixin.py:188} INFO - [2026-06-09T00:45:59.984+0000] {dagbag.py:545} INFO - Filling up the DagBag from /home/airflow/.local/lib/python3.12/site-packages/airflow/example_dags/example_dynamic_task_mapping.py
[2026-06-09T00:45:59.993+0000] {processor.py:840} INFO - DAG(s) 'example_dynamic_task_mapping' retrieved from /home/airflow/.local/lib/python3.12/site-packages/airflow/example_dags/example_dynamic_task_mapping.py
[2026-06-09T00:46:00.015+0000] {logging_mixin.py:188} INFO - [2026-06-09T00:46:00.014+0000] {dag.py:3096} INFO - Sync 1 DAGs
[2026-06-09T00:46:00.036+0000] {logging_mixin.py:188} INFO - [2026-06-09T00:46:00.036+0000] {dag.py:3954} INFO - Setting next_dagrun for example_dynamic_task_mapping to 2022-03-04 00:00:00+00:00, run_after=2022-03-05 00:00:00+00:00
[2026-06-09T00:46:00.057+0000] {processor.py:183} INFO - Processing /home/airflow/.local/lib/python3.12/site-packages/airflow/example_dags/example_dynamic_task_mapping.py took 0.080 seconds
[2026-06-09T00:46:30.230+0000] {processor.py:161} INFO - Started process (PID=132444) to work on /home/airflow/.local/lib/python3.12/site-packages/airflow/example_dags/example_dynamic_task_mapping.py
[2026-06-09T00:46:30.231+0000] {processor.py:830} INFO - Processing file /home/airflow/.local/lib/python3.12/site-packages/airflow/example_dags/example_dynamic_task_mapping.py for tasks to queue
[2026-06-09T00:46:30.233+0000] {logging_mixin.py:188} INFO - [2026-06-09T00:46:30.233+0000] {dagbag.py:545} INFO - Filling up the DagBag from /home/airflow/.local/lib/python3.12/site-packages/airflow/example_dags/example_dynamic_task_mapping.py
[2026-06-09T00:46:30.239+0000] {processor.py:840} INFO - DAG(s) 'example_dynamic_task_mapping' retrieved from /home/airflow/.local/lib/python3.12/site-packages/airflow/example_dags/example_dynamic_task_mapping.py
[2026-06-09T00:46:30.261+0000] {logging_mixin.py:188} INFO - [2026-06-09T00:46:30.261+0000] {dag.py:3096} INFO - Sync 1 DAGs
[2026-06-09T00:46:30.282+0000] {logging_mixin.py:188} INFO - [2026-06-09T00:46:30.282+0000] {dag.py:3954} INFO - Setting next_dagrun for example_dynamic_task_mapping to 2022-03-04 00:00:00+00:00, run_after=2022-03-05 00:00:00+00:00
[2026-06-09T00:46:30.303+0000] {processor.py:183} INFO - Processing /home/airflow/.local/lib/python3.12/site-packages/airflow/example_dags/example_dynamic_task_mapping.py took 0.078 seconds
[2026-06-09T00:47:00.843+0000] {processor.py:161} INFO - Started process (PID=132706) to work on /home/airflow/.local/lib/python3.12/site-packages/airflow/example_dags/example_dynamic_task_mapping.py
[2026-06-09T00:47:00.845+0000] {processor.py:830} INFO - Processing file /home/airflow/.local/lib/python3.12/site-packages/airflow/example_dags/example_dynamic_task_mapping.py for tasks to queue
[2026-06-09T00:47:00.847+0000] {logging_mixin.py:188} INFO - [2026-06-09T00:47:00.847+0000] {dagbag.py:545} INFO - Filling up the DagBag from /home/airflow/.local/lib/python3.12/site-packages/airflow/example_dags/example_dynamic_task_mapping.py
[2026-06-09T00:47:00.857+0000] {processor.py:840} INFO - DAG(s) 'example_dynamic_task_mapping' retrieved from /home/airflow/.local/lib/python3.12/site-packages/airflow/example_dags/example_dynamic_task_mapping.py
[2026-06-09T00:47:00.882+0000] {logging_mixin.py:188} INFO - [2026-06-09T00:47:00.881+0000] {dag.py:3096} INFO - Sync 1 DAGs
[2026-06-09T00:47:00.909+0000] {logging_mixin.py:188} INFO - [2026-06-09T00:47:00.909+0000] {dag.py:3954} INFO - Setting next_dagrun for example_dynamic_task_mapping to 2022-03-04 00:00:00+00:00, run_after=2022-03-05 00:00:00+00:00
[2026-06-09T00:47:00.933+0000] {processor.py:183} INFO - Processing /home/airflow/.local/lib/python3.12/site-packages/airflow/example_dags/example_dynamic_task_mapping.py took 0.095 seconds
[2026-06-09T00:47:31.128+0000] {processor.py:161} INFO - Started process (PID=132968) to work on /home/airflow/.local/lib/python3.12/site-packages/airflow/example_dags/example_dynamic_task_mapping.py
[2026-06-09T00:47:31.130+0000] {processor.py:830} INFO - Processing file /home/airflow/.local/lib/python3.12/site-packages/airflow/example_dags/example_dynamic_task_mapping.py for tasks to queue
[2026-06-09T00:47:31.131+0000] {logging_mixin.py:188} INFO - [2026-06-09T00:47:31.131+0000] {dagbag.py:545} INFO - Filling up the DagBag from /home/airflow/.local/lib/python3.12/site-packages/airflow/example_dags/example_dynamic_task_mapping.py
[2026-06-09T00:47:31.140+0000] {processor.py:840} INFO - DAG(s) 'example_dynamic_task_mapping' retrieved from /home/airflow/.local/lib/python3.12/site-packages/airflow/example_dags/example_dynamic_task_mapping.py
[2026-06-09T00:47:31.162+0000] {logging_mixin.py:188} INFO - [2026-06-09T00:47:31.162+0000] {dag.py:3096} INFO - Sync 1 DAGs
[2026-06-09T00:47:31.188+0000] {logging_mixin.py:188} INFO - [2026-06-09T00:47:31.188+0000] {dag.py:3954} INFO - Setting next_dagrun for example_dynamic_task_mapping to 2022-03-04 00:00:00+00:00, run_after=2022-03-05 00:00:00+00:00
[2026-06-09T00:47:31.209+0000] {processor.py:183} INFO - Processing /home/airflow/.local/lib/python3.12/site-packages/airflow/example_dags/example_dynamic_task_mapping.py took 0.086 seconds
[2026-06-09T00:48:01.026+0000] {processor.py:161} INFO - Started process (PID=133220) to work on /home/airflow/.local/lib/python3.12/site-packages/airflow/example_dags/example_dynamic_task_mapping.py
[2026-06-09T00:48:01.027+0000] {processor.py:830} INFO - Processing file /home/airflow/.local/lib/python3.12/site-packages/airflow/example_dags/example_dynamic_task_mapping.py for tasks to queue
[2026-06-09T00:48:01.029+0000] {logging_mixin.py:188} INFO - [2026-06-09T00:48:01.029+0000] {dagbag.py:545} INFO - Filling up the DagBag from /home/airflow/.local/lib/python3.12/site-packages/airflow/example_dags/example_dynamic_task_mapping.py
[2026-06-09T00:48:01.035+0000] {processor.py:840} INFO - DAG(s) 'example_dynamic_task_mapping' retrieved from /home/airflow/.local/lib/python3.12/site-packages/airflow/example_dags/example_dynamic_task_mapping.py
[2026-06-09T00:48:01.059+0000] {logging_mixin.py:188} INFO - [2026-06-09T00:48:01.059+0000] {dag.py:3096} INFO - Sync 1 DAGs
[2026-06-09T00:48:01.082+0000] {logging_mixin.py:188} INFO - [2026-06-09T00:48:01.081+0000] {dag.py:3954} INFO - Setting next_dagrun for example_dynamic_task_mapping to 2022-03-04 00:00:00+00:00, run_after=2022-03-05 00:00:00+00:00
[2026-06-09T00:48:01.101+0000] {processor.py:183} INFO - Processing /home/airflow/.local/lib/python3.12/site-packages/airflow/example_dags/example_dynamic_task_mapping.py took 0.082 seconds
[2026-06-09T00:48:31.423+0000] {processor.py:161} INFO - Started process (PID=133482) to work on /home/airflow/.local/lib/python3.12/site-packages/airflow/example_dags/example_dynamic_task_mapping.py
[2026-06-09T00:48:31.424+0000] {processor.py:830} INFO - Processing file /home/airflow/.local/lib/python3.12/site-packages/airflow/example_dags/example_dynamic_task_mapping.py for tasks to queue
[2026-06-09T00:48:31.427+0000] {logging_mixin.py:188} INFO - [2026-06-09T00:48:31.426+0000] {dagbag.py:545} INFO - Filling up the DagBag from /home/airflow/.local/lib/python3.12/site-packages/airflow/example_dags/example_dynamic_task_mapping.py
[2026-06-09T00:48:31.435+0000] {processor.py:840} INFO - DAG(s) 'example_dynamic_task_mapping' retrieved from /home/airflow/.local/lib/python3.12/site-packages/airflow/example_dags/example_dynamic_task_mapping.py
[2026-06-09T00:48:31.469+0000] {logging_mixin.py:188} INFO - [2026-06-09T00:48:31.468+0000] {dag.py:3096} INFO - Sync 1 DAGs
[2026-06-09T00:48:31.499+0000] {logging_mixin.py:188} INFO - [2026-06-09T00:48:31.499+0000] {dag.py:3954} INFO - Setting next_dagrun for example_dynamic_task_mapping to 2022-03-04 00:00:00+00:00, run_after=2022-03-05 00:00:00+00:00
[2026-06-09T00:48:31.528+0000] {processor.py:183} INFO - Processing /home/airflow/.local/lib/python3.12/site-packages/airflow/example_dags/example_dynamic_task_mapping.py took 0.111 seconds
[2026-06-09T00:49:02.199+0000] {processor.py:161} INFO - Started process (PID=133754) to work on /home/airflow/.local/lib/python3.12/site-packages/airflow/example_dags/example_dynamic_task_mapping.py
[2026-06-09T00:49:02.201+0000] {processor.py:830} INFO - Processing file /home/airflow/.local/lib/python3.12/site-packages/airflow/example_dags/example_dynamic_task_mapping.py for tasks to queue
[2026-06-09T00:49:02.203+0000] {logging_mixin.py:188} INFO - [2026-06-09T00:49:02.203+0000] {dagbag.py:545} INFO - Filling up the DagBag from /home/airflow/.local/lib/python3.12/site-packages/airflow/example_dags/example_dynamic_task_mapping.py
[2026-06-09T00:49:02.210+0000] {processor.py:840} INFO - DAG(s) 'example_dynamic_task_mapping' retrieved from /home/airflow/.local/lib/python3.12/site-packages/airflow/example_dags/example_dynamic_task_mapping.py
[2026-06-09T00:49:02.232+0000] {logging_mixin.py:188} INFO - [2026-06-09T00:49:02.232+0000] {dag.py:3096} INFO - Sync 1 DAGs
[2026-06-09T00:49:02.256+0000] {logging_mixin.py:188} INFO - [2026-06-09T00:49:02.256+0000] {dag.py:3954} INFO - Setting next_dagrun for example_dynamic_task_mapping to 2022-03-04 00:00:00+00:00, run_after=2022-03-05 00:00:00+00:00
[2026-06-09T00:49:02.276+0000] {processor.py:183} INFO - Processing /home/airflow/.local/lib/python3.12/site-packages/airflow/example_dags/example_dynamic_task_mapping.py took 0.084 seconds
[2026-06-09T00:49:32.467+0000] {processor.py:161} INFO - Started process (PID=134014) to work on /home/airflow/.local/lib/python3.12/site-packages/airflow/example_dags/example_dynamic_task_mapping.py
[2026-06-09T00:49:32.468+0000] {processor.py:830} INFO - Processing file /home/airflow/.local/lib/python3.12/site-packages/airflow/example_dags/example_dynamic_task_mapping.py for tasks to queue
[2026-06-09T00:49:32.470+0000] {logging_mixin.py:188} INFO - [2026-06-09T00:49:32.470+0000] {dagbag.py:545} INFO - Filling up the DagBag from /home/airflow/.local/lib/python3.12/site-packages/airflow/example_dags/example_dynamic_task_mapping.py
[2026-06-09T00:49:32.476+0000] {processor.py:840} INFO - DAG(s) 'example_dynamic_task_mapping' retrieved from /home/airflow/.local/lib/python3.12/site-packages/airflow/example_dags/example_dynamic_task_mapping.py
[2026-06-09T00:49:32.497+0000] {logging_mixin.py:188} INFO - [2026-06-09T00:49:32.496+0000] {dag.py:3096} INFO - Sync 1 DAGs
[2026-06-09T00:49:32.521+0000] {logging_mixin.py:188} INFO - [2026-06-09T00:49:32.521+0000] {dag.py:3954} INFO - Setting next_dagrun for example_dynamic_task_mapping to 2022-03-04 00:00:00+00:00, run_after=2022-03-05 00:00:00+00:00
[2026-06-09T00:49:32.543+0000] {processor.py:183} INFO - Processing /home/airflow/.local/lib/python3.12/site-packages/airflow/example_dags/example_dynamic_task_mapping.py took 0.083 seconds
[2026-06-09T00:50:02.940+0000] {processor.py:161} INFO - Started process (PID=134278) to work on /home/airflow/.local/lib/python3.12/site-packages/airflow/example_dags/example_dynamic_task_mapping.py
[2026-06-09T00:50:02.942+0000] {processor.py:830} INFO - Processing file /home/airflow/.local/lib/python3.12/site-packages/airflow/example_dags/example_dynamic_task_mapping.py for tasks to queue
[2026-06-09T00:50:02.945+0000] {logging_mixin.py:188} INFO - [2026-06-09T00:50:02.944+0000] {dagbag.py:545} INFO - Filling up the DagBag from /home/airflow/.local/lib/python3.12/site-packages/airflow/example_dags/example_dynamic_task_mapping.py
[2026-06-09T00:50:02.953+0000] {processor.py:840} INFO - DAG(s) 'example_dynamic_task_mapping' retrieved from /home/airflow/.local/lib/python3.12/site-packages/airflow/example_dags/example_dynamic_task_mapping.py
[2026-06-09T00:50:02.974+0000] {logging_mixin.py:188} INFO - [2026-06-09T00:50:02.974+0000] {dag.py:3096} INFO - Sync 1 DAGs
[2026-06-09T00:50:02.997+0000] {logging_mixin.py:188} INFO - [2026-06-09T00:50:02.997+0000] {dag.py:3954} INFO - Setting next_dagrun for example_dynamic_task_mapping to 2022-03-04 00:00:00+00:00, run_after=2022-03-05 00:00:00+00:00
[2026-06-09T00:50:03.020+0000] {processor.py:183} INFO - Processing /home/airflow/.local/lib/python3.12/site-packages/airflow/example_dags/example_dynamic_task_mapping.py took 0.085 seconds
[2026-06-09T00:50:33.443+0000] {processor.py:161} INFO - Started process (PID=134540) to work on /home/airflow/.local/lib/python3.12/site-packages/airflow/example_dags/example_dynamic_task_mapping.py
[2026-06-09T00:50:33.444+0000] {processor.py:830} INFO - Processing file /home/airflow/.local/lib/python3.12/site-packages/airflow/example_dags/example_dynamic_task_mapping.py for tasks to queue
[2026-06-09T00:50:33.446+0000] {logging_mixin.py:188} INFO - [2026-06-09T00:50:33.446+0000] {dagbag.py:545} INFO - Filling up the DagBag from /home/airflow/.local/lib/python3.12/site-packages/airflow/example_dags/example_dynamic_task_mapping.py
[2026-06-09T00:50:33.452+0000] {processor.py:840} INFO - DAG(s) 'example_dynamic_task_mapping' retrieved from /home/airflow/.local/lib/python3.12/site-packages/airflow/example_dags/example_dynamic_task_mapping.py
[2026-06-09T00:50:33.473+0000] {logging_mixin.py:188} INFO - [2026-06-09T00:50:33.473+0000] {dag.py:3096} INFO - Sync 1 DAGs
[2026-06-09T00:50:33.497+0000] {logging_mixin.py:188} INFO - [2026-06-09T00:50:33.496+0000] {dag.py:3954} INFO - Setting next_dagrun for example_dynamic_task_mapping to 2022-03-04 00:00:00+00:00, run_after=2022-03-05 00:00:00+00:00
[2026-06-09T00:50:33.520+0000] {processor.py:183} INFO - Processing /home/airflow/.local/lib/python3.12/site-packages/airflow/example_dags/example_dynamic_task_mapping.py took 0.083 seconds
[2026-06-09T00:51:03.705+0000] {processor.py:161} INFO - Started process (PID=134802) to work on /home/airflow/.local/lib/python3.12/site-packages/airflow/example_dags/example_dynamic_task_mapping.py
[2026-06-09T00:51:03.706+0000] {processor.py:830} INFO - Processing file /home/airflow/.local/lib/python3.12/site-packages/airflow/example_dags/example_dynamic_task_mapping.py for tasks to queue
[2026-06-09T00:51:03.707+0000] {logging_mixin.py:188} INFO - [2026-06-09T00:51:03.707+0000] {dagbag.py:545} INFO - Filling up the DagBag from /home/airflow/.local/lib/python3.12/site-packages/airflow/example_dags/example_dynamic_task_mapping.py
[2026-06-09T00:51:03.714+0000] {processor.py:840} INFO - DAG(s) 'example_dynamic_task_mapping' retrieved from /home/airflow/.local/lib/python3.12/site-packages/airflow/example_dags/example_dynamic_task_mapping.py
[2026-06-09T00:51:03.735+0000] {logging_mixin.py:188} INFO - [2026-06-09T00:51:03.735+0000] {dag.py:3096} INFO - Sync 1 DAGs
[2026-06-09T00:51:03.756+0000] {logging_mixin.py:188} INFO - [2026-06-09T00:51:03.756+0000] {dag.py:3954} INFO - Setting next_dagrun for example_dynamic_task_mapping to 2022-03-04 00:00:00+00:00, run_after=2022-03-05 00:00:00+00:00
[2026-06-09T00:51:03.777+0000] {processor.py:183} INFO - Processing /home/airflow/.local/lib/python3.12/site-packages/airflow/example_dags/example_dynamic_task_mapping.py took 0.078 seconds
[2026-06-09T00:51:34.391+0000] {processor.py:161} INFO - Started process (PID=135064) to work on /home/airflow/.local/lib/python3.12/site-packages/airflow/example_dags/example_dynamic_task_mapping.py
[2026-06-09T00:51:34.393+0000] {processor.py:830} INFO - Processing file /home/airflow/.local/lib/python3.12/site-packages/airflow/example_dags/example_dynamic_task_mapping.py for tasks to queue
[2026-06-09T00:51:34.396+0000] {logging_mixin.py:188} INFO - [2026-06-09T00:51:34.395+0000] {dagbag.py:545} INFO - Filling up the DagBag from /home/airflow/.local/lib/python3.12/site-packages/airflow/example_dags/example_dynamic_task_mapping.py
[2026-06-09T00:51:34.402+0000] {processor.py:840} INFO - DAG(s) 'example_dynamic_task_mapping' retrieved from /home/airflow/.local/lib/python3.12/site-packages/airflow/example_dags/example_dynamic_task_mapping.py
[2026-06-09T00:51:34.426+0000] {logging_mixin.py:188} INFO - [2026-06-09T00:51:34.425+0000] {dag.py:3096} INFO - Sync 1 DAGs
[2026-06-09T00:51:34.449+0000] {logging_mixin.py:188} INFO - [2026-06-09T00:51:34.448+0000] {dag.py:3954} INFO - Setting next_dagrun for example_dynamic_task_mapping to 2022-03-04 00:00:00+00:00, run_after=2022-03-05 00:00:00+00:00
[2026-06-09T00:51:34.468+0000] {processor.py:183} INFO - Processing /home/airflow/.local/lib/python3.12/site-packages/airflow/example_dags/example_dynamic_task_mapping.py took 0.083 seconds
[2026-06-09T00:52:04.827+0000] {processor.py:161} INFO - Started process (PID=135326) to work on /home/airflow/.local/lib/python3.12/site-packages/airflow/example_dags/example_dynamic_task_mapping.py
[2026-06-09T00:52:04.828+0000] {processor.py:830} INFO - Processing file /home/airflow/.local/lib/python3.12/site-packages/airflow/example_dags/example_dynamic_task_mapping.py for tasks to queue
[2026-06-09T00:52:04.830+0000] {logging_mixin.py:188} INFO - [2026-06-09T00:52:04.830+0000] {dagbag.py:545} INFO - Filling up the DagBag from /home/airflow/.local/lib/python3.12/site-packages/airflow/example_dags/example_dynamic_task_mapping.py
[2026-06-09T00:52:04.836+0000] {processor.py:840} INFO - DAG(s) 'example_dynamic_task_mapping' retrieved from /home/airflow/.local/lib/python3.12/site-packages/airflow/example_dags/example_dynamic_task_mapping.py
[2026-06-09T00:52:04.858+0000] {logging_mixin.py:188} INFO - [2026-06-09T00:52:04.857+0000] {dag.py:3096} INFO - Sync 1 DAGs
[2026-06-09T00:52:04.881+0000] {logging_mixin.py:188} INFO - [2026-06-09T00:52:04.880+0000] {dag.py:3954} INFO - Setting next_dagrun for example_dynamic_task_mapping to 2022-03-04 00:00:00+00:00, run_after=2022-03-05 00:00:00+00:00
[2026-06-09T00:52:04.904+0000] {processor.py:183} INFO - Processing /home/airflow/.local/lib/python3.12/site-packages/airflow/example_dags/example_dynamic_task_mapping.py took 0.086 seconds
[2026-06-09T00:52:35.173+0000] {processor.py:161} INFO - Started process (PID=135586) to work on /home/airflow/.local/lib/python3.12/site-packages/airflow/example_dags/example_dynamic_task_mapping.py
[2026-06-09T00:52:35.175+0000] {processor.py:830} INFO - Processing file /home/airflow/.local/lib/python3.12/site-packages/airflow/example_dags/example_dynamic_task_mapping.py for tasks to queue
[2026-06-09T00:52:35.177+0000] {logging_mixin.py:188} INFO - [2026-06-09T00:52:35.176+0000] {dagbag.py:545} INFO - Filling up the DagBag from /home/airflow/.local/lib/python3.12/site-packages/airflow/example_dags/example_dynamic_task_mapping.py
[2026-06-09T00:52:35.186+0000] {processor.py:840} INFO - DAG(s) 'example_dynamic_task_mapping' retrieved from /home/airflow/.local/lib/python3.12/site-packages/airflow/example_dags/example_dynamic_task_mapping.py
[2026-06-09T00:52:35.265+0000] {logging_mixin.py:188} INFO - [2026-06-09T00:52:35.265+0000] {dag.py:3096} INFO - Sync 1 DAGs
[2026-06-09T00:52:35.344+0000] {logging_mixin.py:188} INFO - [2026-06-09T00:52:35.344+0000] {dag.py:3954} INFO - Setting next_dagrun for example_dynamic_task_mapping to 2022-03-04 00:00:00+00:00, run_after=2022-03-05 00:00:00+00:00
[2026-06-09T00:52:35.375+0000] {processor.py:183} INFO - Processing /home/airflow/.local/lib/python3.12/site-packages/airflow/example_dags/example_dynamic_task_mapping.py took 0.206 seconds
[2026-06-09T00:53:05.436+0000] {processor.py:161} INFO - Started process (PID=135844) to work on /home/airflow/.local/lib/python3.12/site-packages/airflow/example_dags/example_dynamic_task_mapping.py
[2026-06-09T00:53:05.437+0000] {processor.py:830} INFO - Processing file /home/airflow/.local/lib/python3.12/site-packages/airflow/example_dags/example_dynamic_task_mapping.py for tasks to queue
[2026-06-09T00:53:05.439+0000] {logging_mixin.py:188} INFO - [2026-06-09T00:53:05.439+0000] {dagbag.py:545} INFO - Filling up the DagBag from /home/airflow/.local/lib/python3.12/site-packages/airflow/example_dags/example_dynamic_task_mapping.py
[2026-06-09T00:53:05.445+0000] {processor.py:840} INFO - DAG(s) 'example_dynamic_task_mapping' retrieved from /home/airflow/.local/lib/python3.12/site-packages/airflow/example_dags/example_dynamic_task_mapping.py
[2026-06-09T00:53:05.466+0000] {logging_mixin.py:188} INFO - [2026-06-09T00:53:05.466+0000] {dag.py:3096} INFO - Sync 1 DAGs
[2026-06-09T00:53:05.490+0000] {logging_mixin.py:188} INFO - [2026-06-09T00:53:05.490+0000] {dag.py:3954} INFO - Setting next_dagrun for example_dynamic_task_mapping to 2022-03-04 00:00:00+00:00, run_after=2022-03-05 00:00:00+00:00
[2026-06-09T00:53:05.512+0000] {processor.py:183} INFO - Processing /home/airflow/.local/lib/python3.12/site-packages/airflow/example_dags/example_dynamic_task_mapping.py took 0.082 seconds
[2026-06-09T00:53:35.614+0000] {processor.py:161} INFO - Started process (PID=136104) to work on /home/airflow/.local/lib/python3.12/site-packages/airflow/example_dags/example_dynamic_task_mapping.py
[2026-06-09T00:53:35.615+0000] {processor.py:830} INFO - Processing file /home/airflow/.local/lib/python3.12/site-packages/airflow/example_dags/example_dynamic_task_mapping.py for tasks to queue
[2026-06-09T00:53:35.617+0000] {logging_mixin.py:188} INFO - [2026-06-09T00:53:35.617+0000] {dagbag.py:545} INFO - Filling up the DagBag from /home/airflow/.local/lib/python3.12/site-packages/airflow/example_dags/example_dynamic_task_mapping.py
[2026-06-09T00:53:35.625+0000] {processor.py:840} INFO - DAG(s) 'example_dynamic_task_mapping' retrieved from /home/airflow/.local/lib/python3.12/site-packages/airflow/example_dags/example_dynamic_task_mapping.py
[2026-06-09T00:53:35.645+0000] {logging_mixin.py:188} INFO - [2026-06-09T00:53:35.645+0000] {dag.py:3096} INFO - Sync 1 DAGs
[2026-06-09T00:53:35.668+0000] {logging_mixin.py:188} INFO - [2026-06-09T00:53:35.668+0000] {dag.py:3954} INFO - Setting next_dagrun for example_dynamic_task_mapping to 2022-03-04 00:00:00+00:00, run_after=2022-03-05 00:00:00+00:00
[2026-06-09T00:53:35.688+0000] {processor.py:183} INFO - Processing /home/airflow/.local/lib/python3.12/site-packages/airflow/example_dags/example_dynamic_task_mapping.py took 0.078 seconds
[2026-06-09T00:54:06.092+0000] {processor.py:161} INFO - Started process (PID=136372) to work on /home/airflow/.local/lib/python3.12/site-packages/airflow/example_dags/example_dynamic_task_mapping.py
[2026-06-09T00:54:06.093+0000] {processor.py:830} INFO - Processing file /home/airflow/.local/lib/python3.12/site-packages/airflow/example_dags/example_dynamic_task_mapping.py for tasks to queue
[2026-06-09T00:54:06.094+0000] {logging_mixin.py:188} INFO - [2026-06-09T00:54:06.094+0000] {dagbag.py:545} INFO - Filling up the DagBag from /home/airflow/.local/lib/python3.12/site-packages/airflow/example_dags/example_dynamic_task_mapping.py
[2026-06-09T00:54:06.101+0000] {processor.py:840} INFO - DAG(s) 'example_dynamic_task_mapping' retrieved from /home/airflow/.local/lib/python3.12/site-packages/airflow/example_dags/example_dynamic_task_mapping.py
[2026-06-09T00:54:06.123+0000] {logging_mixin.py:188} INFO - [2026-06-09T00:54:06.123+0000] {dag.py:3096} INFO - Sync 1 DAGs
[2026-06-09T00:54:06.145+0000] {logging_mixin.py:188} INFO - [2026-06-09T00:54:06.145+0000] {dag.py:3954} INFO - Setting next_dagrun for example_dynamic_task_mapping to 2022-03-04 00:00:00+00:00, run_after=2022-03-05 00:00:00+00:00
[2026-06-09T00:54:06.168+0000] {processor.py:183} INFO - Processing /home/airflow/.local/lib/python3.12/site-packages/airflow/example_dags/example_dynamic_task_mapping.py took 0.082 seconds
[2026-06-09T00:54:37.166+0000] {processor.py:161} INFO - Started process (PID=136636) to work on /home/airflow/.local/lib/python3.12/site-packages/airflow/example_dags/example_dynamic_task_mapping.py
[2026-06-09T00:54:37.167+0000] {processor.py:830} INFO - Processing file /home/airflow/.local/lib/python3.12/site-packages/airflow/example_dags/example_dynamic_task_mapping.py for tasks to queue
[2026-06-09T00:54:37.169+0000] {logging_mixin.py:188} INFO - [2026-06-09T00:54:37.168+0000] {dagbag.py:545} INFO - Filling up the DagBag from /home/airflow/.local/lib/python3.12/site-packages/airflow/example_dags/example_dynamic_task_mapping.py
[2026-06-09T00:54:37.175+0000] {processor.py:840} INFO - DAG(s) 'example_dynamic_task_mapping' retrieved from /home/airflow/.local/lib/python3.12/site-packages/airflow/example_dags/example_dynamic_task_mapping.py
[2026-06-09T00:54:37.194+0000] {logging_mixin.py:188} INFO - [2026-06-09T00:54:37.194+0000] {dag.py:3096} INFO - Sync 1 DAGs
[2026-06-09T00:54:37.212+0000] {logging_mixin.py:188} INFO - [2026-06-09T00:54:37.211+0000] {dag.py:3954} INFO - Setting next_dagrun for example_dynamic_task_mapping to 2022-03-04 00:00:00+00:00, run_after=2022-03-05 00:00:00+00:00
[2026-06-09T00:54:37.228+0000] {processor.py:183} INFO - Processing /home/airflow/.local/lib/python3.12/site-packages/airflow/example_dags/example_dynamic_task_mapping.py took 0.067 seconds
[2026-06-09T00:55:07.522+0000] {processor.py:161} INFO - Started process (PID=136898) to work on /home/airflow/.local/lib/python3.12/site-packages/airflow/example_dags/example_dynamic_task_mapping.py
[2026-06-09T00:55:07.523+0000] {processor.py:830} INFO - Processing file /home/airflow/.local/lib/python3.12/site-packages/airflow/example_dags/example_dynamic_task_mapping.py for tasks to queue
[2026-06-09T00:55:07.525+0000] {logging_mixin.py:188} INFO - [2026-06-09T00:55:07.525+0000] {dagbag.py:545} INFO - Filling up the DagBag from /home/airflow/.local/lib/python3.12/site-packages/airflow/example_dags/example_dynamic_task_mapping.py
[2026-06-09T00:55:07.531+0000] {processor.py:840} INFO - DAG(s) 'example_dynamic_task_mapping' retrieved from /home/airflow/.local/lib/python3.12/site-packages/airflow/example_dags/example_dynamic_task_mapping.py
[2026-06-09T00:55:07.551+0000] {logging_mixin.py:188} INFO - [2026-06-09T00:55:07.551+0000] {dag.py:3096} INFO - Sync 1 DAGs
[2026-06-09T00:55:07.571+0000] {logging_mixin.py:188} INFO - [2026-06-09T00:55:07.571+0000] {dag.py:3954} INFO - Setting next_dagrun for example_dynamic_task_mapping to 2022-03-04 00:00:00+00:00, run_after=2022-03-05 00:00:00+00:00
[2026-06-09T00:55:07.594+0000] {processor.py:183} INFO - Processing /home/airflow/.local/lib/python3.12/site-packages/airflow/example_dags/example_dynamic_task_mapping.py took 0.079 seconds
[2026-06-09T00:55:37.953+0000] {processor.py:161} INFO - Started process (PID=137160) to work on /home/airflow/.local/lib/python3.12/site-packages/airflow/example_dags/example_dynamic_task_mapping.py
[2026-06-09T00:55:37.953+0000] {processor.py:830} INFO - Processing file /home/airflow/.local/lib/python3.12/site-packages/airflow/example_dags/example_dynamic_task_mapping.py for tasks to queue
[2026-06-09T00:55:37.955+0000] {logging_mixin.py:188} INFO - [2026-06-09T00:55:37.955+0000] {dagbag.py:545} INFO - Filling up the DagBag from /home/airflow/.local/lib/python3.12/site-packages/airflow/example_dags/example_dynamic_task_mapping.py
[2026-06-09T00:55:37.965+0000] {processor.py:840} INFO - DAG(s) 'example_dynamic_task_mapping' retrieved from /home/airflow/.local/lib/python3.12/site-packages/airflow/example_dags/example_dynamic_task_mapping.py
[2026-06-09T00:55:37.987+0000] {logging_mixin.py:188} INFO - [2026-06-09T00:55:37.987+0000] {dag.py:3096} INFO - Sync 1 DAGs
[2026-06-09T00:55:38.009+0000] {logging_mixin.py:188} INFO - [2026-06-09T00:55:38.009+0000] {dag.py:3954} INFO - Setting next_dagrun for example_dynamic_task_mapping to 2022-03-04 00:00:00+00:00, run_after=2022-03-05 00:00:00+00:00
[2026-06-09T00:55:38.030+0000] {processor.py:183} INFO - Processing /home/airflow/.local/lib/python3.12/site-packages/airflow/example_dags/example_dynamic_task_mapping.py took 0.082 seconds
[2026-06-09T00:56:08.425+0000] {processor.py:161} INFO - Started process (PID=137422) to work on /home/airflow/.local/lib/python3.12/site-packages/airflow/example_dags/example_dynamic_task_mapping.py
[2026-06-09T00:56:08.427+0000] {processor.py:830} INFO - Processing file /home/airflow/.local/lib/python3.12/site-packages/airflow/example_dags/example_dynamic_task_mapping.py for tasks to queue
[2026-06-09T00:56:08.429+0000] {logging_mixin.py:188} INFO - [2026-06-09T00:56:08.429+0000] {dagbag.py:545} INFO - Filling up the DagBag from /home/airflow/.local/lib/python3.12/site-packages/airflow/example_dags/example_dynamic_task_mapping.py
[2026-06-09T00:56:08.435+0000] {processor.py:840} INFO - DAG(s) 'example_dynamic_task_mapping' retrieved from /home/airflow/.local/lib/python3.12/site-packages/airflow/example_dags/example_dynamic_task_mapping.py
[2026-06-09T00:56:08.456+0000] {logging_mixin.py:188} INFO - [2026-06-09T00:56:08.456+0000] {dag.py:3096} INFO - Sync 1 DAGs
[2026-06-09T00:56:08.480+0000] {logging_mixin.py:188} INFO - [2026-06-09T00:56:08.480+0000] {dag.py:3954} INFO - Setting next_dagrun for example_dynamic_task_mapping to 2022-03-04 00:00:00+00:00, run_after=2022-03-05 00:00:00+00:00
[2026-06-09T00:56:08.500+0000] {processor.py:183} INFO - Processing /home/airflow/.local/lib/python3.12/site-packages/airflow/example_dags/example_dynamic_task_mapping.py took 0.082 seconds
[2026-06-09T00:56:38.681+0000] {processor.py:161} INFO - Started process (PID=137684) to work on /home/airflow/.local/lib/python3.12/site-packages/airflow/example_dags/example_dynamic_task_mapping.py
[2026-06-09T00:56:38.682+0000] {processor.py:830} INFO - Processing file /home/airflow/.local/lib/python3.12/site-packages/airflow/example_dags/example_dynamic_task_mapping.py for tasks to queue
[2026-06-09T00:56:38.685+0000] {logging_mixin.py:188} INFO - [2026-06-09T00:56:38.684+0000] {dagbag.py:545} INFO - Filling up the DagBag from /home/airflow/.local/lib/python3.12/site-packages/airflow/example_dags/example_dynamic_task_mapping.py
[2026-06-09T00:56:38.691+0000] {processor.py:840} INFO - DAG(s) 'example_dynamic_task_mapping' retrieved from /home/airflow/.local/lib/python3.12/site-packages/airflow/example_dags/example_dynamic_task_mapping.py
[2026-06-09T00:56:38.711+0000] {logging_mixin.py:188} INFO - [2026-06-09T00:56:38.711+0000] {dag.py:3096} INFO - Sync 1 DAGs
[2026-06-09T00:56:38.731+0000] {logging_mixin.py:188} INFO - [2026-06-09T00:56:38.731+0000] {dag.py:3954} INFO - Setting next_dagrun for example_dynamic_task_mapping to 2022-03-04 00:00:00+00:00, run_after=2022-03-05 00:00:00+00:00
[2026-06-09T00:56:38.755+0000] {processor.py:183} INFO - Processing /home/airflow/.local/lib/python3.12/site-packages/airflow/example_dags/example_dynamic_task_mapping.py took 0.080 seconds
[2026-06-09T00:57:08.919+0000] {processor.py:161} INFO - Started process (PID=137946) to work on /home/airflow/.local/lib/python3.12/site-packages/airflow/example_dags/example_dynamic_task_mapping.py
[2026-06-09T00:57:08.920+0000] {processor.py:830} INFO - Processing file /home/airflow/.local/lib/python3.12/site-packages/airflow/example_dags/example_dynamic_task_mapping.py for tasks to queue
[2026-06-09T00:57:08.921+0000] {logging_mixin.py:188} INFO - [2026-06-09T00:57:08.921+0000] {dagbag.py:545} INFO - Filling up the DagBag from /home/airflow/.local/lib/python3.12/site-packages/airflow/example_dags/example_dynamic_task_mapping.py
[2026-06-09T00:57:08.929+0000] {processor.py:840} INFO - DAG(s) 'example_dynamic_task_mapping' retrieved from /home/airflow/.local/lib/python3.12/site-packages/airflow/example_dags/example_dynamic_task_mapping.py
[2026-06-09T00:57:08.952+0000] {logging_mixin.py:188} INFO - [2026-06-09T00:57:08.952+0000] {dag.py:3096} INFO - Sync 1 DAGs
[2026-06-09T00:57:08.971+0000] {logging_mixin.py:188} INFO - [2026-06-09T00:57:08.971+0000] {dag.py:3954} INFO - Setting next_dagrun for example_dynamic_task_mapping to 2022-03-04 00:00:00+00:00, run_after=2022-03-05 00:00:00+00:00
[2026-06-09T00:57:08.993+0000] {processor.py:183} INFO - Processing /home/airflow/.local/lib/python3.12/site-packages/airflow/example_dags/example_dynamic_task_mapping.py took 0.080 seconds
[2026-06-09T00:57:39.203+0000] {processor.py:161} INFO - Started process (PID=138208) to work on /home/airflow/.local/lib/python3.12/site-packages/airflow/example_dags/example_dynamic_task_mapping.py
[2026-06-09T00:57:39.204+0000] {processor.py:830} INFO - Processing file /home/airflow/.local/lib/python3.12/site-packages/airflow/example_dags/example_dynamic_task_mapping.py for tasks to queue
[2026-06-09T00:57:39.207+0000] {logging_mixin.py:188} INFO - [2026-06-09T00:57:39.207+0000] {dagbag.py:545} INFO - Filling up the DagBag from /home/airflow/.local/lib/python3.12/site-packages/airflow/example_dags/example_dynamic_task_mapping.py
[2026-06-09T00:57:39.212+0000] {processor.py:840} INFO - DAG(s) 'example_dynamic_task_mapping' retrieved from /home/airflow/.local/lib/python3.12/site-packages/airflow/example_dags/example_dynamic_task_mapping.py
[2026-06-09T00:57:39.233+0000] {logging_mixin.py:188} INFO - [2026-06-09T00:57:39.233+0000] {dag.py:3096} INFO - Sync 1 DAGs
[2026-06-09T00:57:39.257+0000] {logging_mixin.py:188} INFO - [2026-06-09T00:57:39.256+0000] {dag.py:3954} INFO - Setting next_dagrun for example_dynamic_task_mapping to 2022-03-04 00:00:00+00:00, run_after=2022-03-05 00:00:00+00:00
[2026-06-09T00:57:39.282+0000] {processor.py:183} INFO - Processing /home/airflow/.local/lib/python3.12/site-packages/airflow/example_dags/example_dynamic_task_mapping.py took 0.084 seconds
[2026-06-09T00:58:09.443+0000] {processor.py:161} INFO - Started process (PID=138470) to work on /home/airflow/.local/lib/python3.12/site-packages/airflow/example_dags/example_dynamic_task_mapping.py
[2026-06-09T00:58:09.444+0000] {processor.py:830} INFO - Processing file /home/airflow/.local/lib/python3.12/site-packages/airflow/example_dags/example_dynamic_task_mapping.py for tasks to queue
[2026-06-09T00:58:09.446+0000] {logging_mixin.py:188} INFO - [2026-06-09T00:58:09.445+0000] {dagbag.py:545} INFO - Filling up the DagBag from /home/airflow/.local/lib/python3.12/site-packages/airflow/example_dags/example_dynamic_task_mapping.py
[2026-06-09T00:58:09.451+0000] {processor.py:840} INFO - DAG(s) 'example_dynamic_task_mapping' retrieved from /home/airflow/.local/lib/python3.12/site-packages/airflow/example_dags/example_dynamic_task_mapping.py
[2026-06-09T00:58:09.474+0000] {logging_mixin.py:188} INFO - [2026-06-09T00:58:09.473+0000] {dag.py:3096} INFO - Sync 1 DAGs
[2026-06-09T00:58:09.496+0000] {logging_mixin.py:188} INFO - [2026-06-09T00:58:09.496+0000] {dag.py:3954} INFO - Setting next_dagrun for example_dynamic_task_mapping to 2022-03-04 00:00:00+00:00, run_after=2022-03-05 00:00:00+00:00
[2026-06-09T00:58:09.519+0000] {processor.py:183} INFO - Processing /home/airflow/.local/lib/python3.12/site-packages/airflow/example_dags/example_dynamic_task_mapping.py took 0.084 seconds
[2026-06-09T00:58:39.706+0000] {processor.py:161} INFO - Started process (PID=138732) to work on /home/airflow/.local/lib/python3.12/site-packages/airflow/example_dags/example_dynamic_task_mapping.py
[2026-06-09T00:58:39.707+0000] {processor.py:830} INFO - Processing file /home/airflow/.local/lib/python3.12/site-packages/airflow/example_dags/example_dynamic_task_mapping.py for tasks to queue
[2026-06-09T00:58:39.712+0000] {logging_mixin.py:188} INFO - [2026-06-09T00:58:39.711+0000] {dagbag.py:545} INFO - Filling up the DagBag from /home/airflow/.local/lib/python3.12/site-packages/airflow/example_dags/example_dynamic_task_mapping.py
[2026-06-09T00:58:39.720+0000] {processor.py:840} INFO - DAG(s) 'example_dynamic_task_mapping' retrieved from /home/airflow/.local/lib/python3.12/site-packages/airflow/example_dags/example_dynamic_task_mapping.py
[2026-06-09T00:58:39.750+0000] {logging_mixin.py:188} INFO - [2026-06-09T00:58:39.750+0000] {dag.py:3096} INFO - Sync 1 DAGs
[2026-06-09T00:58:39.781+0000] {logging_mixin.py:188} INFO - [2026-06-09T00:58:39.781+0000] {dag.py:3954} INFO - Setting next_dagrun for example_dynamic_task_mapping to 2022-03-04 00:00:00+00:00, run_after=2022-03-05 00:00:00+00:00
[2026-06-09T00:58:39.801+0000] {processor.py:183} INFO - Processing /home/airflow/.local/lib/python3.12/site-packages/airflow/example_dags/example_dynamic_task_mapping.py took 0.102 seconds
[2026-06-09T00:59:09.932+0000] {processor.py:161} INFO - Started process (PID=138994) to work on /home/airflow/.local/lib/python3.12/site-packages/airflow/example_dags/example_dynamic_task_mapping.py
[2026-06-09T00:59:09.933+0000] {processor.py:830} INFO - Processing file /home/airflow/.local/lib/python3.12/site-packages/airflow/example_dags/example_dynamic_task_mapping.py for tasks to queue
[2026-06-09T00:59:09.935+0000] {logging_mixin.py:188} INFO - [2026-06-09T00:59:09.935+0000] {dagbag.py:545} INFO - Filling up the DagBag from /home/airflow/.local/lib/python3.12/site-packages/airflow/example_dags/example_dynamic_task_mapping.py
[2026-06-09T00:59:09.943+0000] {processor.py:840} INFO - DAG(s) 'example_dynamic_task_mapping' retrieved from /home/airflow/.local/lib/python3.12/site-packages/airflow/example_dags/example_dynamic_task_mapping.py
[2026-06-09T00:59:09.964+0000] {logging_mixin.py:188} INFO - [2026-06-09T00:59:09.964+0000] {dag.py:3096} INFO - Sync 1 DAGs
[2026-06-09T00:59:09.985+0000] {logging_mixin.py:188} INFO - [2026-06-09T00:59:09.985+0000] {dag.py:3954} INFO - Setting next_dagrun for example_dynamic_task_mapping to 2022-03-04 00:00:00+00:00, run_after=2022-03-05 00:00:00+00:00
[2026-06-09T00:59:10.004+0000] {processor.py:183} INFO - Processing /home/airflow/.local/lib/python3.12/site-packages/airflow/example_dags/example_dynamic_task_mapping.py took 0.077 seconds
[2026-06-09T00:59:40.617+0000] {processor.py:161} INFO - Started process (PID=139256) to work on /home/airflow/.local/lib/python3.12/site-packages/airflow/example_dags/example_dynamic_task_mapping.py
[2026-06-09T00:59:40.618+0000] {processor.py:830} INFO - Processing file /home/airflow/.local/lib/python3.12/site-packages/airflow/example_dags/example_dynamic_task_mapping.py for tasks to queue
[2026-06-09T00:59:40.620+0000] {logging_mixin.py:188} INFO - [2026-06-09T00:59:40.619+0000] {dagbag.py:545} INFO - Filling up the DagBag from /home/airflow/.local/lib/python3.12/site-packages/airflow/example_dags/example_dynamic_task_mapping.py
[2026-06-09T00:59:40.628+0000] {processor.py:840} INFO - DAG(s) 'example_dynamic_task_mapping' retrieved from /home/airflow/.local/lib/python3.12/site-packages/airflow/example_dags/example_dynamic_task_mapping.py
[2026-06-09T00:59:40.651+0000] {logging_mixin.py:188} INFO - [2026-06-09T00:59:40.650+0000] {dag.py:3096} INFO - Sync 1 DAGs
[2026-06-09T00:59:40.672+0000] {logging_mixin.py:188} INFO - [2026-06-09T00:59:40.672+0000] {dag.py:3954} INFO - Setting next_dagrun for example_dynamic_task_mapping to 2022-03-04 00:00:00+00:00, run_after=2022-03-05 00:00:00+00:00
[2026-06-09T00:59:40.690+0000] {processor.py:183} INFO - Processing /home/airflow/.local/lib/python3.12/site-packages/airflow/example_dags/example_dynamic_task_mapping.py took 0.079 seconds
[2026-06-09T01:00:10.927+0000] {processor.py:161} INFO - Started process (PID=139518) to work on /home/airflow/.local/lib/python3.12/site-packages/airflow/example_dags/example_dynamic_task_mapping.py
[2026-06-09T01:00:10.928+0000] {processor.py:830} INFO - Processing file /home/airflow/.local/lib/python3.12/site-packages/airflow/example_dags/example_dynamic_task_mapping.py for tasks to queue
[2026-06-09T01:00:10.930+0000] {logging_mixin.py:188} INFO - [2026-06-09T01:00:10.930+0000] {dagbag.py:545} INFO - Filling up the DagBag from /home/airflow/.local/lib/python3.12/site-packages/airflow/example_dags/example_dynamic_task_mapping.py
[2026-06-09T01:00:10.936+0000] {processor.py:840} INFO - DAG(s) 'example_dynamic_task_mapping' retrieved from /home/airflow/.local/lib/python3.12/site-packages/airflow/example_dags/example_dynamic_task_mapping.py
[2026-06-09T01:00:10.956+0000] {logging_mixin.py:188} INFO - [2026-06-09T01:00:10.956+0000] {dag.py:3096} INFO - Sync 1 DAGs
[2026-06-09T01:00:10.977+0000] {logging_mixin.py:188} INFO - [2026-06-09T01:00:10.977+0000] {dag.py:3954} INFO - Setting next_dagrun for example_dynamic_task_mapping to 2022-03-04 00:00:00+00:00, run_after=2022-03-05 00:00:00+00:00
[2026-06-09T01:00:11.001+0000] {processor.py:183} INFO - Processing /home/airflow/.local/lib/python3.12/site-packages/airflow/example_dags/example_dynamic_task_mapping.py took 0.080 seconds
[2026-06-09T01:00:41.451+0000] {processor.py:161} INFO - Started process (PID=139780) to work on /home/airflow/.local/lib/python3.12/site-packages/airflow/example_dags/example_dynamic_task_mapping.py
[2026-06-09T01:00:41.452+0000] {processor.py:830} INFO - Processing file /home/airflow/.local/lib/python3.12/site-packages/airflow/example_dags/example_dynamic_task_mapping.py for tasks to queue
[2026-06-09T01:00:41.454+0000] {logging_mixin.py:188} INFO - [2026-06-09T01:00:41.454+0000] {dagbag.py:545} INFO - Filling up the DagBag from /home/airflow/.local/lib/python3.12/site-packages/airflow/example_dags/example_dynamic_task_mapping.py
[2026-06-09T01:00:41.460+0000] {processor.py:840} INFO - DAG(s) 'example_dynamic_task_mapping' retrieved from /home/airflow/.local/lib/python3.12/site-packages/airflow/example_dags/example_dynamic_task_mapping.py
[2026-06-09T01:00:41.483+0000] {logging_mixin.py:188} INFO - [2026-06-09T01:00:41.483+0000] {dag.py:3096} INFO - Sync 1 DAGs
[2026-06-09T01:00:41.505+0000] {logging_mixin.py:188} INFO - [2026-06-09T01:00:41.505+0000] {dag.py:3954} INFO - Setting next_dagrun for example_dynamic_task_mapping to 2022-03-04 00:00:00+00:00, run_after=2022-03-05 00:00:00+00:00
[2026-06-09T01:00:41.524+0000] {processor.py:183} INFO - Processing /home/airflow/.local/lib/python3.12/site-packages/airflow/example_dags/example_dynamic_task_mapping.py took 0.080 seconds
[2026-06-09T01:01:12.218+0000] {processor.py:161} INFO - Started process (PID=140042) to work on /home/airflow/.local/lib/python3.12/site-packages/airflow/example_dags/example_dynamic_task_mapping.py
[2026-06-09T01:01:12.219+0000] {processor.py:830} INFO - Processing file /home/airflow/.local/lib/python3.12/site-packages/airflow/example_dags/example_dynamic_task_mapping.py for tasks to queue
[2026-06-09T01:01:12.221+0000] {logging_mixin.py:188} INFO - [2026-06-09T01:01:12.221+0000] {dagbag.py:545} INFO - Filling up the DagBag from /home/airflow/.local/lib/python3.12/site-packages/airflow/example_dags/example_dynamic_task_mapping.py
[2026-06-09T01:01:12.229+0000] {processor.py:840} INFO - DAG(s) 'example_dynamic_task_mapping' retrieved from /home/airflow/.local/lib/python3.12/site-packages/airflow/example_dags/example_dynamic_task_mapping.py
[2026-06-09T01:01:12.251+0000] {logging_mixin.py:188} INFO - [2026-06-09T01:01:12.251+0000] {dag.py:3096} INFO - Sync 1 DAGs
[2026-06-09T01:01:12.274+0000] {logging_mixin.py:188} INFO - [2026-06-09T01:01:12.274+0000] {dag.py:3954} INFO - Setting next_dagrun for example_dynamic_task_mapping to 2022-03-04 00:00:00+00:00, run_after=2022-03-05 00:00:00+00:00
[2026-06-09T01:01:12.294+0000] {processor.py:183} INFO - Processing /home/airflow/.local/lib/python3.12/site-packages/airflow/example_dags/example_dynamic_task_mapping.py took 0.083 seconds
[2026-06-09T01:01:42.661+0000] {processor.py:161} INFO - Started process (PID=140304) to work on /home/airflow/.local/lib/python3.12/site-packages/airflow/example_dags/example_dynamic_task_mapping.py
[2026-06-09T01:01:42.662+0000] {processor.py:830} INFO - Processing file /home/airflow/.local/lib/python3.12/site-packages/airflow/example_dags/example_dynamic_task_mapping.py for tasks to queue
[2026-06-09T01:01:42.665+0000] {logging_mixin.py:188} INFO - [2026-06-09T01:01:42.664+0000] {dagbag.py:545} INFO - Filling up the DagBag from /home/airflow/.local/lib/python3.12/site-packages/airflow/example_dags/example_dynamic_task_mapping.py
[2026-06-09T01:01:42.672+0000] {processor.py:840} INFO - DAG(s) 'example_dynamic_task_mapping' retrieved from /home/airflow/.local/lib/python3.12/site-packages/airflow/example_dags/example_dynamic_task_mapping.py
[2026-06-09T01:01:42.693+0000] {logging_mixin.py:188} INFO - [2026-06-09T01:01:42.692+0000] {dag.py:3096} INFO - Sync 1 DAGs
[2026-06-09T01:01:42.714+0000] {logging_mixin.py:188} INFO - [2026-06-09T01:01:42.714+0000] {dag.py:3954} INFO - Setting next_dagrun for example_dynamic_task_mapping to 2022-03-04 00:00:00+00:00, run_after=2022-03-05 00:00:00+00:00
[2026-06-09T01:01:42.736+0000] {processor.py:183} INFO - Processing /home/airflow/.local/lib/python3.12/site-packages/airflow/example_dags/example_dynamic_task_mapping.py took 0.079 seconds
[2026-06-09T01:02:13.109+0000] {processor.py:161} INFO - Started process (PID=140566) to work on /home/airflow/.local/lib/python3.12/site-packages/airflow/example_dags/example_dynamic_task_mapping.py
[2026-06-09T01:02:13.110+0000] {processor.py:830} INFO - Processing file /home/airflow/.local/lib/python3.12/site-packages/airflow/example_dags/example_dynamic_task_mapping.py for tasks to queue
[2026-06-09T01:02:13.112+0000] {logging_mixin.py:188} INFO - [2026-06-09T01:02:13.112+0000] {dagbag.py:545} INFO - Filling up the DagBag from /home/airflow/.local/lib/python3.12/site-packages/airflow/example_dags/example_dynamic_task_mapping.py
[2026-06-09T01:02:13.118+0000] {processor.py:840} INFO - DAG(s) 'example_dynamic_task_mapping' retrieved from /home/airflow/.local/lib/python3.12/site-packages/airflow/example_dags/example_dynamic_task_mapping.py
[2026-06-09T01:02:13.138+0000] {logging_mixin.py:188} INFO - [2026-06-09T01:02:13.138+0000] {dag.py:3096} INFO - Sync 1 DAGs
[2026-06-09T01:02:13.160+0000] {logging_mixin.py:188} INFO - [2026-06-09T01:02:13.160+0000] {dag.py:3954} INFO - Setting next_dagrun for example_dynamic_task_mapping to 2022-03-04 00:00:00+00:00, run_after=2022-03-05 00:00:00+00:00
[2026-06-09T01:02:13.185+0000] {processor.py:183} INFO - Processing /home/airflow/.local/lib/python3.12/site-packages/airflow/example_dags/example_dynamic_task_mapping.py took 0.082 seconds
[2026-06-09T01:02:43.395+0000] {processor.py:161} INFO - Started process (PID=140828) to work on /home/airflow/.local/lib/python3.12/site-packages/airflow/example_dags/example_dynamic_task_mapping.py
[2026-06-09T01:02:43.396+0000] {processor.py:830} INFO - Processing file /home/airflow/.local/lib/python3.12/site-packages/airflow/example_dags/example_dynamic_task_mapping.py for tasks to queue
[2026-06-09T01:02:43.398+0000] {logging_mixin.py:188} INFO - [2026-06-09T01:02:43.398+0000] {dagbag.py:545} INFO - Filling up the DagBag from /home/airflow/.local/lib/python3.12/site-packages/airflow/example_dags/example_dynamic_task_mapping.py
[2026-06-09T01:02:43.406+0000] {processor.py:840} INFO - DAG(s) 'example_dynamic_task_mapping' retrieved from /home/airflow/.local/lib/python3.12/site-packages/airflow/example_dags/example_dynamic_task_mapping.py
[2026-06-09T01:02:43.430+0000] {logging_mixin.py:188} INFO - [2026-06-09T01:02:43.429+0000] {dag.py:3096} INFO - Sync 1 DAGs
[2026-06-09T01:02:43.451+0000] {logging_mixin.py:188} INFO - [2026-06-09T01:02:43.451+0000] {dag.py:3954} INFO - Setting next_dagrun for example_dynamic_task_mapping to 2022-03-04 00:00:00+00:00, run_after=2022-03-05 00:00:00+00:00
[2026-06-09T01:02:43.476+0000] {processor.py:183} INFO - Processing /home/airflow/.local/lib/python3.12/site-packages/airflow/example_dags/example_dynamic_task_mapping.py took 0.087 seconds
[2026-06-09T01:03:13.551+0000] {processor.py:161} INFO - Started process (PID=141090) to work on /home/airflow/.local/lib/python3.12/site-packages/airflow/example_dags/example_dynamic_task_mapping.py
[2026-06-09T01:03:13.552+0000] {processor.py:830} INFO - Processing file /home/airflow/.local/lib/python3.12/site-packages/airflow/example_dags/example_dynamic_task_mapping.py for tasks to queue
[2026-06-09T01:03:13.554+0000] {logging_mixin.py:188} INFO - [2026-06-09T01:03:13.553+0000] {dagbag.py:545} INFO - Filling up the DagBag from /home/airflow/.local/lib/python3.12/site-packages/airflow/example_dags/example_dynamic_task_mapping.py
[2026-06-09T01:03:13.562+0000] {processor.py:840} INFO - DAG(s) 'example_dynamic_task_mapping' retrieved from /home/airflow/.local/lib/python3.12/site-packages/airflow/example_dags/example_dynamic_task_mapping.py
[2026-06-09T01:03:13.583+0000] {logging_mixin.py:188} INFO - [2026-06-09T01:03:13.583+0000] {dag.py:3096} INFO - Sync 1 DAGs
[2026-06-09T01:03:13.604+0000] {logging_mixin.py:188} INFO - [2026-06-09T01:03:13.604+0000] {dag.py:3954} INFO - Setting next_dagrun for example_dynamic_task_mapping to 2022-03-04 00:00:00+00:00, run_after=2022-03-05 00:00:00+00:00
[2026-06-09T01:03:13.627+0000] {processor.py:183} INFO - Processing /home/airflow/.local/lib/python3.12/site-packages/airflow/example_dags/example_dynamic_task_mapping.py took 0.082 seconds
[2026-06-09T01:03:44.244+0000] {processor.py:161} INFO - Started process (PID=141352) to work on /home/airflow/.local/lib/python3.12/site-packages/airflow/example_dags/example_dynamic_task_mapping.py
[2026-06-09T01:03:44.246+0000] {processor.py:830} INFO - Processing file /home/airflow/.local/lib/python3.12/site-packages/airflow/example_dags/example_dynamic_task_mapping.py for tasks to queue
[2026-06-09T01:03:44.248+0000] {logging_mixin.py:188} INFO - [2026-06-09T01:03:44.248+0000] {dagbag.py:545} INFO - Filling up the DagBag from /home/airflow/.local/lib/python3.12/site-packages/airflow/example_dags/example_dynamic_task_mapping.py
[2026-06-09T01:03:44.257+0000] {processor.py:840} INFO - DAG(s) 'example_dynamic_task_mapping' retrieved from /home/airflow/.local/lib/python3.12/site-packages/airflow/example_dags/example_dynamic_task_mapping.py
[2026-06-09T01:03:44.280+0000] {logging_mixin.py:188} INFO - [2026-06-09T01:03:44.280+0000] {dag.py:3096} INFO - Sync 1 DAGs
[2026-06-09T01:03:44.308+0000] {logging_mixin.py:188} INFO - [2026-06-09T01:03:44.308+0000] {dag.py:3954} INFO - Setting next_dagrun for example_dynamic_task_mapping to 2022-03-04 00:00:00+00:00, run_after=2022-03-05 00:00:00+00:00
[2026-06-09T01:03:44.327+0000] {processor.py:183} INFO - Processing /home/airflow/.local/lib/python3.12/site-packages/airflow/example_dags/example_dynamic_task_mapping.py took 0.088 seconds
[2026-06-09T01:04:14.509+0000] {processor.py:161} INFO - Started process (PID=141614) to work on /home/airflow/.local/lib/python3.12/site-packages/airflow/example_dags/example_dynamic_task_mapping.py
[2026-06-09T01:04:14.510+0000] {processor.py:830} INFO - Processing file /home/airflow/.local/lib/python3.12/site-packages/airflow/example_dags/example_dynamic_task_mapping.py for tasks to queue
[2026-06-09T01:04:14.511+0000] {logging_mixin.py:188} INFO - [2026-06-09T01:04:14.511+0000] {dagbag.py:545} INFO - Filling up the DagBag from /home/airflow/.local/lib/python3.12/site-packages/airflow/example_dags/example_dynamic_task_mapping.py
[2026-06-09T01:04:14.517+0000] {processor.py:840} INFO - DAG(s) 'example_dynamic_task_mapping' retrieved from /home/airflow/.local/lib/python3.12/site-packages/airflow/example_dags/example_dynamic_task_mapping.py
[2026-06-09T01:04:14.539+0000] {logging_mixin.py:188} INFO - [2026-06-09T01:04:14.539+0000] {dag.py:3096} INFO - Sync 1 DAGs
[2026-06-09T01:04:14.560+0000] {logging_mixin.py:188} INFO - [2026-06-09T01:04:14.560+0000] {dag.py:3954} INFO - Setting next_dagrun for example_dynamic_task_mapping to 2022-03-04 00:00:00+00:00, run_after=2022-03-05 00:00:00+00:00
[2026-06-09T01:04:14.581+0000] {processor.py:183} INFO - Processing /home/airflow/.local/lib/python3.12/site-packages/airflow/example_dags/example_dynamic_task_mapping.py took 0.078 seconds
[2026-06-09T01:04:44.640+0000] {processor.py:161} INFO - Started process (PID=141876) to work on /home/airflow/.local/lib/python3.12/site-packages/airflow/example_dags/example_dynamic_task_mapping.py
[2026-06-09T01:04:44.641+0000] {processor.py:830} INFO - Processing file /home/airflow/.local/lib/python3.12/site-packages/airflow/example_dags/example_dynamic_task_mapping.py for tasks to queue
[2026-06-09T01:04:44.642+0000] {logging_mixin.py:188} INFO - [2026-06-09T01:04:44.642+0000] {dagbag.py:545} INFO - Filling up the DagBag from /home/airflow/.local/lib/python3.12/site-packages/airflow/example_dags/example_dynamic_task_mapping.py
[2026-06-09T01:04:44.648+0000] {processor.py:840} INFO - DAG(s) 'example_dynamic_task_mapping' retrieved from /home/airflow/.local/lib/python3.12/site-packages/airflow/example_dags/example_dynamic_task_mapping.py
[2026-06-09T01:04:44.669+0000] {logging_mixin.py:188} INFO - [2026-06-09T01:04:44.669+0000] {dag.py:3096} INFO - Sync 1 DAGs
[2026-06-09T01:04:44.694+0000] {logging_mixin.py:188} INFO - [2026-06-09T01:04:44.693+0000] {dag.py:3954} INFO - Setting next_dagrun for example_dynamic_task_mapping to 2022-03-04 00:00:00+00:00, run_after=2022-03-05 00:00:00+00:00
[2026-06-09T01:04:44.713+0000] {processor.py:183} INFO - Processing /home/airflow/.local/lib/python3.12/site-packages/airflow/example_dags/example_dynamic_task_mapping.py took 0.080 seconds
[2026-06-09T01:05:15.002+0000] {processor.py:161} INFO - Started process (PID=142138) to work on /home/airflow/.local/lib/python3.12/site-packages/airflow/example_dags/example_dynamic_task_mapping.py
[2026-06-09T01:05:15.004+0000] {processor.py:830} INFO - Processing file /home/airflow/.local/lib/python3.12/site-packages/airflow/example_dags/example_dynamic_task_mapping.py for tasks to queue
[2026-06-09T01:05:15.007+0000] {logging_mixin.py:188} INFO - [2026-06-09T01:05:15.006+0000] {dagbag.py:545} INFO - Filling up the DagBag from /home/airflow/.local/lib/python3.12/site-packages/airflow/example_dags/example_dynamic_task_mapping.py
[2026-06-09T01:05:15.014+0000] {processor.py:840} INFO - DAG(s) 'example_dynamic_task_mapping' retrieved from /home/airflow/.local/lib/python3.12/site-packages/airflow/example_dags/example_dynamic_task_mapping.py
[2026-06-09T01:05:15.035+0000] {logging_mixin.py:188} INFO - [2026-06-09T01:05:15.034+0000] {dag.py:3096} INFO - Sync 1 DAGs
[2026-06-09T01:05:15.060+0000] {logging_mixin.py:188} INFO - [2026-06-09T01:05:15.060+0000] {dag.py:3954} INFO - Setting next_dagrun for example_dynamic_task_mapping to 2022-03-04 00:00:00+00:00, run_after=2022-03-05 00:00:00+00:00
[2026-06-09T01:05:15.081+0000] {processor.py:183} INFO - Processing /home/airflow/.local/lib/python3.12/site-packages/airflow/example_dags/example_dynamic_task_mapping.py took 0.084 seconds
[2026-06-09T01:05:45.194+0000] {processor.py:161} INFO - Started process (PID=142406) to work on /home/airflow/.local/lib/python3.12/site-packages/airflow/example_dags/example_dynamic_task_mapping.py
[2026-06-09T01:05:45.196+0000] {processor.py:830} INFO - Processing file /home/airflow/.local/lib/python3.12/site-packages/airflow/example_dags/example_dynamic_task_mapping.py for tasks to queue
[2026-06-09T01:05:45.198+0000] {logging_mixin.py:188} INFO - [2026-06-09T01:05:45.197+0000] {dagbag.py:545} INFO - Filling up the DagBag from /home/airflow/.local/lib/python3.12/site-packages/airflow/example_dags/example_dynamic_task_mapping.py
[2026-06-09T01:05:45.206+0000] {processor.py:840} INFO - DAG(s) 'example_dynamic_task_mapping' retrieved from /home/airflow/.local/lib/python3.12/site-packages/airflow/example_dags/example_dynamic_task_mapping.py
[2026-06-09T01:05:45.227+0000] {logging_mixin.py:188} INFO - [2026-06-09T01:05:45.226+0000] {dag.py:3096} INFO - Sync 1 DAGs
[2026-06-09T01:05:45.252+0000] {logging_mixin.py:188} INFO - [2026-06-09T01:05:45.252+0000] {dag.py:3954} INFO - Setting next_dagrun for example_dynamic_task_mapping to 2022-03-04 00:00:00+00:00, run_after=2022-03-05 00:00:00+00:00
[2026-06-09T01:05:45.272+0000] {processor.py:183} INFO - Processing /home/airflow/.local/lib/python3.12/site-packages/airflow/example_dags/example_dynamic_task_mapping.py took 0.083 seconds
[2026-06-09T01:06:15.658+0000] {processor.py:161} INFO - Started process (PID=142668) to work on /home/airflow/.local/lib/python3.12/site-packages/airflow/example_dags/example_dynamic_task_mapping.py
[2026-06-09T01:06:15.658+0000] {processor.py:830} INFO - Processing file /home/airflow/.local/lib/python3.12/site-packages/airflow/example_dags/example_dynamic_task_mapping.py for tasks to queue
[2026-06-09T01:06:15.660+0000] {logging_mixin.py:188} INFO - [2026-06-09T01:06:15.660+0000] {dagbag.py:545} INFO - Filling up the DagBag from /home/airflow/.local/lib/python3.12/site-packages/airflow/example_dags/example_dynamic_task_mapping.py
[2026-06-09T01:06:15.670+0000] {processor.py:840} INFO - DAG(s) 'example_dynamic_task_mapping' retrieved from /home/airflow/.local/lib/python3.12/site-packages/airflow/example_dags/example_dynamic_task_mapping.py
[2026-06-09T01:06:15.689+0000] {logging_mixin.py:188} INFO - [2026-06-09T01:06:15.689+0000] {dag.py:3096} INFO - Sync 1 DAGs
[2026-06-09T01:06:15.709+0000] {logging_mixin.py:188} INFO - [2026-06-09T01:06:15.708+0000] {dag.py:3954} INFO - Setting next_dagrun for example_dynamic_task_mapping to 2022-03-04 00:00:00+00:00, run_after=2022-03-05 00:00:00+00:00
[2026-06-09T01:06:15.728+0000] {processor.py:183} INFO - Processing /home/airflow/.local/lib/python3.12/site-packages/airflow/example_dags/example_dynamic_task_mapping.py took 0.075 seconds
[2026-06-09T01:06:45.911+0000] {processor.py:161} INFO - Started process (PID=142930) to work on /home/airflow/.local/lib/python3.12/site-packages/airflow/example_dags/example_dynamic_task_mapping.py
[2026-06-09T01:06:45.912+0000] {processor.py:830} INFO - Processing file /home/airflow/.local/lib/python3.12/site-packages/airflow/example_dags/example_dynamic_task_mapping.py for tasks to queue
[2026-06-09T01:06:45.914+0000] {logging_mixin.py:188} INFO - [2026-06-09T01:06:45.914+0000] {dagbag.py:545} INFO - Filling up the DagBag from /home/airflow/.local/lib/python3.12/site-packages/airflow/example_dags/example_dynamic_task_mapping.py
[2026-06-09T01:06:45.922+0000] {processor.py:840} INFO - DAG(s) 'example_dynamic_task_mapping' retrieved from /home/airflow/.local/lib/python3.12/site-packages/airflow/example_dags/example_dynamic_task_mapping.py
[2026-06-09T01:06:45.942+0000] {logging_mixin.py:188} INFO - [2026-06-09T01:06:45.942+0000] {dag.py:3096} INFO - Sync 1 DAGs
[2026-06-09T01:06:45.963+0000] {logging_mixin.py:188} INFO - [2026-06-09T01:06:45.963+0000] {dag.py:3954} INFO - Setting next_dagrun for example_dynamic_task_mapping to 2022-03-04 00:00:00+00:00, run_after=2022-03-05 00:00:00+00:00
[2026-06-09T01:06:45.984+0000] {processor.py:183} INFO - Processing /home/airflow/.local/lib/python3.12/site-packages/airflow/example_dags/example_dynamic_task_mapping.py took 0.078 seconds
[2026-06-09T01:07:16.267+0000] {processor.py:161} INFO - Started process (PID=143192) to work on /home/airflow/.local/lib/python3.12/site-packages/airflow/example_dags/example_dynamic_task_mapping.py
[2026-06-09T01:07:16.268+0000] {processor.py:830} INFO - Processing file /home/airflow/.local/lib/python3.12/site-packages/airflow/example_dags/example_dynamic_task_mapping.py for tasks to queue
[2026-06-09T01:07:16.270+0000] {logging_mixin.py:188} INFO - [2026-06-09T01:07:16.270+0000] {dagbag.py:545} INFO - Filling up the DagBag from /home/airflow/.local/lib/python3.12/site-packages/airflow/example_dags/example_dynamic_task_mapping.py
[2026-06-09T01:07:16.275+0000] {processor.py:840} INFO - DAG(s) 'example_dynamic_task_mapping' retrieved from /home/airflow/.local/lib/python3.12/site-packages/airflow/example_dags/example_dynamic_task_mapping.py
[2026-06-09T01:07:16.294+0000] {logging_mixin.py:188} INFO - [2026-06-09T01:07:16.294+0000] {dag.py:3096} INFO - Sync 1 DAGs
[2026-06-09T01:07:16.319+0000] {logging_mixin.py:188} INFO - [2026-06-09T01:07:16.319+0000] {dag.py:3954} INFO - Setting next_dagrun for example_dynamic_task_mapping to 2022-03-04 00:00:00+00:00, run_after=2022-03-05 00:00:00+00:00
[2026-06-09T01:07:16.341+0000] {processor.py:183} INFO - Processing /home/airflow/.local/lib/python3.12/site-packages/airflow/example_dags/example_dynamic_task_mapping.py took 0.080 seconds
[2026-06-09T01:07:46.573+0000] {processor.py:161} INFO - Started process (PID=143454) to work on /home/airflow/.local/lib/python3.12/site-packages/airflow/example_dags/example_dynamic_task_mapping.py
[2026-06-09T01:07:46.574+0000] {processor.py:830} INFO - Processing file /home/airflow/.local/lib/python3.12/site-packages/airflow/example_dags/example_dynamic_task_mapping.py for tasks to queue
[2026-06-09T01:07:46.576+0000] {logging_mixin.py:188} INFO - [2026-06-09T01:07:46.575+0000] {dagbag.py:545} INFO - Filling up the DagBag from /home/airflow/.local/lib/python3.12/site-packages/airflow/example_dags/example_dynamic_task_mapping.py
[2026-06-09T01:07:46.581+0000] {processor.py:840} INFO - DAG(s) 'example_dynamic_task_mapping' retrieved from /home/airflow/.local/lib/python3.12/site-packages/airflow/example_dags/example_dynamic_task_mapping.py
[2026-06-09T01:07:46.604+0000] {logging_mixin.py:188} INFO - [2026-06-09T01:07:46.604+0000] {dag.py:3096} INFO - Sync 1 DAGs
[2026-06-09T01:07:46.630+0000] {logging_mixin.py:188} INFO - [2026-06-09T01:07:46.629+0000] {dag.py:3954} INFO - Setting next_dagrun for example_dynamic_task_mapping to 2022-03-04 00:00:00+00:00, run_after=2022-03-05 00:00:00+00:00
[2026-06-09T01:07:46.649+0000] {processor.py:183} INFO - Processing /home/airflow/.local/lib/python3.12/site-packages/airflow/example_dags/example_dynamic_task_mapping.py took 0.085 seconds
[2026-06-09T01:08:16.722+0000] {processor.py:161} INFO - Started process (PID=143716) to work on /home/airflow/.local/lib/python3.12/site-packages/airflow/example_dags/example_dynamic_task_mapping.py
[2026-06-09T01:08:16.724+0000] {processor.py:830} INFO - Processing file /home/airflow/.local/lib/python3.12/site-packages/airflow/example_dags/example_dynamic_task_mapping.py for tasks to queue
[2026-06-09T01:08:16.727+0000] {logging_mixin.py:188} INFO - [2026-06-09T01:08:16.727+0000] {dagbag.py:545} INFO - Filling up the DagBag from /home/airflow/.local/lib/python3.12/site-packages/airflow/example_dags/example_dynamic_task_mapping.py
[2026-06-09T01:08:16.733+0000] {processor.py:840} INFO - DAG(s) 'example_dynamic_task_mapping' retrieved from /home/airflow/.local/lib/python3.12/site-packages/airflow/example_dags/example_dynamic_task_mapping.py
[2026-06-09T01:08:16.755+0000] {logging_mixin.py:188} INFO - [2026-06-09T01:08:16.755+0000] {dag.py:3096} INFO - Sync 1 DAGs
[2026-06-09T01:08:16.783+0000] {logging_mixin.py:188} INFO - [2026-06-09T01:08:16.783+0000] {dag.py:3954} INFO - Setting next_dagrun for example_dynamic_task_mapping to 2022-03-04 00:00:00+00:00, run_after=2022-03-05 00:00:00+00:00
[2026-06-09T01:08:16.805+0000] {processor.py:183} INFO - Processing /home/airflow/.local/lib/python3.12/site-packages/airflow/example_dags/example_dynamic_task_mapping.py took 0.090 seconds
[2026-06-09T01:08:47.465+0000] {processor.py:161} INFO - Started process (PID=143978) to work on /home/airflow/.local/lib/python3.12/site-packages/airflow/example_dags/example_dynamic_task_mapping.py
[2026-06-09T01:08:47.467+0000] {processor.py:830} INFO - Processing file /home/airflow/.local/lib/python3.12/site-packages/airflow/example_dags/example_dynamic_task_mapping.py for tasks to queue
[2026-06-09T01:08:47.469+0000] {logging_mixin.py:188} INFO - [2026-06-09T01:08:47.468+0000] {dagbag.py:545} INFO - Filling up the DagBag from /home/airflow/.local/lib/python3.12/site-packages/airflow/example_dags/example_dynamic_task_mapping.py
[2026-06-09T01:08:47.474+0000] {processor.py:840} INFO - DAG(s) 'example_dynamic_task_mapping' retrieved from /home/airflow/.local/lib/python3.12/site-packages/airflow/example_dags/example_dynamic_task_mapping.py
[2026-06-09T01:08:47.496+0000] {logging_mixin.py:188} INFO - [2026-06-09T01:08:47.495+0000] {dag.py:3096} INFO - Sync 1 DAGs
[2026-06-09T01:08:47.520+0000] {logging_mixin.py:188} INFO - [2026-06-09T01:08:47.520+0000] {dag.py:3954} INFO - Setting next_dagrun for example_dynamic_task_mapping to 2022-03-04 00:00:00+00:00, run_after=2022-03-05 00:00:00+00:00
[2026-06-09T01:08:47.541+0000] {processor.py:183} INFO - Processing /home/airflow/.local/lib/python3.12/site-packages/airflow/example_dags/example_dynamic_task_mapping.py took 0.083 seconds
[2026-06-09T01:09:17.669+0000] {processor.py:161} INFO - Started process (PID=144240) to work on /home/airflow/.local/lib/python3.12/site-packages/airflow/example_dags/example_dynamic_task_mapping.py
[2026-06-09T01:09:17.669+0000] {processor.py:830} INFO - Processing file /home/airflow/.local/lib/python3.12/site-packages/airflow/example_dags/example_dynamic_task_mapping.py for tasks to queue
[2026-06-09T01:09:17.671+0000] {logging_mixin.py:188} INFO - [2026-06-09T01:09:17.671+0000] {dagbag.py:545} INFO - Filling up the DagBag from /home/airflow/.local/lib/python3.12/site-packages/airflow/example_dags/example_dynamic_task_mapping.py
[2026-06-09T01:09:17.676+0000] {processor.py:840} INFO - DAG(s) 'example_dynamic_task_mapping' retrieved from /home/airflow/.local/lib/python3.12/site-packages/airflow/example_dags/example_dynamic_task_mapping.py
[2026-06-09T01:09:17.696+0000] {logging_mixin.py:188} INFO - [2026-06-09T01:09:17.695+0000] {dag.py:3096} INFO - Sync 1 DAGs
[2026-06-09T01:09:17.720+0000] {logging_mixin.py:188} INFO - [2026-06-09T01:09:17.720+0000] {dag.py:3954} INFO - Setting next_dagrun for example_dynamic_task_mapping to 2022-03-04 00:00:00+00:00, run_after=2022-03-05 00:00:00+00:00
[2026-06-09T01:09:17.741+0000] {processor.py:183} INFO - Processing /home/airflow/.local/lib/python3.12/site-packages/airflow/example_dags/example_dynamic_task_mapping.py took 0.078 seconds
[2026-06-09T01:09:48.123+0000] {processor.py:161} INFO - Started process (PID=144502) to work on /home/airflow/.local/lib/python3.12/site-packages/airflow/example_dags/example_dynamic_task_mapping.py
[2026-06-09T01:09:48.124+0000] {processor.py:830} INFO - Processing file /home/airflow/.local/lib/python3.12/site-packages/airflow/example_dags/example_dynamic_task_mapping.py for tasks to queue
[2026-06-09T01:09:48.126+0000] {logging_mixin.py:188} INFO - [2026-06-09T01:09:48.126+0000] {dagbag.py:545} INFO - Filling up the DagBag from /home/airflow/.local/lib/python3.12/site-packages/airflow/example_dags/example_dynamic_task_mapping.py
[2026-06-09T01:09:48.132+0000] {processor.py:840} INFO - DAG(s) 'example_dynamic_task_mapping' retrieved from /home/airflow/.local/lib/python3.12/site-packages/airflow/example_dags/example_dynamic_task_mapping.py
[2026-06-09T01:09:48.159+0000] {logging_mixin.py:188} INFO - [2026-06-09T01:09:48.158+0000] {dag.py:3096} INFO - Sync 1 DAGs
[2026-06-09T01:09:48.180+0000] {logging_mixin.py:188} INFO - [2026-06-09T01:09:48.180+0000] {dag.py:3954} INFO - Setting next_dagrun for example_dynamic_task_mapping to 2022-03-04 00:00:00+00:00, run_after=2022-03-05 00:00:00+00:00
[2026-06-09T01:09:48.204+0000] {processor.py:183} INFO - Processing /home/airflow/.local/lib/python3.12/site-packages/airflow/example_dags/example_dynamic_task_mapping.py took 0.087 seconds
[2026-06-09T01:10:18.256+0000] {processor.py:161} INFO - Started process (PID=144764) to work on /home/airflow/.local/lib/python3.12/site-packages/airflow/example_dags/example_dynamic_task_mapping.py
[2026-06-09T01:10:18.257+0000] {processor.py:830} INFO - Processing file /home/airflow/.local/lib/python3.12/site-packages/airflow/example_dags/example_dynamic_task_mapping.py for tasks to queue
[2026-06-09T01:10:18.259+0000] {logging_mixin.py:188} INFO - [2026-06-09T01:10:18.259+0000] {dagbag.py:545} INFO - Filling up the DagBag from /home/airflow/.local/lib/python3.12/site-packages/airflow/example_dags/example_dynamic_task_mapping.py
[2026-06-09T01:10:18.267+0000] {processor.py:840} INFO - DAG(s) 'example_dynamic_task_mapping' retrieved from /home/airflow/.local/lib/python3.12/site-packages/airflow/example_dags/example_dynamic_task_mapping.py
[2026-06-09T01:10:18.287+0000] {logging_mixin.py:188} INFO - [2026-06-09T01:10:18.286+0000] {dag.py:3096} INFO - Sync 1 DAGs
[2026-06-09T01:10:18.309+0000] {logging_mixin.py:188} INFO - [2026-06-09T01:10:18.309+0000] {dag.py:3954} INFO - Setting next_dagrun for example_dynamic_task_mapping to 2022-03-04 00:00:00+00:00, run_after=2022-03-05 00:00:00+00:00
[2026-06-09T01:10:18.331+0000] {processor.py:183} INFO - Processing /home/airflow/.local/lib/python3.12/site-packages/airflow/example_dags/example_dynamic_task_mapping.py took 0.079 seconds
[2026-06-09T01:10:48.652+0000] {processor.py:161} INFO - Started process (PID=145026) to work on /home/airflow/.local/lib/python3.12/site-packages/airflow/example_dags/example_dynamic_task_mapping.py
[2026-06-09T01:10:48.653+0000] {processor.py:830} INFO - Processing file /home/airflow/.local/lib/python3.12/site-packages/airflow/example_dags/example_dynamic_task_mapping.py for tasks to queue
[2026-06-09T01:10:48.654+0000] {logging_mixin.py:188} INFO - [2026-06-09T01:10:48.654+0000] {dagbag.py:545} INFO - Filling up the DagBag from /home/airflow/.local/lib/python3.12/site-packages/airflow/example_dags/example_dynamic_task_mapping.py
[2026-06-09T01:10:48.661+0000] {processor.py:840} INFO - DAG(s) 'example_dynamic_task_mapping' retrieved from /home/airflow/.local/lib/python3.12/site-packages/airflow/example_dags/example_dynamic_task_mapping.py
[2026-06-09T01:10:48.683+0000] {logging_mixin.py:188} INFO - [2026-06-09T01:10:48.682+0000] {dag.py:3096} INFO - Sync 1 DAGs
[2026-06-09T01:10:48.706+0000] {logging_mixin.py:188} INFO - [2026-06-09T01:10:48.705+0000] {dag.py:3954} INFO - Setting next_dagrun for example_dynamic_task_mapping to 2022-03-04 00:00:00+00:00, run_after=2022-03-05 00:00:00+00:00
[2026-06-09T01:10:48.738+0000] {processor.py:183} INFO - Processing /home/airflow/.local/lib/python3.12/site-packages/airflow/example_dags/example_dynamic_task_mapping.py took 0.091 seconds
[2026-06-09T01:11:19.036+0000] {processor.py:161} INFO - Started process (PID=145288) to work on /home/airflow/.local/lib/python3.12/site-packages/airflow/example_dags/example_dynamic_task_mapping.py
[2026-06-09T01:11:19.037+0000] {processor.py:830} INFO - Processing file /home/airflow/.local/lib/python3.12/site-packages/airflow/example_dags/example_dynamic_task_mapping.py for tasks to queue
[2026-06-09T01:11:19.039+0000] {logging_mixin.py:188} INFO - [2026-06-09T01:11:19.038+0000] {dagbag.py:545} INFO - Filling up the DagBag from /home/airflow/.local/lib/python3.12/site-packages/airflow/example_dags/example_dynamic_task_mapping.py
[2026-06-09T01:11:19.044+0000] {processor.py:840} INFO - DAG(s) 'example_dynamic_task_mapping' retrieved from /home/airflow/.local/lib/python3.12/site-packages/airflow/example_dags/example_dynamic_task_mapping.py
[2026-06-09T01:11:19.067+0000] {logging_mixin.py:188} INFO - [2026-06-09T01:11:19.067+0000] {dag.py:3096} INFO - Sync 1 DAGs
[2026-06-09T01:11:19.090+0000] {logging_mixin.py:188} INFO - [2026-06-09T01:11:19.089+0000] {dag.py:3954} INFO - Setting next_dagrun for example_dynamic_task_mapping to 2022-03-04 00:00:00+00:00, run_after=2022-03-05 00:00:00+00:00
[2026-06-09T01:11:19.110+0000] {processor.py:183} INFO - Processing /home/airflow/.local/lib/python3.12/site-packages/airflow/example_dags/example_dynamic_task_mapping.py took 0.081 seconds
[2026-06-09T01:11:49.488+0000] {processor.py:161} INFO - Started process (PID=145550) to work on /home/airflow/.local/lib/python3.12/site-packages/airflow/example_dags/example_dynamic_task_mapping.py
[2026-06-09T01:11:49.489+0000] {processor.py:830} INFO - Processing file /home/airflow/.local/lib/python3.12/site-packages/airflow/example_dags/example_dynamic_task_mapping.py for tasks to queue
[2026-06-09T01:11:49.491+0000] {logging_mixin.py:188} INFO - [2026-06-09T01:11:49.490+0000] {dagbag.py:545} INFO - Filling up the DagBag from /home/airflow/.local/lib/python3.12/site-packages/airflow/example_dags/example_dynamic_task_mapping.py
[2026-06-09T01:11:49.497+0000] {processor.py:840} INFO - DAG(s) 'example_dynamic_task_mapping' retrieved from /home/airflow/.local/lib/python3.12/site-packages/airflow/example_dags/example_dynamic_task_mapping.py
[2026-06-09T01:11:49.517+0000] {logging_mixin.py:188} INFO - [2026-06-09T01:11:49.517+0000] {dag.py:3096} INFO - Sync 1 DAGs
[2026-06-09T01:11:49.539+0000] {logging_mixin.py:188} INFO - [2026-06-09T01:11:49.539+0000] {dag.py:3954} INFO - Setting next_dagrun for example_dynamic_task_mapping to 2022-03-04 00:00:00+00:00, run_after=2022-03-05 00:00:00+00:00
[2026-06-09T01:11:49.558+0000] {processor.py:183} INFO - Processing /home/airflow/.local/lib/python3.12/site-packages/airflow/example_dags/example_dynamic_task_mapping.py took 0.074 seconds
[2026-06-09T01:12:20.380+0000] {processor.py:161} INFO - Started process (PID=145812) to work on /home/airflow/.local/lib/python3.12/site-packages/airflow/example_dags/example_dynamic_task_mapping.py
[2026-06-09T01:12:20.381+0000] {processor.py:830} INFO - Processing file /home/airflow/.local/lib/python3.12/site-packages/airflow/example_dags/example_dynamic_task_mapping.py for tasks to queue
[2026-06-09T01:12:20.385+0000] {logging_mixin.py:188} INFO - [2026-06-09T01:12:20.385+0000] {dagbag.py:545} INFO - Filling up the DagBag from /home/airflow/.local/lib/python3.12/site-packages/airflow/example_dags/example_dynamic_task_mapping.py
[2026-06-09T01:12:20.391+0000] {processor.py:840} INFO - DAG(s) 'example_dynamic_task_mapping' retrieved from /home/airflow/.local/lib/python3.12/site-packages/airflow/example_dags/example_dynamic_task_mapping.py
[2026-06-09T01:12:20.415+0000] {logging_mixin.py:188} INFO - [2026-06-09T01:12:20.414+0000] {dag.py:3096} INFO - Sync 1 DAGs
[2026-06-09T01:12:20.441+0000] {logging_mixin.py:188} INFO - [2026-06-09T01:12:20.441+0000] {dag.py:3954} INFO - Setting next_dagrun for example_dynamic_task_mapping to 2022-03-04 00:00:00+00:00, run_after=2022-03-05 00:00:00+00:00
[2026-06-09T01:12:20.463+0000] {processor.py:183} INFO - Processing /home/airflow/.local/lib/python3.12/site-packages/airflow/example_dags/example_dynamic_task_mapping.py took 0.089 seconds
[2026-06-09T01:12:50.706+0000] {processor.py:161} INFO - Started process (PID=146074) to work on /home/airflow/.local/lib/python3.12/site-packages/airflow/example_dags/example_dynamic_task_mapping.py
[2026-06-09T01:12:50.707+0000] {processor.py:830} INFO - Processing file /home/airflow/.local/lib/python3.12/site-packages/airflow/example_dags/example_dynamic_task_mapping.py for tasks to queue
[2026-06-09T01:12:50.709+0000] {logging_mixin.py:188} INFO - [2026-06-09T01:12:50.709+0000] {dagbag.py:545} INFO - Filling up the DagBag from /home/airflow/.local/lib/python3.12/site-packages/airflow/example_dags/example_dynamic_task_mapping.py
[2026-06-09T01:12:50.717+0000] {processor.py:840} INFO - DAG(s) 'example_dynamic_task_mapping' retrieved from /home/airflow/.local/lib/python3.12/site-packages/airflow/example_dags/example_dynamic_task_mapping.py
[2026-06-09T01:12:50.739+0000] {logging_mixin.py:188} INFO - [2026-06-09T01:12:50.738+0000] {dag.py:3096} INFO - Sync 1 DAGs
[2026-06-09T01:12:50.761+0000] {logging_mixin.py:188} INFO - [2026-06-09T01:12:50.761+0000] {dag.py:3954} INFO - Setting next_dagrun for example_dynamic_task_mapping to 2022-03-04 00:00:00+00:00, run_after=2022-03-05 00:00:00+00:00
[2026-06-09T01:12:50.784+0000] {processor.py:183} INFO - Processing /home/airflow/.local/lib/python3.12/site-packages/airflow/example_dags/example_dynamic_task_mapping.py took 0.082 seconds
[2026-06-09T01:13:21.618+0000] {processor.py:161} INFO - Started process (PID=146336) to work on /home/airflow/.local/lib/python3.12/site-packages/airflow/example_dags/example_dynamic_task_mapping.py
[2026-06-09T01:13:21.619+0000] {processor.py:830} INFO - Processing file /home/airflow/.local/lib/python3.12/site-packages/airflow/example_dags/example_dynamic_task_mapping.py for tasks to queue
[2026-06-09T01:13:21.620+0000] {logging_mixin.py:188} INFO - [2026-06-09T01:13:21.620+0000] {dagbag.py:545} INFO - Filling up the DagBag from /home/airflow/.local/lib/python3.12/site-packages/airflow/example_dags/example_dynamic_task_mapping.py
[2026-06-09T01:13:21.626+0000] {processor.py:840} INFO - DAG(s) 'example_dynamic_task_mapping' retrieved from /home/airflow/.local/lib/python3.12/site-packages/airflow/example_dags/example_dynamic_task_mapping.py
[2026-06-09T01:13:21.649+0000] {logging_mixin.py:188} INFO - [2026-06-09T01:13:21.649+0000] {dag.py:3096} INFO - Sync 1 DAGs
[2026-06-09T01:13:21.670+0000] {logging_mixin.py:188} INFO - [2026-06-09T01:13:21.670+0000] {dag.py:3954} INFO - Setting next_dagrun for example_dynamic_task_mapping to 2022-03-04 00:00:00+00:00, run_after=2022-03-05 00:00:00+00:00
[2026-06-09T01:13:21.689+0000] {processor.py:183} INFO - Processing /home/airflow/.local/lib/python3.12/site-packages/airflow/example_dags/example_dynamic_task_mapping.py took 0.081 seconds
[2026-06-09T01:13:52.374+0000] {processor.py:161} INFO - Started process (PID=146598) to work on /home/airflow/.local/lib/python3.12/site-packages/airflow/example_dags/example_dynamic_task_mapping.py
[2026-06-09T01:13:52.376+0000] {processor.py:830} INFO - Processing file /home/airflow/.local/lib/python3.12/site-packages/airflow/example_dags/example_dynamic_task_mapping.py for tasks to queue
[2026-06-09T01:13:52.378+0000] {logging_mixin.py:188} INFO - [2026-06-09T01:13:52.377+0000] {dagbag.py:545} INFO - Filling up the DagBag from /home/airflow/.local/lib/python3.12/site-packages/airflow/example_dags/example_dynamic_task_mapping.py
[2026-06-09T01:13:52.387+0000] {processor.py:840} INFO - DAG(s) 'example_dynamic_task_mapping' retrieved from /home/airflow/.local/lib/python3.12/site-packages/airflow/example_dags/example_dynamic_task_mapping.py
[2026-06-09T01:13:52.409+0000] {logging_mixin.py:188} INFO - [2026-06-09T01:13:52.409+0000] {dag.py:3096} INFO - Sync 1 DAGs
[2026-06-09T01:13:52.431+0000] {logging_mixin.py:188} INFO - [2026-06-09T01:13:52.430+0000] {dag.py:3954} INFO - Setting next_dagrun for example_dynamic_task_mapping to 2022-03-04 00:00:00+00:00, run_after=2022-03-05 00:00:00+00:00
[2026-06-09T01:13:52.455+0000] {processor.py:183} INFO - Processing /home/airflow/.local/lib/python3.12/site-packages/airflow/example_dags/example_dynamic_task_mapping.py took 0.086 seconds
[2026-06-09T01:14:22.568+0000] {processor.py:161} INFO - Started process (PID=146860) to work on /home/airflow/.local/lib/python3.12/site-packages/airflow/example_dags/example_dynamic_task_mapping.py
[2026-06-09T01:14:22.569+0000] {processor.py:830} INFO - Processing file /home/airflow/.local/lib/python3.12/site-packages/airflow/example_dags/example_dynamic_task_mapping.py for tasks to queue
[2026-06-09T01:14:22.570+0000] {logging_mixin.py:188} INFO - [2026-06-09T01:14:22.570+0000] {dagbag.py:545} INFO - Filling up the DagBag from /home/airflow/.local/lib/python3.12/site-packages/airflow/example_dags/example_dynamic_task_mapping.py
[2026-06-09T01:14:22.577+0000] {processor.py:840} INFO - DAG(s) 'example_dynamic_task_mapping' retrieved from /home/airflow/.local/lib/python3.12/site-packages/airflow/example_dags/example_dynamic_task_mapping.py
[2026-06-09T01:14:22.598+0000] {logging_mixin.py:188} INFO - [2026-06-09T01:14:22.598+0000] {dag.py:3096} INFO - Sync 1 DAGs
[2026-06-09T01:14:22.622+0000] {logging_mixin.py:188} INFO - [2026-06-09T01:14:22.622+0000] {dag.py:3954} INFO - Setting next_dagrun for example_dynamic_task_mapping to 2022-03-04 00:00:00+00:00, run_after=2022-03-05 00:00:00+00:00
[2026-06-09T01:14:22.644+0000] {processor.py:183} INFO - Processing /home/airflow/.local/lib/python3.12/site-packages/airflow/example_dags/example_dynamic_task_mapping.py took 0.084 seconds
[2026-06-09T01:14:52.806+0000] {processor.py:161} INFO - Started process (PID=147122) to work on /home/airflow/.local/lib/python3.12/site-packages/airflow/example_dags/example_dynamic_task_mapping.py
[2026-06-09T01:14:52.807+0000] {processor.py:830} INFO - Processing file /home/airflow/.local/lib/python3.12/site-packages/airflow/example_dags/example_dynamic_task_mapping.py for tasks to queue
[2026-06-09T01:14:52.809+0000] {logging_mixin.py:188} INFO - [2026-06-09T01:14:52.809+0000] {dagbag.py:545} INFO - Filling up the DagBag from /home/airflow/.local/lib/python3.12/site-packages/airflow/example_dags/example_dynamic_task_mapping.py
[2026-06-09T01:14:52.815+0000] {processor.py:840} INFO - DAG(s) 'example_dynamic_task_mapping' retrieved from /home/airflow/.local/lib/python3.12/site-packages/airflow/example_dags/example_dynamic_task_mapping.py
[2026-06-09T01:14:52.835+0000] {logging_mixin.py:188} INFO - [2026-06-09T01:14:52.835+0000] {dag.py:3096} INFO - Sync 1 DAGs
[2026-06-09T01:14:52.859+0000] {logging_mixin.py:188} INFO - [2026-06-09T01:14:52.858+0000] {dag.py:3954} INFO - Setting next_dagrun for example_dynamic_task_mapping to 2022-03-04 00:00:00+00:00, run_after=2022-03-05 00:00:00+00:00
[2026-06-09T01:14:52.881+0000] {processor.py:183} INFO - Processing /home/airflow/.local/lib/python3.12/site-packages/airflow/example_dags/example_dynamic_task_mapping.py took 0.082 seconds
[2026-06-09T01:15:23.048+0000] {processor.py:161} INFO - Started process (PID=147385) to work on /home/airflow/.local/lib/python3.12/site-packages/airflow/example_dags/example_dynamic_task_mapping.py
[2026-06-09T01:15:23.049+0000] {processor.py:830} INFO - Processing file /home/airflow/.local/lib/python3.12/site-packages/airflow/example_dags/example_dynamic_task_mapping.py for tasks to queue
[2026-06-09T01:15:23.051+0000] {logging_mixin.py:188} INFO - [2026-06-09T01:15:23.050+0000] {dagbag.py:545} INFO - Filling up the DagBag from /home/airflow/.local/lib/python3.12/site-packages/airflow/example_dags/example_dynamic_task_mapping.py
[2026-06-09T01:15:23.057+0000] {processor.py:840} INFO - DAG(s) 'example_dynamic_task_mapping' retrieved from /home/airflow/.local/lib/python3.12/site-packages/airflow/example_dags/example_dynamic_task_mapping.py
[2026-06-09T01:15:23.080+0000] {logging_mixin.py:188} INFO - [2026-06-09T01:15:23.080+0000] {dag.py:3096} INFO - Sync 1 DAGs
[2026-06-09T01:15:23.102+0000] {logging_mixin.py:188} INFO - [2026-06-09T01:15:23.102+0000] {dag.py:3954} INFO - Setting next_dagrun for example_dynamic_task_mapping to 2022-03-04 00:00:00+00:00, run_after=2022-03-05 00:00:00+00:00
[2026-06-09T01:15:23.130+0000] {processor.py:183} INFO - Processing /home/airflow/.local/lib/python3.12/site-packages/airflow/example_dags/example_dynamic_task_mapping.py took 0.087 seconds
[2026-06-09T01:15:53.494+0000] {processor.py:161} INFO - Started process (PID=147647) to work on /home/airflow/.local/lib/python3.12/site-packages/airflow/example_dags/example_dynamic_task_mapping.py
[2026-06-09T01:15:53.495+0000] {processor.py:830} INFO - Processing file /home/airflow/.local/lib/python3.12/site-packages/airflow/example_dags/example_dynamic_task_mapping.py for tasks to queue
[2026-06-09T01:15:53.497+0000] {logging_mixin.py:188} INFO - [2026-06-09T01:15:53.496+0000] {dagbag.py:545} INFO - Filling up the DagBag from /home/airflow/.local/lib/python3.12/site-packages/airflow/example_dags/example_dynamic_task_mapping.py
[2026-06-09T01:15:53.501+0000] {processor.py:840} INFO - DAG(s) 'example_dynamic_task_mapping' retrieved from /home/airflow/.local/lib/python3.12/site-packages/airflow/example_dags/example_dynamic_task_mapping.py
[2026-06-09T01:15:53.520+0000] {logging_mixin.py:188} INFO - [2026-06-09T01:15:53.519+0000] {dag.py:3096} INFO - Sync 1 DAGs
[2026-06-09T01:15:53.538+0000] {logging_mixin.py:188} INFO - [2026-06-09T01:15:53.537+0000] {dag.py:3954} INFO - Setting next_dagrun for example_dynamic_task_mapping to 2022-03-04 00:00:00+00:00, run_after=2022-03-05 00:00:00+00:00
[2026-06-09T01:15:53.554+0000] {processor.py:183} INFO - Processing /home/airflow/.local/lib/python3.12/site-packages/airflow/example_dags/example_dynamic_task_mapping.py took 0.064 seconds
[2026-06-09T01:16:24.335+0000] {processor.py:161} INFO - Started process (PID=147903) to work on /home/airflow/.local/lib/python3.12/site-packages/airflow/example_dags/example_dynamic_task_mapping.py
[2026-06-09T01:16:24.337+0000] {processor.py:830} INFO - Processing file /home/airflow/.local/lib/python3.12/site-packages/airflow/example_dags/example_dynamic_task_mapping.py for tasks to queue
[2026-06-09T01:16:24.339+0000] {logging_mixin.py:188} INFO - [2026-06-09T01:16:24.338+0000] {dagbag.py:545} INFO - Filling up the DagBag from /home/airflow/.local/lib/python3.12/site-packages/airflow/example_dags/example_dynamic_task_mapping.py
[2026-06-09T01:16:24.345+0000] {processor.py:840} INFO - DAG(s) 'example_dynamic_task_mapping' retrieved from /home/airflow/.local/lib/python3.12/site-packages/airflow/example_dags/example_dynamic_task_mapping.py
[2026-06-09T01:16:24.367+0000] {logging_mixin.py:188} INFO - [2026-06-09T01:16:24.366+0000] {dag.py:3096} INFO - Sync 1 DAGs
[2026-06-09T01:16:24.390+0000] {logging_mixin.py:188} INFO - [2026-06-09T01:16:24.390+0000] {dag.py:3954} INFO - Setting next_dagrun for example_dynamic_task_mapping to 2022-03-04 00:00:00+00:00, run_after=2022-03-05 00:00:00+00:00
[2026-06-09T01:16:24.413+0000] {processor.py:183} INFO - Processing /home/airflow/.local/lib/python3.12/site-packages/airflow/example_dags/example_dynamic_task_mapping.py took 0.083 seconds
[2026-06-09T01:16:54.634+0000] {processor.py:161} INFO - Started process (PID=148165) to work on /home/airflow/.local/lib/python3.12/site-packages/airflow/example_dags/example_dynamic_task_mapping.py
[2026-06-09T01:16:54.636+0000] {processor.py:830} INFO - Processing file /home/airflow/.local/lib/python3.12/site-packages/airflow/example_dags/example_dynamic_task_mapping.py for tasks to queue
[2026-06-09T01:16:54.637+0000] {logging_mixin.py:188} INFO - [2026-06-09T01:16:54.637+0000] {dagbag.py:545} INFO - Filling up the DagBag from /home/airflow/.local/lib/python3.12/site-packages/airflow/example_dags/example_dynamic_task_mapping.py
[2026-06-09T01:16:54.643+0000] {processor.py:840} INFO - DAG(s) 'example_dynamic_task_mapping' retrieved from /home/airflow/.local/lib/python3.12/site-packages/airflow/example_dags/example_dynamic_task_mapping.py
[2026-06-09T01:16:54.666+0000] {logging_mixin.py:188} INFO - [2026-06-09T01:16:54.665+0000] {dag.py:3096} INFO - Sync 1 DAGs
[2026-06-09T01:16:54.691+0000] {logging_mixin.py:188} INFO - [2026-06-09T01:16:54.691+0000] {dag.py:3954} INFO - Setting next_dagrun for example_dynamic_task_mapping to 2022-03-04 00:00:00+00:00, run_after=2022-03-05 00:00:00+00:00
[2026-06-09T01:16:54.715+0000] {processor.py:183} INFO - Processing /home/airflow/.local/lib/python3.12/site-packages/airflow/example_dags/example_dynamic_task_mapping.py took 0.086 seconds
[2026-06-09T01:17:25.227+0000] {processor.py:161} INFO - Started process (PID=148433) to work on /home/airflow/.local/lib/python3.12/site-packages/airflow/example_dags/example_dynamic_task_mapping.py
[2026-06-09T01:17:25.228+0000] {processor.py:830} INFO - Processing file /home/airflow/.local/lib/python3.12/site-packages/airflow/example_dags/example_dynamic_task_mapping.py for tasks to queue
[2026-06-09T01:17:25.230+0000] {logging_mixin.py:188} INFO - [2026-06-09T01:17:25.229+0000] {dagbag.py:545} INFO - Filling up the DagBag from /home/airflow/.local/lib/python3.12/site-packages/airflow/example_dags/example_dynamic_task_mapping.py
[2026-06-09T01:17:25.236+0000] {processor.py:840} INFO - DAG(s) 'example_dynamic_task_mapping' retrieved from /home/airflow/.local/lib/python3.12/site-packages/airflow/example_dags/example_dynamic_task_mapping.py
[2026-06-09T01:17:25.257+0000] {logging_mixin.py:188} INFO - [2026-06-09T01:17:25.257+0000] {dag.py:3096} INFO - Sync 1 DAGs
[2026-06-09T01:17:25.280+0000] {logging_mixin.py:188} INFO - [2026-06-09T01:17:25.279+0000] {dag.py:3954} INFO - Setting next_dagrun for example_dynamic_task_mapping to 2022-03-04 00:00:00+00:00, run_after=2022-03-05 00:00:00+00:00
[2026-06-09T01:17:25.302+0000] {processor.py:183} INFO - Processing /home/airflow/.local/lib/python3.12/site-packages/airflow/example_dags/example_dynamic_task_mapping.py took 0.080 seconds
[2026-06-09T01:17:55.742+0000] {processor.py:161} INFO - Started process (PID=148695) to work on /home/airflow/.local/lib/python3.12/site-packages/airflow/example_dags/example_dynamic_task_mapping.py
[2026-06-09T01:17:55.743+0000] {processor.py:830} INFO - Processing file /home/airflow/.local/lib/python3.12/site-packages/airflow/example_dags/example_dynamic_task_mapping.py for tasks to queue
[2026-06-09T01:17:55.745+0000] {logging_mixin.py:188} INFO - [2026-06-09T01:17:55.744+0000] {dagbag.py:545} INFO - Filling up the DagBag from /home/airflow/.local/lib/python3.12/site-packages/airflow/example_dags/example_dynamic_task_mapping.py
[2026-06-09T01:17:55.751+0000] {processor.py:840} INFO - DAG(s) 'example_dynamic_task_mapping' retrieved from /home/airflow/.local/lib/python3.12/site-packages/airflow/example_dags/example_dynamic_task_mapping.py
[2026-06-09T01:17:55.770+0000] {logging_mixin.py:188} INFO - [2026-06-09T01:17:55.770+0000] {dag.py:3096} INFO - Sync 1 DAGs
[2026-06-09T01:17:55.792+0000] {logging_mixin.py:188} INFO - [2026-06-09T01:17:55.792+0000] {dag.py:3954} INFO - Setting next_dagrun for example_dynamic_task_mapping to 2022-03-04 00:00:00+00:00, run_after=2022-03-05 00:00:00+00:00
[2026-06-09T01:17:55.813+0000] {processor.py:183} INFO - Processing /home/airflow/.local/lib/python3.12/site-packages/airflow/example_dags/example_dynamic_task_mapping.py took 0.075 seconds
[2026-06-09T01:18:26.440+0000] {processor.py:161} INFO - Started process (PID=148957) to work on /home/airflow/.local/lib/python3.12/site-packages/airflow/example_dags/example_dynamic_task_mapping.py
[2026-06-09T01:18:26.442+0000] {processor.py:830} INFO - Processing file /home/airflow/.local/lib/python3.12/site-packages/airflow/example_dags/example_dynamic_task_mapping.py for tasks to queue
[2026-06-09T01:18:26.443+0000] {logging_mixin.py:188} INFO - [2026-06-09T01:18:26.443+0000] {dagbag.py:545} INFO - Filling up the DagBag from /home/airflow/.local/lib/python3.12/site-packages/airflow/example_dags/example_dynamic_task_mapping.py
[2026-06-09T01:18:26.449+0000] {processor.py:840} INFO - DAG(s) 'example_dynamic_task_mapping' retrieved from /home/airflow/.local/lib/python3.12/site-packages/airflow/example_dags/example_dynamic_task_mapping.py
[2026-06-09T01:18:26.471+0000] {logging_mixin.py:188} INFO - [2026-06-09T01:18:26.470+0000] {dag.py:3096} INFO - Sync 1 DAGs
[2026-06-09T01:18:26.494+0000] {logging_mixin.py:188} INFO - [2026-06-09T01:18:26.494+0000] {dag.py:3954} INFO - Setting next_dagrun for example_dynamic_task_mapping to 2022-03-04 00:00:00+00:00, run_after=2022-03-05 00:00:00+00:00
[2026-06-09T01:18:26.514+0000] {processor.py:183} INFO - Processing /home/airflow/.local/lib/python3.12/site-packages/airflow/example_dags/example_dynamic_task_mapping.py took 0.081 seconds
[2026-06-09T01:18:56.778+0000] {processor.py:161} INFO - Started process (PID=149219) to work on /home/airflow/.local/lib/python3.12/site-packages/airflow/example_dags/example_dynamic_task_mapping.py
[2026-06-09T01:18:56.780+0000] {processor.py:830} INFO - Processing file /home/airflow/.local/lib/python3.12/site-packages/airflow/example_dags/example_dynamic_task_mapping.py for tasks to queue
[2026-06-09T01:18:56.782+0000] {logging_mixin.py:188} INFO - [2026-06-09T01:18:56.782+0000] {dagbag.py:545} INFO - Filling up the DagBag from /home/airflow/.local/lib/python3.12/site-packages/airflow/example_dags/example_dynamic_task_mapping.py
[2026-06-09T01:18:56.788+0000] {processor.py:840} INFO - DAG(s) 'example_dynamic_task_mapping' retrieved from /home/airflow/.local/lib/python3.12/site-packages/airflow/example_dags/example_dynamic_task_mapping.py
[2026-06-09T01:18:56.810+0000] {logging_mixin.py:188} INFO - [2026-06-09T01:18:56.809+0000] {dag.py:3096} INFO - Sync 1 DAGs
[2026-06-09T01:18:56.836+0000] {logging_mixin.py:188} INFO - [2026-06-09T01:18:56.835+0000] {dag.py:3954} INFO - Setting next_dagrun for example_dynamic_task_mapping to 2022-03-04 00:00:00+00:00, run_after=2022-03-05 00:00:00+00:00
[2026-06-09T01:18:56.857+0000] {processor.py:183} INFO - Processing /home/airflow/.local/lib/python3.12/site-packages/airflow/example_dags/example_dynamic_task_mapping.py took 0.085 seconds
[2026-06-09T01:19:27.412+0000] {processor.py:161} INFO - Started process (PID=149481) to work on /home/airflow/.local/lib/python3.12/site-packages/airflow/example_dags/example_dynamic_task_mapping.py
[2026-06-09T01:19:27.413+0000] {processor.py:830} INFO - Processing file /home/airflow/.local/lib/python3.12/site-packages/airflow/example_dags/example_dynamic_task_mapping.py for tasks to queue
[2026-06-09T01:19:27.416+0000] {logging_mixin.py:188} INFO - [2026-06-09T01:19:27.415+0000] {dagbag.py:545} INFO - Filling up the DagBag from /home/airflow/.local/lib/python3.12/site-packages/airflow/example_dags/example_dynamic_task_mapping.py
[2026-06-09T01:19:27.422+0000] {processor.py:840} INFO - DAG(s) 'example_dynamic_task_mapping' retrieved from /home/airflow/.local/lib/python3.12/site-packages/airflow/example_dags/example_dynamic_task_mapping.py
[2026-06-09T01:19:27.443+0000] {logging_mixin.py:188} INFO - [2026-06-09T01:19:27.443+0000] {dag.py:3096} INFO - Sync 1 DAGs
[2026-06-09T01:19:27.466+0000] {logging_mixin.py:188} INFO - [2026-06-09T01:19:27.466+0000] {dag.py:3954} INFO - Setting next_dagrun for example_dynamic_task_mapping to 2022-03-04 00:00:00+00:00, run_after=2022-03-05 00:00:00+00:00
[2026-06-09T01:19:27.490+0000] {processor.py:183} INFO - Processing /home/airflow/.local/lib/python3.12/site-packages/airflow/example_dags/example_dynamic_task_mapping.py took 0.084 seconds
[2026-06-09T01:19:57.581+0000] {processor.py:161} INFO - Started process (PID=149743) to work on /home/airflow/.local/lib/python3.12/site-packages/airflow/example_dags/example_dynamic_task_mapping.py
[2026-06-09T01:19:57.582+0000] {processor.py:830} INFO - Processing file /home/airflow/.local/lib/python3.12/site-packages/airflow/example_dags/example_dynamic_task_mapping.py for tasks to queue
[2026-06-09T01:19:57.584+0000] {logging_mixin.py:188} INFO - [2026-06-09T01:19:57.584+0000] {dagbag.py:545} INFO - Filling up the DagBag from /home/airflow/.local/lib/python3.12/site-packages/airflow/example_dags/example_dynamic_task_mapping.py
[2026-06-09T01:19:57.594+0000] {processor.py:840} INFO - DAG(s) 'example_dynamic_task_mapping' retrieved from /home/airflow/.local/lib/python3.12/site-packages/airflow/example_dags/example_dynamic_task_mapping.py
[2026-06-09T01:19:57.616+0000] {logging_mixin.py:188} INFO - [2026-06-09T01:19:57.615+0000] {dag.py:3096} INFO - Sync 1 DAGs
[2026-06-09T01:19:57.640+0000] {logging_mixin.py:188} INFO - [2026-06-09T01:19:57.640+0000] {dag.py:3954} INFO - Setting next_dagrun for example_dynamic_task_mapping to 2022-03-04 00:00:00+00:00, run_after=2022-03-05 00:00:00+00:00
[2026-06-09T01:19:57.660+0000] {processor.py:183} INFO - Processing /home/airflow/.local/lib/python3.12/site-packages/airflow/example_dags/example_dynamic_task_mapping.py took 0.085 seconds
[2026-06-09T01:20:27.788+0000] {processor.py:161} INFO - Started process (PID=150005) to work on /home/airflow/.local/lib/python3.12/site-packages/airflow/example_dags/example_dynamic_task_mapping.py
[2026-06-09T01:20:27.790+0000] {processor.py:830} INFO - Processing file /home/airflow/.local/lib/python3.12/site-packages/airflow/example_dags/example_dynamic_task_mapping.py for tasks to queue
[2026-06-09T01:20:27.792+0000] {logging_mixin.py:188} INFO - [2026-06-09T01:20:27.792+0000] {dagbag.py:545} INFO - Filling up the DagBag from /home/airflow/.local/lib/python3.12/site-packages/airflow/example_dags/example_dynamic_task_mapping.py
[2026-06-09T01:20:27.798+0000] {processor.py:840} INFO - DAG(s) 'example_dynamic_task_mapping' retrieved from /home/airflow/.local/lib/python3.12/site-packages/airflow/example_dags/example_dynamic_task_mapping.py
[2026-06-09T01:20:27.819+0000] {logging_mixin.py:188} INFO - [2026-06-09T01:20:27.819+0000] {dag.py:3096} INFO - Sync 1 DAGs
[2026-06-09T01:20:27.843+0000] {logging_mixin.py:188} INFO - [2026-06-09T01:20:27.843+0000] {dag.py:3954} INFO - Setting next_dagrun for example_dynamic_task_mapping to 2022-03-04 00:00:00+00:00, run_after=2022-03-05 00:00:00+00:00
[2026-06-09T01:20:27.863+0000] {processor.py:183} INFO - Processing /home/airflow/.local/lib/python3.12/site-packages/airflow/example_dags/example_dynamic_task_mapping.py took 0.079 seconds
[2026-06-09T01:20:58.139+0000] {processor.py:161} INFO - Started process (PID=150267) to work on /home/airflow/.local/lib/python3.12/site-packages/airflow/example_dags/example_dynamic_task_mapping.py
[2026-06-09T01:20:58.140+0000] {processor.py:830} INFO - Processing file /home/airflow/.local/lib/python3.12/site-packages/airflow/example_dags/example_dynamic_task_mapping.py for tasks to queue
[2026-06-09T01:20:58.142+0000] {logging_mixin.py:188} INFO - [2026-06-09T01:20:58.142+0000] {dagbag.py:545} INFO - Filling up the DagBag from /home/airflow/.local/lib/python3.12/site-packages/airflow/example_dags/example_dynamic_task_mapping.py
[2026-06-09T01:20:58.147+0000] {processor.py:840} INFO - DAG(s) 'example_dynamic_task_mapping' retrieved from /home/airflow/.local/lib/python3.12/site-packages/airflow/example_dags/example_dynamic_task_mapping.py
[2026-06-09T01:20:58.167+0000] {logging_mixin.py:188} INFO - [2026-06-09T01:20:58.167+0000] {dag.py:3096} INFO - Sync 1 DAGs
[2026-06-09T01:20:58.188+0000] {logging_mixin.py:188} INFO - [2026-06-09T01:20:58.187+0000] {dag.py:3954} INFO - Setting next_dagrun for example_dynamic_task_mapping to 2022-03-04 00:00:00+00:00, run_after=2022-03-05 00:00:00+00:00
[2026-06-09T01:20:58.207+0000] {processor.py:183} INFO - Processing /home/airflow/.local/lib/python3.12/site-packages/airflow/example_dags/example_dynamic_task_mapping.py took 0.075 seconds
[2026-06-09T01:21:28.360+0000] {processor.py:161} INFO - Started process (PID=150529) to work on /home/airflow/.local/lib/python3.12/site-packages/airflow/example_dags/example_dynamic_task_mapping.py
[2026-06-09T01:21:28.361+0000] {processor.py:830} INFO - Processing file /home/airflow/.local/lib/python3.12/site-packages/airflow/example_dags/example_dynamic_task_mapping.py for tasks to queue
[2026-06-09T01:21:28.363+0000] {logging_mixin.py:188} INFO - [2026-06-09T01:21:28.363+0000] {dagbag.py:545} INFO - Filling up the DagBag from /home/airflow/.local/lib/python3.12/site-packages/airflow/example_dags/example_dynamic_task_mapping.py
[2026-06-09T01:21:28.369+0000] {processor.py:840} INFO - DAG(s) 'example_dynamic_task_mapping' retrieved from /home/airflow/.local/lib/python3.12/site-packages/airflow/example_dags/example_dynamic_task_mapping.py
[2026-06-09T01:21:28.389+0000] {logging_mixin.py:188} INFO - [2026-06-09T01:21:28.388+0000] {dag.py:3096} INFO - Sync 1 DAGs
[2026-06-09T01:21:28.411+0000] {logging_mixin.py:188} INFO - [2026-06-09T01:21:28.410+0000] {dag.py:3954} INFO - Setting next_dagrun for example_dynamic_task_mapping to 2022-03-04 00:00:00+00:00, run_after=2022-03-05 00:00:00+00:00
[2026-06-09T01:21:28.431+0000] {processor.py:183} INFO - Processing /home/airflow/.local/lib/python3.12/site-packages/airflow/example_dags/example_dynamic_task_mapping.py took 0.077 seconds
[2026-06-09T01:21:58.884+0000] {processor.py:161} INFO - Started process (PID=150791) to work on /home/airflow/.local/lib/python3.12/site-packages/airflow/example_dags/example_dynamic_task_mapping.py
[2026-06-09T01:21:58.885+0000] {processor.py:830} INFO - Processing file /home/airflow/.local/lib/python3.12/site-packages/airflow/example_dags/example_dynamic_task_mapping.py for tasks to queue
[2026-06-09T01:21:58.888+0000] {logging_mixin.py:188} INFO - [2026-06-09T01:21:58.888+0000] {dagbag.py:545} INFO - Filling up the DagBag from /home/airflow/.local/lib/python3.12/site-packages/airflow/example_dags/example_dynamic_task_mapping.py
[2026-06-09T01:21:58.894+0000] {processor.py:840} INFO - DAG(s) 'example_dynamic_task_mapping' retrieved from /home/airflow/.local/lib/python3.12/site-packages/airflow/example_dags/example_dynamic_task_mapping.py
[2026-06-09T01:21:58.915+0000] {logging_mixin.py:188} INFO - [2026-06-09T01:21:58.915+0000] {dag.py:3096} INFO - Sync 1 DAGs
[2026-06-09T01:21:58.937+0000] {logging_mixin.py:188} INFO - [2026-06-09T01:21:58.937+0000] {dag.py:3954} INFO - Setting next_dagrun for example_dynamic_task_mapping to 2022-03-04 00:00:00+00:00, run_after=2022-03-05 00:00:00+00:00
[2026-06-09T01:21:58.962+0000] {processor.py:183} INFO - Processing /home/airflow/.local/lib/python3.12/site-packages/airflow/example_dags/example_dynamic_task_mapping.py took 0.082 seconds
[2026-06-09T01:22:29.273+0000] {processor.py:161} INFO - Started process (PID=151053) to work on /home/airflow/.local/lib/python3.12/site-packages/airflow/example_dags/example_dynamic_task_mapping.py
[2026-06-09T01:22:29.274+0000] {processor.py:830} INFO - Processing file /home/airflow/.local/lib/python3.12/site-packages/airflow/example_dags/example_dynamic_task_mapping.py for tasks to queue
[2026-06-09T01:22:29.276+0000] {logging_mixin.py:188} INFO - [2026-06-09T01:22:29.276+0000] {dagbag.py:545} INFO - Filling up the DagBag from /home/airflow/.local/lib/python3.12/site-packages/airflow/example_dags/example_dynamic_task_mapping.py
[2026-06-09T01:22:29.282+0000] {processor.py:840} INFO - DAG(s) 'example_dynamic_task_mapping' retrieved from /home/airflow/.local/lib/python3.12/site-packages/airflow/example_dags/example_dynamic_task_mapping.py
[2026-06-09T01:22:29.305+0000] {logging_mixin.py:188} INFO - [2026-06-09T01:22:29.304+0000] {dag.py:3096} INFO - Sync 1 DAGs
[2026-06-09T01:22:29.328+0000] {logging_mixin.py:188} INFO - [2026-06-09T01:22:29.328+0000] {dag.py:3954} INFO - Setting next_dagrun for example_dynamic_task_mapping to 2022-03-04 00:00:00+00:00, run_after=2022-03-05 00:00:00+00:00
[2026-06-09T01:22:29.347+0000] {processor.py:183} INFO - Processing /home/airflow/.local/lib/python3.12/site-packages/airflow/example_dags/example_dynamic_task_mapping.py took 0.080 seconds
[2026-06-09T01:22:59.509+0000] {processor.py:161} INFO - Started process (PID=151315) to work on /home/airflow/.local/lib/python3.12/site-packages/airflow/example_dags/example_dynamic_task_mapping.py
[2026-06-09T01:22:59.510+0000] {processor.py:830} INFO - Processing file /home/airflow/.local/lib/python3.12/site-packages/airflow/example_dags/example_dynamic_task_mapping.py for tasks to queue
[2026-06-09T01:22:59.512+0000] {logging_mixin.py:188} INFO - [2026-06-09T01:22:59.511+0000] {dagbag.py:545} INFO - Filling up the DagBag from /home/airflow/.local/lib/python3.12/site-packages/airflow/example_dags/example_dynamic_task_mapping.py
[2026-06-09T01:22:59.519+0000] {processor.py:840} INFO - DAG(s) 'example_dynamic_task_mapping' retrieved from /home/airflow/.local/lib/python3.12/site-packages/airflow/example_dags/example_dynamic_task_mapping.py
[2026-06-09T01:22:59.540+0000] {logging_mixin.py:188} INFO - [2026-06-09T01:22:59.540+0000] {dag.py:3096} INFO - Sync 1 DAGs
[2026-06-09T01:22:59.563+0000] {logging_mixin.py:188} INFO - [2026-06-09T01:22:59.563+0000] {dag.py:3954} INFO - Setting next_dagrun for example_dynamic_task_mapping to 2022-03-04 00:00:00+00:00, run_after=2022-03-05 00:00:00+00:00
[2026-06-09T01:22:59.582+0000] {processor.py:183} INFO - Processing /home/airflow/.local/lib/python3.12/site-packages/airflow/example_dags/example_dynamic_task_mapping.py took 0.080 seconds
[2026-06-09T01:23:29.845+0000] {processor.py:161} INFO - Started process (PID=151577) to work on /home/airflow/.local/lib/python3.12/site-packages/airflow/example_dags/example_dynamic_task_mapping.py
[2026-06-09T01:23:29.847+0000] {processor.py:830} INFO - Processing file /home/airflow/.local/lib/python3.12/site-packages/airflow/example_dags/example_dynamic_task_mapping.py for tasks to queue
[2026-06-09T01:23:29.849+0000] {logging_mixin.py:188} INFO - [2026-06-09T01:23:29.848+0000] {dagbag.py:545} INFO - Filling up the DagBag from /home/airflow/.local/lib/python3.12/site-packages/airflow/example_dags/example_dynamic_task_mapping.py
[2026-06-09T01:23:29.856+0000] {processor.py:840} INFO - DAG(s) 'example_dynamic_task_mapping' retrieved from /home/airflow/.local/lib/python3.12/site-packages/airflow/example_dags/example_dynamic_task_mapping.py
[2026-06-09T01:23:29.877+0000] {logging_mixin.py:188} INFO - [2026-06-09T01:23:29.876+0000] {dag.py:3096} INFO - Sync 1 DAGs
[2026-06-09T01:23:29.901+0000] {logging_mixin.py:188} INFO - [2026-06-09T01:23:29.900+0000] {dag.py:3954} INFO - Setting next_dagrun for example_dynamic_task_mapping to 2022-03-04 00:00:00+00:00, run_after=2022-03-05 00:00:00+00:00
[2026-06-09T01:23:29.921+0000] {processor.py:183} INFO - Processing /home/airflow/.local/lib/python3.12/site-packages/airflow/example_dags/example_dynamic_task_mapping.py took 0.080 seconds
[2026-06-09T01:24:00.186+0000] {processor.py:161} INFO - Started process (PID=151839) to work on /home/airflow/.local/lib/python3.12/site-packages/airflow/example_dags/example_dynamic_task_mapping.py
[2026-06-09T01:24:00.187+0000] {processor.py:830} INFO - Processing file /home/airflow/.local/lib/python3.12/site-packages/airflow/example_dags/example_dynamic_task_mapping.py for tasks to queue
[2026-06-09T01:24:00.189+0000] {logging_mixin.py:188} INFO - [2026-06-09T01:24:00.189+0000] {dagbag.py:545} INFO - Filling up the DagBag from /home/airflow/.local/lib/python3.12/site-packages/airflow/example_dags/example_dynamic_task_mapping.py
[2026-06-09T01:24:00.196+0000] {processor.py:840} INFO - DAG(s) 'example_dynamic_task_mapping' retrieved from /home/airflow/.local/lib/python3.12/site-packages/airflow/example_dags/example_dynamic_task_mapping.py
[2026-06-09T01:24:00.221+0000] {logging_mixin.py:188} INFO - [2026-06-09T01:24:00.220+0000] {dag.py:3096} INFO - Sync 1 DAGs
[2026-06-09T01:24:00.275+0000] {logging_mixin.py:188} INFO - [2026-06-09T01:24:00.274+0000] {dag.py:3954} INFO - Setting next_dagrun for example_dynamic_task_mapping to 2022-03-04 00:00:00+00:00, run_after=2022-03-05 00:00:00+00:00
[2026-06-09T01:24:00.365+0000] {processor.py:183} INFO - Processing /home/airflow/.local/lib/python3.12/site-packages/airflow/example_dags/example_dynamic_task_mapping.py took 0.186 seconds
[2026-06-09T01:24:30.598+0000] {processor.py:161} INFO - Started process (PID=152101) to work on /home/airflow/.local/lib/python3.12/site-packages/airflow/example_dags/example_dynamic_task_mapping.py
[2026-06-09T01:24:30.599+0000] {processor.py:830} INFO - Processing file /home/airflow/.local/lib/python3.12/site-packages/airflow/example_dags/example_dynamic_task_mapping.py for tasks to queue
[2026-06-09T01:24:30.601+0000] {logging_mixin.py:188} INFO - [2026-06-09T01:24:30.600+0000] {dagbag.py:545} INFO - Filling up the DagBag from /home/airflow/.local/lib/python3.12/site-packages/airflow/example_dags/example_dynamic_task_mapping.py
[2026-06-09T01:24:30.606+0000] {processor.py:840} INFO - DAG(s) 'example_dynamic_task_mapping' retrieved from /home/airflow/.local/lib/python3.12/site-packages/airflow/example_dags/example_dynamic_task_mapping.py
[2026-06-09T01:24:30.627+0000] {logging_mixin.py:188} INFO - [2026-06-09T01:24:30.627+0000] {dag.py:3096} INFO - Sync 1 DAGs
[2026-06-09T01:24:30.650+0000] {logging_mixin.py:188} INFO - [2026-06-09T01:24:30.650+0000] {dag.py:3954} INFO - Setting next_dagrun for example_dynamic_task_mapping to 2022-03-04 00:00:00+00:00, run_after=2022-03-05 00:00:00+00:00
[2026-06-09T01:24:30.673+0000] {processor.py:183} INFO - Processing /home/airflow/.local/lib/python3.12/site-packages/airflow/example_dags/example_dynamic_task_mapping.py took 0.081 seconds
[2026-06-09T01:25:01.186+0000] {processor.py:161} INFO - Started process (PID=152363) to work on /home/airflow/.local/lib/python3.12/site-packages/airflow/example_dags/example_dynamic_task_mapping.py
[2026-06-09T01:25:01.186+0000] {processor.py:830} INFO - Processing file /home/airflow/.local/lib/python3.12/site-packages/airflow/example_dags/example_dynamic_task_mapping.py for tasks to queue
[2026-06-09T01:25:01.189+0000] {logging_mixin.py:188} INFO - [2026-06-09T01:25:01.189+0000] {dagbag.py:545} INFO - Filling up the DagBag from /home/airflow/.local/lib/python3.12/site-packages/airflow/example_dags/example_dynamic_task_mapping.py
[2026-06-09T01:25:01.198+0000] {processor.py:840} INFO - DAG(s) 'example_dynamic_task_mapping' retrieved from /home/airflow/.local/lib/python3.12/site-packages/airflow/example_dags/example_dynamic_task_mapping.py
[2026-06-09T01:25:01.218+0000] {logging_mixin.py:188} INFO - [2026-06-09T01:25:01.218+0000] {dag.py:3096} INFO - Sync 1 DAGs
[2026-06-09T01:25:01.238+0000] {logging_mixin.py:188} INFO - [2026-06-09T01:25:01.238+0000] {dag.py:3954} INFO - Setting next_dagrun for example_dynamic_task_mapping to 2022-03-04 00:00:00+00:00, run_after=2022-03-05 00:00:00+00:00
[2026-06-09T01:25:01.257+0000] {processor.py:183} INFO - Processing /home/airflow/.local/lib/python3.12/site-packages/airflow/example_dags/example_dynamic_task_mapping.py took 0.076 seconds
[2026-06-09T01:25:31.721+0000] {processor.py:161} INFO - Started process (PID=152625) to work on /home/airflow/.local/lib/python3.12/site-packages/airflow/example_dags/example_dynamic_task_mapping.py
[2026-06-09T01:25:31.722+0000] {processor.py:830} INFO - Processing file /home/airflow/.local/lib/python3.12/site-packages/airflow/example_dags/example_dynamic_task_mapping.py for tasks to queue
[2026-06-09T01:25:31.725+0000] {logging_mixin.py:188} INFO - [2026-06-09T01:25:31.724+0000] {dagbag.py:545} INFO - Filling up the DagBag from /home/airflow/.local/lib/python3.12/site-packages/airflow/example_dags/example_dynamic_task_mapping.py
[2026-06-09T01:25:31.731+0000] {processor.py:840} INFO - DAG(s) 'example_dynamic_task_mapping' retrieved from /home/airflow/.local/lib/python3.12/site-packages/airflow/example_dags/example_dynamic_task_mapping.py
[2026-06-09T01:25:31.751+0000] {logging_mixin.py:188} INFO - [2026-06-09T01:25:31.750+0000] {dag.py:3096} INFO - Sync 1 DAGs
[2026-06-09T01:25:31.773+0000] {logging_mixin.py:188} INFO - [2026-06-09T01:25:31.773+0000] {dag.py:3954} INFO - Setting next_dagrun for example_dynamic_task_mapping to 2022-03-04 00:00:00+00:00, run_after=2022-03-05 00:00:00+00:00
[2026-06-09T01:25:31.791+0000] {processor.py:183} INFO - Processing /home/airflow/.local/lib/python3.12/site-packages/airflow/example_dags/example_dynamic_task_mapping.py took 0.075 seconds
[2026-06-09T01:26:02.230+0000] {processor.py:161} INFO - Started process (PID=152887) to work on /home/airflow/.local/lib/python3.12/site-packages/airflow/example_dags/example_dynamic_task_mapping.py
[2026-06-09T01:26:02.231+0000] {processor.py:830} INFO - Processing file /home/airflow/.local/lib/python3.12/site-packages/airflow/example_dags/example_dynamic_task_mapping.py for tasks to queue
[2026-06-09T01:26:02.234+0000] {logging_mixin.py:188} INFO - [2026-06-09T01:26:02.233+0000] {dagbag.py:545} INFO - Filling up the DagBag from /home/airflow/.local/lib/python3.12/site-packages/airflow/example_dags/example_dynamic_task_mapping.py
[2026-06-09T01:26:02.240+0000] {processor.py:840} INFO - DAG(s) 'example_dynamic_task_mapping' retrieved from /home/airflow/.local/lib/python3.12/site-packages/airflow/example_dags/example_dynamic_task_mapping.py
[2026-06-09T01:26:02.259+0000] {logging_mixin.py:188} INFO - [2026-06-09T01:26:02.259+0000] {dag.py:3096} INFO - Sync 1 DAGs
[2026-06-09T01:26:02.281+0000] {logging_mixin.py:188} INFO - [2026-06-09T01:26:02.281+0000] {dag.py:3954} INFO - Setting next_dagrun for example_dynamic_task_mapping to 2022-03-04 00:00:00+00:00, run_after=2022-03-05 00:00:00+00:00
[2026-06-09T01:26:02.298+0000] {processor.py:183} INFO - Processing /home/airflow/.local/lib/python3.12/site-packages/airflow/example_dags/example_dynamic_task_mapping.py took 0.073 seconds
[2026-06-09T01:26:32.494+0000] {processor.py:161} INFO - Started process (PID=153149) to work on /home/airflow/.local/lib/python3.12/site-packages/airflow/example_dags/example_dynamic_task_mapping.py
[2026-06-09T01:26:32.495+0000] {processor.py:830} INFO - Processing file /home/airflow/.local/lib/python3.12/site-packages/airflow/example_dags/example_dynamic_task_mapping.py for tasks to queue
[2026-06-09T01:26:32.497+0000] {logging_mixin.py:188} INFO - [2026-06-09T01:26:32.497+0000] {dagbag.py:545} INFO - Filling up the DagBag from /home/airflow/.local/lib/python3.12/site-packages/airflow/example_dags/example_dynamic_task_mapping.py
[2026-06-09T01:26:32.503+0000] {processor.py:840} INFO - DAG(s) 'example_dynamic_task_mapping' retrieved from /home/airflow/.local/lib/python3.12/site-packages/airflow/example_dags/example_dynamic_task_mapping.py
[2026-06-09T01:26:32.522+0000] {logging_mixin.py:188} INFO - [2026-06-09T01:26:32.522+0000] {dag.py:3096} INFO - Sync 1 DAGs
[2026-06-09T01:26:32.547+0000] {logging_mixin.py:188} INFO - [2026-06-09T01:26:32.547+0000] {dag.py:3954} INFO - Setting next_dagrun for example_dynamic_task_mapping to 2022-03-04 00:00:00+00:00, run_after=2022-03-05 00:00:00+00:00
[2026-06-09T01:26:32.567+0000] {processor.py:183} INFO - Processing /home/airflow/.local/lib/python3.12/site-packages/airflow/example_dags/example_dynamic_task_mapping.py took 0.079 seconds
[2026-06-09T01:27:02.675+0000] {processor.py:161} INFO - Started process (PID=153411) to work on /home/airflow/.local/lib/python3.12/site-packages/airflow/example_dags/example_dynamic_task_mapping.py
[2026-06-09T01:27:02.676+0000] {processor.py:830} INFO - Processing file /home/airflow/.local/lib/python3.12/site-packages/airflow/example_dags/example_dynamic_task_mapping.py for tasks to queue
[2026-06-09T01:27:02.677+0000] {logging_mixin.py:188} INFO - [2026-06-09T01:27:02.677+0000] {dagbag.py:545} INFO - Filling up the DagBag from /home/airflow/.local/lib/python3.12/site-packages/airflow/example_dags/example_dynamic_task_mapping.py
[2026-06-09T01:27:02.685+0000] {processor.py:840} INFO - DAG(s) 'example_dynamic_task_mapping' retrieved from /home/airflow/.local/lib/python3.12/site-packages/airflow/example_dags/example_dynamic_task_mapping.py
[2026-06-09T01:27:02.706+0000] {logging_mixin.py:188} INFO - [2026-06-09T01:27:02.706+0000] {dag.py:3096} INFO - Sync 1 DAGs
[2026-06-09T01:27:02.726+0000] {logging_mixin.py:188} INFO - [2026-06-09T01:27:02.726+0000] {dag.py:3954} INFO - Setting next_dagrun for example_dynamic_task_mapping to 2022-03-04 00:00:00+00:00, run_after=2022-03-05 00:00:00+00:00
[2026-06-09T01:27:02.748+0000] {processor.py:183} INFO - Processing /home/airflow/.local/lib/python3.12/site-packages/airflow/example_dags/example_dynamic_task_mapping.py took 0.079 seconds
[2026-06-09T01:27:32.964+0000] {processor.py:161} INFO - Started process (PID=153673) to work on /home/airflow/.local/lib/python3.12/site-packages/airflow/example_dags/example_dynamic_task_mapping.py
[2026-06-09T01:27:32.965+0000] {processor.py:830} INFO - Processing file /home/airflow/.local/lib/python3.12/site-packages/airflow/example_dags/example_dynamic_task_mapping.py for tasks to queue
[2026-06-09T01:27:32.967+0000] {logging_mixin.py:188} INFO - [2026-06-09T01:27:32.966+0000] {dagbag.py:545} INFO - Filling up the DagBag from /home/airflow/.local/lib/python3.12/site-packages/airflow/example_dags/example_dynamic_task_mapping.py
[2026-06-09T01:27:32.972+0000] {processor.py:840} INFO - DAG(s) 'example_dynamic_task_mapping' retrieved from /home/airflow/.local/lib/python3.12/site-packages/airflow/example_dags/example_dynamic_task_mapping.py
[2026-06-09T01:27:32.991+0000] {logging_mixin.py:188} INFO - [2026-06-09T01:27:32.991+0000] {dag.py:3096} INFO - Sync 1 DAGs
[2026-06-09T01:27:33.014+0000] {logging_mixin.py:188} INFO - [2026-06-09T01:27:33.014+0000] {dag.py:3954} INFO - Setting next_dagrun for example_dynamic_task_mapping to 2022-03-04 00:00:00+00:00, run_after=2022-03-05 00:00:00+00:00
[2026-06-09T01:27:33.036+0000] {processor.py:183} INFO - Processing /home/airflow/.local/lib/python3.12/site-packages/airflow/example_dags/example_dynamic_task_mapping.py took 0.080 seconds
[2026-06-09T01:28:03.227+0000] {processor.py:161} INFO - Started process (PID=153935) to work on /home/airflow/.local/lib/python3.12/site-packages/airflow/example_dags/example_dynamic_task_mapping.py
[2026-06-09T01:28:03.229+0000] {processor.py:830} INFO - Processing file /home/airflow/.local/lib/python3.12/site-packages/airflow/example_dags/example_dynamic_task_mapping.py for tasks to queue
[2026-06-09T01:28:03.231+0000] {logging_mixin.py:188} INFO - [2026-06-09T01:28:03.230+0000] {dagbag.py:545} INFO - Filling up the DagBag from /home/airflow/.local/lib/python3.12/site-packages/airflow/example_dags/example_dynamic_task_mapping.py
[2026-06-09T01:28:03.237+0000] {processor.py:840} INFO - DAG(s) 'example_dynamic_task_mapping' retrieved from /home/airflow/.local/lib/python3.12/site-packages/airflow/example_dags/example_dynamic_task_mapping.py
[2026-06-09T01:28:03.256+0000] {logging_mixin.py:188} INFO - [2026-06-09T01:28:03.256+0000] {dag.py:3096} INFO - Sync 1 DAGs
[2026-06-09T01:28:03.277+0000] {logging_mixin.py:188} INFO - [2026-06-09T01:28:03.277+0000] {dag.py:3954} INFO - Setting next_dagrun for example_dynamic_task_mapping to 2022-03-04 00:00:00+00:00, run_after=2022-03-05 00:00:00+00:00
[2026-06-09T01:28:03.298+0000] {processor.py:183} INFO - Processing /home/airflow/.local/lib/python3.12/site-packages/airflow/example_dags/example_dynamic_task_mapping.py took 0.076 seconds
[2026-06-09T01:28:33.530+0000] {processor.py:161} INFO - Started process (PID=154197) to work on /home/airflow/.local/lib/python3.12/site-packages/airflow/example_dags/example_dynamic_task_mapping.py
[2026-06-09T01:28:33.531+0000] {processor.py:830} INFO - Processing file /home/airflow/.local/lib/python3.12/site-packages/airflow/example_dags/example_dynamic_task_mapping.py for tasks to queue
[2026-06-09T01:28:33.532+0000] {logging_mixin.py:188} INFO - [2026-06-09T01:28:33.532+0000] {dagbag.py:545} INFO - Filling up the DagBag from /home/airflow/.local/lib/python3.12/site-packages/airflow/example_dags/example_dynamic_task_mapping.py
[2026-06-09T01:28:33.538+0000] {processor.py:840} INFO - DAG(s) 'example_dynamic_task_mapping' retrieved from /home/airflow/.local/lib/python3.12/site-packages/airflow/example_dags/example_dynamic_task_mapping.py
[2026-06-09T01:28:33.558+0000] {logging_mixin.py:188} INFO - [2026-06-09T01:28:33.558+0000] {dag.py:3096} INFO - Sync 1 DAGs
[2026-06-09T01:28:33.577+0000] {logging_mixin.py:188} INFO - [2026-06-09T01:28:33.577+0000] {dag.py:3954} INFO - Setting next_dagrun for example_dynamic_task_mapping to 2022-03-04 00:00:00+00:00, run_after=2022-03-05 00:00:00+00:00
[2026-06-09T01:28:33.599+0000] {processor.py:183} INFO - Processing /home/airflow/.local/lib/python3.12/site-packages/airflow/example_dags/example_dynamic_task_mapping.py took 0.074 seconds
[2026-06-09T01:29:03.688+0000] {processor.py:161} INFO - Started process (PID=154465) to work on /home/airflow/.local/lib/python3.12/site-packages/airflow/example_dags/example_dynamic_task_mapping.py
[2026-06-09T01:29:03.689+0000] {processor.py:830} INFO - Processing file /home/airflow/.local/lib/python3.12/site-packages/airflow/example_dags/example_dynamic_task_mapping.py for tasks to queue
[2026-06-09T01:29:03.691+0000] {logging_mixin.py:188} INFO - [2026-06-09T01:29:03.690+0000] {dagbag.py:545} INFO - Filling up the DagBag from /home/airflow/.local/lib/python3.12/site-packages/airflow/example_dags/example_dynamic_task_mapping.py
[2026-06-09T01:29:03.696+0000] {processor.py:840} INFO - DAG(s) 'example_dynamic_task_mapping' retrieved from /home/airflow/.local/lib/python3.12/site-packages/airflow/example_dags/example_dynamic_task_mapping.py
[2026-06-09T01:29:03.712+0000] {logging_mixin.py:188} INFO - [2026-06-09T01:29:03.711+0000] {dag.py:3096} INFO - Sync 1 DAGs
[2026-06-09T01:29:03.732+0000] {logging_mixin.py:188} INFO - [2026-06-09T01:29:03.732+0000] {dag.py:3954} INFO - Setting next_dagrun for example_dynamic_task_mapping to 2022-03-04 00:00:00+00:00, run_after=2022-03-05 00:00:00+00:00
[2026-06-09T01:29:03.748+0000] {processor.py:183} INFO - Processing /home/airflow/.local/lib/python3.12/site-packages/airflow/example_dags/example_dynamic_task_mapping.py took 0.065 seconds
[2026-06-09T01:29:33.921+0000] {processor.py:161} INFO - Started process (PID=154727) to work on /home/airflow/.local/lib/python3.12/site-packages/airflow/example_dags/example_dynamic_task_mapping.py
[2026-06-09T01:29:33.923+0000] {processor.py:830} INFO - Processing file /home/airflow/.local/lib/python3.12/site-packages/airflow/example_dags/example_dynamic_task_mapping.py for tasks to queue
[2026-06-09T01:29:33.925+0000] {logging_mixin.py:188} INFO - [2026-06-09T01:29:33.925+0000] {dagbag.py:545} INFO - Filling up the DagBag from /home/airflow/.local/lib/python3.12/site-packages/airflow/example_dags/example_dynamic_task_mapping.py
[2026-06-09T01:29:33.932+0000] {processor.py:840} INFO - DAG(s) 'example_dynamic_task_mapping' retrieved from /home/airflow/.local/lib/python3.12/site-packages/airflow/example_dags/example_dynamic_task_mapping.py
[2026-06-09T01:29:33.952+0000] {logging_mixin.py:188} INFO - [2026-06-09T01:29:33.952+0000] {dag.py:3096} INFO - Sync 1 DAGs
[2026-06-09T01:29:33.974+0000] {logging_mixin.py:188} INFO - [2026-06-09T01:29:33.973+0000] {dag.py:3954} INFO - Setting next_dagrun for example_dynamic_task_mapping to 2022-03-04 00:00:00+00:00, run_after=2022-03-05 00:00:00+00:00
[2026-06-09T01:29:33.993+0000] {processor.py:183} INFO - Processing /home/airflow/.local/lib/python3.12/site-packages/airflow/example_dags/example_dynamic_task_mapping.py took 0.078 seconds
[2026-06-09T01:30:04.230+0000] {processor.py:161} INFO - Started process (PID=154989) to work on /home/airflow/.local/lib/python3.12/site-packages/airflow/example_dags/example_dynamic_task_mapping.py
[2026-06-09T01:30:04.231+0000] {processor.py:830} INFO - Processing file /home/airflow/.local/lib/python3.12/site-packages/airflow/example_dags/example_dynamic_task_mapping.py for tasks to queue
[2026-06-09T01:30:04.233+0000] {logging_mixin.py:188} INFO - [2026-06-09T01:30:04.232+0000] {dagbag.py:545} INFO - Filling up the DagBag from /home/airflow/.local/lib/python3.12/site-packages/airflow/example_dags/example_dynamic_task_mapping.py
[2026-06-09T01:30:04.239+0000] {processor.py:840} INFO - DAG(s) 'example_dynamic_task_mapping' retrieved from /home/airflow/.local/lib/python3.12/site-packages/airflow/example_dags/example_dynamic_task_mapping.py
[2026-06-09T01:30:04.261+0000] {logging_mixin.py:188} INFO - [2026-06-09T01:30:04.261+0000] {dag.py:3096} INFO - Sync 1 DAGs
[2026-06-09T01:30:04.283+0000] {logging_mixin.py:188} INFO - [2026-06-09T01:30:04.283+0000] {dag.py:3954} INFO - Setting next_dagrun for example_dynamic_task_mapping to 2022-03-04 00:00:00+00:00, run_after=2022-03-05 00:00:00+00:00
[2026-06-09T01:30:04.303+0000] {processor.py:183} INFO - Processing /home/airflow/.local/lib/python3.12/site-packages/airflow/example_dags/example_dynamic_task_mapping.py took 0.079 seconds
[2026-06-09T01:30:34.424+0000] {processor.py:161} INFO - Started process (PID=155251) to work on /home/airflow/.local/lib/python3.12/site-packages/airflow/example_dags/example_dynamic_task_mapping.py
[2026-06-09T01:30:34.425+0000] {processor.py:830} INFO - Processing file /home/airflow/.local/lib/python3.12/site-packages/airflow/example_dags/example_dynamic_task_mapping.py for tasks to queue
[2026-06-09T01:30:34.427+0000] {logging_mixin.py:188} INFO - [2026-06-09T01:30:34.427+0000] {dagbag.py:545} INFO - Filling up the DagBag from /home/airflow/.local/lib/python3.12/site-packages/airflow/example_dags/example_dynamic_task_mapping.py
[2026-06-09T01:30:34.432+0000] {processor.py:840} INFO - DAG(s) 'example_dynamic_task_mapping' retrieved from /home/airflow/.local/lib/python3.12/site-packages/airflow/example_dags/example_dynamic_task_mapping.py
[2026-06-09T01:30:34.449+0000] {logging_mixin.py:188} INFO - [2026-06-09T01:30:34.449+0000] {dag.py:3096} INFO - Sync 1 DAGs
[2026-06-09T01:30:34.467+0000] {logging_mixin.py:188} INFO - [2026-06-09T01:30:34.467+0000] {dag.py:3954} INFO - Setting next_dagrun for example_dynamic_task_mapping to 2022-03-04 00:00:00+00:00, run_after=2022-03-05 00:00:00+00:00
[2026-06-09T01:30:34.485+0000] {processor.py:183} INFO - Processing /home/airflow/.local/lib/python3.12/site-packages/airflow/example_dags/example_dynamic_task_mapping.py took 0.066 seconds
