[2026-06-09T00:31:09.123+0000] {processor.py:161} INFO - Started process (PID=124519) to work on /home/airflow/.local/lib/python3.12/site-packages/airflow/example_dags/example_dynamic_task_mapping_with_no_taskflow_operators.py
[2026-06-09T00:31:09.147+0000] {processor.py:830} INFO - Processing file /home/airflow/.local/lib/python3.12/site-packages/airflow/example_dags/example_dynamic_task_mapping_with_no_taskflow_operators.py for tasks to queue
[2026-06-09T00:31:09.163+0000] {logging_mixin.py:188} INFO - [2026-06-09T00:31:09.161+0000] {dagbag.py:545} INFO - Filling up the DagBag from /home/airflow/.local/lib/python3.12/site-packages/airflow/example_dags/example_dynamic_task_mapping_with_no_taskflow_operators.py
[2026-06-09T00:31:09.195+0000] {processor.py:840} INFO - DAG(s) 'example_dynamic_task_mapping_with_no_taskflow_operators' retrieved from /home/airflow/.local/lib/python3.12/site-packages/airflow/example_dags/example_dynamic_task_mapping_with_no_taskflow_operators.py
[2026-06-09T00:31:09.352+0000] {logging_mixin.py:188} INFO - [2026-06-09T00:31:09.352+0000] {dag.py:3096} INFO - Sync 1 DAGs
[2026-06-09T00:31:09.489+0000] {logging_mixin.py:188} INFO - [2026-06-09T00:31:09.488+0000] {dag.py:3954} INFO - Setting next_dagrun for example_dynamic_task_mapping_with_no_taskflow_operators to 2026-06-08 00:00:00+00:00, run_after=2026-06-09 00:00:00+00:00
[2026-06-09T00:31:09.646+0000] {processor.py:183} INFO - Processing /home/airflow/.local/lib/python3.12/site-packages/airflow/example_dags/example_dynamic_task_mapping_with_no_taskflow_operators.py took 0.540 seconds
[2026-06-09T00:31:40.196+0000] {processor.py:161} INFO - Started process (PID=124786) to work on /home/airflow/.local/lib/python3.12/site-packages/airflow/example_dags/example_dynamic_task_mapping_with_no_taskflow_operators.py
[2026-06-09T00:31:40.221+0000] {processor.py:830} INFO - Processing file /home/airflow/.local/lib/python3.12/site-packages/airflow/example_dags/example_dynamic_task_mapping_with_no_taskflow_operators.py for tasks to queue
[2026-06-09T00:31:40.313+0000] {logging_mixin.py:188} INFO - [2026-06-09T00:31:40.305+0000] {dagbag.py:545} INFO - Filling up the DagBag from /home/airflow/.local/lib/python3.12/site-packages/airflow/example_dags/example_dynamic_task_mapping_with_no_taskflow_operators.py
[2026-06-09T00:31:40.567+0000] {processor.py:840} INFO - DAG(s) 'example_dynamic_task_mapping_with_no_taskflow_operators' retrieved from /home/airflow/.local/lib/python3.12/site-packages/airflow/example_dags/example_dynamic_task_mapping_with_no_taskflow_operators.py
[2026-06-09T00:31:40.626+0000] {logging_mixin.py:188} INFO - [2026-06-09T00:31:40.625+0000] {dag.py:3096} INFO - Sync 1 DAGs
[2026-06-09T00:31:40.723+0000] {logging_mixin.py:188} INFO - [2026-06-09T00:31:40.723+0000] {dag.py:3954} INFO - Setting next_dagrun for example_dynamic_task_mapping_with_no_taskflow_operators to 2026-06-08 00:00:00+00:00, run_after=2026-06-09 00:00:00+00:00
[2026-06-09T00:31:40.819+0000] {processor.py:183} INFO - Processing /home/airflow/.local/lib/python3.12/site-packages/airflow/example_dags/example_dynamic_task_mapping_with_no_taskflow_operators.py took 0.692 seconds
[2026-06-09T00:32:11.375+0000] {processor.py:161} INFO - Started process (PID=125045) to work on /home/airflow/.local/lib/python3.12/site-packages/airflow/example_dags/example_dynamic_task_mapping_with_no_taskflow_operators.py
[2026-06-09T00:32:11.377+0000] {processor.py:830} INFO - Processing file /home/airflow/.local/lib/python3.12/site-packages/airflow/example_dags/example_dynamic_task_mapping_with_no_taskflow_operators.py for tasks to queue
[2026-06-09T00:32:11.379+0000] {logging_mixin.py:188} INFO - [2026-06-09T00:32:11.378+0000] {dagbag.py:545} INFO - Filling up the DagBag from /home/airflow/.local/lib/python3.12/site-packages/airflow/example_dags/example_dynamic_task_mapping_with_no_taskflow_operators.py
[2026-06-09T00:32:11.385+0000] {processor.py:840} INFO - DAG(s) 'example_dynamic_task_mapping_with_no_taskflow_operators' retrieved from /home/airflow/.local/lib/python3.12/site-packages/airflow/example_dags/example_dynamic_task_mapping_with_no_taskflow_operators.py
[2026-06-09T00:32:11.412+0000] {logging_mixin.py:188} INFO - [2026-06-09T00:32:11.411+0000] {dag.py:3096} INFO - Sync 1 DAGs
[2026-06-09T00:32:11.435+0000] {logging_mixin.py:188} INFO - [2026-06-09T00:32:11.434+0000] {dag.py:3954} INFO - Setting next_dagrun for example_dynamic_task_mapping_with_no_taskflow_operators to 2026-06-08 00:00:00+00:00, run_after=2026-06-09 00:00:00+00:00
[2026-06-09T00:32:11.453+0000] {processor.py:183} INFO - Processing /home/airflow/.local/lib/python3.12/site-packages/airflow/example_dags/example_dynamic_task_mapping_with_no_taskflow_operators.py took 0.084 seconds
[2026-06-09T00:32:41.668+0000] {processor.py:161} INFO - Started process (PID=125307) to work on /home/airflow/.local/lib/python3.12/site-packages/airflow/example_dags/example_dynamic_task_mapping_with_no_taskflow_operators.py
[2026-06-09T00:32:41.669+0000] {processor.py:830} INFO - Processing file /home/airflow/.local/lib/python3.12/site-packages/airflow/example_dags/example_dynamic_task_mapping_with_no_taskflow_operators.py for tasks to queue
[2026-06-09T00:32:41.671+0000] {logging_mixin.py:188} INFO - [2026-06-09T00:32:41.671+0000] {dagbag.py:545} INFO - Filling up the DagBag from /home/airflow/.local/lib/python3.12/site-packages/airflow/example_dags/example_dynamic_task_mapping_with_no_taskflow_operators.py
[2026-06-09T00:32:41.677+0000] {processor.py:840} INFO - DAG(s) 'example_dynamic_task_mapping_with_no_taskflow_operators' retrieved from /home/airflow/.local/lib/python3.12/site-packages/airflow/example_dags/example_dynamic_task_mapping_with_no_taskflow_operators.py
[2026-06-09T00:32:41.697+0000] {logging_mixin.py:188} INFO - [2026-06-09T00:32:41.696+0000] {dag.py:3096} INFO - Sync 1 DAGs
[2026-06-09T00:32:41.719+0000] {logging_mixin.py:188} INFO - [2026-06-09T00:32:41.719+0000] {dag.py:3954} INFO - Setting next_dagrun for example_dynamic_task_mapping_with_no_taskflow_operators to 2026-06-08 00:00:00+00:00, run_after=2026-06-09 00:00:00+00:00
[2026-06-09T00:32:41.741+0000] {processor.py:183} INFO - Processing /home/airflow/.local/lib/python3.12/site-packages/airflow/example_dags/example_dynamic_task_mapping_with_no_taskflow_operators.py took 0.078 seconds
[2026-06-09T00:33:11.822+0000] {processor.py:161} INFO - Started process (PID=125569) to work on /home/airflow/.local/lib/python3.12/site-packages/airflow/example_dags/example_dynamic_task_mapping_with_no_taskflow_operators.py
[2026-06-09T00:33:11.824+0000] {processor.py:830} INFO - Processing file /home/airflow/.local/lib/python3.12/site-packages/airflow/example_dags/example_dynamic_task_mapping_with_no_taskflow_operators.py for tasks to queue
[2026-06-09T00:33:11.826+0000] {logging_mixin.py:188} INFO - [2026-06-09T00:33:11.826+0000] {dagbag.py:545} INFO - Filling up the DagBag from /home/airflow/.local/lib/python3.12/site-packages/airflow/example_dags/example_dynamic_task_mapping_with_no_taskflow_operators.py
[2026-06-09T00:33:11.832+0000] {processor.py:840} INFO - DAG(s) 'example_dynamic_task_mapping_with_no_taskflow_operators' retrieved from /home/airflow/.local/lib/python3.12/site-packages/airflow/example_dags/example_dynamic_task_mapping_with_no_taskflow_operators.py
[2026-06-09T00:33:11.854+0000] {logging_mixin.py:188} INFO - [2026-06-09T00:33:11.854+0000] {dag.py:3096} INFO - Sync 1 DAGs
[2026-06-09T00:33:11.878+0000] {logging_mixin.py:188} INFO - [2026-06-09T00:33:11.878+0000] {dag.py:3954} INFO - Setting next_dagrun for example_dynamic_task_mapping_with_no_taskflow_operators to 2026-06-08 00:00:00+00:00, run_after=2026-06-09 00:00:00+00:00
[2026-06-09T00:33:11.902+0000] {processor.py:183} INFO - Processing /home/airflow/.local/lib/python3.12/site-packages/airflow/example_dags/example_dynamic_task_mapping_with_no_taskflow_operators.py took 0.085 seconds
[2026-06-09T00:33:42.045+0000] {processor.py:161} INFO - Started process (PID=125831) to work on /home/airflow/.local/lib/python3.12/site-packages/airflow/example_dags/example_dynamic_task_mapping_with_no_taskflow_operators.py
[2026-06-09T00:33:42.046+0000] {processor.py:830} INFO - Processing file /home/airflow/.local/lib/python3.12/site-packages/airflow/example_dags/example_dynamic_task_mapping_with_no_taskflow_operators.py for tasks to queue
[2026-06-09T00:33:42.048+0000] {logging_mixin.py:188} INFO - [2026-06-09T00:33:42.048+0000] {dagbag.py:545} INFO - Filling up the DagBag from /home/airflow/.local/lib/python3.12/site-packages/airflow/example_dags/example_dynamic_task_mapping_with_no_taskflow_operators.py
[2026-06-09T00:33:42.056+0000] {processor.py:840} INFO - DAG(s) 'example_dynamic_task_mapping_with_no_taskflow_operators' retrieved from /home/airflow/.local/lib/python3.12/site-packages/airflow/example_dags/example_dynamic_task_mapping_with_no_taskflow_operators.py
[2026-06-09T00:33:42.081+0000] {logging_mixin.py:188} INFO - [2026-06-09T00:33:42.081+0000] {dag.py:3096} INFO - Sync 1 DAGs
[2026-06-09T00:33:42.109+0000] {logging_mixin.py:188} INFO - [2026-06-09T00:33:42.109+0000] {dag.py:3954} INFO - Setting next_dagrun for example_dynamic_task_mapping_with_no_taskflow_operators to 2026-06-08 00:00:00+00:00, run_after=2026-06-09 00:00:00+00:00
[2026-06-09T00:33:42.135+0000] {processor.py:183} INFO - Processing /home/airflow/.local/lib/python3.12/site-packages/airflow/example_dags/example_dynamic_task_mapping_with_no_taskflow_operators.py took 0.097 seconds
[2026-06-09T00:34:12.707+0000] {processor.py:161} INFO - Started process (PID=126093) to work on /home/airflow/.local/lib/python3.12/site-packages/airflow/example_dags/example_dynamic_task_mapping_with_no_taskflow_operators.py
[2026-06-09T00:34:12.708+0000] {processor.py:830} INFO - Processing file /home/airflow/.local/lib/python3.12/site-packages/airflow/example_dags/example_dynamic_task_mapping_with_no_taskflow_operators.py for tasks to queue
[2026-06-09T00:34:12.710+0000] {logging_mixin.py:188} INFO - [2026-06-09T00:34:12.710+0000] {dagbag.py:545} INFO - Filling up the DagBag from /home/airflow/.local/lib/python3.12/site-packages/airflow/example_dags/example_dynamic_task_mapping_with_no_taskflow_operators.py
[2026-06-09T00:34:12.718+0000] {processor.py:840} INFO - DAG(s) 'example_dynamic_task_mapping_with_no_taskflow_operators' retrieved from /home/airflow/.local/lib/python3.12/site-packages/airflow/example_dags/example_dynamic_task_mapping_with_no_taskflow_operators.py
[2026-06-09T00:34:12.737+0000] {logging_mixin.py:188} INFO - [2026-06-09T00:34:12.737+0000] {dag.py:3096} INFO - Sync 1 DAGs
[2026-06-09T00:34:12.757+0000] {logging_mixin.py:188} INFO - [2026-06-09T00:34:12.756+0000] {dag.py:3954} INFO - Setting next_dagrun for example_dynamic_task_mapping_with_no_taskflow_operators to 2026-06-08 00:00:00+00:00, run_after=2026-06-09 00:00:00+00:00
[2026-06-09T00:34:12.781+0000] {processor.py:183} INFO - Processing /home/airflow/.local/lib/python3.12/site-packages/airflow/example_dags/example_dynamic_task_mapping_with_no_taskflow_operators.py took 0.078 seconds
[2026-06-09T00:34:42.974+0000] {processor.py:161} INFO - Started process (PID=126355) to work on /home/airflow/.local/lib/python3.12/site-packages/airflow/example_dags/example_dynamic_task_mapping_with_no_taskflow_operators.py
[2026-06-09T00:34:42.975+0000] {processor.py:830} INFO - Processing file /home/airflow/.local/lib/python3.12/site-packages/airflow/example_dags/example_dynamic_task_mapping_with_no_taskflow_operators.py for tasks to queue
[2026-06-09T00:34:42.976+0000] {logging_mixin.py:188} INFO - [2026-06-09T00:34:42.976+0000] {dagbag.py:545} INFO - Filling up the DagBag from /home/airflow/.local/lib/python3.12/site-packages/airflow/example_dags/example_dynamic_task_mapping_with_no_taskflow_operators.py
[2026-06-09T00:34:42.981+0000] {processor.py:840} INFO - DAG(s) 'example_dynamic_task_mapping_with_no_taskflow_operators' retrieved from /home/airflow/.local/lib/python3.12/site-packages/airflow/example_dags/example_dynamic_task_mapping_with_no_taskflow_operators.py
[2026-06-09T00:34:42.999+0000] {logging_mixin.py:188} INFO - [2026-06-09T00:34:42.999+0000] {dag.py:3096} INFO - Sync 1 DAGs
[2026-06-09T00:34:43.017+0000] {logging_mixin.py:188} INFO - [2026-06-09T00:34:43.017+0000] {dag.py:3954} INFO - Setting next_dagrun for example_dynamic_task_mapping_with_no_taskflow_operators to 2026-06-08 00:00:00+00:00, run_after=2026-06-09 00:00:00+00:00
[2026-06-09T00:34:43.034+0000] {processor.py:183} INFO - Processing /home/airflow/.local/lib/python3.12/site-packages/airflow/example_dags/example_dynamic_task_mapping_with_no_taskflow_operators.py took 0.065 seconds
[2026-06-09T00:35:13.182+0000] {processor.py:161} INFO - Started process (PID=126617) to work on /home/airflow/.local/lib/python3.12/site-packages/airflow/example_dags/example_dynamic_task_mapping_with_no_taskflow_operators.py
[2026-06-09T00:35:13.183+0000] {processor.py:830} INFO - Processing file /home/airflow/.local/lib/python3.12/site-packages/airflow/example_dags/example_dynamic_task_mapping_with_no_taskflow_operators.py for tasks to queue
[2026-06-09T00:35:13.185+0000] {logging_mixin.py:188} INFO - [2026-06-09T00:35:13.185+0000] {dagbag.py:545} INFO - Filling up the DagBag from /home/airflow/.local/lib/python3.12/site-packages/airflow/example_dags/example_dynamic_task_mapping_with_no_taskflow_operators.py
[2026-06-09T00:35:13.191+0000] {processor.py:840} INFO - DAG(s) 'example_dynamic_task_mapping_with_no_taskflow_operators' retrieved from /home/airflow/.local/lib/python3.12/site-packages/airflow/example_dags/example_dynamic_task_mapping_with_no_taskflow_operators.py
[2026-06-09T00:35:13.210+0000] {logging_mixin.py:188} INFO - [2026-06-09T00:35:13.210+0000] {dag.py:3096} INFO - Sync 1 DAGs
[2026-06-09T00:35:13.231+0000] {logging_mixin.py:188} INFO - [2026-06-09T00:35:13.231+0000] {dag.py:3954} INFO - Setting next_dagrun for example_dynamic_task_mapping_with_no_taskflow_operators to 2026-06-08 00:00:00+00:00, run_after=2026-06-09 00:00:00+00:00
[2026-06-09T00:35:13.252+0000] {processor.py:183} INFO - Processing /home/airflow/.local/lib/python3.12/site-packages/airflow/example_dags/example_dynamic_task_mapping_with_no_taskflow_operators.py took 0.075 seconds
[2026-06-09T00:35:43.393+0000] {processor.py:161} INFO - Started process (PID=126880) to work on /home/airflow/.local/lib/python3.12/site-packages/airflow/example_dags/example_dynamic_task_mapping_with_no_taskflow_operators.py
[2026-06-09T00:35:43.394+0000] {processor.py:830} INFO - Processing file /home/airflow/.local/lib/python3.12/site-packages/airflow/example_dags/example_dynamic_task_mapping_with_no_taskflow_operators.py for tasks to queue
[2026-06-09T00:35:43.396+0000] {logging_mixin.py:188} INFO - [2026-06-09T00:35:43.396+0000] {dagbag.py:545} INFO - Filling up the DagBag from /home/airflow/.local/lib/python3.12/site-packages/airflow/example_dags/example_dynamic_task_mapping_with_no_taskflow_operators.py
[2026-06-09T00:35:43.402+0000] {processor.py:840} INFO - DAG(s) 'example_dynamic_task_mapping_with_no_taskflow_operators' retrieved from /home/airflow/.local/lib/python3.12/site-packages/airflow/example_dags/example_dynamic_task_mapping_with_no_taskflow_operators.py
[2026-06-09T00:35:43.424+0000] {logging_mixin.py:188} INFO - [2026-06-09T00:35:43.424+0000] {dag.py:3096} INFO - Sync 1 DAGs
[2026-06-09T00:35:43.445+0000] {logging_mixin.py:188} INFO - [2026-06-09T00:35:43.445+0000] {dag.py:3954} INFO - Setting next_dagrun for example_dynamic_task_mapping_with_no_taskflow_operators to 2026-06-08 00:00:00+00:00, run_after=2026-06-09 00:00:00+00:00
[2026-06-09T00:35:43.464+0000] {processor.py:183} INFO - Processing /home/airflow/.local/lib/python3.12/site-packages/airflow/example_dags/example_dynamic_task_mapping_with_no_taskflow_operators.py took 0.077 seconds
[2026-06-09T00:36:14.080+0000] {processor.py:161} INFO - Started process (PID=127142) to work on /home/airflow/.local/lib/python3.12/site-packages/airflow/example_dags/example_dynamic_task_mapping_with_no_taskflow_operators.py
[2026-06-09T00:36:14.081+0000] {processor.py:830} INFO - Processing file /home/airflow/.local/lib/python3.12/site-packages/airflow/example_dags/example_dynamic_task_mapping_with_no_taskflow_operators.py for tasks to queue
[2026-06-09T00:36:14.082+0000] {logging_mixin.py:188} INFO - [2026-06-09T00:36:14.082+0000] {dagbag.py:545} INFO - Filling up the DagBag from /home/airflow/.local/lib/python3.12/site-packages/airflow/example_dags/example_dynamic_task_mapping_with_no_taskflow_operators.py
[2026-06-09T00:36:14.087+0000] {processor.py:840} INFO - DAG(s) 'example_dynamic_task_mapping_with_no_taskflow_operators' retrieved from /home/airflow/.local/lib/python3.12/site-packages/airflow/example_dags/example_dynamic_task_mapping_with_no_taskflow_operators.py
[2026-06-09T00:36:14.106+0000] {logging_mixin.py:188} INFO - [2026-06-09T00:36:14.106+0000] {dag.py:3096} INFO - Sync 1 DAGs
[2026-06-09T00:36:14.124+0000] {logging_mixin.py:188} INFO - [2026-06-09T00:36:14.124+0000] {dag.py:3954} INFO - Setting next_dagrun for example_dynamic_task_mapping_with_no_taskflow_operators to 2026-06-08 00:00:00+00:00, run_after=2026-06-09 00:00:00+00:00
[2026-06-09T00:36:14.140+0000] {processor.py:183} INFO - Processing /home/airflow/.local/lib/python3.12/site-packages/airflow/example_dags/example_dynamic_task_mapping_with_no_taskflow_operators.py took 0.065 seconds
[2026-06-09T00:36:44.766+0000] {processor.py:161} INFO - Started process (PID=127404) to work on /home/airflow/.local/lib/python3.12/site-packages/airflow/example_dags/example_dynamic_task_mapping_with_no_taskflow_operators.py
[2026-06-09T00:36:44.767+0000] {processor.py:830} INFO - Processing file /home/airflow/.local/lib/python3.12/site-packages/airflow/example_dags/example_dynamic_task_mapping_with_no_taskflow_operators.py for tasks to queue
[2026-06-09T00:36:44.769+0000] {logging_mixin.py:188} INFO - [2026-06-09T00:36:44.769+0000] {dagbag.py:545} INFO - Filling up the DagBag from /home/airflow/.local/lib/python3.12/site-packages/airflow/example_dags/example_dynamic_task_mapping_with_no_taskflow_operators.py
[2026-06-09T00:36:44.775+0000] {processor.py:840} INFO - DAG(s) 'example_dynamic_task_mapping_with_no_taskflow_operators' retrieved from /home/airflow/.local/lib/python3.12/site-packages/airflow/example_dags/example_dynamic_task_mapping_with_no_taskflow_operators.py
[2026-06-09T00:36:44.796+0000] {logging_mixin.py:188} INFO - [2026-06-09T00:36:44.796+0000] {dag.py:3096} INFO - Sync 1 DAGs
[2026-06-09T00:36:44.816+0000] {logging_mixin.py:188} INFO - [2026-06-09T00:36:44.816+0000] {dag.py:3954} INFO - Setting next_dagrun for example_dynamic_task_mapping_with_no_taskflow_operators to 2026-06-08 00:00:00+00:00, run_after=2026-06-09 00:00:00+00:00
[2026-06-09T00:36:44.837+0000] {processor.py:183} INFO - Processing /home/airflow/.local/lib/python3.12/site-packages/airflow/example_dags/example_dynamic_task_mapping_with_no_taskflow_operators.py took 0.076 seconds
[2026-06-09T00:37:15.378+0000] {processor.py:161} INFO - Started process (PID=127666) to work on /home/airflow/.local/lib/python3.12/site-packages/airflow/example_dags/example_dynamic_task_mapping_with_no_taskflow_operators.py
[2026-06-09T00:37:15.379+0000] {processor.py:830} INFO - Processing file /home/airflow/.local/lib/python3.12/site-packages/airflow/example_dags/example_dynamic_task_mapping_with_no_taskflow_operators.py for tasks to queue
[2026-06-09T00:37:15.381+0000] {logging_mixin.py:188} INFO - [2026-06-09T00:37:15.381+0000] {dagbag.py:545} INFO - Filling up the DagBag from /home/airflow/.local/lib/python3.12/site-packages/airflow/example_dags/example_dynamic_task_mapping_with_no_taskflow_operators.py
[2026-06-09T00:37:15.387+0000] {processor.py:840} INFO - DAG(s) 'example_dynamic_task_mapping_with_no_taskflow_operators' retrieved from /home/airflow/.local/lib/python3.12/site-packages/airflow/example_dags/example_dynamic_task_mapping_with_no_taskflow_operators.py
[2026-06-09T00:37:15.407+0000] {logging_mixin.py:188} INFO - [2026-06-09T00:37:15.407+0000] {dag.py:3096} INFO - Sync 1 DAGs
[2026-06-09T00:37:15.428+0000] {logging_mixin.py:188} INFO - [2026-06-09T00:37:15.428+0000] {dag.py:3954} INFO - Setting next_dagrun for example_dynamic_task_mapping_with_no_taskflow_operators to 2026-06-08 00:00:00+00:00, run_after=2026-06-09 00:00:00+00:00
[2026-06-09T00:37:15.448+0000] {processor.py:183} INFO - Processing /home/airflow/.local/lib/python3.12/site-packages/airflow/example_dags/example_dynamic_task_mapping_with_no_taskflow_operators.py took 0.075 seconds
[2026-06-09T00:37:45.807+0000] {processor.py:161} INFO - Started process (PID=127928) to work on /home/airflow/.local/lib/python3.12/site-packages/airflow/example_dags/example_dynamic_task_mapping_with_no_taskflow_operators.py
[2026-06-09T00:37:45.808+0000] {processor.py:830} INFO - Processing file /home/airflow/.local/lib/python3.12/site-packages/airflow/example_dags/example_dynamic_task_mapping_with_no_taskflow_operators.py for tasks to queue
[2026-06-09T00:37:45.810+0000] {logging_mixin.py:188} INFO - [2026-06-09T00:37:45.810+0000] {dagbag.py:545} INFO - Filling up the DagBag from /home/airflow/.local/lib/python3.12/site-packages/airflow/example_dags/example_dynamic_task_mapping_with_no_taskflow_operators.py
[2026-06-09T00:37:45.816+0000] {processor.py:840} INFO - DAG(s) 'example_dynamic_task_mapping_with_no_taskflow_operators' retrieved from /home/airflow/.local/lib/python3.12/site-packages/airflow/example_dags/example_dynamic_task_mapping_with_no_taskflow_operators.py
[2026-06-09T00:37:45.838+0000] {logging_mixin.py:188} INFO - [2026-06-09T00:37:45.837+0000] {dag.py:3096} INFO - Sync 1 DAGs
[2026-06-09T00:37:45.861+0000] {logging_mixin.py:188} INFO - [2026-06-09T00:37:45.861+0000] {dag.py:3954} INFO - Setting next_dagrun for example_dynamic_task_mapping_with_no_taskflow_operators to 2026-06-08 00:00:00+00:00, run_after=2026-06-09 00:00:00+00:00
[2026-06-09T00:37:45.883+0000] {processor.py:183} INFO - Processing /home/airflow/.local/lib/python3.12/site-packages/airflow/example_dags/example_dynamic_task_mapping_with_no_taskflow_operators.py took 0.081 seconds
[2026-06-09T00:38:16.137+0000] {processor.py:161} INFO - Started process (PID=128190) to work on /home/airflow/.local/lib/python3.12/site-packages/airflow/example_dags/example_dynamic_task_mapping_with_no_taskflow_operators.py
[2026-06-09T00:38:16.138+0000] {processor.py:830} INFO - Processing file /home/airflow/.local/lib/python3.12/site-packages/airflow/example_dags/example_dynamic_task_mapping_with_no_taskflow_operators.py for tasks to queue
[2026-06-09T00:38:16.139+0000] {logging_mixin.py:188} INFO - [2026-06-09T00:38:16.139+0000] {dagbag.py:545} INFO - Filling up the DagBag from /home/airflow/.local/lib/python3.12/site-packages/airflow/example_dags/example_dynamic_task_mapping_with_no_taskflow_operators.py
[2026-06-09T00:38:16.144+0000] {processor.py:840} INFO - DAG(s) 'example_dynamic_task_mapping_with_no_taskflow_operators' retrieved from /home/airflow/.local/lib/python3.12/site-packages/airflow/example_dags/example_dynamic_task_mapping_with_no_taskflow_operators.py
[2026-06-09T00:38:16.163+0000] {logging_mixin.py:188} INFO - [2026-06-09T00:38:16.163+0000] {dag.py:3096} INFO - Sync 1 DAGs
[2026-06-09T00:38:16.182+0000] {logging_mixin.py:188} INFO - [2026-06-09T00:38:16.182+0000] {dag.py:3954} INFO - Setting next_dagrun for example_dynamic_task_mapping_with_no_taskflow_operators to 2026-06-08 00:00:00+00:00, run_after=2026-06-09 00:00:00+00:00
[2026-06-09T00:38:16.204+0000] {processor.py:183} INFO - Processing /home/airflow/.local/lib/python3.12/site-packages/airflow/example_dags/example_dynamic_task_mapping_with_no_taskflow_operators.py took 0.072 seconds
[2026-06-09T00:38:46.888+0000] {processor.py:161} INFO - Started process (PID=128453) to work on /home/airflow/.local/lib/python3.12/site-packages/airflow/example_dags/example_dynamic_task_mapping_with_no_taskflow_operators.py
[2026-06-09T00:38:46.890+0000] {processor.py:830} INFO - Processing file /home/airflow/.local/lib/python3.12/site-packages/airflow/example_dags/example_dynamic_task_mapping_with_no_taskflow_operators.py for tasks to queue
[2026-06-09T00:38:46.892+0000] {logging_mixin.py:188} INFO - [2026-06-09T00:38:46.892+0000] {dagbag.py:545} INFO - Filling up the DagBag from /home/airflow/.local/lib/python3.12/site-packages/airflow/example_dags/example_dynamic_task_mapping_with_no_taskflow_operators.py
[2026-06-09T00:38:46.900+0000] {processor.py:840} INFO - DAG(s) 'example_dynamic_task_mapping_with_no_taskflow_operators' retrieved from /home/airflow/.local/lib/python3.12/site-packages/airflow/example_dags/example_dynamic_task_mapping_with_no_taskflow_operators.py
[2026-06-09T00:38:46.922+0000] {logging_mixin.py:188} INFO - [2026-06-09T00:38:46.921+0000] {dag.py:3096} INFO - Sync 1 DAGs
[2026-06-09T00:38:46.946+0000] {logging_mixin.py:188} INFO - [2026-06-09T00:38:46.946+0000] {dag.py:3954} INFO - Setting next_dagrun for example_dynamic_task_mapping_with_no_taskflow_operators to 2026-06-08 00:00:00+00:00, run_after=2026-06-09 00:00:00+00:00
[2026-06-09T00:38:46.968+0000] {processor.py:183} INFO - Processing /home/airflow/.local/lib/python3.12/site-packages/airflow/example_dags/example_dynamic_task_mapping_with_no_taskflow_operators.py took 0.085 seconds
[2026-06-09T00:39:17.083+0000] {processor.py:161} INFO - Started process (PID=128715) to work on /home/airflow/.local/lib/python3.12/site-packages/airflow/example_dags/example_dynamic_task_mapping_with_no_taskflow_operators.py
[2026-06-09T00:39:17.084+0000] {processor.py:830} INFO - Processing file /home/airflow/.local/lib/python3.12/site-packages/airflow/example_dags/example_dynamic_task_mapping_with_no_taskflow_operators.py for tasks to queue
[2026-06-09T00:39:17.086+0000] {logging_mixin.py:188} INFO - [2026-06-09T00:39:17.086+0000] {dagbag.py:545} INFO - Filling up the DagBag from /home/airflow/.local/lib/python3.12/site-packages/airflow/example_dags/example_dynamic_task_mapping_with_no_taskflow_operators.py
[2026-06-09T00:39:17.093+0000] {processor.py:840} INFO - DAG(s) 'example_dynamic_task_mapping_with_no_taskflow_operators' retrieved from /home/airflow/.local/lib/python3.12/site-packages/airflow/example_dags/example_dynamic_task_mapping_with_no_taskflow_operators.py
[2026-06-09T00:39:17.114+0000] {logging_mixin.py:188} INFO - [2026-06-09T00:39:17.114+0000] {dag.py:3096} INFO - Sync 1 DAGs
[2026-06-09T00:39:17.137+0000] {logging_mixin.py:188} INFO - [2026-06-09T00:39:17.137+0000] {dag.py:3954} INFO - Setting next_dagrun for example_dynamic_task_mapping_with_no_taskflow_operators to 2026-06-08 00:00:00+00:00, run_after=2026-06-09 00:00:00+00:00
[2026-06-09T00:39:17.158+0000] {processor.py:183} INFO - Processing /home/airflow/.local/lib/python3.12/site-packages/airflow/example_dags/example_dynamic_task_mapping_with_no_taskflow_operators.py took 0.081 seconds
[2026-06-09T00:39:47.364+0000] {processor.py:161} INFO - Started process (PID=128977) to work on /home/airflow/.local/lib/python3.12/site-packages/airflow/example_dags/example_dynamic_task_mapping_with_no_taskflow_operators.py
[2026-06-09T00:39:47.365+0000] {processor.py:830} INFO - Processing file /home/airflow/.local/lib/python3.12/site-packages/airflow/example_dags/example_dynamic_task_mapping_with_no_taskflow_operators.py for tasks to queue
[2026-06-09T00:39:47.367+0000] {logging_mixin.py:188} INFO - [2026-06-09T00:39:47.367+0000] {dagbag.py:545} INFO - Filling up the DagBag from /home/airflow/.local/lib/python3.12/site-packages/airflow/example_dags/example_dynamic_task_mapping_with_no_taskflow_operators.py
[2026-06-09T00:39:47.374+0000] {processor.py:840} INFO - DAG(s) 'example_dynamic_task_mapping_with_no_taskflow_operators' retrieved from /home/airflow/.local/lib/python3.12/site-packages/airflow/example_dags/example_dynamic_task_mapping_with_no_taskflow_operators.py
[2026-06-09T00:39:47.394+0000] {logging_mixin.py:188} INFO - [2026-06-09T00:39:47.394+0000] {dag.py:3096} INFO - Sync 1 DAGs
[2026-06-09T00:39:47.414+0000] {logging_mixin.py:188} INFO - [2026-06-09T00:39:47.414+0000] {dag.py:3954} INFO - Setting next_dagrun for example_dynamic_task_mapping_with_no_taskflow_operators to 2026-06-08 00:00:00+00:00, run_after=2026-06-09 00:00:00+00:00
[2026-06-09T00:39:47.437+0000] {processor.py:183} INFO - Processing /home/airflow/.local/lib/python3.12/site-packages/airflow/example_dags/example_dynamic_task_mapping_with_no_taskflow_operators.py took 0.079 seconds
[2026-06-09T00:40:17.614+0000] {processor.py:161} INFO - Started process (PID=129236) to work on /home/airflow/.local/lib/python3.12/site-packages/airflow/example_dags/example_dynamic_task_mapping_with_no_taskflow_operators.py
[2026-06-09T00:40:17.619+0000] {processor.py:830} INFO - Processing file /home/airflow/.local/lib/python3.12/site-packages/airflow/example_dags/example_dynamic_task_mapping_with_no_taskflow_operators.py for tasks to queue
[2026-06-09T00:40:17.624+0000] {logging_mixin.py:188} INFO - [2026-06-09T00:40:17.623+0000] {dagbag.py:545} INFO - Filling up the DagBag from /home/airflow/.local/lib/python3.12/site-packages/airflow/example_dags/example_dynamic_task_mapping_with_no_taskflow_operators.py
[2026-06-09T00:40:17.872+0000] {processor.py:840} INFO - DAG(s) 'example_dynamic_task_mapping_with_no_taskflow_operators' retrieved from /home/airflow/.local/lib/python3.12/site-packages/airflow/example_dags/example_dynamic_task_mapping_with_no_taskflow_operators.py
[2026-06-09T00:40:17.911+0000] {logging_mixin.py:188} INFO - [2026-06-09T00:40:17.911+0000] {dag.py:3096} INFO - Sync 1 DAGs
[2026-06-09T00:40:17.951+0000] {logging_mixin.py:188} INFO - [2026-06-09T00:40:17.950+0000] {dag.py:3954} INFO - Setting next_dagrun for example_dynamic_task_mapping_with_no_taskflow_operators to 2026-06-08 00:00:00+00:00, run_after=2026-06-09 00:00:00+00:00
[2026-06-09T00:40:17.983+0000] {processor.py:183} INFO - Processing /home/airflow/.local/lib/python3.12/site-packages/airflow/example_dags/example_dynamic_task_mapping_with_no_taskflow_operators.py took 0.379 seconds
[2026-06-09T00:40:48.241+0000] {processor.py:161} INFO - Started process (PID=129493) to work on /home/airflow/.local/lib/python3.12/site-packages/airflow/example_dags/example_dynamic_task_mapping_with_no_taskflow_operators.py
[2026-06-09T00:40:48.242+0000] {processor.py:830} INFO - Processing file /home/airflow/.local/lib/python3.12/site-packages/airflow/example_dags/example_dynamic_task_mapping_with_no_taskflow_operators.py for tasks to queue
[2026-06-09T00:40:48.243+0000] {logging_mixin.py:188} INFO - [2026-06-09T00:40:48.243+0000] {dagbag.py:545} INFO - Filling up the DagBag from /home/airflow/.local/lib/python3.12/site-packages/airflow/example_dags/example_dynamic_task_mapping_with_no_taskflow_operators.py
[2026-06-09T00:40:48.251+0000] {processor.py:840} INFO - DAG(s) 'example_dynamic_task_mapping_with_no_taskflow_operators' retrieved from /home/airflow/.local/lib/python3.12/site-packages/airflow/example_dags/example_dynamic_task_mapping_with_no_taskflow_operators.py
[2026-06-09T00:40:48.273+0000] {logging_mixin.py:188} INFO - [2026-06-09T00:40:48.273+0000] {dag.py:3096} INFO - Sync 1 DAGs
[2026-06-09T00:40:48.298+0000] {logging_mixin.py:188} INFO - [2026-06-09T00:40:48.298+0000] {dag.py:3954} INFO - Setting next_dagrun for example_dynamic_task_mapping_with_no_taskflow_operators to 2026-06-08 00:00:00+00:00, run_after=2026-06-09 00:00:00+00:00
[2026-06-09T00:40:48.319+0000] {processor.py:183} INFO - Processing /home/airflow/.local/lib/python3.12/site-packages/airflow/example_dags/example_dynamic_task_mapping_with_no_taskflow_operators.py took 0.083 seconds
[2026-06-09T00:41:18.418+0000] {processor.py:161} INFO - Started process (PID=129755) to work on /home/airflow/.local/lib/python3.12/site-packages/airflow/example_dags/example_dynamic_task_mapping_with_no_taskflow_operators.py
[2026-06-09T00:41:18.421+0000] {processor.py:830} INFO - Processing file /home/airflow/.local/lib/python3.12/site-packages/airflow/example_dags/example_dynamic_task_mapping_with_no_taskflow_operators.py for tasks to queue
[2026-06-09T00:41:18.424+0000] {logging_mixin.py:188} INFO - [2026-06-09T00:41:18.423+0000] {dagbag.py:545} INFO - Filling up the DagBag from /home/airflow/.local/lib/python3.12/site-packages/airflow/example_dags/example_dynamic_task_mapping_with_no_taskflow_operators.py
[2026-06-09T00:41:18.430+0000] {processor.py:840} INFO - DAG(s) 'example_dynamic_task_mapping_with_no_taskflow_operators' retrieved from /home/airflow/.local/lib/python3.12/site-packages/airflow/example_dags/example_dynamic_task_mapping_with_no_taskflow_operators.py
[2026-06-09T00:41:18.452+0000] {logging_mixin.py:188} INFO - [2026-06-09T00:41:18.452+0000] {dag.py:3096} INFO - Sync 1 DAGs
[2026-06-09T00:41:18.476+0000] {logging_mixin.py:188} INFO - [2026-06-09T00:41:18.476+0000] {dag.py:3954} INFO - Setting next_dagrun for example_dynamic_task_mapping_with_no_taskflow_operators to 2026-06-08 00:00:00+00:00, run_after=2026-06-09 00:00:00+00:00
[2026-06-09T00:41:18.496+0000] {processor.py:183} INFO - Processing /home/airflow/.local/lib/python3.12/site-packages/airflow/example_dags/example_dynamic_task_mapping_with_no_taskflow_operators.py took 0.085 seconds
[2026-06-09T00:41:48.930+0000] {processor.py:161} INFO - Started process (PID=130017) to work on /home/airflow/.local/lib/python3.12/site-packages/airflow/example_dags/example_dynamic_task_mapping_with_no_taskflow_operators.py
[2026-06-09T00:41:48.931+0000] {processor.py:830} INFO - Processing file /home/airflow/.local/lib/python3.12/site-packages/airflow/example_dags/example_dynamic_task_mapping_with_no_taskflow_operators.py for tasks to queue
[2026-06-09T00:41:48.933+0000] {logging_mixin.py:188} INFO - [2026-06-09T00:41:48.933+0000] {dagbag.py:545} INFO - Filling up the DagBag from /home/airflow/.local/lib/python3.12/site-packages/airflow/example_dags/example_dynamic_task_mapping_with_no_taskflow_operators.py
[2026-06-09T00:41:48.938+0000] {processor.py:840} INFO - DAG(s) 'example_dynamic_task_mapping_with_no_taskflow_operators' retrieved from /home/airflow/.local/lib/python3.12/site-packages/airflow/example_dags/example_dynamic_task_mapping_with_no_taskflow_operators.py
[2026-06-09T00:41:48.959+0000] {logging_mixin.py:188} INFO - [2026-06-09T00:41:48.959+0000] {dag.py:3096} INFO - Sync 1 DAGs
[2026-06-09T00:41:48.983+0000] {logging_mixin.py:188} INFO - [2026-06-09T00:41:48.982+0000] {dag.py:3954} INFO - Setting next_dagrun for example_dynamic_task_mapping_with_no_taskflow_operators to 2026-06-08 00:00:00+00:00, run_after=2026-06-09 00:00:00+00:00
[2026-06-09T00:41:49.004+0000] {processor.py:183} INFO - Processing /home/airflow/.local/lib/python3.12/site-packages/airflow/example_dags/example_dynamic_task_mapping_with_no_taskflow_operators.py took 0.081 seconds
[2026-06-09T00:42:19.352+0000] {processor.py:161} INFO - Started process (PID=130279) to work on /home/airflow/.local/lib/python3.12/site-packages/airflow/example_dags/example_dynamic_task_mapping_with_no_taskflow_operators.py
[2026-06-09T00:42:19.353+0000] {processor.py:830} INFO - Processing file /home/airflow/.local/lib/python3.12/site-packages/airflow/example_dags/example_dynamic_task_mapping_with_no_taskflow_operators.py for tasks to queue
[2026-06-09T00:42:19.355+0000] {logging_mixin.py:188} INFO - [2026-06-09T00:42:19.355+0000] {dagbag.py:545} INFO - Filling up the DagBag from /home/airflow/.local/lib/python3.12/site-packages/airflow/example_dags/example_dynamic_task_mapping_with_no_taskflow_operators.py
[2026-06-09T00:42:19.364+0000] {processor.py:840} INFO - DAG(s) 'example_dynamic_task_mapping_with_no_taskflow_operators' retrieved from /home/airflow/.local/lib/python3.12/site-packages/airflow/example_dags/example_dynamic_task_mapping_with_no_taskflow_operators.py
[2026-06-09T00:42:19.386+0000] {logging_mixin.py:188} INFO - [2026-06-09T00:42:19.385+0000] {dag.py:3096} INFO - Sync 1 DAGs
[2026-06-09T00:42:19.407+0000] {logging_mixin.py:188} INFO - [2026-06-09T00:42:19.407+0000] {dag.py:3954} INFO - Setting next_dagrun for example_dynamic_task_mapping_with_no_taskflow_operators to 2026-06-08 00:00:00+00:00, run_after=2026-06-09 00:00:00+00:00
[2026-06-09T00:42:19.431+0000] {processor.py:183} INFO - Processing /home/airflow/.local/lib/python3.12/site-packages/airflow/example_dags/example_dynamic_task_mapping_with_no_taskflow_operators.py took 0.084 seconds
[2026-06-09T00:42:49.806+0000] {processor.py:161} INFO - Started process (PID=130541) to work on /home/airflow/.local/lib/python3.12/site-packages/airflow/example_dags/example_dynamic_task_mapping_with_no_taskflow_operators.py
[2026-06-09T00:42:49.807+0000] {processor.py:830} INFO - Processing file /home/airflow/.local/lib/python3.12/site-packages/airflow/example_dags/example_dynamic_task_mapping_with_no_taskflow_operators.py for tasks to queue
[2026-06-09T00:42:49.809+0000] {logging_mixin.py:188} INFO - [2026-06-09T00:42:49.809+0000] {dagbag.py:545} INFO - Filling up the DagBag from /home/airflow/.local/lib/python3.12/site-packages/airflow/example_dags/example_dynamic_task_mapping_with_no_taskflow_operators.py
[2026-06-09T00:42:49.816+0000] {processor.py:840} INFO - DAG(s) 'example_dynamic_task_mapping_with_no_taskflow_operators' retrieved from /home/airflow/.local/lib/python3.12/site-packages/airflow/example_dags/example_dynamic_task_mapping_with_no_taskflow_operators.py
[2026-06-09T00:42:49.836+0000] {logging_mixin.py:188} INFO - [2026-06-09T00:42:49.836+0000] {dag.py:3096} INFO - Sync 1 DAGs
[2026-06-09T00:42:49.859+0000] {logging_mixin.py:188} INFO - [2026-06-09T00:42:49.859+0000] {dag.py:3954} INFO - Setting next_dagrun for example_dynamic_task_mapping_with_no_taskflow_operators to 2026-06-08 00:00:00+00:00, run_after=2026-06-09 00:00:00+00:00
[2026-06-09T00:42:49.884+0000] {processor.py:183} INFO - Processing /home/airflow/.local/lib/python3.12/site-packages/airflow/example_dags/example_dynamic_task_mapping_with_no_taskflow_operators.py took 0.083 seconds
[2026-06-09T00:43:20.158+0000] {processor.py:161} INFO - Started process (PID=130803) to work on /home/airflow/.local/lib/python3.12/site-packages/airflow/example_dags/example_dynamic_task_mapping_with_no_taskflow_operators.py
[2026-06-09T00:43:20.159+0000] {processor.py:830} INFO - Processing file /home/airflow/.local/lib/python3.12/site-packages/airflow/example_dags/example_dynamic_task_mapping_with_no_taskflow_operators.py for tasks to queue
[2026-06-09T00:43:20.161+0000] {logging_mixin.py:188} INFO - [2026-06-09T00:43:20.161+0000] {dagbag.py:545} INFO - Filling up the DagBag from /home/airflow/.local/lib/python3.12/site-packages/airflow/example_dags/example_dynamic_task_mapping_with_no_taskflow_operators.py
[2026-06-09T00:43:20.168+0000] {processor.py:840} INFO - DAG(s) 'example_dynamic_task_mapping_with_no_taskflow_operators' retrieved from /home/airflow/.local/lib/python3.12/site-packages/airflow/example_dags/example_dynamic_task_mapping_with_no_taskflow_operators.py
[2026-06-09T00:43:20.189+0000] {logging_mixin.py:188} INFO - [2026-06-09T00:43:20.189+0000] {dag.py:3096} INFO - Sync 1 DAGs
[2026-06-09T00:43:20.210+0000] {logging_mixin.py:188} INFO - [2026-06-09T00:43:20.209+0000] {dag.py:3954} INFO - Setting next_dagrun for example_dynamic_task_mapping_with_no_taskflow_operators to 2026-06-08 00:00:00+00:00, run_after=2026-06-09 00:00:00+00:00
[2026-06-09T00:43:20.230+0000] {processor.py:183} INFO - Processing /home/airflow/.local/lib/python3.12/site-packages/airflow/example_dags/example_dynamic_task_mapping_with_no_taskflow_operators.py took 0.077 seconds
[2026-06-09T00:43:50.660+0000] {processor.py:161} INFO - Started process (PID=131065) to work on /home/airflow/.local/lib/python3.12/site-packages/airflow/example_dags/example_dynamic_task_mapping_with_no_taskflow_operators.py
[2026-06-09T00:43:50.661+0000] {processor.py:830} INFO - Processing file /home/airflow/.local/lib/python3.12/site-packages/airflow/example_dags/example_dynamic_task_mapping_with_no_taskflow_operators.py for tasks to queue
[2026-06-09T00:43:50.664+0000] {logging_mixin.py:188} INFO - [2026-06-09T00:43:50.663+0000] {dagbag.py:545} INFO - Filling up the DagBag from /home/airflow/.local/lib/python3.12/site-packages/airflow/example_dags/example_dynamic_task_mapping_with_no_taskflow_operators.py
[2026-06-09T00:43:50.671+0000] {processor.py:840} INFO - DAG(s) 'example_dynamic_task_mapping_with_no_taskflow_operators' retrieved from /home/airflow/.local/lib/python3.12/site-packages/airflow/example_dags/example_dynamic_task_mapping_with_no_taskflow_operators.py
[2026-06-09T00:43:50.693+0000] {logging_mixin.py:188} INFO - [2026-06-09T00:43:50.693+0000] {dag.py:3096} INFO - Sync 1 DAGs
[2026-06-09T00:43:50.716+0000] {logging_mixin.py:188} INFO - [2026-06-09T00:43:50.716+0000] {dag.py:3954} INFO - Setting next_dagrun for example_dynamic_task_mapping_with_no_taskflow_operators to 2026-06-08 00:00:00+00:00, run_after=2026-06-09 00:00:00+00:00
[2026-06-09T00:43:50.741+0000] {processor.py:183} INFO - Processing /home/airflow/.local/lib/python3.12/site-packages/airflow/example_dags/example_dynamic_task_mapping_with_no_taskflow_operators.py took 0.087 seconds
[2026-06-09T00:44:21.089+0000] {processor.py:161} INFO - Started process (PID=131333) to work on /home/airflow/.local/lib/python3.12/site-packages/airflow/example_dags/example_dynamic_task_mapping_with_no_taskflow_operators.py
[2026-06-09T00:44:21.090+0000] {processor.py:830} INFO - Processing file /home/airflow/.local/lib/python3.12/site-packages/airflow/example_dags/example_dynamic_task_mapping_with_no_taskflow_operators.py for tasks to queue
[2026-06-09T00:44:21.093+0000] {logging_mixin.py:188} INFO - [2026-06-09T00:44:21.092+0000] {dagbag.py:545} INFO - Filling up the DagBag from /home/airflow/.local/lib/python3.12/site-packages/airflow/example_dags/example_dynamic_task_mapping_with_no_taskflow_operators.py
[2026-06-09T00:44:21.100+0000] {processor.py:840} INFO - DAG(s) 'example_dynamic_task_mapping_with_no_taskflow_operators' retrieved from /home/airflow/.local/lib/python3.12/site-packages/airflow/example_dags/example_dynamic_task_mapping_with_no_taskflow_operators.py
[2026-06-09T00:44:21.122+0000] {logging_mixin.py:188} INFO - [2026-06-09T00:44:21.122+0000] {dag.py:3096} INFO - Sync 1 DAGs
[2026-06-09T00:44:21.149+0000] {logging_mixin.py:188} INFO - [2026-06-09T00:44:21.149+0000] {dag.py:3954} INFO - Setting next_dagrun for example_dynamic_task_mapping_with_no_taskflow_operators to 2026-06-08 00:00:00+00:00, run_after=2026-06-09 00:00:00+00:00
[2026-06-09T00:44:21.170+0000] {processor.py:183} INFO - Processing /home/airflow/.local/lib/python3.12/site-packages/airflow/example_dags/example_dynamic_task_mapping_with_no_taskflow_operators.py took 0.087 seconds
[2026-06-09T00:44:51.542+0000] {processor.py:161} INFO - Started process (PID=131595) to work on /home/airflow/.local/lib/python3.12/site-packages/airflow/example_dags/example_dynamic_task_mapping_with_no_taskflow_operators.py
[2026-06-09T00:44:51.545+0000] {processor.py:830} INFO - Processing file /home/airflow/.local/lib/python3.12/site-packages/airflow/example_dags/example_dynamic_task_mapping_with_no_taskflow_operators.py for tasks to queue
[2026-06-09T00:44:51.547+0000] {logging_mixin.py:188} INFO - [2026-06-09T00:44:51.546+0000] {dagbag.py:545} INFO - Filling up the DagBag from /home/airflow/.local/lib/python3.12/site-packages/airflow/example_dags/example_dynamic_task_mapping_with_no_taskflow_operators.py
[2026-06-09T00:44:51.552+0000] {processor.py:840} INFO - DAG(s) 'example_dynamic_task_mapping_with_no_taskflow_operators' retrieved from /home/airflow/.local/lib/python3.12/site-packages/airflow/example_dags/example_dynamic_task_mapping_with_no_taskflow_operators.py
[2026-06-09T00:44:51.572+0000] {logging_mixin.py:188} INFO - [2026-06-09T00:44:51.572+0000] {dag.py:3096} INFO - Sync 1 DAGs
[2026-06-09T00:44:51.594+0000] {logging_mixin.py:188} INFO - [2026-06-09T00:44:51.593+0000] {dag.py:3954} INFO - Setting next_dagrun for example_dynamic_task_mapping_with_no_taskflow_operators to 2026-06-08 00:00:00+00:00, run_after=2026-06-09 00:00:00+00:00
[2026-06-09T00:44:51.617+0000] {processor.py:183} INFO - Processing /home/airflow/.local/lib/python3.12/site-packages/airflow/example_dags/example_dynamic_task_mapping_with_no_taskflow_operators.py took 0.082 seconds
[2026-06-09T00:45:21.760+0000] {processor.py:161} INFO - Started process (PID=131857) to work on /home/airflow/.local/lib/python3.12/site-packages/airflow/example_dags/example_dynamic_task_mapping_with_no_taskflow_operators.py
[2026-06-09T00:45:21.762+0000] {processor.py:830} INFO - Processing file /home/airflow/.local/lib/python3.12/site-packages/airflow/example_dags/example_dynamic_task_mapping_with_no_taskflow_operators.py for tasks to queue
[2026-06-09T00:45:21.764+0000] {logging_mixin.py:188} INFO - [2026-06-09T00:45:21.763+0000] {dagbag.py:545} INFO - Filling up the DagBag from /home/airflow/.local/lib/python3.12/site-packages/airflow/example_dags/example_dynamic_task_mapping_with_no_taskflow_operators.py
[2026-06-09T00:45:21.770+0000] {processor.py:840} INFO - DAG(s) 'example_dynamic_task_mapping_with_no_taskflow_operators' retrieved from /home/airflow/.local/lib/python3.12/site-packages/airflow/example_dags/example_dynamic_task_mapping_with_no_taskflow_operators.py
[2026-06-09T00:45:21.791+0000] {logging_mixin.py:188} INFO - [2026-06-09T00:45:21.791+0000] {dag.py:3096} INFO - Sync 1 DAGs
[2026-06-09T00:45:21.814+0000] {logging_mixin.py:188} INFO - [2026-06-09T00:45:21.814+0000] {dag.py:3954} INFO - Setting next_dagrun for example_dynamic_task_mapping_with_no_taskflow_operators to 2026-06-08 00:00:00+00:00, run_after=2026-06-09 00:00:00+00:00
[2026-06-09T00:45:21.837+0000] {processor.py:183} INFO - Processing /home/airflow/.local/lib/python3.12/site-packages/airflow/example_dags/example_dynamic_task_mapping_with_no_taskflow_operators.py took 0.086 seconds
[2026-06-09T00:45:52.164+0000] {processor.py:161} INFO - Started process (PID=132119) to work on /home/airflow/.local/lib/python3.12/site-packages/airflow/example_dags/example_dynamic_task_mapping_with_no_taskflow_operators.py
[2026-06-09T00:45:52.166+0000] {processor.py:830} INFO - Processing file /home/airflow/.local/lib/python3.12/site-packages/airflow/example_dags/example_dynamic_task_mapping_with_no_taskflow_operators.py for tasks to queue
[2026-06-09T00:45:52.168+0000] {logging_mixin.py:188} INFO - [2026-06-09T00:45:52.168+0000] {dagbag.py:545} INFO - Filling up the DagBag from /home/airflow/.local/lib/python3.12/site-packages/airflow/example_dags/example_dynamic_task_mapping_with_no_taskflow_operators.py
[2026-06-09T00:45:52.175+0000] {processor.py:840} INFO - DAG(s) 'example_dynamic_task_mapping_with_no_taskflow_operators' retrieved from /home/airflow/.local/lib/python3.12/site-packages/airflow/example_dags/example_dynamic_task_mapping_with_no_taskflow_operators.py
[2026-06-09T00:45:52.195+0000] {logging_mixin.py:188} INFO - [2026-06-09T00:45:52.195+0000] {dag.py:3096} INFO - Sync 1 DAGs
[2026-06-09T00:45:52.217+0000] {logging_mixin.py:188} INFO - [2026-06-09T00:45:52.217+0000] {dag.py:3954} INFO - Setting next_dagrun for example_dynamic_task_mapping_with_no_taskflow_operators to 2026-06-08 00:00:00+00:00, run_after=2026-06-09 00:00:00+00:00
[2026-06-09T00:45:52.241+0000] {processor.py:183} INFO - Processing /home/airflow/.local/lib/python3.12/site-packages/airflow/example_dags/example_dynamic_task_mapping_with_no_taskflow_operators.py took 0.081 seconds
[2026-06-09T00:46:22.506+0000] {processor.py:161} INFO - Started process (PID=132381) to work on /home/airflow/.local/lib/python3.12/site-packages/airflow/example_dags/example_dynamic_task_mapping_with_no_taskflow_operators.py
[2026-06-09T00:46:22.507+0000] {processor.py:830} INFO - Processing file /home/airflow/.local/lib/python3.12/site-packages/airflow/example_dags/example_dynamic_task_mapping_with_no_taskflow_operators.py for tasks to queue
[2026-06-09T00:46:22.508+0000] {logging_mixin.py:188} INFO - [2026-06-09T00:46:22.508+0000] {dagbag.py:545} INFO - Filling up the DagBag from /home/airflow/.local/lib/python3.12/site-packages/airflow/example_dags/example_dynamic_task_mapping_with_no_taskflow_operators.py
[2026-06-09T00:46:22.514+0000] {processor.py:840} INFO - DAG(s) 'example_dynamic_task_mapping_with_no_taskflow_operators' retrieved from /home/airflow/.local/lib/python3.12/site-packages/airflow/example_dags/example_dynamic_task_mapping_with_no_taskflow_operators.py
[2026-06-09T00:46:22.534+0000] {logging_mixin.py:188} INFO - [2026-06-09T00:46:22.533+0000] {dag.py:3096} INFO - Sync 1 DAGs
[2026-06-09T00:46:22.558+0000] {logging_mixin.py:188} INFO - [2026-06-09T00:46:22.557+0000] {dag.py:3954} INFO - Setting next_dagrun for example_dynamic_task_mapping_with_no_taskflow_operators to 2026-06-08 00:00:00+00:00, run_after=2026-06-09 00:00:00+00:00
[2026-06-09T00:46:22.579+0000] {processor.py:183} INFO - Processing /home/airflow/.local/lib/python3.12/site-packages/airflow/example_dags/example_dynamic_task_mapping_with_no_taskflow_operators.py took 0.081 seconds
[2026-06-09T00:46:53.040+0000] {processor.py:161} INFO - Started process (PID=132643) to work on /home/airflow/.local/lib/python3.12/site-packages/airflow/example_dags/example_dynamic_task_mapping_with_no_taskflow_operators.py
[2026-06-09T00:46:53.041+0000] {processor.py:830} INFO - Processing file /home/airflow/.local/lib/python3.12/site-packages/airflow/example_dags/example_dynamic_task_mapping_with_no_taskflow_operators.py for tasks to queue
[2026-06-09T00:46:53.043+0000] {logging_mixin.py:188} INFO - [2026-06-09T00:46:53.043+0000] {dagbag.py:545} INFO - Filling up the DagBag from /home/airflow/.local/lib/python3.12/site-packages/airflow/example_dags/example_dynamic_task_mapping_with_no_taskflow_operators.py
[2026-06-09T00:46:53.053+0000] {processor.py:840} INFO - DAG(s) 'example_dynamic_task_mapping_with_no_taskflow_operators' retrieved from /home/airflow/.local/lib/python3.12/site-packages/airflow/example_dags/example_dynamic_task_mapping_with_no_taskflow_operators.py
[2026-06-09T00:46:53.076+0000] {logging_mixin.py:188} INFO - [2026-06-09T00:46:53.076+0000] {dag.py:3096} INFO - Sync 1 DAGs
[2026-06-09T00:46:53.108+0000] {logging_mixin.py:188} INFO - [2026-06-09T00:46:53.108+0000] {dag.py:3954} INFO - Setting next_dagrun for example_dynamic_task_mapping_with_no_taskflow_operators to 2026-06-08 00:00:00+00:00, run_after=2026-06-09 00:00:00+00:00
[2026-06-09T00:46:53.131+0000] {processor.py:183} INFO - Processing /home/airflow/.local/lib/python3.12/site-packages/airflow/example_dags/example_dynamic_task_mapping_with_no_taskflow_operators.py took 0.097 seconds
[2026-06-09T00:47:23.570+0000] {processor.py:161} INFO - Started process (PID=132905) to work on /home/airflow/.local/lib/python3.12/site-packages/airflow/example_dags/example_dynamic_task_mapping_with_no_taskflow_operators.py
[2026-06-09T00:47:23.572+0000] {processor.py:830} INFO - Processing file /home/airflow/.local/lib/python3.12/site-packages/airflow/example_dags/example_dynamic_task_mapping_with_no_taskflow_operators.py for tasks to queue
[2026-06-09T00:47:23.576+0000] {logging_mixin.py:188} INFO - [2026-06-09T00:47:23.575+0000] {dagbag.py:545} INFO - Filling up the DagBag from /home/airflow/.local/lib/python3.12/site-packages/airflow/example_dags/example_dynamic_task_mapping_with_no_taskflow_operators.py
[2026-06-09T00:47:23.587+0000] {processor.py:840} INFO - DAG(s) 'example_dynamic_task_mapping_with_no_taskflow_operators' retrieved from /home/airflow/.local/lib/python3.12/site-packages/airflow/example_dags/example_dynamic_task_mapping_with_no_taskflow_operators.py
[2026-06-09T00:47:23.618+0000] {logging_mixin.py:188} INFO - [2026-06-09T00:47:23.617+0000] {dag.py:3096} INFO - Sync 1 DAGs
[2026-06-09T00:47:23.664+0000] {logging_mixin.py:188} INFO - [2026-06-09T00:47:23.663+0000] {dag.py:3954} INFO - Setting next_dagrun for example_dynamic_task_mapping_with_no_taskflow_operators to 2026-06-08 00:00:00+00:00, run_after=2026-06-09 00:00:00+00:00
[2026-06-09T00:47:23.701+0000] {processor.py:183} INFO - Processing /home/airflow/.local/lib/python3.12/site-packages/airflow/example_dags/example_dynamic_task_mapping_with_no_taskflow_operators.py took 0.139 seconds
[2026-06-09T00:47:54.115+0000] {processor.py:161} INFO - Started process (PID=133167) to work on /home/airflow/.local/lib/python3.12/site-packages/airflow/example_dags/example_dynamic_task_mapping_with_no_taskflow_operators.py
[2026-06-09T00:47:54.116+0000] {processor.py:830} INFO - Processing file /home/airflow/.local/lib/python3.12/site-packages/airflow/example_dags/example_dynamic_task_mapping_with_no_taskflow_operators.py for tasks to queue
[2026-06-09T00:47:54.118+0000] {logging_mixin.py:188} INFO - [2026-06-09T00:47:54.118+0000] {dagbag.py:545} INFO - Filling up the DagBag from /home/airflow/.local/lib/python3.12/site-packages/airflow/example_dags/example_dynamic_task_mapping_with_no_taskflow_operators.py
[2026-06-09T00:47:54.126+0000] {processor.py:840} INFO - DAG(s) 'example_dynamic_task_mapping_with_no_taskflow_operators' retrieved from /home/airflow/.local/lib/python3.12/site-packages/airflow/example_dags/example_dynamic_task_mapping_with_no_taskflow_operators.py
[2026-06-09T00:47:54.150+0000] {logging_mixin.py:188} INFO - [2026-06-09T00:47:54.149+0000] {dag.py:3096} INFO - Sync 1 DAGs
[2026-06-09T00:47:54.176+0000] {logging_mixin.py:188} INFO - [2026-06-09T00:47:54.175+0000] {dag.py:3954} INFO - Setting next_dagrun for example_dynamic_task_mapping_with_no_taskflow_operators to 2026-06-08 00:00:00+00:00, run_after=2026-06-09 00:00:00+00:00
[2026-06-09T00:47:54.199+0000] {processor.py:183} INFO - Processing /home/airflow/.local/lib/python3.12/site-packages/airflow/example_dags/example_dynamic_task_mapping_with_no_taskflow_operators.py took 0.089 seconds
[2026-06-09T00:48:24.395+0000] {processor.py:161} INFO - Started process (PID=133429) to work on /home/airflow/.local/lib/python3.12/site-packages/airflow/example_dags/example_dynamic_task_mapping_with_no_taskflow_operators.py
[2026-06-09T00:48:24.396+0000] {processor.py:830} INFO - Processing file /home/airflow/.local/lib/python3.12/site-packages/airflow/example_dags/example_dynamic_task_mapping_with_no_taskflow_operators.py for tasks to queue
[2026-06-09T00:48:24.397+0000] {logging_mixin.py:188} INFO - [2026-06-09T00:48:24.397+0000] {dagbag.py:545} INFO - Filling up the DagBag from /home/airflow/.local/lib/python3.12/site-packages/airflow/example_dags/example_dynamic_task_mapping_with_no_taskflow_operators.py
[2026-06-09T00:48:24.403+0000] {processor.py:840} INFO - DAG(s) 'example_dynamic_task_mapping_with_no_taskflow_operators' retrieved from /home/airflow/.local/lib/python3.12/site-packages/airflow/example_dags/example_dynamic_task_mapping_with_no_taskflow_operators.py
[2026-06-09T00:48:24.425+0000] {logging_mixin.py:188} INFO - [2026-06-09T00:48:24.425+0000] {dag.py:3096} INFO - Sync 1 DAGs
[2026-06-09T00:48:24.447+0000] {logging_mixin.py:188} INFO - [2026-06-09T00:48:24.447+0000] {dag.py:3954} INFO - Setting next_dagrun for example_dynamic_task_mapping_with_no_taskflow_operators to 2026-06-08 00:00:00+00:00, run_after=2026-06-09 00:00:00+00:00
[2026-06-09T00:48:24.468+0000] {processor.py:183} INFO - Processing /home/airflow/.local/lib/python3.12/site-packages/airflow/example_dags/example_dynamic_task_mapping_with_no_taskflow_operators.py took 0.078 seconds
[2026-06-09T00:48:55.171+0000] {processor.py:161} INFO - Started process (PID=133691) to work on /home/airflow/.local/lib/python3.12/site-packages/airflow/example_dags/example_dynamic_task_mapping_with_no_taskflow_operators.py
[2026-06-09T00:48:55.172+0000] {processor.py:830} INFO - Processing file /home/airflow/.local/lib/python3.12/site-packages/airflow/example_dags/example_dynamic_task_mapping_with_no_taskflow_operators.py for tasks to queue
[2026-06-09T00:48:55.174+0000] {logging_mixin.py:188} INFO - [2026-06-09T00:48:55.174+0000] {dagbag.py:545} INFO - Filling up the DagBag from /home/airflow/.local/lib/python3.12/site-packages/airflow/example_dags/example_dynamic_task_mapping_with_no_taskflow_operators.py
[2026-06-09T00:48:55.181+0000] {processor.py:840} INFO - DAG(s) 'example_dynamic_task_mapping_with_no_taskflow_operators' retrieved from /home/airflow/.local/lib/python3.12/site-packages/airflow/example_dags/example_dynamic_task_mapping_with_no_taskflow_operators.py
[2026-06-09T00:48:55.202+0000] {logging_mixin.py:188} INFO - [2026-06-09T00:48:55.202+0000] {dag.py:3096} INFO - Sync 1 DAGs
[2026-06-09T00:48:55.226+0000] {logging_mixin.py:188} INFO - [2026-06-09T00:48:55.226+0000] {dag.py:3954} INFO - Setting next_dagrun for example_dynamic_task_mapping_with_no_taskflow_operators to 2026-06-08 00:00:00+00:00, run_after=2026-06-09 00:00:00+00:00
[2026-06-09T00:48:55.252+0000] {processor.py:183} INFO - Processing /home/airflow/.local/lib/python3.12/site-packages/airflow/example_dags/example_dynamic_task_mapping_with_no_taskflow_operators.py took 0.086 seconds
[2026-06-09T00:49:25.429+0000] {processor.py:161} INFO - Started process (PID=133953) to work on /home/airflow/.local/lib/python3.12/site-packages/airflow/example_dags/example_dynamic_task_mapping_with_no_taskflow_operators.py
[2026-06-09T00:49:25.430+0000] {processor.py:830} INFO - Processing file /home/airflow/.local/lib/python3.12/site-packages/airflow/example_dags/example_dynamic_task_mapping_with_no_taskflow_operators.py for tasks to queue
[2026-06-09T00:49:25.433+0000] {logging_mixin.py:188} INFO - [2026-06-09T00:49:25.433+0000] {dagbag.py:545} INFO - Filling up the DagBag from /home/airflow/.local/lib/python3.12/site-packages/airflow/example_dags/example_dynamic_task_mapping_with_no_taskflow_operators.py
[2026-06-09T00:49:25.439+0000] {processor.py:840} INFO - DAG(s) 'example_dynamic_task_mapping_with_no_taskflow_operators' retrieved from /home/airflow/.local/lib/python3.12/site-packages/airflow/example_dags/example_dynamic_task_mapping_with_no_taskflow_operators.py
[2026-06-09T00:49:25.459+0000] {logging_mixin.py:188} INFO - [2026-06-09T00:49:25.459+0000] {dag.py:3096} INFO - Sync 1 DAGs
[2026-06-09T00:49:25.480+0000] {logging_mixin.py:188} INFO - [2026-06-09T00:49:25.480+0000] {dag.py:3954} INFO - Setting next_dagrun for example_dynamic_task_mapping_with_no_taskflow_operators to 2026-06-08 00:00:00+00:00, run_after=2026-06-09 00:00:00+00:00
[2026-06-09T00:49:25.503+0000] {processor.py:183} INFO - Processing /home/airflow/.local/lib/python3.12/site-packages/airflow/example_dags/example_dynamic_task_mapping_with_no_taskflow_operators.py took 0.079 seconds
[2026-06-09T00:49:56.053+0000] {processor.py:161} INFO - Started process (PID=134215) to work on /home/airflow/.local/lib/python3.12/site-packages/airflow/example_dags/example_dynamic_task_mapping_with_no_taskflow_operators.py
[2026-06-09T00:49:56.054+0000] {processor.py:830} INFO - Processing file /home/airflow/.local/lib/python3.12/site-packages/airflow/example_dags/example_dynamic_task_mapping_with_no_taskflow_operators.py for tasks to queue
[2026-06-09T00:49:56.056+0000] {logging_mixin.py:188} INFO - [2026-06-09T00:49:56.055+0000] {dagbag.py:545} INFO - Filling up the DagBag from /home/airflow/.local/lib/python3.12/site-packages/airflow/example_dags/example_dynamic_task_mapping_with_no_taskflow_operators.py
[2026-06-09T00:49:56.061+0000] {processor.py:840} INFO - DAG(s) 'example_dynamic_task_mapping_with_no_taskflow_operators' retrieved from /home/airflow/.local/lib/python3.12/site-packages/airflow/example_dags/example_dynamic_task_mapping_with_no_taskflow_operators.py
[2026-06-09T00:49:56.084+0000] {logging_mixin.py:188} INFO - [2026-06-09T00:49:56.084+0000] {dag.py:3096} INFO - Sync 1 DAGs
[2026-06-09T00:49:56.108+0000] {logging_mixin.py:188} INFO - [2026-06-09T00:49:56.108+0000] {dag.py:3954} INFO - Setting next_dagrun for example_dynamic_task_mapping_with_no_taskflow_operators to 2026-06-08 00:00:00+00:00, run_after=2026-06-09 00:00:00+00:00
[2026-06-09T00:49:56.134+0000] {processor.py:183} INFO - Processing /home/airflow/.local/lib/python3.12/site-packages/airflow/example_dags/example_dynamic_task_mapping_with_no_taskflow_operators.py took 0.088 seconds
[2026-06-09T00:50:26.447+0000] {processor.py:161} INFO - Started process (PID=134477) to work on /home/airflow/.local/lib/python3.12/site-packages/airflow/example_dags/example_dynamic_task_mapping_with_no_taskflow_operators.py
[2026-06-09T00:50:26.449+0000] {processor.py:830} INFO - Processing file /home/airflow/.local/lib/python3.12/site-packages/airflow/example_dags/example_dynamic_task_mapping_with_no_taskflow_operators.py for tasks to queue
[2026-06-09T00:50:26.451+0000] {logging_mixin.py:188} INFO - [2026-06-09T00:50:26.451+0000] {dagbag.py:545} INFO - Filling up the DagBag from /home/airflow/.local/lib/python3.12/site-packages/airflow/example_dags/example_dynamic_task_mapping_with_no_taskflow_operators.py
[2026-06-09T00:50:26.456+0000] {processor.py:840} INFO - DAG(s) 'example_dynamic_task_mapping_with_no_taskflow_operators' retrieved from /home/airflow/.local/lib/python3.12/site-packages/airflow/example_dags/example_dynamic_task_mapping_with_no_taskflow_operators.py
[2026-06-09T00:50:26.478+0000] {logging_mixin.py:188} INFO - [2026-06-09T00:50:26.478+0000] {dag.py:3096} INFO - Sync 1 DAGs
[2026-06-09T00:50:26.503+0000] {logging_mixin.py:188} INFO - [2026-06-09T00:50:26.503+0000] {dag.py:3954} INFO - Setting next_dagrun for example_dynamic_task_mapping_with_no_taskflow_operators to 2026-06-08 00:00:00+00:00, run_after=2026-06-09 00:00:00+00:00
[2026-06-09T00:50:26.523+0000] {processor.py:183} INFO - Processing /home/airflow/.local/lib/python3.12/site-packages/airflow/example_dags/example_dynamic_task_mapping_with_no_taskflow_operators.py took 0.081 seconds
[2026-06-09T00:50:56.783+0000] {processor.py:161} INFO - Started process (PID=134739) to work on /home/airflow/.local/lib/python3.12/site-packages/airflow/example_dags/example_dynamic_task_mapping_with_no_taskflow_operators.py
[2026-06-09T00:50:56.784+0000] {processor.py:830} INFO - Processing file /home/airflow/.local/lib/python3.12/site-packages/airflow/example_dags/example_dynamic_task_mapping_with_no_taskflow_operators.py for tasks to queue
[2026-06-09T00:50:56.786+0000] {logging_mixin.py:188} INFO - [2026-06-09T00:50:56.785+0000] {dagbag.py:545} INFO - Filling up the DagBag from /home/airflow/.local/lib/python3.12/site-packages/airflow/example_dags/example_dynamic_task_mapping_with_no_taskflow_operators.py
[2026-06-09T00:50:56.791+0000] {processor.py:840} INFO - DAG(s) 'example_dynamic_task_mapping_with_no_taskflow_operators' retrieved from /home/airflow/.local/lib/python3.12/site-packages/airflow/example_dags/example_dynamic_task_mapping_with_no_taskflow_operators.py
[2026-06-09T00:50:56.813+0000] {logging_mixin.py:188} INFO - [2026-06-09T00:50:56.813+0000] {dag.py:3096} INFO - Sync 1 DAGs
[2026-06-09T00:50:56.838+0000] {logging_mixin.py:188} INFO - [2026-06-09T00:50:56.837+0000] {dag.py:3954} INFO - Setting next_dagrun for example_dynamic_task_mapping_with_no_taskflow_operators to 2026-06-08 00:00:00+00:00, run_after=2026-06-09 00:00:00+00:00
[2026-06-09T00:50:56.855+0000] {processor.py:183} INFO - Processing /home/airflow/.local/lib/python3.12/site-packages/airflow/example_dags/example_dynamic_task_mapping_with_no_taskflow_operators.py took 0.077 seconds
[2026-06-09T00:51:27.495+0000] {processor.py:161} INFO - Started process (PID=135001) to work on /home/airflow/.local/lib/python3.12/site-packages/airflow/example_dags/example_dynamic_task_mapping_with_no_taskflow_operators.py
[2026-06-09T00:51:27.497+0000] {processor.py:830} INFO - Processing file /home/airflow/.local/lib/python3.12/site-packages/airflow/example_dags/example_dynamic_task_mapping_with_no_taskflow_operators.py for tasks to queue
[2026-06-09T00:51:27.500+0000] {logging_mixin.py:188} INFO - [2026-06-09T00:51:27.500+0000] {dagbag.py:545} INFO - Filling up the DagBag from /home/airflow/.local/lib/python3.12/site-packages/airflow/example_dags/example_dynamic_task_mapping_with_no_taskflow_operators.py
[2026-06-09T00:51:27.508+0000] {processor.py:840} INFO - DAG(s) 'example_dynamic_task_mapping_with_no_taskflow_operators' retrieved from /home/airflow/.local/lib/python3.12/site-packages/airflow/example_dags/example_dynamic_task_mapping_with_no_taskflow_operators.py
[2026-06-09T00:51:27.542+0000] {logging_mixin.py:188} INFO - [2026-06-09T00:51:27.541+0000] {dag.py:3096} INFO - Sync 1 DAGs
[2026-06-09T00:51:27.587+0000] {logging_mixin.py:188} INFO - [2026-06-09T00:51:27.587+0000] {dag.py:3954} INFO - Setting next_dagrun for example_dynamic_task_mapping_with_no_taskflow_operators to 2026-06-08 00:00:00+00:00, run_after=2026-06-09 00:00:00+00:00
[2026-06-09T00:51:27.618+0000] {processor.py:183} INFO - Processing /home/airflow/.local/lib/python3.12/site-packages/airflow/example_dags/example_dynamic_task_mapping_with_no_taskflow_operators.py took 0.143 seconds
[2026-06-09T00:51:57.862+0000] {processor.py:161} INFO - Started process (PID=135263) to work on /home/airflow/.local/lib/python3.12/site-packages/airflow/example_dags/example_dynamic_task_mapping_with_no_taskflow_operators.py
[2026-06-09T00:51:57.863+0000] {processor.py:830} INFO - Processing file /home/airflow/.local/lib/python3.12/site-packages/airflow/example_dags/example_dynamic_task_mapping_with_no_taskflow_operators.py for tasks to queue
[2026-06-09T00:51:57.865+0000] {logging_mixin.py:188} INFO - [2026-06-09T00:51:57.864+0000] {dagbag.py:545} INFO - Filling up the DagBag from /home/airflow/.local/lib/python3.12/site-packages/airflow/example_dags/example_dynamic_task_mapping_with_no_taskflow_operators.py
[2026-06-09T00:51:57.871+0000] {processor.py:840} INFO - DAG(s) 'example_dynamic_task_mapping_with_no_taskflow_operators' retrieved from /home/airflow/.local/lib/python3.12/site-packages/airflow/example_dags/example_dynamic_task_mapping_with_no_taskflow_operators.py
[2026-06-09T00:51:57.893+0000] {logging_mixin.py:188} INFO - [2026-06-09T00:51:57.892+0000] {dag.py:3096} INFO - Sync 1 DAGs
[2026-06-09T00:51:57.915+0000] {logging_mixin.py:188} INFO - [2026-06-09T00:51:57.915+0000] {dag.py:3954} INFO - Setting next_dagrun for example_dynamic_task_mapping_with_no_taskflow_operators to 2026-06-08 00:00:00+00:00, run_after=2026-06-09 00:00:00+00:00
[2026-06-09T00:51:57.939+0000] {processor.py:183} INFO - Processing /home/airflow/.local/lib/python3.12/site-packages/airflow/example_dags/example_dynamic_task_mapping_with_no_taskflow_operators.py took 0.082 seconds
[2026-06-09T00:52:28.266+0000] {processor.py:161} INFO - Started process (PID=135525) to work on /home/airflow/.local/lib/python3.12/site-packages/airflow/example_dags/example_dynamic_task_mapping_with_no_taskflow_operators.py
[2026-06-09T00:52:28.267+0000] {processor.py:830} INFO - Processing file /home/airflow/.local/lib/python3.12/site-packages/airflow/example_dags/example_dynamic_task_mapping_with_no_taskflow_operators.py for tasks to queue
[2026-06-09T00:52:28.269+0000] {logging_mixin.py:188} INFO - [2026-06-09T00:52:28.269+0000] {dagbag.py:545} INFO - Filling up the DagBag from /home/airflow/.local/lib/python3.12/site-packages/airflow/example_dags/example_dynamic_task_mapping_with_no_taskflow_operators.py
[2026-06-09T00:52:28.276+0000] {processor.py:840} INFO - DAG(s) 'example_dynamic_task_mapping_with_no_taskflow_operators' retrieved from /home/airflow/.local/lib/python3.12/site-packages/airflow/example_dags/example_dynamic_task_mapping_with_no_taskflow_operators.py
[2026-06-09T00:52:28.300+0000] {logging_mixin.py:188} INFO - [2026-06-09T00:52:28.300+0000] {dag.py:3096} INFO - Sync 1 DAGs
[2026-06-09T00:52:28.321+0000] {logging_mixin.py:188} INFO - [2026-06-09T00:52:28.321+0000] {dag.py:3954} INFO - Setting next_dagrun for example_dynamic_task_mapping_with_no_taskflow_operators to 2026-06-08 00:00:00+00:00, run_after=2026-06-09 00:00:00+00:00
[2026-06-09T00:52:28.341+0000] {processor.py:183} INFO - Processing /home/airflow/.local/lib/python3.12/site-packages/airflow/example_dags/example_dynamic_task_mapping_with_no_taskflow_operators.py took 0.082 seconds
[2026-06-09T00:52:58.644+0000] {processor.py:161} INFO - Started process (PID=135787) to work on /home/airflow/.local/lib/python3.12/site-packages/airflow/example_dags/example_dynamic_task_mapping_with_no_taskflow_operators.py
[2026-06-09T00:52:58.645+0000] {processor.py:830} INFO - Processing file /home/airflow/.local/lib/python3.12/site-packages/airflow/example_dags/example_dynamic_task_mapping_with_no_taskflow_operators.py for tasks to queue
[2026-06-09T00:52:58.646+0000] {logging_mixin.py:188} INFO - [2026-06-09T00:52:58.646+0000] {dagbag.py:545} INFO - Filling up the DagBag from /home/airflow/.local/lib/python3.12/site-packages/airflow/example_dags/example_dynamic_task_mapping_with_no_taskflow_operators.py
[2026-06-09T00:52:58.652+0000] {processor.py:840} INFO - DAG(s) 'example_dynamic_task_mapping_with_no_taskflow_operators' retrieved from /home/airflow/.local/lib/python3.12/site-packages/airflow/example_dags/example_dynamic_task_mapping_with_no_taskflow_operators.py
[2026-06-09T00:52:58.674+0000] {logging_mixin.py:188} INFO - [2026-06-09T00:52:58.673+0000] {dag.py:3096} INFO - Sync 1 DAGs
[2026-06-09T00:52:58.697+0000] {logging_mixin.py:188} INFO - [2026-06-09T00:52:58.697+0000] {dag.py:3954} INFO - Setting next_dagrun for example_dynamic_task_mapping_with_no_taskflow_operators to 2026-06-08 00:00:00+00:00, run_after=2026-06-09 00:00:00+00:00
[2026-06-09T00:52:58.719+0000] {processor.py:183} INFO - Processing /home/airflow/.local/lib/python3.12/site-packages/airflow/example_dags/example_dynamic_task_mapping_with_no_taskflow_operators.py took 0.082 seconds
[2026-06-09T00:53:28.973+0000] {processor.py:161} INFO - Started process (PID=136049) to work on /home/airflow/.local/lib/python3.12/site-packages/airflow/example_dags/example_dynamic_task_mapping_with_no_taskflow_operators.py
[2026-06-09T00:53:28.974+0000] {processor.py:830} INFO - Processing file /home/airflow/.local/lib/python3.12/site-packages/airflow/example_dags/example_dynamic_task_mapping_with_no_taskflow_operators.py for tasks to queue
[2026-06-09T00:53:28.976+0000] {logging_mixin.py:188} INFO - [2026-06-09T00:53:28.976+0000] {dagbag.py:545} INFO - Filling up the DagBag from /home/airflow/.local/lib/python3.12/site-packages/airflow/example_dags/example_dynamic_task_mapping_with_no_taskflow_operators.py
[2026-06-09T00:53:28.981+0000] {processor.py:840} INFO - DAG(s) 'example_dynamic_task_mapping_with_no_taskflow_operators' retrieved from /home/airflow/.local/lib/python3.12/site-packages/airflow/example_dags/example_dynamic_task_mapping_with_no_taskflow_operators.py
[2026-06-09T00:53:29.008+0000] {logging_mixin.py:188} INFO - [2026-06-09T00:53:29.008+0000] {dag.py:3096} INFO - Sync 1 DAGs
[2026-06-09T00:53:29.031+0000] {logging_mixin.py:188} INFO - [2026-06-09T00:53:29.031+0000] {dag.py:3954} INFO - Setting next_dagrun for example_dynamic_task_mapping_with_no_taskflow_operators to 2026-06-08 00:00:00+00:00, run_after=2026-06-09 00:00:00+00:00
[2026-06-09T00:53:29.050+0000] {processor.py:183} INFO - Processing /home/airflow/.local/lib/python3.12/site-packages/airflow/example_dags/example_dynamic_task_mapping_with_no_taskflow_operators.py took 0.084 seconds
[2026-06-09T00:53:59.370+0000] {processor.py:161} INFO - Started process (PID=136311) to work on /home/airflow/.local/lib/python3.12/site-packages/airflow/example_dags/example_dynamic_task_mapping_with_no_taskflow_operators.py
[2026-06-09T00:53:59.371+0000] {processor.py:830} INFO - Processing file /home/airflow/.local/lib/python3.12/site-packages/airflow/example_dags/example_dynamic_task_mapping_with_no_taskflow_operators.py for tasks to queue
[2026-06-09T00:53:59.375+0000] {logging_mixin.py:188} INFO - [2026-06-09T00:53:59.373+0000] {dagbag.py:545} INFO - Filling up the DagBag from /home/airflow/.local/lib/python3.12/site-packages/airflow/example_dags/example_dynamic_task_mapping_with_no_taskflow_operators.py
[2026-06-09T00:53:59.380+0000] {processor.py:840} INFO - DAG(s) 'example_dynamic_task_mapping_with_no_taskflow_operators' retrieved from /home/airflow/.local/lib/python3.12/site-packages/airflow/example_dags/example_dynamic_task_mapping_with_no_taskflow_operators.py
[2026-06-09T00:53:59.400+0000] {logging_mixin.py:188} INFO - [2026-06-09T00:53:59.399+0000] {dag.py:3096} INFO - Sync 1 DAGs
[2026-06-09T00:53:59.422+0000] {logging_mixin.py:188} INFO - [2026-06-09T00:53:59.422+0000] {dag.py:3954} INFO - Setting next_dagrun for example_dynamic_task_mapping_with_no_taskflow_operators to 2026-06-08 00:00:00+00:00, run_after=2026-06-09 00:00:00+00:00
[2026-06-09T00:53:59.443+0000] {processor.py:183} INFO - Processing /home/airflow/.local/lib/python3.12/site-packages/airflow/example_dags/example_dynamic_task_mapping_with_no_taskflow_operators.py took 0.079 seconds
[2026-06-09T00:54:29.496+0000] {processor.py:161} INFO - Started process (PID=136573) to work on /home/airflow/.local/lib/python3.12/site-packages/airflow/example_dags/example_dynamic_task_mapping_with_no_taskflow_operators.py
[2026-06-09T00:54:29.497+0000] {processor.py:830} INFO - Processing file /home/airflow/.local/lib/python3.12/site-packages/airflow/example_dags/example_dynamic_task_mapping_with_no_taskflow_operators.py for tasks to queue
[2026-06-09T00:54:29.498+0000] {logging_mixin.py:188} INFO - [2026-06-09T00:54:29.498+0000] {dagbag.py:545} INFO - Filling up the DagBag from /home/airflow/.local/lib/python3.12/site-packages/airflow/example_dags/example_dynamic_task_mapping_with_no_taskflow_operators.py
[2026-06-09T00:54:29.503+0000] {processor.py:840} INFO - DAG(s) 'example_dynamic_task_mapping_with_no_taskflow_operators' retrieved from /home/airflow/.local/lib/python3.12/site-packages/airflow/example_dags/example_dynamic_task_mapping_with_no_taskflow_operators.py
[2026-06-09T00:54:29.520+0000] {logging_mixin.py:188} INFO - [2026-06-09T00:54:29.520+0000] {dag.py:3096} INFO - Sync 1 DAGs
[2026-06-09T00:54:29.538+0000] {logging_mixin.py:188} INFO - [2026-06-09T00:54:29.538+0000] {dag.py:3954} INFO - Setting next_dagrun for example_dynamic_task_mapping_with_no_taskflow_operators to 2026-06-08 00:00:00+00:00, run_after=2026-06-09 00:00:00+00:00
[2026-06-09T00:54:29.556+0000] {processor.py:183} INFO - Processing /home/airflow/.local/lib/python3.12/site-packages/airflow/example_dags/example_dynamic_task_mapping_with_no_taskflow_operators.py took 0.064 seconds
[2026-06-09T00:54:59.831+0000] {processor.py:161} INFO - Started process (PID=136835) to work on /home/airflow/.local/lib/python3.12/site-packages/airflow/example_dags/example_dynamic_task_mapping_with_no_taskflow_operators.py
[2026-06-09T00:54:59.832+0000] {processor.py:830} INFO - Processing file /home/airflow/.local/lib/python3.12/site-packages/airflow/example_dags/example_dynamic_task_mapping_with_no_taskflow_operators.py for tasks to queue
[2026-06-09T00:54:59.834+0000] {logging_mixin.py:188} INFO - [2026-06-09T00:54:59.833+0000] {dagbag.py:545} INFO - Filling up the DagBag from /home/airflow/.local/lib/python3.12/site-packages/airflow/example_dags/example_dynamic_task_mapping_with_no_taskflow_operators.py
[2026-06-09T00:54:59.842+0000] {processor.py:840} INFO - DAG(s) 'example_dynamic_task_mapping_with_no_taskflow_operators' retrieved from /home/airflow/.local/lib/python3.12/site-packages/airflow/example_dags/example_dynamic_task_mapping_with_no_taskflow_operators.py
[2026-06-09T00:54:59.865+0000] {logging_mixin.py:188} INFO - [2026-06-09T00:54:59.865+0000] {dag.py:3096} INFO - Sync 1 DAGs
[2026-06-09T00:54:59.891+0000] {logging_mixin.py:188} INFO - [2026-06-09T00:54:59.891+0000] {dag.py:3954} INFO - Setting next_dagrun for example_dynamic_task_mapping_with_no_taskflow_operators to 2026-06-08 00:00:00+00:00, run_after=2026-06-09 00:00:00+00:00
[2026-06-09T00:54:59.915+0000] {processor.py:183} INFO - Processing /home/airflow/.local/lib/python3.12/site-packages/airflow/example_dags/example_dynamic_task_mapping_with_no_taskflow_operators.py took 0.091 seconds
[2026-06-09T00:55:30.327+0000] {processor.py:161} INFO - Started process (PID=137097) to work on /home/airflow/.local/lib/python3.12/site-packages/airflow/example_dags/example_dynamic_task_mapping_with_no_taskflow_operators.py
[2026-06-09T00:55:30.329+0000] {processor.py:830} INFO - Processing file /home/airflow/.local/lib/python3.12/site-packages/airflow/example_dags/example_dynamic_task_mapping_with_no_taskflow_operators.py for tasks to queue
[2026-06-09T00:55:30.330+0000] {logging_mixin.py:188} INFO - [2026-06-09T00:55:30.330+0000] {dagbag.py:545} INFO - Filling up the DagBag from /home/airflow/.local/lib/python3.12/site-packages/airflow/example_dags/example_dynamic_task_mapping_with_no_taskflow_operators.py
[2026-06-09T00:55:30.337+0000] {processor.py:840} INFO - DAG(s) 'example_dynamic_task_mapping_with_no_taskflow_operators' retrieved from /home/airflow/.local/lib/python3.12/site-packages/airflow/example_dags/example_dynamic_task_mapping_with_no_taskflow_operators.py
[2026-06-09T00:55:30.358+0000] {logging_mixin.py:188} INFO - [2026-06-09T00:55:30.358+0000] {dag.py:3096} INFO - Sync 1 DAGs
[2026-06-09T00:55:30.380+0000] {logging_mixin.py:188} INFO - [2026-06-09T00:55:30.380+0000] {dag.py:3954} INFO - Setting next_dagrun for example_dynamic_task_mapping_with_no_taskflow_operators to 2026-06-08 00:00:00+00:00, run_after=2026-06-09 00:00:00+00:00
[2026-06-09T00:55:30.403+0000] {processor.py:183} INFO - Processing /home/airflow/.local/lib/python3.12/site-packages/airflow/example_dags/example_dynamic_task_mapping_with_no_taskflow_operators.py took 0.081 seconds
[2026-06-09T00:56:00.756+0000] {processor.py:161} INFO - Started process (PID=137359) to work on /home/airflow/.local/lib/python3.12/site-packages/airflow/example_dags/example_dynamic_task_mapping_with_no_taskflow_operators.py
[2026-06-09T00:56:00.757+0000] {processor.py:830} INFO - Processing file /home/airflow/.local/lib/python3.12/site-packages/airflow/example_dags/example_dynamic_task_mapping_with_no_taskflow_operators.py for tasks to queue
[2026-06-09T00:56:00.758+0000] {logging_mixin.py:188} INFO - [2026-06-09T00:56:00.758+0000] {dagbag.py:545} INFO - Filling up the DagBag from /home/airflow/.local/lib/python3.12/site-packages/airflow/example_dags/example_dynamic_task_mapping_with_no_taskflow_operators.py
[2026-06-09T00:56:00.763+0000] {processor.py:840} INFO - DAG(s) 'example_dynamic_task_mapping_with_no_taskflow_operators' retrieved from /home/airflow/.local/lib/python3.12/site-packages/airflow/example_dags/example_dynamic_task_mapping_with_no_taskflow_operators.py
[2026-06-09T00:56:00.784+0000] {logging_mixin.py:188} INFO - [2026-06-09T00:56:00.784+0000] {dag.py:3096} INFO - Sync 1 DAGs
[2026-06-09T00:56:00.809+0000] {logging_mixin.py:188} INFO - [2026-06-09T00:56:00.808+0000] {dag.py:3954} INFO - Setting next_dagrun for example_dynamic_task_mapping_with_no_taskflow_operators to 2026-06-08 00:00:00+00:00, run_after=2026-06-09 00:00:00+00:00
[2026-06-09T00:56:00.830+0000] {processor.py:183} INFO - Processing /home/airflow/.local/lib/python3.12/site-packages/airflow/example_dags/example_dynamic_task_mapping_with_no_taskflow_operators.py took 0.080 seconds
[2026-06-09T00:56:30.936+0000] {processor.py:161} INFO - Started process (PID=137627) to work on /home/airflow/.local/lib/python3.12/site-packages/airflow/example_dags/example_dynamic_task_mapping_with_no_taskflow_operators.py
[2026-06-09T00:56:30.937+0000] {processor.py:830} INFO - Processing file /home/airflow/.local/lib/python3.12/site-packages/airflow/example_dags/example_dynamic_task_mapping_with_no_taskflow_operators.py for tasks to queue
[2026-06-09T00:56:30.938+0000] {logging_mixin.py:188} INFO - [2026-06-09T00:56:30.938+0000] {dagbag.py:545} INFO - Filling up the DagBag from /home/airflow/.local/lib/python3.12/site-packages/airflow/example_dags/example_dynamic_task_mapping_with_no_taskflow_operators.py
[2026-06-09T00:56:30.945+0000] {processor.py:840} INFO - DAG(s) 'example_dynamic_task_mapping_with_no_taskflow_operators' retrieved from /home/airflow/.local/lib/python3.12/site-packages/airflow/example_dags/example_dynamic_task_mapping_with_no_taskflow_operators.py
[2026-06-09T00:56:30.965+0000] {logging_mixin.py:188} INFO - [2026-06-09T00:56:30.964+0000] {dag.py:3096} INFO - Sync 1 DAGs
[2026-06-09T00:56:30.986+0000] {logging_mixin.py:188} INFO - [2026-06-09T00:56:30.986+0000] {dag.py:3954} INFO - Setting next_dagrun for example_dynamic_task_mapping_with_no_taskflow_operators to 2026-06-08 00:00:00+00:00, run_after=2026-06-09 00:00:00+00:00
[2026-06-09T00:56:31.004+0000] {processor.py:183} INFO - Processing /home/airflow/.local/lib/python3.12/site-packages/airflow/example_dags/example_dynamic_task_mapping_with_no_taskflow_operators.py took 0.072 seconds
[2026-06-09T00:57:01.258+0000] {processor.py:161} INFO - Started process (PID=137889) to work on /home/airflow/.local/lib/python3.12/site-packages/airflow/example_dags/example_dynamic_task_mapping_with_no_taskflow_operators.py
[2026-06-09T00:57:01.259+0000] {processor.py:830} INFO - Processing file /home/airflow/.local/lib/python3.12/site-packages/airflow/example_dags/example_dynamic_task_mapping_with_no_taskflow_operators.py for tasks to queue
[2026-06-09T00:57:01.261+0000] {logging_mixin.py:188} INFO - [2026-06-09T00:57:01.261+0000] {dagbag.py:545} INFO - Filling up the DagBag from /home/airflow/.local/lib/python3.12/site-packages/airflow/example_dags/example_dynamic_task_mapping_with_no_taskflow_operators.py
[2026-06-09T00:57:01.267+0000] {processor.py:840} INFO - DAG(s) 'example_dynamic_task_mapping_with_no_taskflow_operators' retrieved from /home/airflow/.local/lib/python3.12/site-packages/airflow/example_dags/example_dynamic_task_mapping_with_no_taskflow_operators.py
[2026-06-09T00:57:01.288+0000] {logging_mixin.py:188} INFO - [2026-06-09T00:57:01.288+0000] {dag.py:3096} INFO - Sync 1 DAGs
[2026-06-09T00:57:01.310+0000] {logging_mixin.py:188} INFO - [2026-06-09T00:57:01.309+0000] {dag.py:3954} INFO - Setting next_dagrun for example_dynamic_task_mapping_with_no_taskflow_operators to 2026-06-08 00:00:00+00:00, run_after=2026-06-09 00:00:00+00:00
[2026-06-09T00:57:01.332+0000] {processor.py:183} INFO - Processing /home/airflow/.local/lib/python3.12/site-packages/airflow/example_dags/example_dynamic_task_mapping_with_no_taskflow_operators.py took 0.078 seconds
[2026-06-09T00:57:31.544+0000] {processor.py:161} INFO - Started process (PID=138151) to work on /home/airflow/.local/lib/python3.12/site-packages/airflow/example_dags/example_dynamic_task_mapping_with_no_taskflow_operators.py
[2026-06-09T00:57:31.546+0000] {processor.py:830} INFO - Processing file /home/airflow/.local/lib/python3.12/site-packages/airflow/example_dags/example_dynamic_task_mapping_with_no_taskflow_operators.py for tasks to queue
[2026-06-09T00:57:31.549+0000] {logging_mixin.py:188} INFO - [2026-06-09T00:57:31.549+0000] {dagbag.py:545} INFO - Filling up the DagBag from /home/airflow/.local/lib/python3.12/site-packages/airflow/example_dags/example_dynamic_task_mapping_with_no_taskflow_operators.py
[2026-06-09T00:57:31.555+0000] {processor.py:840} INFO - DAG(s) 'example_dynamic_task_mapping_with_no_taskflow_operators' retrieved from /home/airflow/.local/lib/python3.12/site-packages/airflow/example_dags/example_dynamic_task_mapping_with_no_taskflow_operators.py
[2026-06-09T00:57:31.576+0000] {logging_mixin.py:188} INFO - [2026-06-09T00:57:31.576+0000] {dag.py:3096} INFO - Sync 1 DAGs
[2026-06-09T00:57:31.600+0000] {logging_mixin.py:188} INFO - [2026-06-09T00:57:31.599+0000] {dag.py:3954} INFO - Setting next_dagrun for example_dynamic_task_mapping_with_no_taskflow_operators to 2026-06-08 00:00:00+00:00, run_after=2026-06-09 00:00:00+00:00
[2026-06-09T00:57:31.621+0000] {processor.py:183} INFO - Processing /home/airflow/.local/lib/python3.12/site-packages/airflow/example_dags/example_dynamic_task_mapping_with_no_taskflow_operators.py took 0.082 seconds
[2026-06-09T00:58:01.710+0000] {processor.py:161} INFO - Started process (PID=138413) to work on /home/airflow/.local/lib/python3.12/site-packages/airflow/example_dags/example_dynamic_task_mapping_with_no_taskflow_operators.py
[2026-06-09T00:58:01.711+0000] {processor.py:830} INFO - Processing file /home/airflow/.local/lib/python3.12/site-packages/airflow/example_dags/example_dynamic_task_mapping_with_no_taskflow_operators.py for tasks to queue
[2026-06-09T00:58:01.713+0000] {logging_mixin.py:188} INFO - [2026-06-09T00:58:01.713+0000] {dagbag.py:545} INFO - Filling up the DagBag from /home/airflow/.local/lib/python3.12/site-packages/airflow/example_dags/example_dynamic_task_mapping_with_no_taskflow_operators.py
[2026-06-09T00:58:01.720+0000] {processor.py:840} INFO - DAG(s) 'example_dynamic_task_mapping_with_no_taskflow_operators' retrieved from /home/airflow/.local/lib/python3.12/site-packages/airflow/example_dags/example_dynamic_task_mapping_with_no_taskflow_operators.py
[2026-06-09T00:58:01.742+0000] {logging_mixin.py:188} INFO - [2026-06-09T00:58:01.742+0000] {dag.py:3096} INFO - Sync 1 DAGs
[2026-06-09T00:58:01.764+0000] {logging_mixin.py:188} INFO - [2026-06-09T00:58:01.763+0000] {dag.py:3954} INFO - Setting next_dagrun for example_dynamic_task_mapping_with_no_taskflow_operators to 2026-06-08 00:00:00+00:00, run_after=2026-06-09 00:00:00+00:00
[2026-06-09T00:58:01.785+0000] {processor.py:183} INFO - Processing /home/airflow/.local/lib/python3.12/site-packages/airflow/example_dags/example_dynamic_task_mapping_with_no_taskflow_operators.py took 0.079 seconds
[2026-06-09T00:58:31.924+0000] {processor.py:161} INFO - Started process (PID=138675) to work on /home/airflow/.local/lib/python3.12/site-packages/airflow/example_dags/example_dynamic_task_mapping_with_no_taskflow_operators.py
[2026-06-09T00:58:31.925+0000] {processor.py:830} INFO - Processing file /home/airflow/.local/lib/python3.12/site-packages/airflow/example_dags/example_dynamic_task_mapping_with_no_taskflow_operators.py for tasks to queue
[2026-06-09T00:58:31.927+0000] {logging_mixin.py:188} INFO - [2026-06-09T00:58:31.927+0000] {dagbag.py:545} INFO - Filling up the DagBag from /home/airflow/.local/lib/python3.12/site-packages/airflow/example_dags/example_dynamic_task_mapping_with_no_taskflow_operators.py
[2026-06-09T00:58:31.934+0000] {processor.py:840} INFO - DAG(s) 'example_dynamic_task_mapping_with_no_taskflow_operators' retrieved from /home/airflow/.local/lib/python3.12/site-packages/airflow/example_dags/example_dynamic_task_mapping_with_no_taskflow_operators.py
[2026-06-09T00:58:31.954+0000] {logging_mixin.py:188} INFO - [2026-06-09T00:58:31.954+0000] {dag.py:3096} INFO - Sync 1 DAGs
[2026-06-09T00:58:31.976+0000] {logging_mixin.py:188} INFO - [2026-06-09T00:58:31.975+0000] {dag.py:3954} INFO - Setting next_dagrun for example_dynamic_task_mapping_with_no_taskflow_operators to 2026-06-08 00:00:00+00:00, run_after=2026-06-09 00:00:00+00:00
[2026-06-09T00:58:32.000+0000] {processor.py:183} INFO - Processing /home/airflow/.local/lib/python3.12/site-packages/airflow/example_dags/example_dynamic_task_mapping_with_no_taskflow_operators.py took 0.081 seconds
[2026-06-09T00:59:02.272+0000] {processor.py:161} INFO - Started process (PID=138937) to work on /home/airflow/.local/lib/python3.12/site-packages/airflow/example_dags/example_dynamic_task_mapping_with_no_taskflow_operators.py
[2026-06-09T00:59:02.273+0000] {processor.py:830} INFO - Processing file /home/airflow/.local/lib/python3.12/site-packages/airflow/example_dags/example_dynamic_task_mapping_with_no_taskflow_operators.py for tasks to queue
[2026-06-09T00:59:02.275+0000] {logging_mixin.py:188} INFO - [2026-06-09T00:59:02.275+0000] {dagbag.py:545} INFO - Filling up the DagBag from /home/airflow/.local/lib/python3.12/site-packages/airflow/example_dags/example_dynamic_task_mapping_with_no_taskflow_operators.py
[2026-06-09T00:59:02.283+0000] {processor.py:840} INFO - DAG(s) 'example_dynamic_task_mapping_with_no_taskflow_operators' retrieved from /home/airflow/.local/lib/python3.12/site-packages/airflow/example_dags/example_dynamic_task_mapping_with_no_taskflow_operators.py
[2026-06-09T00:59:02.304+0000] {logging_mixin.py:188} INFO - [2026-06-09T00:59:02.304+0000] {dag.py:3096} INFO - Sync 1 DAGs
[2026-06-09T00:59:02.326+0000] {logging_mixin.py:188} INFO - [2026-06-09T00:59:02.326+0000] {dag.py:3954} INFO - Setting next_dagrun for example_dynamic_task_mapping_with_no_taskflow_operators to 2026-06-08 00:00:00+00:00, run_after=2026-06-09 00:00:00+00:00
[2026-06-09T00:59:02.348+0000] {processor.py:183} INFO - Processing /home/airflow/.local/lib/python3.12/site-packages/airflow/example_dags/example_dynamic_task_mapping_with_no_taskflow_operators.py took 0.081 seconds
[2026-06-09T00:59:32.787+0000] {processor.py:161} INFO - Started process (PID=139199) to work on /home/airflow/.local/lib/python3.12/site-packages/airflow/example_dags/example_dynamic_task_mapping_with_no_taskflow_operators.py
[2026-06-09T00:59:32.788+0000] {processor.py:830} INFO - Processing file /home/airflow/.local/lib/python3.12/site-packages/airflow/example_dags/example_dynamic_task_mapping_with_no_taskflow_operators.py for tasks to queue
[2026-06-09T00:59:32.789+0000] {logging_mixin.py:188} INFO - [2026-06-09T00:59:32.789+0000] {dagbag.py:545} INFO - Filling up the DagBag from /home/airflow/.local/lib/python3.12/site-packages/airflow/example_dags/example_dynamic_task_mapping_with_no_taskflow_operators.py
[2026-06-09T00:59:32.797+0000] {processor.py:840} INFO - DAG(s) 'example_dynamic_task_mapping_with_no_taskflow_operators' retrieved from /home/airflow/.local/lib/python3.12/site-packages/airflow/example_dags/example_dynamic_task_mapping_with_no_taskflow_operators.py
[2026-06-09T00:59:32.816+0000] {logging_mixin.py:188} INFO - [2026-06-09T00:59:32.815+0000] {dag.py:3096} INFO - Sync 1 DAGs
[2026-06-09T00:59:32.837+0000] {logging_mixin.py:188} INFO - [2026-06-09T00:59:32.837+0000] {dag.py:3954} INFO - Setting next_dagrun for example_dynamic_task_mapping_with_no_taskflow_operators to 2026-06-08 00:00:00+00:00, run_after=2026-06-09 00:00:00+00:00
[2026-06-09T00:59:32.858+0000] {processor.py:183} INFO - Processing /home/airflow/.local/lib/python3.12/site-packages/airflow/example_dags/example_dynamic_task_mapping_with_no_taskflow_operators.py took 0.076 seconds
[2026-06-09T01:00:03.071+0000] {processor.py:161} INFO - Started process (PID=139461) to work on /home/airflow/.local/lib/python3.12/site-packages/airflow/example_dags/example_dynamic_task_mapping_with_no_taskflow_operators.py
[2026-06-09T01:00:03.072+0000] {processor.py:830} INFO - Processing file /home/airflow/.local/lib/python3.12/site-packages/airflow/example_dags/example_dynamic_task_mapping_with_no_taskflow_operators.py for tasks to queue
[2026-06-09T01:00:03.075+0000] {logging_mixin.py:188} INFO - [2026-06-09T01:00:03.075+0000] {dagbag.py:545} INFO - Filling up the DagBag from /home/airflow/.local/lib/python3.12/site-packages/airflow/example_dags/example_dynamic_task_mapping_with_no_taskflow_operators.py
[2026-06-09T01:00:03.081+0000] {processor.py:840} INFO - DAG(s) 'example_dynamic_task_mapping_with_no_taskflow_operators' retrieved from /home/airflow/.local/lib/python3.12/site-packages/airflow/example_dags/example_dynamic_task_mapping_with_no_taskflow_operators.py
[2026-06-09T01:00:03.100+0000] {logging_mixin.py:188} INFO - [2026-06-09T01:00:03.100+0000] {dag.py:3096} INFO - Sync 1 DAGs
[2026-06-09T01:00:03.120+0000] {logging_mixin.py:188} INFO - [2026-06-09T01:00:03.120+0000] {dag.py:3954} INFO - Setting next_dagrun for example_dynamic_task_mapping_with_no_taskflow_operators to 2026-06-08 00:00:00+00:00, run_after=2026-06-09 00:00:00+00:00
[2026-06-09T01:00:03.141+0000] {processor.py:183} INFO - Processing /home/airflow/.local/lib/python3.12/site-packages/airflow/example_dags/example_dynamic_task_mapping_with_no_taskflow_operators.py took 0.075 seconds
[2026-06-09T01:00:33.733+0000] {processor.py:161} INFO - Started process (PID=139723) to work on /home/airflow/.local/lib/python3.12/site-packages/airflow/example_dags/example_dynamic_task_mapping_with_no_taskflow_operators.py
[2026-06-09T01:00:33.734+0000] {processor.py:830} INFO - Processing file /home/airflow/.local/lib/python3.12/site-packages/airflow/example_dags/example_dynamic_task_mapping_with_no_taskflow_operators.py for tasks to queue
[2026-06-09T01:00:33.736+0000] {logging_mixin.py:188} INFO - [2026-06-09T01:00:33.736+0000] {dagbag.py:545} INFO - Filling up the DagBag from /home/airflow/.local/lib/python3.12/site-packages/airflow/example_dags/example_dynamic_task_mapping_with_no_taskflow_operators.py
[2026-06-09T01:00:33.743+0000] {processor.py:840} INFO - DAG(s) 'example_dynamic_task_mapping_with_no_taskflow_operators' retrieved from /home/airflow/.local/lib/python3.12/site-packages/airflow/example_dags/example_dynamic_task_mapping_with_no_taskflow_operators.py
[2026-06-09T01:00:33.763+0000] {logging_mixin.py:188} INFO - [2026-06-09T01:00:33.762+0000] {dag.py:3096} INFO - Sync 1 DAGs
[2026-06-09T01:00:33.785+0000] {logging_mixin.py:188} INFO - [2026-06-09T01:00:33.785+0000] {dag.py:3954} INFO - Setting next_dagrun for example_dynamic_task_mapping_with_no_taskflow_operators to 2026-06-08 00:00:00+00:00, run_after=2026-06-09 00:00:00+00:00
[2026-06-09T01:00:33.807+0000] {processor.py:183} INFO - Processing /home/airflow/.local/lib/python3.12/site-packages/airflow/example_dags/example_dynamic_task_mapping_with_no_taskflow_operators.py took 0.079 seconds
[2026-06-09T01:01:04.341+0000] {processor.py:161} INFO - Started process (PID=139985) to work on /home/airflow/.local/lib/python3.12/site-packages/airflow/example_dags/example_dynamic_task_mapping_with_no_taskflow_operators.py
[2026-06-09T01:01:04.342+0000] {processor.py:830} INFO - Processing file /home/airflow/.local/lib/python3.12/site-packages/airflow/example_dags/example_dynamic_task_mapping_with_no_taskflow_operators.py for tasks to queue
[2026-06-09T01:01:04.345+0000] {logging_mixin.py:188} INFO - [2026-06-09T01:01:04.344+0000] {dagbag.py:545} INFO - Filling up the DagBag from /home/airflow/.local/lib/python3.12/site-packages/airflow/example_dags/example_dynamic_task_mapping_with_no_taskflow_operators.py
[2026-06-09T01:01:04.351+0000] {processor.py:840} INFO - DAG(s) 'example_dynamic_task_mapping_with_no_taskflow_operators' retrieved from /home/airflow/.local/lib/python3.12/site-packages/airflow/example_dags/example_dynamic_task_mapping_with_no_taskflow_operators.py
[2026-06-09T01:01:04.374+0000] {logging_mixin.py:188} INFO - [2026-06-09T01:01:04.373+0000] {dag.py:3096} INFO - Sync 1 DAGs
[2026-06-09T01:01:04.410+0000] {logging_mixin.py:188} INFO - [2026-06-09T01:01:04.410+0000] {dag.py:3954} INFO - Setting next_dagrun for example_dynamic_task_mapping_with_no_taskflow_operators to 2026-06-08 00:00:00+00:00, run_after=2026-06-09 00:00:00+00:00
[2026-06-09T01:01:04.463+0000] {processor.py:183} INFO - Processing /home/airflow/.local/lib/python3.12/site-packages/airflow/example_dags/example_dynamic_task_mapping_with_no_taskflow_operators.py took 0.129 seconds
[2026-06-09T01:01:34.857+0000] {processor.py:161} INFO - Started process (PID=140247) to work on /home/airflow/.local/lib/python3.12/site-packages/airflow/example_dags/example_dynamic_task_mapping_with_no_taskflow_operators.py
[2026-06-09T01:01:34.858+0000] {processor.py:830} INFO - Processing file /home/airflow/.local/lib/python3.12/site-packages/airflow/example_dags/example_dynamic_task_mapping_with_no_taskflow_operators.py for tasks to queue
[2026-06-09T01:01:34.859+0000] {logging_mixin.py:188} INFO - [2026-06-09T01:01:34.859+0000] {dagbag.py:545} INFO - Filling up the DagBag from /home/airflow/.local/lib/python3.12/site-packages/airflow/example_dags/example_dynamic_task_mapping_with_no_taskflow_operators.py
[2026-06-09T01:01:34.866+0000] {processor.py:840} INFO - DAG(s) 'example_dynamic_task_mapping_with_no_taskflow_operators' retrieved from /home/airflow/.local/lib/python3.12/site-packages/airflow/example_dags/example_dynamic_task_mapping_with_no_taskflow_operators.py
[2026-06-09T01:01:34.886+0000] {logging_mixin.py:188} INFO - [2026-06-09T01:01:34.885+0000] {dag.py:3096} INFO - Sync 1 DAGs
[2026-06-09T01:01:34.908+0000] {logging_mixin.py:188} INFO - [2026-06-09T01:01:34.908+0000] {dag.py:3954} INFO - Setting next_dagrun for example_dynamic_task_mapping_with_no_taskflow_operators to 2026-06-08 00:00:00+00:00, run_after=2026-06-09 00:00:00+00:00
[2026-06-09T01:01:34.927+0000] {processor.py:183} INFO - Processing /home/airflow/.local/lib/python3.12/site-packages/airflow/example_dags/example_dynamic_task_mapping_with_no_taskflow_operators.py took 0.075 seconds
[2026-06-09T01:02:05.451+0000] {processor.py:161} INFO - Started process (PID=140509) to work on /home/airflow/.local/lib/python3.12/site-packages/airflow/example_dags/example_dynamic_task_mapping_with_no_taskflow_operators.py
[2026-06-09T01:02:05.452+0000] {processor.py:830} INFO - Processing file /home/airflow/.local/lib/python3.12/site-packages/airflow/example_dags/example_dynamic_task_mapping_with_no_taskflow_operators.py for tasks to queue
[2026-06-09T01:02:05.454+0000] {logging_mixin.py:188} INFO - [2026-06-09T01:02:05.454+0000] {dagbag.py:545} INFO - Filling up the DagBag from /home/airflow/.local/lib/python3.12/site-packages/airflow/example_dags/example_dynamic_task_mapping_with_no_taskflow_operators.py
[2026-06-09T01:02:05.459+0000] {processor.py:840} INFO - DAG(s) 'example_dynamic_task_mapping_with_no_taskflow_operators' retrieved from /home/airflow/.local/lib/python3.12/site-packages/airflow/example_dags/example_dynamic_task_mapping_with_no_taskflow_operators.py
[2026-06-09T01:02:05.488+0000] {logging_mixin.py:188} INFO - [2026-06-09T01:02:05.488+0000] {dag.py:3096} INFO - Sync 1 DAGs
[2026-06-09T01:02:05.508+0000] {logging_mixin.py:188} INFO - [2026-06-09T01:02:05.508+0000] {dag.py:3954} INFO - Setting next_dagrun for example_dynamic_task_mapping_with_no_taskflow_operators to 2026-06-08 00:00:00+00:00, run_after=2026-06-09 00:00:00+00:00
[2026-06-09T01:02:05.528+0000] {processor.py:183} INFO - Processing /home/airflow/.local/lib/python3.12/site-packages/airflow/example_dags/example_dynamic_task_mapping_with_no_taskflow_operators.py took 0.084 seconds
[2026-06-09T01:02:35.710+0000] {processor.py:161} INFO - Started process (PID=140771) to work on /home/airflow/.local/lib/python3.12/site-packages/airflow/example_dags/example_dynamic_task_mapping_with_no_taskflow_operators.py
[2026-06-09T01:02:35.713+0000] {processor.py:830} INFO - Processing file /home/airflow/.local/lib/python3.12/site-packages/airflow/example_dags/example_dynamic_task_mapping_with_no_taskflow_operators.py for tasks to queue
[2026-06-09T01:02:35.715+0000] {logging_mixin.py:188} INFO - [2026-06-09T01:02:35.715+0000] {dagbag.py:545} INFO - Filling up the DagBag from /home/airflow/.local/lib/python3.12/site-packages/airflow/example_dags/example_dynamic_task_mapping_with_no_taskflow_operators.py
[2026-06-09T01:02:35.722+0000] {processor.py:840} INFO - DAG(s) 'example_dynamic_task_mapping_with_no_taskflow_operators' retrieved from /home/airflow/.local/lib/python3.12/site-packages/airflow/example_dags/example_dynamic_task_mapping_with_no_taskflow_operators.py
[2026-06-09T01:02:35.743+0000] {logging_mixin.py:188} INFO - [2026-06-09T01:02:35.743+0000] {dag.py:3096} INFO - Sync 1 DAGs
[2026-06-09T01:02:35.767+0000] {logging_mixin.py:188} INFO - [2026-06-09T01:02:35.767+0000] {dag.py:3954} INFO - Setting next_dagrun for example_dynamic_task_mapping_with_no_taskflow_operators to 2026-06-08 00:00:00+00:00, run_after=2026-06-09 00:00:00+00:00
[2026-06-09T01:02:35.789+0000] {processor.py:183} INFO - Processing /home/airflow/.local/lib/python3.12/site-packages/airflow/example_dags/example_dynamic_task_mapping_with_no_taskflow_operators.py took 0.083 seconds
[2026-06-09T01:03:05.900+0000] {processor.py:161} INFO - Started process (PID=141033) to work on /home/airflow/.local/lib/python3.12/site-packages/airflow/example_dags/example_dynamic_task_mapping_with_no_taskflow_operators.py
[2026-06-09T01:03:05.900+0000] {processor.py:830} INFO - Processing file /home/airflow/.local/lib/python3.12/site-packages/airflow/example_dags/example_dynamic_task_mapping_with_no_taskflow_operators.py for tasks to queue
[2026-06-09T01:03:05.902+0000] {logging_mixin.py:188} INFO - [2026-06-09T01:03:05.902+0000] {dagbag.py:545} INFO - Filling up the DagBag from /home/airflow/.local/lib/python3.12/site-packages/airflow/example_dags/example_dynamic_task_mapping_with_no_taskflow_operators.py
[2026-06-09T01:03:05.907+0000] {processor.py:840} INFO - DAG(s) 'example_dynamic_task_mapping_with_no_taskflow_operators' retrieved from /home/airflow/.local/lib/python3.12/site-packages/airflow/example_dags/example_dynamic_task_mapping_with_no_taskflow_operators.py
[2026-06-09T01:03:05.930+0000] {logging_mixin.py:188} INFO - [2026-06-09T01:03:05.930+0000] {dag.py:3096} INFO - Sync 1 DAGs
[2026-06-09T01:03:05.956+0000] {logging_mixin.py:188} INFO - [2026-06-09T01:03:05.956+0000] {dag.py:3954} INFO - Setting next_dagrun for example_dynamic_task_mapping_with_no_taskflow_operators to 2026-06-08 00:00:00+00:00, run_after=2026-06-09 00:00:00+00:00
[2026-06-09T01:03:05.980+0000] {processor.py:183} INFO - Processing /home/airflow/.local/lib/python3.12/site-packages/airflow/example_dags/example_dynamic_task_mapping_with_no_taskflow_operators.py took 0.088 seconds
[2026-06-09T01:03:36.445+0000] {processor.py:161} INFO - Started process (PID=141295) to work on /home/airflow/.local/lib/python3.12/site-packages/airflow/example_dags/example_dynamic_task_mapping_with_no_taskflow_operators.py
[2026-06-09T01:03:36.447+0000] {processor.py:830} INFO - Processing file /home/airflow/.local/lib/python3.12/site-packages/airflow/example_dags/example_dynamic_task_mapping_with_no_taskflow_operators.py for tasks to queue
[2026-06-09T01:03:36.449+0000] {logging_mixin.py:188} INFO - [2026-06-09T01:03:36.448+0000] {dagbag.py:545} INFO - Filling up the DagBag from /home/airflow/.local/lib/python3.12/site-packages/airflow/example_dags/example_dynamic_task_mapping_with_no_taskflow_operators.py
[2026-06-09T01:03:36.454+0000] {processor.py:840} INFO - DAG(s) 'example_dynamic_task_mapping_with_no_taskflow_operators' retrieved from /home/airflow/.local/lib/python3.12/site-packages/airflow/example_dags/example_dynamic_task_mapping_with_no_taskflow_operators.py
[2026-06-09T01:03:36.474+0000] {logging_mixin.py:188} INFO - [2026-06-09T01:03:36.474+0000] {dag.py:3096} INFO - Sync 1 DAGs
[2026-06-09T01:03:36.501+0000] {logging_mixin.py:188} INFO - [2026-06-09T01:03:36.500+0000] {dag.py:3954} INFO - Setting next_dagrun for example_dynamic_task_mapping_with_no_taskflow_operators to 2026-06-08 00:00:00+00:00, run_after=2026-06-09 00:00:00+00:00
[2026-06-09T01:03:36.523+0000] {processor.py:183} INFO - Processing /home/airflow/.local/lib/python3.12/site-packages/airflow/example_dags/example_dynamic_task_mapping_with_no_taskflow_operators.py took 0.083 seconds
[2026-06-09T01:04:06.717+0000] {processor.py:161} INFO - Started process (PID=141557) to work on /home/airflow/.local/lib/python3.12/site-packages/airflow/example_dags/example_dynamic_task_mapping_with_no_taskflow_operators.py
[2026-06-09T01:04:06.718+0000] {processor.py:830} INFO - Processing file /home/airflow/.local/lib/python3.12/site-packages/airflow/example_dags/example_dynamic_task_mapping_with_no_taskflow_operators.py for tasks to queue
[2026-06-09T01:04:06.721+0000] {logging_mixin.py:188} INFO - [2026-06-09T01:04:06.721+0000] {dagbag.py:545} INFO - Filling up the DagBag from /home/airflow/.local/lib/python3.12/site-packages/airflow/example_dags/example_dynamic_task_mapping_with_no_taskflow_operators.py
[2026-06-09T01:04:06.727+0000] {processor.py:840} INFO - DAG(s) 'example_dynamic_task_mapping_with_no_taskflow_operators' retrieved from /home/airflow/.local/lib/python3.12/site-packages/airflow/example_dags/example_dynamic_task_mapping_with_no_taskflow_operators.py
[2026-06-09T01:04:06.747+0000] {logging_mixin.py:188} INFO - [2026-06-09T01:04:06.747+0000] {dag.py:3096} INFO - Sync 1 DAGs
[2026-06-09T01:04:06.770+0000] {logging_mixin.py:188} INFO - [2026-06-09T01:04:06.769+0000] {dag.py:3954} INFO - Setting next_dagrun for example_dynamic_task_mapping_with_no_taskflow_operators to 2026-06-08 00:00:00+00:00, run_after=2026-06-09 00:00:00+00:00
[2026-06-09T01:04:06.792+0000] {processor.py:183} INFO - Processing /home/airflow/.local/lib/python3.12/site-packages/airflow/example_dags/example_dynamic_task_mapping_with_no_taskflow_operators.py took 0.080 seconds
[2026-06-09T01:04:36.969+0000] {processor.py:161} INFO - Started process (PID=141819) to work on /home/airflow/.local/lib/python3.12/site-packages/airflow/example_dags/example_dynamic_task_mapping_with_no_taskflow_operators.py
[2026-06-09T01:04:36.969+0000] {processor.py:830} INFO - Processing file /home/airflow/.local/lib/python3.12/site-packages/airflow/example_dags/example_dynamic_task_mapping_with_no_taskflow_operators.py for tasks to queue
[2026-06-09T01:04:36.971+0000] {logging_mixin.py:188} INFO - [2026-06-09T01:04:36.971+0000] {dagbag.py:545} INFO - Filling up the DagBag from /home/airflow/.local/lib/python3.12/site-packages/airflow/example_dags/example_dynamic_task_mapping_with_no_taskflow_operators.py
[2026-06-09T01:04:36.977+0000] {processor.py:840} INFO - DAG(s) 'example_dynamic_task_mapping_with_no_taskflow_operators' retrieved from /home/airflow/.local/lib/python3.12/site-packages/airflow/example_dags/example_dynamic_task_mapping_with_no_taskflow_operators.py
[2026-06-09T01:04:36.999+0000] {logging_mixin.py:188} INFO - [2026-06-09T01:04:36.999+0000] {dag.py:3096} INFO - Sync 1 DAGs
[2026-06-09T01:04:37.025+0000] {logging_mixin.py:188} INFO - [2026-06-09T01:04:37.024+0000] {dag.py:3954} INFO - Setting next_dagrun for example_dynamic_task_mapping_with_no_taskflow_operators to 2026-06-08 00:00:00+00:00, run_after=2026-06-09 00:00:00+00:00
[2026-06-09T01:04:37.045+0000] {processor.py:183} INFO - Processing /home/airflow/.local/lib/python3.12/site-packages/airflow/example_dags/example_dynamic_task_mapping_with_no_taskflow_operators.py took 0.083 seconds
[2026-06-09T01:05:07.337+0000] {processor.py:161} INFO - Started process (PID=142081) to work on /home/airflow/.local/lib/python3.12/site-packages/airflow/example_dags/example_dynamic_task_mapping_with_no_taskflow_operators.py
[2026-06-09T01:05:07.339+0000] {processor.py:830} INFO - Processing file /home/airflow/.local/lib/python3.12/site-packages/airflow/example_dags/example_dynamic_task_mapping_with_no_taskflow_operators.py for tasks to queue
[2026-06-09T01:05:07.343+0000] {logging_mixin.py:188} INFO - [2026-06-09T01:05:07.342+0000] {dagbag.py:545} INFO - Filling up the DagBag from /home/airflow/.local/lib/python3.12/site-packages/airflow/example_dags/example_dynamic_task_mapping_with_no_taskflow_operators.py
[2026-06-09T01:05:07.348+0000] {processor.py:840} INFO - DAG(s) 'example_dynamic_task_mapping_with_no_taskflow_operators' retrieved from /home/airflow/.local/lib/python3.12/site-packages/airflow/example_dags/example_dynamic_task_mapping_with_no_taskflow_operators.py
[2026-06-09T01:05:07.369+0000] {logging_mixin.py:188} INFO - [2026-06-09T01:05:07.369+0000] {dag.py:3096} INFO - Sync 1 DAGs
[2026-06-09T01:05:07.397+0000] {logging_mixin.py:188} INFO - [2026-06-09T01:05:07.397+0000] {dag.py:3954} INFO - Setting next_dagrun for example_dynamic_task_mapping_with_no_taskflow_operators to 2026-06-08 00:00:00+00:00, run_after=2026-06-09 00:00:00+00:00
[2026-06-09T01:05:07.418+0000] {processor.py:183} INFO - Processing /home/airflow/.local/lib/python3.12/site-packages/airflow/example_dags/example_dynamic_task_mapping_with_no_taskflow_operators.py took 0.087 seconds
[2026-06-09T01:05:37.536+0000] {processor.py:161} INFO - Started process (PID=142343) to work on /home/airflow/.local/lib/python3.12/site-packages/airflow/example_dags/example_dynamic_task_mapping_with_no_taskflow_operators.py
[2026-06-09T01:05:37.537+0000] {processor.py:830} INFO - Processing file /home/airflow/.local/lib/python3.12/site-packages/airflow/example_dags/example_dynamic_task_mapping_with_no_taskflow_operators.py for tasks to queue
[2026-06-09T01:05:37.539+0000] {logging_mixin.py:188} INFO - [2026-06-09T01:05:37.538+0000] {dagbag.py:545} INFO - Filling up the DagBag from /home/airflow/.local/lib/python3.12/site-packages/airflow/example_dags/example_dynamic_task_mapping_with_no_taskflow_operators.py
[2026-06-09T01:05:37.544+0000] {processor.py:840} INFO - DAG(s) 'example_dynamic_task_mapping_with_no_taskflow_operators' retrieved from /home/airflow/.local/lib/python3.12/site-packages/airflow/example_dags/example_dynamic_task_mapping_with_no_taskflow_operators.py
[2026-06-09T01:05:37.565+0000] {logging_mixin.py:188} INFO - [2026-06-09T01:05:37.565+0000] {dag.py:3096} INFO - Sync 1 DAGs
[2026-06-09T01:05:37.590+0000] {logging_mixin.py:188} INFO - [2026-06-09T01:05:37.590+0000] {dag.py:3954} INFO - Setting next_dagrun for example_dynamic_task_mapping_with_no_taskflow_operators to 2026-06-08 00:00:00+00:00, run_after=2026-06-09 00:00:00+00:00
[2026-06-09T01:05:37.611+0000] {processor.py:183} INFO - Processing /home/airflow/.local/lib/python3.12/site-packages/airflow/example_dags/example_dynamic_task_mapping_with_no_taskflow_operators.py took 0.083 seconds
[2026-06-09T01:06:07.983+0000] {processor.py:161} INFO - Started process (PID=142605) to work on /home/airflow/.local/lib/python3.12/site-packages/airflow/example_dags/example_dynamic_task_mapping_with_no_taskflow_operators.py
[2026-06-09T01:06:07.984+0000] {processor.py:830} INFO - Processing file /home/airflow/.local/lib/python3.12/site-packages/airflow/example_dags/example_dynamic_task_mapping_with_no_taskflow_operators.py for tasks to queue
[2026-06-09T01:06:07.987+0000] {logging_mixin.py:188} INFO - [2026-06-09T01:06:07.987+0000] {dagbag.py:545} INFO - Filling up the DagBag from /home/airflow/.local/lib/python3.12/site-packages/airflow/example_dags/example_dynamic_task_mapping_with_no_taskflow_operators.py
[2026-06-09T01:06:07.993+0000] {processor.py:840} INFO - DAG(s) 'example_dynamic_task_mapping_with_no_taskflow_operators' retrieved from /home/airflow/.local/lib/python3.12/site-packages/airflow/example_dags/example_dynamic_task_mapping_with_no_taskflow_operators.py
[2026-06-09T01:06:08.013+0000] {logging_mixin.py:188} INFO - [2026-06-09T01:06:08.013+0000] {dag.py:3096} INFO - Sync 1 DAGs
[2026-06-09T01:06:08.039+0000] {logging_mixin.py:188} INFO - [2026-06-09T01:06:08.038+0000] {dag.py:3954} INFO - Setting next_dagrun for example_dynamic_task_mapping_with_no_taskflow_operators to 2026-06-08 00:00:00+00:00, run_after=2026-06-09 00:00:00+00:00
[2026-06-09T01:06:08.062+0000] {processor.py:183} INFO - Processing /home/airflow/.local/lib/python3.12/site-packages/airflow/example_dags/example_dynamic_task_mapping_with_no_taskflow_operators.py took 0.086 seconds
[2026-06-09T01:06:38.164+0000] {processor.py:161} INFO - Started process (PID=142867) to work on /home/airflow/.local/lib/python3.12/site-packages/airflow/example_dags/example_dynamic_task_mapping_with_no_taskflow_operators.py
[2026-06-09T01:06:38.165+0000] {processor.py:830} INFO - Processing file /home/airflow/.local/lib/python3.12/site-packages/airflow/example_dags/example_dynamic_task_mapping_with_no_taskflow_operators.py for tasks to queue
[2026-06-09T01:06:38.167+0000] {logging_mixin.py:188} INFO - [2026-06-09T01:06:38.167+0000] {dagbag.py:545} INFO - Filling up the DagBag from /home/airflow/.local/lib/python3.12/site-packages/airflow/example_dags/example_dynamic_task_mapping_with_no_taskflow_operators.py
[2026-06-09T01:06:38.173+0000] {processor.py:840} INFO - DAG(s) 'example_dynamic_task_mapping_with_no_taskflow_operators' retrieved from /home/airflow/.local/lib/python3.12/site-packages/airflow/example_dags/example_dynamic_task_mapping_with_no_taskflow_operators.py
[2026-06-09T01:06:38.197+0000] {logging_mixin.py:188} INFO - [2026-06-09T01:06:38.197+0000] {dag.py:3096} INFO - Sync 1 DAGs
[2026-06-09T01:06:38.224+0000] {logging_mixin.py:188} INFO - [2026-06-09T01:06:38.224+0000] {dag.py:3954} INFO - Setting next_dagrun for example_dynamic_task_mapping_with_no_taskflow_operators to 2026-06-08 00:00:00+00:00, run_after=2026-06-09 00:00:00+00:00
[2026-06-09T01:06:38.253+0000] {processor.py:183} INFO - Processing /home/airflow/.local/lib/python3.12/site-packages/airflow/example_dags/example_dynamic_task_mapping_with_no_taskflow_operators.py took 0.095 seconds
[2026-06-09T01:07:08.313+0000] {processor.py:161} INFO - Started process (PID=143126) to work on /home/airflow/.local/lib/python3.12/site-packages/airflow/example_dags/example_dynamic_task_mapping_with_no_taskflow_operators.py
[2026-06-09T01:07:08.315+0000] {processor.py:830} INFO - Processing file /home/airflow/.local/lib/python3.12/site-packages/airflow/example_dags/example_dynamic_task_mapping_with_no_taskflow_operators.py for tasks to queue
[2026-06-09T01:07:08.316+0000] {logging_mixin.py:188} INFO - [2026-06-09T01:07:08.316+0000] {dagbag.py:545} INFO - Filling up the DagBag from /home/airflow/.local/lib/python3.12/site-packages/airflow/example_dags/example_dynamic_task_mapping_with_no_taskflow_operators.py
[2026-06-09T01:07:08.322+0000] {processor.py:840} INFO - DAG(s) 'example_dynamic_task_mapping_with_no_taskflow_operators' retrieved from /home/airflow/.local/lib/python3.12/site-packages/airflow/example_dags/example_dynamic_task_mapping_with_no_taskflow_operators.py
[2026-06-09T01:07:08.344+0000] {logging_mixin.py:188} INFO - [2026-06-09T01:07:08.343+0000] {dag.py:3096} INFO - Sync 1 DAGs
[2026-06-09T01:07:08.367+0000] {logging_mixin.py:188} INFO - [2026-06-09T01:07:08.367+0000] {dag.py:3954} INFO - Setting next_dagrun for example_dynamic_task_mapping_with_no_taskflow_operators to 2026-06-08 00:00:00+00:00, run_after=2026-06-09 00:00:00+00:00
[2026-06-09T01:07:08.387+0000] {processor.py:183} INFO - Processing /home/airflow/.local/lib/python3.12/site-packages/airflow/example_dags/example_dynamic_task_mapping_with_no_taskflow_operators.py took 0.082 seconds
[2026-06-09T01:07:38.586+0000] {processor.py:161} INFO - Started process (PID=143386) to work on /home/airflow/.local/lib/python3.12/site-packages/airflow/example_dags/example_dynamic_task_mapping_with_no_taskflow_operators.py
[2026-06-09T01:07:38.587+0000] {processor.py:830} INFO - Processing file /home/airflow/.local/lib/python3.12/site-packages/airflow/example_dags/example_dynamic_task_mapping_with_no_taskflow_operators.py for tasks to queue
[2026-06-09T01:07:38.588+0000] {logging_mixin.py:188} INFO - [2026-06-09T01:07:38.588+0000] {dagbag.py:545} INFO - Filling up the DagBag from /home/airflow/.local/lib/python3.12/site-packages/airflow/example_dags/example_dynamic_task_mapping_with_no_taskflow_operators.py
[2026-06-09T01:07:38.593+0000] {processor.py:840} INFO - DAG(s) 'example_dynamic_task_mapping_with_no_taskflow_operators' retrieved from /home/airflow/.local/lib/python3.12/site-packages/airflow/example_dags/example_dynamic_task_mapping_with_no_taskflow_operators.py
[2026-06-09T01:07:38.616+0000] {logging_mixin.py:188} INFO - [2026-06-09T01:07:38.615+0000] {dag.py:3096} INFO - Sync 1 DAGs
[2026-06-09T01:07:38.636+0000] {logging_mixin.py:188} INFO - [2026-06-09T01:07:38.636+0000] {dag.py:3954} INFO - Setting next_dagrun for example_dynamic_task_mapping_with_no_taskflow_operators to 2026-06-08 00:00:00+00:00, run_after=2026-06-09 00:00:00+00:00
[2026-06-09T01:07:38.657+0000] {processor.py:183} INFO - Processing /home/airflow/.local/lib/python3.12/site-packages/airflow/example_dags/example_dynamic_task_mapping_with_no_taskflow_operators.py took 0.076 seconds
[2026-06-09T01:08:08.856+0000] {processor.py:161} INFO - Started process (PID=143648) to work on /home/airflow/.local/lib/python3.12/site-packages/airflow/example_dags/example_dynamic_task_mapping_with_no_taskflow_operators.py
[2026-06-09T01:08:08.857+0000] {processor.py:830} INFO - Processing file /home/airflow/.local/lib/python3.12/site-packages/airflow/example_dags/example_dynamic_task_mapping_with_no_taskflow_operators.py for tasks to queue
[2026-06-09T01:08:08.859+0000] {logging_mixin.py:188} INFO - [2026-06-09T01:08:08.859+0000] {dagbag.py:545} INFO - Filling up the DagBag from /home/airflow/.local/lib/python3.12/site-packages/airflow/example_dags/example_dynamic_task_mapping_with_no_taskflow_operators.py
[2026-06-09T01:08:08.864+0000] {processor.py:840} INFO - DAG(s) 'example_dynamic_task_mapping_with_no_taskflow_operators' retrieved from /home/airflow/.local/lib/python3.12/site-packages/airflow/example_dags/example_dynamic_task_mapping_with_no_taskflow_operators.py
[2026-06-09T01:08:08.884+0000] {logging_mixin.py:188} INFO - [2026-06-09T01:08:08.884+0000] {dag.py:3096} INFO - Sync 1 DAGs
[2026-06-09T01:08:08.906+0000] {logging_mixin.py:188} INFO - [2026-06-09T01:08:08.905+0000] {dag.py:3954} INFO - Setting next_dagrun for example_dynamic_task_mapping_with_no_taskflow_operators to 2026-06-08 00:00:00+00:00, run_after=2026-06-09 00:00:00+00:00
[2026-06-09T01:08:08.925+0000] {processor.py:183} INFO - Processing /home/airflow/.local/lib/python3.12/site-packages/airflow/example_dags/example_dynamic_task_mapping_with_no_taskflow_operators.py took 0.076 seconds
[2026-06-09T01:08:39.697+0000] {processor.py:161} INFO - Started process (PID=143921) to work on /home/airflow/.local/lib/python3.12/site-packages/airflow/example_dags/example_dynamic_task_mapping_with_no_taskflow_operators.py
[2026-06-09T01:08:39.699+0000] {processor.py:830} INFO - Processing file /home/airflow/.local/lib/python3.12/site-packages/airflow/example_dags/example_dynamic_task_mapping_with_no_taskflow_operators.py for tasks to queue
[2026-06-09T01:08:39.701+0000] {logging_mixin.py:188} INFO - [2026-06-09T01:08:39.700+0000] {dagbag.py:545} INFO - Filling up the DagBag from /home/airflow/.local/lib/python3.12/site-packages/airflow/example_dags/example_dynamic_task_mapping_with_no_taskflow_operators.py
[2026-06-09T01:08:39.708+0000] {processor.py:840} INFO - DAG(s) 'example_dynamic_task_mapping_with_no_taskflow_operators' retrieved from /home/airflow/.local/lib/python3.12/site-packages/airflow/example_dags/example_dynamic_task_mapping_with_no_taskflow_operators.py
[2026-06-09T01:08:39.728+0000] {logging_mixin.py:188} INFO - [2026-06-09T01:08:39.728+0000] {dag.py:3096} INFO - Sync 1 DAGs
[2026-06-09T01:08:39.752+0000] {logging_mixin.py:188} INFO - [2026-06-09T01:08:39.752+0000] {dag.py:3954} INFO - Setting next_dagrun for example_dynamic_task_mapping_with_no_taskflow_operators to 2026-06-08 00:00:00+00:00, run_after=2026-06-09 00:00:00+00:00
[2026-06-09T01:08:39.773+0000] {processor.py:183} INFO - Processing /home/airflow/.local/lib/python3.12/site-packages/airflow/example_dags/example_dynamic_task_mapping_with_no_taskflow_operators.py took 0.080 seconds
[2026-06-09T01:09:10.003+0000] {processor.py:161} INFO - Started process (PID=144183) to work on /home/airflow/.local/lib/python3.12/site-packages/airflow/example_dags/example_dynamic_task_mapping_with_no_taskflow_operators.py
[2026-06-09T01:09:10.004+0000] {processor.py:830} INFO - Processing file /home/airflow/.local/lib/python3.12/site-packages/airflow/example_dags/example_dynamic_task_mapping_with_no_taskflow_operators.py for tasks to queue
[2026-06-09T01:09:10.006+0000] {logging_mixin.py:188} INFO - [2026-06-09T01:09:10.006+0000] {dagbag.py:545} INFO - Filling up the DagBag from /home/airflow/.local/lib/python3.12/site-packages/airflow/example_dags/example_dynamic_task_mapping_with_no_taskflow_operators.py
[2026-06-09T01:09:10.011+0000] {processor.py:840} INFO - DAG(s) 'example_dynamic_task_mapping_with_no_taskflow_operators' retrieved from /home/airflow/.local/lib/python3.12/site-packages/airflow/example_dags/example_dynamic_task_mapping_with_no_taskflow_operators.py
[2026-06-09T01:09:10.032+0000] {logging_mixin.py:188} INFO - [2026-06-09T01:09:10.031+0000] {dag.py:3096} INFO - Sync 1 DAGs
[2026-06-09T01:09:10.056+0000] {logging_mixin.py:188} INFO - [2026-06-09T01:09:10.055+0000] {dag.py:3954} INFO - Setting next_dagrun for example_dynamic_task_mapping_with_no_taskflow_operators to 2026-06-08 00:00:00+00:00, run_after=2026-06-09 00:00:00+00:00
[2026-06-09T01:09:10.077+0000] {processor.py:183} INFO - Processing /home/airflow/.local/lib/python3.12/site-packages/airflow/example_dags/example_dynamic_task_mapping_with_no_taskflow_operators.py took 0.080 seconds
[2026-06-09T01:09:40.357+0000] {processor.py:161} INFO - Started process (PID=144445) to work on /home/airflow/.local/lib/python3.12/site-packages/airflow/example_dags/example_dynamic_task_mapping_with_no_taskflow_operators.py
[2026-06-09T01:09:40.359+0000] {processor.py:830} INFO - Processing file /home/airflow/.local/lib/python3.12/site-packages/airflow/example_dags/example_dynamic_task_mapping_with_no_taskflow_operators.py for tasks to queue
[2026-06-09T01:09:40.361+0000] {logging_mixin.py:188} INFO - [2026-06-09T01:09:40.361+0000] {dagbag.py:545} INFO - Filling up the DagBag from /home/airflow/.local/lib/python3.12/site-packages/airflow/example_dags/example_dynamic_task_mapping_with_no_taskflow_operators.py
[2026-06-09T01:09:40.367+0000] {processor.py:840} INFO - DAG(s) 'example_dynamic_task_mapping_with_no_taskflow_operators' retrieved from /home/airflow/.local/lib/python3.12/site-packages/airflow/example_dags/example_dynamic_task_mapping_with_no_taskflow_operators.py
[2026-06-09T01:09:40.391+0000] {logging_mixin.py:188} INFO - [2026-06-09T01:09:40.390+0000] {dag.py:3096} INFO - Sync 1 DAGs
[2026-06-09T01:09:40.418+0000] {logging_mixin.py:188} INFO - [2026-06-09T01:09:40.417+0000] {dag.py:3954} INFO - Setting next_dagrun for example_dynamic_task_mapping_with_no_taskflow_operators to 2026-06-08 00:00:00+00:00, run_after=2026-06-09 00:00:00+00:00
[2026-06-09T01:09:40.441+0000] {processor.py:183} INFO - Processing /home/airflow/.local/lib/python3.12/site-packages/airflow/example_dags/example_dynamic_task_mapping_with_no_taskflow_operators.py took 0.089 seconds
[2026-06-09T01:10:10.545+0000] {processor.py:161} INFO - Started process (PID=144701) to work on /home/airflow/.local/lib/python3.12/site-packages/airflow/example_dags/example_dynamic_task_mapping_with_no_taskflow_operators.py
[2026-06-09T01:10:10.546+0000] {processor.py:830} INFO - Processing file /home/airflow/.local/lib/python3.12/site-packages/airflow/example_dags/example_dynamic_task_mapping_with_no_taskflow_operators.py for tasks to queue
[2026-06-09T01:10:10.549+0000] {logging_mixin.py:188} INFO - [2026-06-09T01:10:10.549+0000] {dagbag.py:545} INFO - Filling up the DagBag from /home/airflow/.local/lib/python3.12/site-packages/airflow/example_dags/example_dynamic_task_mapping_with_no_taskflow_operators.py
[2026-06-09T01:10:10.555+0000] {processor.py:840} INFO - DAG(s) 'example_dynamic_task_mapping_with_no_taskflow_operators' retrieved from /home/airflow/.local/lib/python3.12/site-packages/airflow/example_dags/example_dynamic_task_mapping_with_no_taskflow_operators.py
[2026-06-09T01:10:10.577+0000] {logging_mixin.py:188} INFO - [2026-06-09T01:10:10.576+0000] {dag.py:3096} INFO - Sync 1 DAGs
[2026-06-09T01:10:10.599+0000] {logging_mixin.py:188} INFO - [2026-06-09T01:10:10.599+0000] {dag.py:3954} INFO - Setting next_dagrun for example_dynamic_task_mapping_with_no_taskflow_operators to 2026-06-08 00:00:00+00:00, run_after=2026-06-09 00:00:00+00:00
[2026-06-09T01:10:10.621+0000] {processor.py:183} INFO - Processing /home/airflow/.local/lib/python3.12/site-packages/airflow/example_dags/example_dynamic_task_mapping_with_no_taskflow_operators.py took 0.081 seconds
[2026-06-09T01:10:40.906+0000] {processor.py:161} INFO - Started process (PID=144963) to work on /home/airflow/.local/lib/python3.12/site-packages/airflow/example_dags/example_dynamic_task_mapping_with_no_taskflow_operators.py
[2026-06-09T01:10:40.908+0000] {processor.py:830} INFO - Processing file /home/airflow/.local/lib/python3.12/site-packages/airflow/example_dags/example_dynamic_task_mapping_with_no_taskflow_operators.py for tasks to queue
[2026-06-09T01:10:40.912+0000] {logging_mixin.py:188} INFO - [2026-06-09T01:10:40.911+0000] {dagbag.py:545} INFO - Filling up the DagBag from /home/airflow/.local/lib/python3.12/site-packages/airflow/example_dags/example_dynamic_task_mapping_with_no_taskflow_operators.py
[2026-06-09T01:10:40.917+0000] {processor.py:840} INFO - DAG(s) 'example_dynamic_task_mapping_with_no_taskflow_operators' retrieved from /home/airflow/.local/lib/python3.12/site-packages/airflow/example_dags/example_dynamic_task_mapping_with_no_taskflow_operators.py
[2026-06-09T01:10:40.938+0000] {logging_mixin.py:188} INFO - [2026-06-09T01:10:40.938+0000] {dag.py:3096} INFO - Sync 1 DAGs
[2026-06-09T01:10:40.960+0000] {logging_mixin.py:188} INFO - [2026-06-09T01:10:40.959+0000] {dag.py:3954} INFO - Setting next_dagrun for example_dynamic_task_mapping_with_no_taskflow_operators to 2026-06-08 00:00:00+00:00, run_after=2026-06-09 00:00:00+00:00
[2026-06-09T01:10:40.985+0000] {processor.py:183} INFO - Processing /home/airflow/.local/lib/python3.12/site-packages/airflow/example_dags/example_dynamic_task_mapping_with_no_taskflow_operators.py took 0.084 seconds
[2026-06-09T01:11:11.254+0000] {processor.py:161} INFO - Started process (PID=145225) to work on /home/airflow/.local/lib/python3.12/site-packages/airflow/example_dags/example_dynamic_task_mapping_with_no_taskflow_operators.py
[2026-06-09T01:11:11.255+0000] {processor.py:830} INFO - Processing file /home/airflow/.local/lib/python3.12/site-packages/airflow/example_dags/example_dynamic_task_mapping_with_no_taskflow_operators.py for tasks to queue
[2026-06-09T01:11:11.257+0000] {logging_mixin.py:188} INFO - [2026-06-09T01:11:11.257+0000] {dagbag.py:545} INFO - Filling up the DagBag from /home/airflow/.local/lib/python3.12/site-packages/airflow/example_dags/example_dynamic_task_mapping_with_no_taskflow_operators.py
[2026-06-09T01:11:11.264+0000] {processor.py:840} INFO - DAG(s) 'example_dynamic_task_mapping_with_no_taskflow_operators' retrieved from /home/airflow/.local/lib/python3.12/site-packages/airflow/example_dags/example_dynamic_task_mapping_with_no_taskflow_operators.py
[2026-06-09T01:11:11.285+0000] {logging_mixin.py:188} INFO - [2026-06-09T01:11:11.285+0000] {dag.py:3096} INFO - Sync 1 DAGs
[2026-06-09T01:11:11.307+0000] {logging_mixin.py:188} INFO - [2026-06-09T01:11:11.307+0000] {dag.py:3954} INFO - Setting next_dagrun for example_dynamic_task_mapping_with_no_taskflow_operators to 2026-06-08 00:00:00+00:00, run_after=2026-06-09 00:00:00+00:00
[2026-06-09T01:11:11.327+0000] {processor.py:183} INFO - Processing /home/airflow/.local/lib/python3.12/site-packages/airflow/example_dags/example_dynamic_task_mapping_with_no_taskflow_operators.py took 0.078 seconds
[2026-06-09T01:11:41.715+0000] {processor.py:161} INFO - Started process (PID=145487) to work on /home/airflow/.local/lib/python3.12/site-packages/airflow/example_dags/example_dynamic_task_mapping_with_no_taskflow_operators.py
[2026-06-09T01:11:41.716+0000] {processor.py:830} INFO - Processing file /home/airflow/.local/lib/python3.12/site-packages/airflow/example_dags/example_dynamic_task_mapping_with_no_taskflow_operators.py for tasks to queue
[2026-06-09T01:11:41.717+0000] {logging_mixin.py:188} INFO - [2026-06-09T01:11:41.717+0000] {dagbag.py:545} INFO - Filling up the DagBag from /home/airflow/.local/lib/python3.12/site-packages/airflow/example_dags/example_dynamic_task_mapping_with_no_taskflow_operators.py
[2026-06-09T01:11:41.724+0000] {processor.py:840} INFO - DAG(s) 'example_dynamic_task_mapping_with_no_taskflow_operators' retrieved from /home/airflow/.local/lib/python3.12/site-packages/airflow/example_dags/example_dynamic_task_mapping_with_no_taskflow_operators.py
[2026-06-09T01:11:41.745+0000] {logging_mixin.py:188} INFO - [2026-06-09T01:11:41.745+0000] {dag.py:3096} INFO - Sync 1 DAGs
[2026-06-09T01:11:41.769+0000] {logging_mixin.py:188} INFO - [2026-06-09T01:11:41.769+0000] {dag.py:3954} INFO - Setting next_dagrun for example_dynamic_task_mapping_with_no_taskflow_operators to 2026-06-08 00:00:00+00:00, run_after=2026-06-09 00:00:00+00:00
[2026-06-09T01:11:41.792+0000] {processor.py:183} INFO - Processing /home/airflow/.local/lib/python3.12/site-packages/airflow/example_dags/example_dynamic_task_mapping_with_no_taskflow_operators.py took 0.082 seconds
[2026-06-09T01:12:12.066+0000] {processor.py:161} INFO - Started process (PID=145749) to work on /home/airflow/.local/lib/python3.12/site-packages/airflow/example_dags/example_dynamic_task_mapping_with_no_taskflow_operators.py
[2026-06-09T01:12:12.067+0000] {processor.py:830} INFO - Processing file /home/airflow/.local/lib/python3.12/site-packages/airflow/example_dags/example_dynamic_task_mapping_with_no_taskflow_operators.py for tasks to queue
[2026-06-09T01:12:12.069+0000] {logging_mixin.py:188} INFO - [2026-06-09T01:12:12.068+0000] {dagbag.py:545} INFO - Filling up the DagBag from /home/airflow/.local/lib/python3.12/site-packages/airflow/example_dags/example_dynamic_task_mapping_with_no_taskflow_operators.py
[2026-06-09T01:12:12.074+0000] {processor.py:840} INFO - DAG(s) 'example_dynamic_task_mapping_with_no_taskflow_operators' retrieved from /home/airflow/.local/lib/python3.12/site-packages/airflow/example_dags/example_dynamic_task_mapping_with_no_taskflow_operators.py
[2026-06-09T01:12:12.100+0000] {logging_mixin.py:188} INFO - [2026-06-09T01:12:12.100+0000] {dag.py:3096} INFO - Sync 1 DAGs
[2026-06-09T01:12:12.121+0000] {logging_mixin.py:188} INFO - [2026-06-09T01:12:12.121+0000] {dag.py:3954} INFO - Setting next_dagrun for example_dynamic_task_mapping_with_no_taskflow_operators to 2026-06-08 00:00:00+00:00, run_after=2026-06-09 00:00:00+00:00
[2026-06-09T01:12:12.142+0000] {processor.py:183} INFO - Processing /home/airflow/.local/lib/python3.12/site-packages/airflow/example_dags/example_dynamic_task_mapping_with_no_taskflow_operators.py took 0.083 seconds
[2026-06-09T01:12:42.835+0000] {processor.py:161} INFO - Started process (PID=146011) to work on /home/airflow/.local/lib/python3.12/site-packages/airflow/example_dags/example_dynamic_task_mapping_with_no_taskflow_operators.py
[2026-06-09T01:12:42.836+0000] {processor.py:830} INFO - Processing file /home/airflow/.local/lib/python3.12/site-packages/airflow/example_dags/example_dynamic_task_mapping_with_no_taskflow_operators.py for tasks to queue
[2026-06-09T01:12:42.838+0000] {logging_mixin.py:188} INFO - [2026-06-09T01:12:42.838+0000] {dagbag.py:545} INFO - Filling up the DagBag from /home/airflow/.local/lib/python3.12/site-packages/airflow/example_dags/example_dynamic_task_mapping_with_no_taskflow_operators.py
[2026-06-09T01:12:42.843+0000] {processor.py:840} INFO - DAG(s) 'example_dynamic_task_mapping_with_no_taskflow_operators' retrieved from /home/airflow/.local/lib/python3.12/site-packages/airflow/example_dags/example_dynamic_task_mapping_with_no_taskflow_operators.py
[2026-06-09T01:12:42.865+0000] {logging_mixin.py:188} INFO - [2026-06-09T01:12:42.865+0000] {dag.py:3096} INFO - Sync 1 DAGs
[2026-06-09T01:12:42.889+0000] {logging_mixin.py:188} INFO - [2026-06-09T01:12:42.888+0000] {dag.py:3954} INFO - Setting next_dagrun for example_dynamic_task_mapping_with_no_taskflow_operators to 2026-06-08 00:00:00+00:00, run_after=2026-06-09 00:00:00+00:00
[2026-06-09T01:12:42.910+0000] {processor.py:183} INFO - Processing /home/airflow/.local/lib/python3.12/site-packages/airflow/example_dags/example_dynamic_task_mapping_with_no_taskflow_operators.py took 0.082 seconds
[2026-06-09T01:13:13.352+0000] {processor.py:161} INFO - Started process (PID=146273) to work on /home/airflow/.local/lib/python3.12/site-packages/airflow/example_dags/example_dynamic_task_mapping_with_no_taskflow_operators.py
[2026-06-09T01:13:13.353+0000] {processor.py:830} INFO - Processing file /home/airflow/.local/lib/python3.12/site-packages/airflow/example_dags/example_dynamic_task_mapping_with_no_taskflow_operators.py for tasks to queue
[2026-06-09T01:13:13.355+0000] {logging_mixin.py:188} INFO - [2026-06-09T01:13:13.355+0000] {dagbag.py:545} INFO - Filling up the DagBag from /home/airflow/.local/lib/python3.12/site-packages/airflow/example_dags/example_dynamic_task_mapping_with_no_taskflow_operators.py
[2026-06-09T01:13:13.360+0000] {processor.py:840} INFO - DAG(s) 'example_dynamic_task_mapping_with_no_taskflow_operators' retrieved from /home/airflow/.local/lib/python3.12/site-packages/airflow/example_dags/example_dynamic_task_mapping_with_no_taskflow_operators.py
[2026-06-09T01:13:13.512+0000] {logging_mixin.py:188} INFO - [2026-06-09T01:13:13.511+0000] {dag.py:3096} INFO - Sync 1 DAGs
[2026-06-09T01:13:13.529+0000] {logging_mixin.py:188} INFO - [2026-06-09T01:13:13.529+0000] {dag.py:3954} INFO - Setting next_dagrun for example_dynamic_task_mapping_with_no_taskflow_operators to 2026-06-08 00:00:00+00:00, run_after=2026-06-09 00:00:00+00:00
[2026-06-09T01:13:13.549+0000] {processor.py:183} INFO - Processing /home/airflow/.local/lib/python3.12/site-packages/airflow/example_dags/example_dynamic_task_mapping_with_no_taskflow_operators.py took 0.203 seconds
[2026-06-09T01:13:43.601+0000] {processor.py:161} INFO - Started process (PID=146535) to work on /home/airflow/.local/lib/python3.12/site-packages/airflow/example_dags/example_dynamic_task_mapping_with_no_taskflow_operators.py
[2026-06-09T01:13:43.602+0000] {processor.py:830} INFO - Processing file /home/airflow/.local/lib/python3.12/site-packages/airflow/example_dags/example_dynamic_task_mapping_with_no_taskflow_operators.py for tasks to queue
[2026-06-09T01:13:43.604+0000] {logging_mixin.py:188} INFO - [2026-06-09T01:13:43.604+0000] {dagbag.py:545} INFO - Filling up the DagBag from /home/airflow/.local/lib/python3.12/site-packages/airflow/example_dags/example_dynamic_task_mapping_with_no_taskflow_operators.py
[2026-06-09T01:13:43.609+0000] {processor.py:840} INFO - DAG(s) 'example_dynamic_task_mapping_with_no_taskflow_operators' retrieved from /home/airflow/.local/lib/python3.12/site-packages/airflow/example_dags/example_dynamic_task_mapping_with_no_taskflow_operators.py
[2026-06-09T01:13:43.632+0000] {logging_mixin.py:188} INFO - [2026-06-09T01:13:43.631+0000] {dag.py:3096} INFO - Sync 1 DAGs
[2026-06-09T01:13:43.658+0000] {logging_mixin.py:188} INFO - [2026-06-09T01:13:43.658+0000] {dag.py:3954} INFO - Setting next_dagrun for example_dynamic_task_mapping_with_no_taskflow_operators to 2026-06-08 00:00:00+00:00, run_after=2026-06-09 00:00:00+00:00
[2026-06-09T01:13:43.680+0000] {processor.py:183} INFO - Processing /home/airflow/.local/lib/python3.12/site-packages/airflow/example_dags/example_dynamic_task_mapping_with_no_taskflow_operators.py took 0.086 seconds
[2026-06-09T01:14:13.819+0000] {processor.py:161} INFO - Started process (PID=146797) to work on /home/airflow/.local/lib/python3.12/site-packages/airflow/example_dags/example_dynamic_task_mapping_with_no_taskflow_operators.py
[2026-06-09T01:14:13.820+0000] {processor.py:830} INFO - Processing file /home/airflow/.local/lib/python3.12/site-packages/airflow/example_dags/example_dynamic_task_mapping_with_no_taskflow_operators.py for tasks to queue
[2026-06-09T01:14:13.822+0000] {logging_mixin.py:188} INFO - [2026-06-09T01:14:13.822+0000] {dagbag.py:545} INFO - Filling up the DagBag from /home/airflow/.local/lib/python3.12/site-packages/airflow/example_dags/example_dynamic_task_mapping_with_no_taskflow_operators.py
[2026-06-09T01:14:13.827+0000] {processor.py:840} INFO - DAG(s) 'example_dynamic_task_mapping_with_no_taskflow_operators' retrieved from /home/airflow/.local/lib/python3.12/site-packages/airflow/example_dags/example_dynamic_task_mapping_with_no_taskflow_operators.py
[2026-06-09T01:14:13.849+0000] {logging_mixin.py:188} INFO - [2026-06-09T01:14:13.849+0000] {dag.py:3096} INFO - Sync 1 DAGs
[2026-06-09T01:14:13.872+0000] {logging_mixin.py:188} INFO - [2026-06-09T01:14:13.872+0000] {dag.py:3954} INFO - Setting next_dagrun for example_dynamic_task_mapping_with_no_taskflow_operators to 2026-06-08 00:00:00+00:00, run_after=2026-06-09 00:00:00+00:00
[2026-06-09T01:14:13.892+0000] {processor.py:183} INFO - Processing /home/airflow/.local/lib/python3.12/site-packages/airflow/example_dags/example_dynamic_task_mapping_with_no_taskflow_operators.py took 0.080 seconds
[2026-06-09T01:14:44.009+0000] {processor.py:161} INFO - Started process (PID=147059) to work on /home/airflow/.local/lib/python3.12/site-packages/airflow/example_dags/example_dynamic_task_mapping_with_no_taskflow_operators.py
[2026-06-09T01:14:44.010+0000] {processor.py:830} INFO - Processing file /home/airflow/.local/lib/python3.12/site-packages/airflow/example_dags/example_dynamic_task_mapping_with_no_taskflow_operators.py for tasks to queue
[2026-06-09T01:14:44.011+0000] {logging_mixin.py:188} INFO - [2026-06-09T01:14:44.011+0000] {dagbag.py:545} INFO - Filling up the DagBag from /home/airflow/.local/lib/python3.12/site-packages/airflow/example_dags/example_dynamic_task_mapping_with_no_taskflow_operators.py
[2026-06-09T01:14:44.017+0000] {processor.py:840} INFO - DAG(s) 'example_dynamic_task_mapping_with_no_taskflow_operators' retrieved from /home/airflow/.local/lib/python3.12/site-packages/airflow/example_dags/example_dynamic_task_mapping_with_no_taskflow_operators.py
[2026-06-09T01:14:44.036+0000] {logging_mixin.py:188} INFO - [2026-06-09T01:14:44.036+0000] {dag.py:3096} INFO - Sync 1 DAGs
[2026-06-09T01:14:44.059+0000] {logging_mixin.py:188} INFO - [2026-06-09T01:14:44.059+0000] {dag.py:3954} INFO - Setting next_dagrun for example_dynamic_task_mapping_with_no_taskflow_operators to 2026-06-08 00:00:00+00:00, run_after=2026-06-09 00:00:00+00:00
[2026-06-09T01:14:44.082+0000] {processor.py:183} INFO - Processing /home/airflow/.local/lib/python3.12/site-packages/airflow/example_dags/example_dynamic_task_mapping_with_no_taskflow_operators.py took 0.079 seconds
[2026-06-09T01:15:14.219+0000] {processor.py:161} INFO - Started process (PID=147322) to work on /home/airflow/.local/lib/python3.12/site-packages/airflow/example_dags/example_dynamic_task_mapping_with_no_taskflow_operators.py
[2026-06-09T01:15:14.220+0000] {processor.py:830} INFO - Processing file /home/airflow/.local/lib/python3.12/site-packages/airflow/example_dags/example_dynamic_task_mapping_with_no_taskflow_operators.py for tasks to queue
[2026-06-09T01:15:14.222+0000] {logging_mixin.py:188} INFO - [2026-06-09T01:15:14.221+0000] {dagbag.py:545} INFO - Filling up the DagBag from /home/airflow/.local/lib/python3.12/site-packages/airflow/example_dags/example_dynamic_task_mapping_with_no_taskflow_operators.py
[2026-06-09T01:15:14.230+0000] {processor.py:840} INFO - DAG(s) 'example_dynamic_task_mapping_with_no_taskflow_operators' retrieved from /home/airflow/.local/lib/python3.12/site-packages/airflow/example_dags/example_dynamic_task_mapping_with_no_taskflow_operators.py
[2026-06-09T01:15:14.254+0000] {logging_mixin.py:188} INFO - [2026-06-09T01:15:14.254+0000] {dag.py:3096} INFO - Sync 1 DAGs
[2026-06-09T01:15:14.278+0000] {logging_mixin.py:188} INFO - [2026-06-09T01:15:14.278+0000] {dag.py:3954} INFO - Setting next_dagrun for example_dynamic_task_mapping_with_no_taskflow_operators to 2026-06-08 00:00:00+00:00, run_after=2026-06-09 00:00:00+00:00
[2026-06-09T01:15:14.300+0000] {processor.py:183} INFO - Processing /home/airflow/.local/lib/python3.12/site-packages/airflow/example_dags/example_dynamic_task_mapping_with_no_taskflow_operators.py took 0.088 seconds
[2026-06-09T01:15:44.439+0000] {processor.py:161} INFO - Started process (PID=147581) to work on /home/airflow/.local/lib/python3.12/site-packages/airflow/example_dags/example_dynamic_task_mapping_with_no_taskflow_operators.py
[2026-06-09T01:15:44.441+0000] {processor.py:830} INFO - Processing file /home/airflow/.local/lib/python3.12/site-packages/airflow/example_dags/example_dynamic_task_mapping_with_no_taskflow_operators.py for tasks to queue
[2026-06-09T01:15:44.443+0000] {logging_mixin.py:188} INFO - [2026-06-09T01:15:44.443+0000] {dagbag.py:545} INFO - Filling up the DagBag from /home/airflow/.local/lib/python3.12/site-packages/airflow/example_dags/example_dynamic_task_mapping_with_no_taskflow_operators.py
[2026-06-09T01:15:44.449+0000] {processor.py:840} INFO - DAG(s) 'example_dynamic_task_mapping_with_no_taskflow_operators' retrieved from /home/airflow/.local/lib/python3.12/site-packages/airflow/example_dags/example_dynamic_task_mapping_with_no_taskflow_operators.py
[2026-06-09T01:15:44.473+0000] {logging_mixin.py:188} INFO - [2026-06-09T01:15:44.472+0000] {dag.py:3096} INFO - Sync 1 DAGs
[2026-06-09T01:15:44.495+0000] {logging_mixin.py:188} INFO - [2026-06-09T01:15:44.495+0000] {dag.py:3954} INFO - Setting next_dagrun for example_dynamic_task_mapping_with_no_taskflow_operators to 2026-06-08 00:00:00+00:00, run_after=2026-06-09 00:00:00+00:00
[2026-06-09T01:15:44.515+0000] {processor.py:183} INFO - Processing /home/airflow/.local/lib/python3.12/site-packages/airflow/example_dags/example_dynamic_task_mapping_with_no_taskflow_operators.py took 0.083 seconds
[2026-06-09T01:16:14.563+0000] {processor.py:161} INFO - Started process (PID=147841) to work on /home/airflow/.local/lib/python3.12/site-packages/airflow/example_dags/example_dynamic_task_mapping_with_no_taskflow_operators.py
[2026-06-09T01:16:14.564+0000] {processor.py:830} INFO - Processing file /home/airflow/.local/lib/python3.12/site-packages/airflow/example_dags/example_dynamic_task_mapping_with_no_taskflow_operators.py for tasks to queue
[2026-06-09T01:16:14.566+0000] {logging_mixin.py:188} INFO - [2026-06-09T01:16:14.566+0000] {dagbag.py:545} INFO - Filling up the DagBag from /home/airflow/.local/lib/python3.12/site-packages/airflow/example_dags/example_dynamic_task_mapping_with_no_taskflow_operators.py
[2026-06-09T01:16:14.572+0000] {processor.py:840} INFO - DAG(s) 'example_dynamic_task_mapping_with_no_taskflow_operators' retrieved from /home/airflow/.local/lib/python3.12/site-packages/airflow/example_dags/example_dynamic_task_mapping_with_no_taskflow_operators.py
[2026-06-09T01:16:14.594+0000] {logging_mixin.py:188} INFO - [2026-06-09T01:16:14.594+0000] {dag.py:3096} INFO - Sync 1 DAGs
[2026-06-09T01:16:14.618+0000] {logging_mixin.py:188} INFO - [2026-06-09T01:16:14.618+0000] {dag.py:3954} INFO - Setting next_dagrun for example_dynamic_task_mapping_with_no_taskflow_operators to 2026-06-08 00:00:00+00:00, run_after=2026-06-09 00:00:00+00:00
[2026-06-09T01:16:14.649+0000] {processor.py:183} INFO - Processing /home/airflow/.local/lib/python3.12/site-packages/airflow/example_dags/example_dynamic_task_mapping_with_no_taskflow_operators.py took 0.091 seconds
[2026-06-09T01:16:44.781+0000] {processor.py:161} INFO - Started process (PID=148103) to work on /home/airflow/.local/lib/python3.12/site-packages/airflow/example_dags/example_dynamic_task_mapping_with_no_taskflow_operators.py
[2026-06-09T01:16:44.782+0000] {processor.py:830} INFO - Processing file /home/airflow/.local/lib/python3.12/site-packages/airflow/example_dags/example_dynamic_task_mapping_with_no_taskflow_operators.py for tasks to queue
[2026-06-09T01:16:44.784+0000] {logging_mixin.py:188} INFO - [2026-06-09T01:16:44.784+0000] {dagbag.py:545} INFO - Filling up the DagBag from /home/airflow/.local/lib/python3.12/site-packages/airflow/example_dags/example_dynamic_task_mapping_with_no_taskflow_operators.py
[2026-06-09T01:16:44.789+0000] {processor.py:840} INFO - DAG(s) 'example_dynamic_task_mapping_with_no_taskflow_operators' retrieved from /home/airflow/.local/lib/python3.12/site-packages/airflow/example_dags/example_dynamic_task_mapping_with_no_taskflow_operators.py
[2026-06-09T01:16:44.810+0000] {logging_mixin.py:188} INFO - [2026-06-09T01:16:44.810+0000] {dag.py:3096} INFO - Sync 1 DAGs
[2026-06-09T01:16:44.831+0000] {logging_mixin.py:188} INFO - [2026-06-09T01:16:44.830+0000] {dag.py:3954} INFO - Setting next_dagrun for example_dynamic_task_mapping_with_no_taskflow_operators to 2026-06-08 00:00:00+00:00, run_after=2026-06-09 00:00:00+00:00
[2026-06-09T01:16:44.852+0000] {processor.py:183} INFO - Processing /home/airflow/.local/lib/python3.12/site-packages/airflow/example_dags/example_dynamic_task_mapping_with_no_taskflow_operators.py took 0.076 seconds
[2026-06-09T01:17:15.411+0000] {processor.py:161} INFO - Started process (PID=148365) to work on /home/airflow/.local/lib/python3.12/site-packages/airflow/example_dags/example_dynamic_task_mapping_with_no_taskflow_operators.py
[2026-06-09T01:17:15.411+0000] {processor.py:830} INFO - Processing file /home/airflow/.local/lib/python3.12/site-packages/airflow/example_dags/example_dynamic_task_mapping_with_no_taskflow_operators.py for tasks to queue
[2026-06-09T01:17:15.413+0000] {logging_mixin.py:188} INFO - [2026-06-09T01:17:15.413+0000] {dagbag.py:545} INFO - Filling up the DagBag from /home/airflow/.local/lib/python3.12/site-packages/airflow/example_dags/example_dynamic_task_mapping_with_no_taskflow_operators.py
[2026-06-09T01:17:15.420+0000] {processor.py:840} INFO - DAG(s) 'example_dynamic_task_mapping_with_no_taskflow_operators' retrieved from /home/airflow/.local/lib/python3.12/site-packages/airflow/example_dags/example_dynamic_task_mapping_with_no_taskflow_operators.py
[2026-06-09T01:17:15.440+0000] {logging_mixin.py:188} INFO - [2026-06-09T01:17:15.440+0000] {dag.py:3096} INFO - Sync 1 DAGs
[2026-06-09T01:17:15.462+0000] {logging_mixin.py:188} INFO - [2026-06-09T01:17:15.462+0000] {dag.py:3954} INFO - Setting next_dagrun for example_dynamic_task_mapping_with_no_taskflow_operators to 2026-06-08 00:00:00+00:00, run_after=2026-06-09 00:00:00+00:00
[2026-06-09T01:17:15.483+0000] {processor.py:183} INFO - Processing /home/airflow/.local/lib/python3.12/site-packages/airflow/example_dags/example_dynamic_task_mapping_with_no_taskflow_operators.py took 0.077 seconds
[2026-06-09T01:17:45.767+0000] {processor.py:161} INFO - Started process (PID=148627) to work on /home/airflow/.local/lib/python3.12/site-packages/airflow/example_dags/example_dynamic_task_mapping_with_no_taskflow_operators.py
[2026-06-09T01:17:45.768+0000] {processor.py:830} INFO - Processing file /home/airflow/.local/lib/python3.12/site-packages/airflow/example_dags/example_dynamic_task_mapping_with_no_taskflow_operators.py for tasks to queue
[2026-06-09T01:17:45.770+0000] {logging_mixin.py:188} INFO - [2026-06-09T01:17:45.769+0000] {dagbag.py:545} INFO - Filling up the DagBag from /home/airflow/.local/lib/python3.12/site-packages/airflow/example_dags/example_dynamic_task_mapping_with_no_taskflow_operators.py
[2026-06-09T01:17:45.775+0000] {processor.py:840} INFO - DAG(s) 'example_dynamic_task_mapping_with_no_taskflow_operators' retrieved from /home/airflow/.local/lib/python3.12/site-packages/airflow/example_dags/example_dynamic_task_mapping_with_no_taskflow_operators.py
[2026-06-09T01:17:45.795+0000] {logging_mixin.py:188} INFO - [2026-06-09T01:17:45.795+0000] {dag.py:3096} INFO - Sync 1 DAGs
[2026-06-09T01:17:45.817+0000] {logging_mixin.py:188} INFO - [2026-06-09T01:17:45.817+0000] {dag.py:3954} INFO - Setting next_dagrun for example_dynamic_task_mapping_with_no_taskflow_operators to 2026-06-08 00:00:00+00:00, run_after=2026-06-09 00:00:00+00:00
[2026-06-09T01:17:45.838+0000] {processor.py:183} INFO - Processing /home/airflow/.local/lib/python3.12/site-packages/airflow/example_dags/example_dynamic_task_mapping_with_no_taskflow_operators.py took 0.076 seconds
[2026-06-09T01:18:16.574+0000] {processor.py:161} INFO - Started process (PID=148889) to work on /home/airflow/.local/lib/python3.12/site-packages/airflow/example_dags/example_dynamic_task_mapping_with_no_taskflow_operators.py
[2026-06-09T01:18:16.575+0000] {processor.py:830} INFO - Processing file /home/airflow/.local/lib/python3.12/site-packages/airflow/example_dags/example_dynamic_task_mapping_with_no_taskflow_operators.py for tasks to queue
[2026-06-09T01:18:16.577+0000] {logging_mixin.py:188} INFO - [2026-06-09T01:18:16.577+0000] {dagbag.py:545} INFO - Filling up the DagBag from /home/airflow/.local/lib/python3.12/site-packages/airflow/example_dags/example_dynamic_task_mapping_with_no_taskflow_operators.py
[2026-06-09T01:18:16.585+0000] {processor.py:840} INFO - DAG(s) 'example_dynamic_task_mapping_with_no_taskflow_operators' retrieved from /home/airflow/.local/lib/python3.12/site-packages/airflow/example_dags/example_dynamic_task_mapping_with_no_taskflow_operators.py
[2026-06-09T01:18:16.605+0000] {logging_mixin.py:188} INFO - [2026-06-09T01:18:16.604+0000] {dag.py:3096} INFO - Sync 1 DAGs
[2026-06-09T01:18:16.626+0000] {logging_mixin.py:188} INFO - [2026-06-09T01:18:16.625+0000] {dag.py:3954} INFO - Setting next_dagrun for example_dynamic_task_mapping_with_no_taskflow_operators to 2026-06-08 00:00:00+00:00, run_after=2026-06-09 00:00:00+00:00
[2026-06-09T01:18:16.645+0000] {processor.py:183} INFO - Processing /home/airflow/.local/lib/python3.12/site-packages/airflow/example_dags/example_dynamic_task_mapping_with_no_taskflow_operators.py took 0.075 seconds
[2026-06-09T01:18:46.879+0000] {processor.py:161} INFO - Started process (PID=149151) to work on /home/airflow/.local/lib/python3.12/site-packages/airflow/example_dags/example_dynamic_task_mapping_with_no_taskflow_operators.py
[2026-06-09T01:18:46.880+0000] {processor.py:830} INFO - Processing file /home/airflow/.local/lib/python3.12/site-packages/airflow/example_dags/example_dynamic_task_mapping_with_no_taskflow_operators.py for tasks to queue
[2026-06-09T01:18:46.881+0000] {logging_mixin.py:188} INFO - [2026-06-09T01:18:46.881+0000] {dagbag.py:545} INFO - Filling up the DagBag from /home/airflow/.local/lib/python3.12/site-packages/airflow/example_dags/example_dynamic_task_mapping_with_no_taskflow_operators.py
[2026-06-09T01:18:46.886+0000] {processor.py:840} INFO - DAG(s) 'example_dynamic_task_mapping_with_no_taskflow_operators' retrieved from /home/airflow/.local/lib/python3.12/site-packages/airflow/example_dags/example_dynamic_task_mapping_with_no_taskflow_operators.py
[2026-06-09T01:18:46.908+0000] {logging_mixin.py:188} INFO - [2026-06-09T01:18:46.907+0000] {dag.py:3096} INFO - Sync 1 DAGs
[2026-06-09T01:18:46.929+0000] {logging_mixin.py:188} INFO - [2026-06-09T01:18:46.928+0000] {dag.py:3954} INFO - Setting next_dagrun for example_dynamic_task_mapping_with_no_taskflow_operators to 2026-06-08 00:00:00+00:00, run_after=2026-06-09 00:00:00+00:00
[2026-06-09T01:18:46.950+0000] {processor.py:183} INFO - Processing /home/airflow/.local/lib/python3.12/site-packages/airflow/example_dags/example_dynamic_task_mapping_with_no_taskflow_operators.py took 0.076 seconds
[2026-06-09T01:19:17.569+0000] {processor.py:161} INFO - Started process (PID=149413) to work on /home/airflow/.local/lib/python3.12/site-packages/airflow/example_dags/example_dynamic_task_mapping_with_no_taskflow_operators.py
[2026-06-09T01:19:17.570+0000] {processor.py:830} INFO - Processing file /home/airflow/.local/lib/python3.12/site-packages/airflow/example_dags/example_dynamic_task_mapping_with_no_taskflow_operators.py for tasks to queue
[2026-06-09T01:19:17.572+0000] {logging_mixin.py:188} INFO - [2026-06-09T01:19:17.572+0000] {dagbag.py:545} INFO - Filling up the DagBag from /home/airflow/.local/lib/python3.12/site-packages/airflow/example_dags/example_dynamic_task_mapping_with_no_taskflow_operators.py
[2026-06-09T01:19:17.579+0000] {processor.py:840} INFO - DAG(s) 'example_dynamic_task_mapping_with_no_taskflow_operators' retrieved from /home/airflow/.local/lib/python3.12/site-packages/airflow/example_dags/example_dynamic_task_mapping_with_no_taskflow_operators.py
[2026-06-09T01:19:17.599+0000] {logging_mixin.py:188} INFO - [2026-06-09T01:19:17.599+0000] {dag.py:3096} INFO - Sync 1 DAGs
[2026-06-09T01:19:17.620+0000] {logging_mixin.py:188} INFO - [2026-06-09T01:19:17.620+0000] {dag.py:3954} INFO - Setting next_dagrun for example_dynamic_task_mapping_with_no_taskflow_operators to 2026-06-08 00:00:00+00:00, run_after=2026-06-09 00:00:00+00:00
[2026-06-09T01:19:17.641+0000] {processor.py:183} INFO - Processing /home/airflow/.local/lib/python3.12/site-packages/airflow/example_dags/example_dynamic_task_mapping_with_no_taskflow_operators.py took 0.076 seconds
[2026-06-09T01:19:47.736+0000] {processor.py:161} INFO - Started process (PID=149675) to work on /home/airflow/.local/lib/python3.12/site-packages/airflow/example_dags/example_dynamic_task_mapping_with_no_taskflow_operators.py
[2026-06-09T01:19:47.737+0000] {processor.py:830} INFO - Processing file /home/airflow/.local/lib/python3.12/site-packages/airflow/example_dags/example_dynamic_task_mapping_with_no_taskflow_operators.py for tasks to queue
[2026-06-09T01:19:47.740+0000] {logging_mixin.py:188} INFO - [2026-06-09T01:19:47.739+0000] {dagbag.py:545} INFO - Filling up the DagBag from /home/airflow/.local/lib/python3.12/site-packages/airflow/example_dags/example_dynamic_task_mapping_with_no_taskflow_operators.py
[2026-06-09T01:19:47.746+0000] {processor.py:840} INFO - DAG(s) 'example_dynamic_task_mapping_with_no_taskflow_operators' retrieved from /home/airflow/.local/lib/python3.12/site-packages/airflow/example_dags/example_dynamic_task_mapping_with_no_taskflow_operators.py
[2026-06-09T01:19:47.766+0000] {logging_mixin.py:188} INFO - [2026-06-09T01:19:47.766+0000] {dag.py:3096} INFO - Sync 1 DAGs
[2026-06-09T01:19:47.787+0000] {logging_mixin.py:188} INFO - [2026-06-09T01:19:47.787+0000] {dag.py:3954} INFO - Setting next_dagrun for example_dynamic_task_mapping_with_no_taskflow_operators to 2026-06-08 00:00:00+00:00, run_after=2026-06-09 00:00:00+00:00
[2026-06-09T01:19:47.806+0000] {processor.py:183} INFO - Processing /home/airflow/.local/lib/python3.12/site-packages/airflow/example_dags/example_dynamic_task_mapping_with_no_taskflow_operators.py took 0.076 seconds
[2026-06-09T01:20:18.010+0000] {processor.py:161} INFO - Started process (PID=149937) to work on /home/airflow/.local/lib/python3.12/site-packages/airflow/example_dags/example_dynamic_task_mapping_with_no_taskflow_operators.py
[2026-06-09T01:20:18.011+0000] {processor.py:830} INFO - Processing file /home/airflow/.local/lib/python3.12/site-packages/airflow/example_dags/example_dynamic_task_mapping_with_no_taskflow_operators.py for tasks to queue
[2026-06-09T01:20:18.013+0000] {logging_mixin.py:188} INFO - [2026-06-09T01:20:18.013+0000] {dagbag.py:545} INFO - Filling up the DagBag from /home/airflow/.local/lib/python3.12/site-packages/airflow/example_dags/example_dynamic_task_mapping_with_no_taskflow_operators.py
[2026-06-09T01:20:18.019+0000] {processor.py:840} INFO - DAG(s) 'example_dynamic_task_mapping_with_no_taskflow_operators' retrieved from /home/airflow/.local/lib/python3.12/site-packages/airflow/example_dags/example_dynamic_task_mapping_with_no_taskflow_operators.py
[2026-06-09T01:20:18.040+0000] {logging_mixin.py:188} INFO - [2026-06-09T01:20:18.040+0000] {dag.py:3096} INFO - Sync 1 DAGs
[2026-06-09T01:20:18.062+0000] {logging_mixin.py:188} INFO - [2026-06-09T01:20:18.062+0000] {dag.py:3954} INFO - Setting next_dagrun for example_dynamic_task_mapping_with_no_taskflow_operators to 2026-06-08 00:00:00+00:00, run_after=2026-06-09 00:00:00+00:00
[2026-06-09T01:20:18.084+0000] {processor.py:183} INFO - Processing /home/airflow/.local/lib/python3.12/site-packages/airflow/example_dags/example_dynamic_task_mapping_with_no_taskflow_operators.py took 0.078 seconds
[2026-06-09T01:20:48.239+0000] {processor.py:161} INFO - Started process (PID=150205) to work on /home/airflow/.local/lib/python3.12/site-packages/airflow/example_dags/example_dynamic_task_mapping_with_no_taskflow_operators.py
[2026-06-09T01:20:48.240+0000] {processor.py:830} INFO - Processing file /home/airflow/.local/lib/python3.12/site-packages/airflow/example_dags/example_dynamic_task_mapping_with_no_taskflow_operators.py for tasks to queue
[2026-06-09T01:20:48.242+0000] {logging_mixin.py:188} INFO - [2026-06-09T01:20:48.242+0000] {dagbag.py:545} INFO - Filling up the DagBag from /home/airflow/.local/lib/python3.12/site-packages/airflow/example_dags/example_dynamic_task_mapping_with_no_taskflow_operators.py
[2026-06-09T01:20:48.250+0000] {processor.py:840} INFO - DAG(s) 'example_dynamic_task_mapping_with_no_taskflow_operators' retrieved from /home/airflow/.local/lib/python3.12/site-packages/airflow/example_dags/example_dynamic_task_mapping_with_no_taskflow_operators.py
[2026-06-09T01:20:48.269+0000] {logging_mixin.py:188} INFO - [2026-06-09T01:20:48.269+0000] {dag.py:3096} INFO - Sync 1 DAGs
[2026-06-09T01:20:48.291+0000] {logging_mixin.py:188} INFO - [2026-06-09T01:20:48.290+0000] {dag.py:3954} INFO - Setting next_dagrun for example_dynamic_task_mapping_with_no_taskflow_operators to 2026-06-08 00:00:00+00:00, run_after=2026-06-09 00:00:00+00:00
[2026-06-09T01:20:48.311+0000] {processor.py:183} INFO - Processing /home/airflow/.local/lib/python3.12/site-packages/airflow/example_dags/example_dynamic_task_mapping_with_no_taskflow_operators.py took 0.077 seconds
[2026-06-09T01:21:18.408+0000] {processor.py:161} INFO - Started process (PID=150462) to work on /home/airflow/.local/lib/python3.12/site-packages/airflow/example_dags/example_dynamic_task_mapping_with_no_taskflow_operators.py
[2026-06-09T01:21:18.414+0000] {processor.py:830} INFO - Processing file /home/airflow/.local/lib/python3.12/site-packages/airflow/example_dags/example_dynamic_task_mapping_with_no_taskflow_operators.py for tasks to queue
[2026-06-09T01:21:18.417+0000] {logging_mixin.py:188} INFO - [2026-06-09T01:21:18.417+0000] {dagbag.py:545} INFO - Filling up the DagBag from /home/airflow/.local/lib/python3.12/site-packages/airflow/example_dags/example_dynamic_task_mapping_with_no_taskflow_operators.py
[2026-06-09T01:21:18.426+0000] {processor.py:840} INFO - DAG(s) 'example_dynamic_task_mapping_with_no_taskflow_operators' retrieved from /home/airflow/.local/lib/python3.12/site-packages/airflow/example_dags/example_dynamic_task_mapping_with_no_taskflow_operators.py
[2026-06-09T01:21:18.447+0000] {logging_mixin.py:188} INFO - [2026-06-09T01:21:18.447+0000] {dag.py:3096} INFO - Sync 1 DAGs
[2026-06-09T01:21:18.467+0000] {logging_mixin.py:188} INFO - [2026-06-09T01:21:18.467+0000] {dag.py:3954} INFO - Setting next_dagrun for example_dynamic_task_mapping_with_no_taskflow_operators to 2026-06-08 00:00:00+00:00, run_after=2026-06-09 00:00:00+00:00
[2026-06-09T01:21:18.487+0000] {processor.py:183} INFO - Processing /home/airflow/.local/lib/python3.12/site-packages/airflow/example_dags/example_dynamic_task_mapping_with_no_taskflow_operators.py took 0.087 seconds
[2026-06-09T01:21:48.880+0000] {processor.py:161} INFO - Started process (PID=150724) to work on /home/airflow/.local/lib/python3.12/site-packages/airflow/example_dags/example_dynamic_task_mapping_with_no_taskflow_operators.py
[2026-06-09T01:21:48.881+0000] {processor.py:830} INFO - Processing file /home/airflow/.local/lib/python3.12/site-packages/airflow/example_dags/example_dynamic_task_mapping_with_no_taskflow_operators.py for tasks to queue
[2026-06-09T01:21:48.883+0000] {logging_mixin.py:188} INFO - [2026-06-09T01:21:48.883+0000] {dagbag.py:545} INFO - Filling up the DagBag from /home/airflow/.local/lib/python3.12/site-packages/airflow/example_dags/example_dynamic_task_mapping_with_no_taskflow_operators.py
[2026-06-09T01:21:48.891+0000] {processor.py:840} INFO - DAG(s) 'example_dynamic_task_mapping_with_no_taskflow_operators' retrieved from /home/airflow/.local/lib/python3.12/site-packages/airflow/example_dags/example_dynamic_task_mapping_with_no_taskflow_operators.py
[2026-06-09T01:21:48.912+0000] {logging_mixin.py:188} INFO - [2026-06-09T01:21:48.912+0000] {dag.py:3096} INFO - Sync 1 DAGs
[2026-06-09T01:21:48.940+0000] {logging_mixin.py:188} INFO - [2026-06-09T01:21:48.939+0000] {dag.py:3954} INFO - Setting next_dagrun for example_dynamic_task_mapping_with_no_taskflow_operators to 2026-06-08 00:00:00+00:00, run_after=2026-06-09 00:00:00+00:00
[2026-06-09T01:21:48.960+0000] {processor.py:183} INFO - Processing /home/airflow/.local/lib/python3.12/site-packages/airflow/example_dags/example_dynamic_task_mapping_with_no_taskflow_operators.py took 0.085 seconds
[2026-06-09T01:22:19.051+0000] {processor.py:161} INFO - Started process (PID=150986) to work on /home/airflow/.local/lib/python3.12/site-packages/airflow/example_dags/example_dynamic_task_mapping_with_no_taskflow_operators.py
[2026-06-09T01:22:19.052+0000] {processor.py:830} INFO - Processing file /home/airflow/.local/lib/python3.12/site-packages/airflow/example_dags/example_dynamic_task_mapping_with_no_taskflow_operators.py for tasks to queue
[2026-06-09T01:22:19.055+0000] {logging_mixin.py:188} INFO - [2026-06-09T01:22:19.054+0000] {dagbag.py:545} INFO - Filling up the DagBag from /home/airflow/.local/lib/python3.12/site-packages/airflow/example_dags/example_dynamic_task_mapping_with_no_taskflow_operators.py
[2026-06-09T01:22:19.061+0000] {processor.py:840} INFO - DAG(s) 'example_dynamic_task_mapping_with_no_taskflow_operators' retrieved from /home/airflow/.local/lib/python3.12/site-packages/airflow/example_dags/example_dynamic_task_mapping_with_no_taskflow_operators.py
[2026-06-09T01:22:19.081+0000] {logging_mixin.py:188} INFO - [2026-06-09T01:22:19.081+0000] {dag.py:3096} INFO - Sync 1 DAGs
[2026-06-09T01:22:19.103+0000] {logging_mixin.py:188} INFO - [2026-06-09T01:22:19.103+0000] {dag.py:3954} INFO - Setting next_dagrun for example_dynamic_task_mapping_with_no_taskflow_operators to 2026-06-08 00:00:00+00:00, run_after=2026-06-09 00:00:00+00:00
[2026-06-09T01:22:19.130+0000] {processor.py:183} INFO - Processing /home/airflow/.local/lib/python3.12/site-packages/airflow/example_dags/example_dynamic_task_mapping_with_no_taskflow_operators.py took 0.083 seconds
[2026-06-09T01:22:49.451+0000] {processor.py:161} INFO - Started process (PID=151248) to work on /home/airflow/.local/lib/python3.12/site-packages/airflow/example_dags/example_dynamic_task_mapping_with_no_taskflow_operators.py
[2026-06-09T01:22:49.452+0000] {processor.py:830} INFO - Processing file /home/airflow/.local/lib/python3.12/site-packages/airflow/example_dags/example_dynamic_task_mapping_with_no_taskflow_operators.py for tasks to queue
[2026-06-09T01:22:49.454+0000] {logging_mixin.py:188} INFO - [2026-06-09T01:22:49.453+0000] {dagbag.py:545} INFO - Filling up the DagBag from /home/airflow/.local/lib/python3.12/site-packages/airflow/example_dags/example_dynamic_task_mapping_with_no_taskflow_operators.py
[2026-06-09T01:22:49.462+0000] {processor.py:840} INFO - DAG(s) 'example_dynamic_task_mapping_with_no_taskflow_operators' retrieved from /home/airflow/.local/lib/python3.12/site-packages/airflow/example_dags/example_dynamic_task_mapping_with_no_taskflow_operators.py
[2026-06-09T01:22:49.487+0000] {logging_mixin.py:188} INFO - [2026-06-09T01:22:49.487+0000] {dag.py:3096} INFO - Sync 1 DAGs
[2026-06-09T01:22:49.513+0000] {logging_mixin.py:188} INFO - [2026-06-09T01:22:49.513+0000] {dag.py:3954} INFO - Setting next_dagrun for example_dynamic_task_mapping_with_no_taskflow_operators to 2026-06-08 00:00:00+00:00, run_after=2026-06-09 00:00:00+00:00
[2026-06-09T01:22:49.537+0000] {processor.py:183} INFO - Processing /home/airflow/.local/lib/python3.12/site-packages/airflow/example_dags/example_dynamic_task_mapping_with_no_taskflow_operators.py took 0.091 seconds
[2026-06-09T01:23:19.803+0000] {processor.py:161} INFO - Started process (PID=151510) to work on /home/airflow/.local/lib/python3.12/site-packages/airflow/example_dags/example_dynamic_task_mapping_with_no_taskflow_operators.py
[2026-06-09T01:23:19.804+0000] {processor.py:830} INFO - Processing file /home/airflow/.local/lib/python3.12/site-packages/airflow/example_dags/example_dynamic_task_mapping_with_no_taskflow_operators.py for tasks to queue
[2026-06-09T01:23:19.806+0000] {logging_mixin.py:188} INFO - [2026-06-09T01:23:19.805+0000] {dagbag.py:545} INFO - Filling up the DagBag from /home/airflow/.local/lib/python3.12/site-packages/airflow/example_dags/example_dynamic_task_mapping_with_no_taskflow_operators.py
[2026-06-09T01:23:19.811+0000] {processor.py:840} INFO - DAG(s) 'example_dynamic_task_mapping_with_no_taskflow_operators' retrieved from /home/airflow/.local/lib/python3.12/site-packages/airflow/example_dags/example_dynamic_task_mapping_with_no_taskflow_operators.py
[2026-06-09T01:23:19.833+0000] {logging_mixin.py:188} INFO - [2026-06-09T01:23:19.833+0000] {dag.py:3096} INFO - Sync 1 DAGs
[2026-06-09T01:23:19.855+0000] {logging_mixin.py:188} INFO - [2026-06-09T01:23:19.855+0000] {dag.py:3954} INFO - Setting next_dagrun for example_dynamic_task_mapping_with_no_taskflow_operators to 2026-06-08 00:00:00+00:00, run_after=2026-06-09 00:00:00+00:00
[2026-06-09T01:23:19.876+0000] {processor.py:183} INFO - Processing /home/airflow/.local/lib/python3.12/site-packages/airflow/example_dags/example_dynamic_task_mapping_with_no_taskflow_operators.py took 0.078 seconds
[2026-06-09T01:23:50.115+0000] {processor.py:161} INFO - Started process (PID=151772) to work on /home/airflow/.local/lib/python3.12/site-packages/airflow/example_dags/example_dynamic_task_mapping_with_no_taskflow_operators.py
[2026-06-09T01:23:50.117+0000] {processor.py:830} INFO - Processing file /home/airflow/.local/lib/python3.12/site-packages/airflow/example_dags/example_dynamic_task_mapping_with_no_taskflow_operators.py for tasks to queue
[2026-06-09T01:23:50.118+0000] {logging_mixin.py:188} INFO - [2026-06-09T01:23:50.118+0000] {dagbag.py:545} INFO - Filling up the DagBag from /home/airflow/.local/lib/python3.12/site-packages/airflow/example_dags/example_dynamic_task_mapping_with_no_taskflow_operators.py
[2026-06-09T01:23:50.124+0000] {processor.py:840} INFO - DAG(s) 'example_dynamic_task_mapping_with_no_taskflow_operators' retrieved from /home/airflow/.local/lib/python3.12/site-packages/airflow/example_dags/example_dynamic_task_mapping_with_no_taskflow_operators.py
[2026-06-09T01:23:50.145+0000] {logging_mixin.py:188} INFO - [2026-06-09T01:23:50.145+0000] {dag.py:3096} INFO - Sync 1 DAGs
[2026-06-09T01:23:50.171+0000] {logging_mixin.py:188} INFO - [2026-06-09T01:23:50.171+0000] {dag.py:3954} INFO - Setting next_dagrun for example_dynamic_task_mapping_with_no_taskflow_operators to 2026-06-08 00:00:00+00:00, run_after=2026-06-09 00:00:00+00:00
[2026-06-09T01:23:50.192+0000] {processor.py:183} INFO - Processing /home/airflow/.local/lib/python3.12/site-packages/airflow/example_dags/example_dynamic_task_mapping_with_no_taskflow_operators.py took 0.081 seconds
[2026-06-09T01:24:20.651+0000] {processor.py:161} INFO - Started process (PID=152034) to work on /home/airflow/.local/lib/python3.12/site-packages/airflow/example_dags/example_dynamic_task_mapping_with_no_taskflow_operators.py
[2026-06-09T01:24:20.653+0000] {processor.py:830} INFO - Processing file /home/airflow/.local/lib/python3.12/site-packages/airflow/example_dags/example_dynamic_task_mapping_with_no_taskflow_operators.py for tasks to queue
[2026-06-09T01:24:20.654+0000] {logging_mixin.py:188} INFO - [2026-06-09T01:24:20.654+0000] {dagbag.py:545} INFO - Filling up the DagBag from /home/airflow/.local/lib/python3.12/site-packages/airflow/example_dags/example_dynamic_task_mapping_with_no_taskflow_operators.py
[2026-06-09T01:24:20.661+0000] {processor.py:840} INFO - DAG(s) 'example_dynamic_task_mapping_with_no_taskflow_operators' retrieved from /home/airflow/.local/lib/python3.12/site-packages/airflow/example_dags/example_dynamic_task_mapping_with_no_taskflow_operators.py
[2026-06-09T01:24:20.682+0000] {logging_mixin.py:188} INFO - [2026-06-09T01:24:20.682+0000] {dag.py:3096} INFO - Sync 1 DAGs
[2026-06-09T01:24:20.703+0000] {logging_mixin.py:188} INFO - [2026-06-09T01:24:20.703+0000] {dag.py:3954} INFO - Setting next_dagrun for example_dynamic_task_mapping_with_no_taskflow_operators to 2026-06-08 00:00:00+00:00, run_after=2026-06-09 00:00:00+00:00
[2026-06-09T01:24:20.724+0000] {processor.py:183} INFO - Processing /home/airflow/.local/lib/python3.12/site-packages/airflow/example_dags/example_dynamic_task_mapping_with_no_taskflow_operators.py took 0.077 seconds
[2026-06-09T01:24:51.105+0000] {processor.py:161} INFO - Started process (PID=152296) to work on /home/airflow/.local/lib/python3.12/site-packages/airflow/example_dags/example_dynamic_task_mapping_with_no_taskflow_operators.py
[2026-06-09T01:24:51.106+0000] {processor.py:830} INFO - Processing file /home/airflow/.local/lib/python3.12/site-packages/airflow/example_dags/example_dynamic_task_mapping_with_no_taskflow_operators.py for tasks to queue
[2026-06-09T01:24:51.109+0000] {logging_mixin.py:188} INFO - [2026-06-09T01:24:51.109+0000] {dagbag.py:545} INFO - Filling up the DagBag from /home/airflow/.local/lib/python3.12/site-packages/airflow/example_dags/example_dynamic_task_mapping_with_no_taskflow_operators.py
[2026-06-09T01:24:51.115+0000] {processor.py:840} INFO - DAG(s) 'example_dynamic_task_mapping_with_no_taskflow_operators' retrieved from /home/airflow/.local/lib/python3.12/site-packages/airflow/example_dags/example_dynamic_task_mapping_with_no_taskflow_operators.py
[2026-06-09T01:24:51.134+0000] {logging_mixin.py:188} INFO - [2026-06-09T01:24:51.134+0000] {dag.py:3096} INFO - Sync 1 DAGs
[2026-06-09T01:24:51.157+0000] {logging_mixin.py:188} INFO - [2026-06-09T01:24:51.157+0000] {dag.py:3954} INFO - Setting next_dagrun for example_dynamic_task_mapping_with_no_taskflow_operators to 2026-06-08 00:00:00+00:00, run_after=2026-06-09 00:00:00+00:00
[2026-06-09T01:24:51.181+0000] {processor.py:183} INFO - Processing /home/airflow/.local/lib/python3.12/site-packages/airflow/example_dags/example_dynamic_task_mapping_with_no_taskflow_operators.py took 0.081 seconds
[2026-06-09T01:25:21.749+0000] {processor.py:161} INFO - Started process (PID=152558) to work on /home/airflow/.local/lib/python3.12/site-packages/airflow/example_dags/example_dynamic_task_mapping_with_no_taskflow_operators.py
[2026-06-09T01:25:21.749+0000] {processor.py:830} INFO - Processing file /home/airflow/.local/lib/python3.12/site-packages/airflow/example_dags/example_dynamic_task_mapping_with_no_taskflow_operators.py for tasks to queue
[2026-06-09T01:25:21.751+0000] {logging_mixin.py:188} INFO - [2026-06-09T01:25:21.750+0000] {dagbag.py:545} INFO - Filling up the DagBag from /home/airflow/.local/lib/python3.12/site-packages/airflow/example_dags/example_dynamic_task_mapping_with_no_taskflow_operators.py
[2026-06-09T01:25:21.757+0000] {processor.py:840} INFO - DAG(s) 'example_dynamic_task_mapping_with_no_taskflow_operators' retrieved from /home/airflow/.local/lib/python3.12/site-packages/airflow/example_dags/example_dynamic_task_mapping_with_no_taskflow_operators.py
[2026-06-09T01:25:21.777+0000] {logging_mixin.py:188} INFO - [2026-06-09T01:25:21.777+0000] {dag.py:3096} INFO - Sync 1 DAGs
[2026-06-09T01:25:21.798+0000] {logging_mixin.py:188} INFO - [2026-06-09T01:25:21.798+0000] {dag.py:3954} INFO - Setting next_dagrun for example_dynamic_task_mapping_with_no_taskflow_operators to 2026-06-08 00:00:00+00:00, run_after=2026-06-09 00:00:00+00:00
[2026-06-09T01:25:21.818+0000] {processor.py:183} INFO - Processing /home/airflow/.local/lib/python3.12/site-packages/airflow/example_dags/example_dynamic_task_mapping_with_no_taskflow_operators.py took 0.074 seconds
[2026-06-09T01:25:52.212+0000] {processor.py:161} INFO - Started process (PID=152820) to work on /home/airflow/.local/lib/python3.12/site-packages/airflow/example_dags/example_dynamic_task_mapping_with_no_taskflow_operators.py
[2026-06-09T01:25:52.213+0000] {processor.py:830} INFO - Processing file /home/airflow/.local/lib/python3.12/site-packages/airflow/example_dags/example_dynamic_task_mapping_with_no_taskflow_operators.py for tasks to queue
[2026-06-09T01:25:52.215+0000] {logging_mixin.py:188} INFO - [2026-06-09T01:25:52.214+0000] {dagbag.py:545} INFO - Filling up the DagBag from /home/airflow/.local/lib/python3.12/site-packages/airflow/example_dags/example_dynamic_task_mapping_with_no_taskflow_operators.py
[2026-06-09T01:25:52.219+0000] {processor.py:840} INFO - DAG(s) 'example_dynamic_task_mapping_with_no_taskflow_operators' retrieved from /home/airflow/.local/lib/python3.12/site-packages/airflow/example_dags/example_dynamic_task_mapping_with_no_taskflow_operators.py
[2026-06-09T01:25:52.245+0000] {logging_mixin.py:188} INFO - [2026-06-09T01:25:52.245+0000] {dag.py:3096} INFO - Sync 1 DAGs
[2026-06-09T01:25:52.268+0000] {logging_mixin.py:188} INFO - [2026-06-09T01:25:52.267+0000] {dag.py:3954} INFO - Setting next_dagrun for example_dynamic_task_mapping_with_no_taskflow_operators to 2026-06-08 00:00:00+00:00, run_after=2026-06-09 00:00:00+00:00
[2026-06-09T01:25:52.288+0000] {processor.py:183} INFO - Processing /home/airflow/.local/lib/python3.12/site-packages/airflow/example_dags/example_dynamic_task_mapping_with_no_taskflow_operators.py took 0.082 seconds
[2026-06-09T01:26:22.650+0000] {processor.py:161} INFO - Started process (PID=153082) to work on /home/airflow/.local/lib/python3.12/site-packages/airflow/example_dags/example_dynamic_task_mapping_with_no_taskflow_operators.py
[2026-06-09T01:26:22.651+0000] {processor.py:830} INFO - Processing file /home/airflow/.local/lib/python3.12/site-packages/airflow/example_dags/example_dynamic_task_mapping_with_no_taskflow_operators.py for tasks to queue
[2026-06-09T01:26:22.655+0000] {logging_mixin.py:188} INFO - [2026-06-09T01:26:22.654+0000] {dagbag.py:545} INFO - Filling up the DagBag from /home/airflow/.local/lib/python3.12/site-packages/airflow/example_dags/example_dynamic_task_mapping_with_no_taskflow_operators.py
[2026-06-09T01:26:22.660+0000] {processor.py:840} INFO - DAG(s) 'example_dynamic_task_mapping_with_no_taskflow_operators' retrieved from /home/airflow/.local/lib/python3.12/site-packages/airflow/example_dags/example_dynamic_task_mapping_with_no_taskflow_operators.py
[2026-06-09T01:26:22.683+0000] {logging_mixin.py:188} INFO - [2026-06-09T01:26:22.682+0000] {dag.py:3096} INFO - Sync 1 DAGs
[2026-06-09T01:26:22.707+0000] {logging_mixin.py:188} INFO - [2026-06-09T01:26:22.707+0000] {dag.py:3954} INFO - Setting next_dagrun for example_dynamic_task_mapping_with_no_taskflow_operators to 2026-06-08 00:00:00+00:00, run_after=2026-06-09 00:00:00+00:00
[2026-06-09T01:26:22.727+0000] {processor.py:183} INFO - Processing /home/airflow/.local/lib/python3.12/site-packages/airflow/example_dags/example_dynamic_task_mapping_with_no_taskflow_operators.py took 0.083 seconds
[2026-06-09T01:26:52.890+0000] {processor.py:161} INFO - Started process (PID=153344) to work on /home/airflow/.local/lib/python3.12/site-packages/airflow/example_dags/example_dynamic_task_mapping_with_no_taskflow_operators.py
[2026-06-09T01:26:52.890+0000] {processor.py:830} INFO - Processing file /home/airflow/.local/lib/python3.12/site-packages/airflow/example_dags/example_dynamic_task_mapping_with_no_taskflow_operators.py for tasks to queue
[2026-06-09T01:26:52.892+0000] {logging_mixin.py:188} INFO - [2026-06-09T01:26:52.891+0000] {dagbag.py:545} INFO - Filling up the DagBag from /home/airflow/.local/lib/python3.12/site-packages/airflow/example_dags/example_dynamic_task_mapping_with_no_taskflow_operators.py
[2026-06-09T01:26:52.896+0000] {processor.py:840} INFO - DAG(s) 'example_dynamic_task_mapping_with_no_taskflow_operators' retrieved from /home/airflow/.local/lib/python3.12/site-packages/airflow/example_dags/example_dynamic_task_mapping_with_no_taskflow_operators.py
[2026-06-09T01:26:52.920+0000] {logging_mixin.py:188} INFO - [2026-06-09T01:26:52.919+0000] {dag.py:3096} INFO - Sync 1 DAGs
[2026-06-09T01:26:52.943+0000] {logging_mixin.py:188} INFO - [2026-06-09T01:26:52.943+0000] {dag.py:3954} INFO - Setting next_dagrun for example_dynamic_task_mapping_with_no_taskflow_operators to 2026-06-08 00:00:00+00:00, run_after=2026-06-09 00:00:00+00:00
[2026-06-09T01:26:52.965+0000] {processor.py:183} INFO - Processing /home/airflow/.local/lib/python3.12/site-packages/airflow/example_dags/example_dynamic_task_mapping_with_no_taskflow_operators.py took 0.080 seconds
[2026-06-09T01:27:23.029+0000] {processor.py:161} INFO - Started process (PID=153606) to work on /home/airflow/.local/lib/python3.12/site-packages/airflow/example_dags/example_dynamic_task_mapping_with_no_taskflow_operators.py
[2026-06-09T01:27:23.030+0000] {processor.py:830} INFO - Processing file /home/airflow/.local/lib/python3.12/site-packages/airflow/example_dags/example_dynamic_task_mapping_with_no_taskflow_operators.py for tasks to queue
[2026-06-09T01:27:23.032+0000] {logging_mixin.py:188} INFO - [2026-06-09T01:27:23.031+0000] {dagbag.py:545} INFO - Filling up the DagBag from /home/airflow/.local/lib/python3.12/site-packages/airflow/example_dags/example_dynamic_task_mapping_with_no_taskflow_operators.py
[2026-06-09T01:27:23.036+0000] {processor.py:840} INFO - DAG(s) 'example_dynamic_task_mapping_with_no_taskflow_operators' retrieved from /home/airflow/.local/lib/python3.12/site-packages/airflow/example_dags/example_dynamic_task_mapping_with_no_taskflow_operators.py
[2026-06-09T01:27:23.056+0000] {logging_mixin.py:188} INFO - [2026-06-09T01:27:23.055+0000] {dag.py:3096} INFO - Sync 1 DAGs
[2026-06-09T01:27:23.078+0000] {logging_mixin.py:188} INFO - [2026-06-09T01:27:23.078+0000] {dag.py:3954} INFO - Setting next_dagrun for example_dynamic_task_mapping_with_no_taskflow_operators to 2026-06-08 00:00:00+00:00, run_after=2026-06-09 00:00:00+00:00
[2026-06-09T01:27:23.096+0000] {processor.py:183} INFO - Processing /home/airflow/.local/lib/python3.12/site-packages/airflow/example_dags/example_dynamic_task_mapping_with_no_taskflow_operators.py took 0.071 seconds
[2026-06-09T01:27:53.264+0000] {processor.py:161} INFO - Started process (PID=153868) to work on /home/airflow/.local/lib/python3.12/site-packages/airflow/example_dags/example_dynamic_task_mapping_with_no_taskflow_operators.py
[2026-06-09T01:27:53.265+0000] {processor.py:830} INFO - Processing file /home/airflow/.local/lib/python3.12/site-packages/airflow/example_dags/example_dynamic_task_mapping_with_no_taskflow_operators.py for tasks to queue
[2026-06-09T01:27:53.267+0000] {logging_mixin.py:188} INFO - [2026-06-09T01:27:53.266+0000] {dagbag.py:545} INFO - Filling up the DagBag from /home/airflow/.local/lib/python3.12/site-packages/airflow/example_dags/example_dynamic_task_mapping_with_no_taskflow_operators.py
[2026-06-09T01:27:53.272+0000] {processor.py:840} INFO - DAG(s) 'example_dynamic_task_mapping_with_no_taskflow_operators' retrieved from /home/airflow/.local/lib/python3.12/site-packages/airflow/example_dags/example_dynamic_task_mapping_with_no_taskflow_operators.py
[2026-06-09T01:27:53.293+0000] {logging_mixin.py:188} INFO - [2026-06-09T01:27:53.293+0000] {dag.py:3096} INFO - Sync 1 DAGs
[2026-06-09T01:27:53.316+0000] {logging_mixin.py:188} INFO - [2026-06-09T01:27:53.315+0000] {dag.py:3954} INFO - Setting next_dagrun for example_dynamic_task_mapping_with_no_taskflow_operators to 2026-06-08 00:00:00+00:00, run_after=2026-06-09 00:00:00+00:00
[2026-06-09T01:27:53.339+0000] {processor.py:183} INFO - Processing /home/airflow/.local/lib/python3.12/site-packages/airflow/example_dags/example_dynamic_task_mapping_with_no_taskflow_operators.py took 0.079 seconds
[2026-06-09T01:28:23.420+0000] {processor.py:161} INFO - Started process (PID=154130) to work on /home/airflow/.local/lib/python3.12/site-packages/airflow/example_dags/example_dynamic_task_mapping_with_no_taskflow_operators.py
[2026-06-09T01:28:23.420+0000] {processor.py:830} INFO - Processing file /home/airflow/.local/lib/python3.12/site-packages/airflow/example_dags/example_dynamic_task_mapping_with_no_taskflow_operators.py for tasks to queue
[2026-06-09T01:28:23.422+0000] {logging_mixin.py:188} INFO - [2026-06-09T01:28:23.421+0000] {dagbag.py:545} INFO - Filling up the DagBag from /home/airflow/.local/lib/python3.12/site-packages/airflow/example_dags/example_dynamic_task_mapping_with_no_taskflow_operators.py
[2026-06-09T01:28:23.426+0000] {processor.py:840} INFO - DAG(s) 'example_dynamic_task_mapping_with_no_taskflow_operators' retrieved from /home/airflow/.local/lib/python3.12/site-packages/airflow/example_dags/example_dynamic_task_mapping_with_no_taskflow_operators.py
[2026-06-09T01:28:23.444+0000] {logging_mixin.py:188} INFO - [2026-06-09T01:28:23.444+0000] {dag.py:3096} INFO - Sync 1 DAGs
[2026-06-09T01:28:23.462+0000] {logging_mixin.py:188} INFO - [2026-06-09T01:28:23.462+0000] {dag.py:3954} INFO - Setting next_dagrun for example_dynamic_task_mapping_with_no_taskflow_operators to 2026-06-08 00:00:00+00:00, run_after=2026-06-09 00:00:00+00:00
[2026-06-09T01:28:23.479+0000] {processor.py:183} INFO - Processing /home/airflow/.local/lib/python3.12/site-packages/airflow/example_dags/example_dynamic_task_mapping_with_no_taskflow_operators.py took 0.064 seconds
[2026-06-09T01:28:53.639+0000] {processor.py:161} INFO - Started process (PID=154392) to work on /home/airflow/.local/lib/python3.12/site-packages/airflow/example_dags/example_dynamic_task_mapping_with_no_taskflow_operators.py
[2026-06-09T01:28:53.640+0000] {processor.py:830} INFO - Processing file /home/airflow/.local/lib/python3.12/site-packages/airflow/example_dags/example_dynamic_task_mapping_with_no_taskflow_operators.py for tasks to queue
[2026-06-09T01:28:53.642+0000] {logging_mixin.py:188} INFO - [2026-06-09T01:28:53.642+0000] {dagbag.py:545} INFO - Filling up the DagBag from /home/airflow/.local/lib/python3.12/site-packages/airflow/example_dags/example_dynamic_task_mapping_with_no_taskflow_operators.py
[2026-06-09T01:28:53.647+0000] {processor.py:840} INFO - DAG(s) 'example_dynamic_task_mapping_with_no_taskflow_operators' retrieved from /home/airflow/.local/lib/python3.12/site-packages/airflow/example_dags/example_dynamic_task_mapping_with_no_taskflow_operators.py
[2026-06-09T01:28:53.665+0000] {logging_mixin.py:188} INFO - [2026-06-09T01:28:53.665+0000] {dag.py:3096} INFO - Sync 1 DAGs
[2026-06-09T01:28:53.686+0000] {logging_mixin.py:188} INFO - [2026-06-09T01:28:53.686+0000] {dag.py:3954} INFO - Setting next_dagrun for example_dynamic_task_mapping_with_no_taskflow_operators to 2026-06-08 00:00:00+00:00, run_after=2026-06-09 00:00:00+00:00
[2026-06-09T01:28:53.703+0000] {processor.py:183} INFO - Processing /home/airflow/.local/lib/python3.12/site-packages/airflow/example_dags/example_dynamic_task_mapping_with_no_taskflow_operators.py took 0.069 seconds
[2026-06-09T01:29:23.873+0000] {processor.py:161} INFO - Started process (PID=154654) to work on /home/airflow/.local/lib/python3.12/site-packages/airflow/example_dags/example_dynamic_task_mapping_with_no_taskflow_operators.py
[2026-06-09T01:29:23.874+0000] {processor.py:830} INFO - Processing file /home/airflow/.local/lib/python3.12/site-packages/airflow/example_dags/example_dynamic_task_mapping_with_no_taskflow_operators.py for tasks to queue
[2026-06-09T01:29:23.878+0000] {logging_mixin.py:188} INFO - [2026-06-09T01:29:23.877+0000] {dagbag.py:545} INFO - Filling up the DagBag from /home/airflow/.local/lib/python3.12/site-packages/airflow/example_dags/example_dynamic_task_mapping_with_no_taskflow_operators.py
[2026-06-09T01:29:23.885+0000] {processor.py:840} INFO - DAG(s) 'example_dynamic_task_mapping_with_no_taskflow_operators' retrieved from /home/airflow/.local/lib/python3.12/site-packages/airflow/example_dags/example_dynamic_task_mapping_with_no_taskflow_operators.py
[2026-06-09T01:29:23.913+0000] {logging_mixin.py:188} INFO - [2026-06-09T01:29:23.913+0000] {dag.py:3096} INFO - Sync 1 DAGs
[2026-06-09T01:29:23.937+0000] {logging_mixin.py:188} INFO - [2026-06-09T01:29:23.936+0000] {dag.py:3954} INFO - Setting next_dagrun for example_dynamic_task_mapping_with_no_taskflow_operators to 2026-06-08 00:00:00+00:00, run_after=2026-06-09 00:00:00+00:00
[2026-06-09T01:29:23.959+0000] {processor.py:183} INFO - Processing /home/airflow/.local/lib/python3.12/site-packages/airflow/example_dags/example_dynamic_task_mapping_with_no_taskflow_operators.py took 0.091 seconds
[2026-06-09T01:29:54.017+0000] {processor.py:161} INFO - Started process (PID=154913) to work on /home/airflow/.local/lib/python3.12/site-packages/airflow/example_dags/example_dynamic_task_mapping_with_no_taskflow_operators.py
[2026-06-09T01:29:54.018+0000] {processor.py:830} INFO - Processing file /home/airflow/.local/lib/python3.12/site-packages/airflow/example_dags/example_dynamic_task_mapping_with_no_taskflow_operators.py for tasks to queue
[2026-06-09T01:29:54.022+0000] {logging_mixin.py:188} INFO - [2026-06-09T01:29:54.021+0000] {dagbag.py:545} INFO - Filling up the DagBag from /home/airflow/.local/lib/python3.12/site-packages/airflow/example_dags/example_dynamic_task_mapping_with_no_taskflow_operators.py
[2026-06-09T01:29:54.029+0000] {processor.py:840} INFO - DAG(s) 'example_dynamic_task_mapping_with_no_taskflow_operators' retrieved from /home/airflow/.local/lib/python3.12/site-packages/airflow/example_dags/example_dynamic_task_mapping_with_no_taskflow_operators.py
[2026-06-09T01:29:54.055+0000] {logging_mixin.py:188} INFO - [2026-06-09T01:29:54.055+0000] {dag.py:3096} INFO - Sync 1 DAGs
[2026-06-09T01:29:54.078+0000] {logging_mixin.py:188} INFO - [2026-06-09T01:29:54.078+0000] {dag.py:3954} INFO - Setting next_dagrun for example_dynamic_task_mapping_with_no_taskflow_operators to 2026-06-08 00:00:00+00:00, run_after=2026-06-09 00:00:00+00:00
[2026-06-09T01:29:54.101+0000] {processor.py:183} INFO - Processing /home/airflow/.local/lib/python3.12/site-packages/airflow/example_dags/example_dynamic_task_mapping_with_no_taskflow_operators.py took 0.090 seconds
[2026-06-09T01:30:24.524+0000] {processor.py:161} INFO - Started process (PID=155178) to work on /home/airflow/.local/lib/python3.12/site-packages/airflow/example_dags/example_dynamic_task_mapping_with_no_taskflow_operators.py
[2026-06-09T01:30:24.525+0000] {processor.py:830} INFO - Processing file /home/airflow/.local/lib/python3.12/site-packages/airflow/example_dags/example_dynamic_task_mapping_with_no_taskflow_operators.py for tasks to queue
[2026-06-09T01:30:24.527+0000] {logging_mixin.py:188} INFO - [2026-06-09T01:30:24.527+0000] {dagbag.py:545} INFO - Filling up the DagBag from /home/airflow/.local/lib/python3.12/site-packages/airflow/example_dags/example_dynamic_task_mapping_with_no_taskflow_operators.py
[2026-06-09T01:30:24.534+0000] {processor.py:840} INFO - DAG(s) 'example_dynamic_task_mapping_with_no_taskflow_operators' retrieved from /home/airflow/.local/lib/python3.12/site-packages/airflow/example_dags/example_dynamic_task_mapping_with_no_taskflow_operators.py
[2026-06-09T01:30:24.556+0000] {logging_mixin.py:188} INFO - [2026-06-09T01:30:24.555+0000] {dag.py:3096} INFO - Sync 1 DAGs
[2026-06-09T01:30:24.579+0000] {logging_mixin.py:188} INFO - [2026-06-09T01:30:24.579+0000] {dag.py:3954} INFO - Setting next_dagrun for example_dynamic_task_mapping_with_no_taskflow_operators to 2026-06-08 00:00:00+00:00, run_after=2026-06-09 00:00:00+00:00
[2026-06-09T01:30:24.598+0000] {processor.py:183} INFO - Processing /home/airflow/.local/lib/python3.12/site-packages/airflow/example_dags/example_dynamic_task_mapping_with_no_taskflow_operators.py took 0.080 seconds
