[2026-06-09T00:31:10.378+0000] {processor.py:161} INFO - Started process (PID=124531) to work on /home/airflow/.local/lib/python3.12/site-packages/airflow/example_dags/example_branch_day_of_week_operator.py
[2026-06-09T00:31:10.403+0000] {processor.py:830} INFO - Processing file /home/airflow/.local/lib/python3.12/site-packages/airflow/example_dags/example_branch_day_of_week_operator.py for tasks to queue
[2026-06-09T00:31:10.415+0000] {logging_mixin.py:188} INFO - [2026-06-09T00:31:10.414+0000] {dagbag.py:545} INFO - Filling up the DagBag from /home/airflow/.local/lib/python3.12/site-packages/airflow/example_dags/example_branch_day_of_week_operator.py
[2026-06-09T00:31:10.453+0000] {processor.py:840} INFO - DAG(s) 'example_weekday_branch_operator' retrieved from /home/airflow/.local/lib/python3.12/site-packages/airflow/example_dags/example_branch_day_of_week_operator.py
[2026-06-09T00:31:10.603+0000] {logging_mixin.py:188} INFO - [2026-06-09T00:31:10.602+0000] {dag.py:3096} INFO - Sync 1 DAGs
[2026-06-09T00:31:10.733+0000] {logging_mixin.py:188} INFO - [2026-06-09T00:31:10.732+0000] {dag.py:3954} INFO - Setting next_dagrun for example_weekday_branch_operator to 2026-06-08 00:00:00+00:00, run_after=2026-06-09 00:00:00+00:00
[2026-06-09T00:31:10.906+0000] {processor.py:183} INFO - Processing /home/airflow/.local/lib/python3.12/site-packages/airflow/example_dags/example_branch_day_of_week_operator.py took 0.546 seconds
[2026-06-09T00:31:41.657+0000] {processor.py:161} INFO - Started process (PID=124793) to work on /home/airflow/.local/lib/python3.12/site-packages/airflow/example_dags/example_branch_day_of_week_operator.py
[2026-06-09T00:31:41.659+0000] {processor.py:830} INFO - Processing file /home/airflow/.local/lib/python3.12/site-packages/airflow/example_dags/example_branch_day_of_week_operator.py for tasks to queue
[2026-06-09T00:31:41.661+0000] {logging_mixin.py:188} INFO - [2026-06-09T00:31:41.660+0000] {dagbag.py:545} INFO - Filling up the DagBag from /home/airflow/.local/lib/python3.12/site-packages/airflow/example_dags/example_branch_day_of_week_operator.py
[2026-06-09T00:31:41.669+0000] {processor.py:840} INFO - DAG(s) 'example_weekday_branch_operator' retrieved from /home/airflow/.local/lib/python3.12/site-packages/airflow/example_dags/example_branch_day_of_week_operator.py
[2026-06-09T00:31:41.729+0000] {logging_mixin.py:188} INFO - [2026-06-09T00:31:41.729+0000] {dag.py:3096} INFO - Sync 1 DAGs
[2026-06-09T00:31:41.769+0000] {logging_mixin.py:188} INFO - [2026-06-09T00:31:41.769+0000] {dag.py:3954} INFO - Setting next_dagrun for example_weekday_branch_operator to 2026-06-08 00:00:00+00:00, run_after=2026-06-09 00:00:00+00:00
[2026-06-09T00:31:41.789+0000] {processor.py:183} INFO - Processing /home/airflow/.local/lib/python3.12/site-packages/airflow/example_dags/example_branch_day_of_week_operator.py took 0.150 seconds
[2026-06-09T00:32:12.462+0000] {processor.py:161} INFO - Started process (PID=125055) to work on /home/airflow/.local/lib/python3.12/site-packages/airflow/example_dags/example_branch_day_of_week_operator.py
[2026-06-09T00:32:12.463+0000] {processor.py:830} INFO - Processing file /home/airflow/.local/lib/python3.12/site-packages/airflow/example_dags/example_branch_day_of_week_operator.py for tasks to queue
[2026-06-09T00:32:12.465+0000] {logging_mixin.py:188} INFO - [2026-06-09T00:32:12.465+0000] {dagbag.py:545} INFO - Filling up the DagBag from /home/airflow/.local/lib/python3.12/site-packages/airflow/example_dags/example_branch_day_of_week_operator.py
[2026-06-09T00:32:12.472+0000] {processor.py:840} INFO - DAG(s) 'example_weekday_branch_operator' retrieved from /home/airflow/.local/lib/python3.12/site-packages/airflow/example_dags/example_branch_day_of_week_operator.py
[2026-06-09T00:32:12.497+0000] {logging_mixin.py:188} INFO - [2026-06-09T00:32:12.497+0000] {dag.py:3096} INFO - Sync 1 DAGs
[2026-06-09T00:32:12.520+0000] {logging_mixin.py:188} INFO - [2026-06-09T00:32:12.519+0000] {dag.py:3954} INFO - Setting next_dagrun for example_weekday_branch_operator to 2026-06-08 00:00:00+00:00, run_after=2026-06-09 00:00:00+00:00
[2026-06-09T00:32:12.631+0000] {processor.py:183} INFO - Processing /home/airflow/.local/lib/python3.12/site-packages/airflow/example_dags/example_branch_day_of_week_operator.py took 0.176 seconds
[2026-06-09T00:32:42.742+0000] {processor.py:161} INFO - Started process (PID=125317) to work on /home/airflow/.local/lib/python3.12/site-packages/airflow/example_dags/example_branch_day_of_week_operator.py
[2026-06-09T00:32:42.743+0000] {processor.py:830} INFO - Processing file /home/airflow/.local/lib/python3.12/site-packages/airflow/example_dags/example_branch_day_of_week_operator.py for tasks to queue
[2026-06-09T00:32:42.745+0000] {logging_mixin.py:188} INFO - [2026-06-09T00:32:42.745+0000] {dagbag.py:545} INFO - Filling up the DagBag from /home/airflow/.local/lib/python3.12/site-packages/airflow/example_dags/example_branch_day_of_week_operator.py
[2026-06-09T00:32:42.754+0000] {processor.py:840} INFO - DAG(s) 'example_weekday_branch_operator' retrieved from /home/airflow/.local/lib/python3.12/site-packages/airflow/example_dags/example_branch_day_of_week_operator.py
[2026-06-09T00:32:42.788+0000] {logging_mixin.py:188} INFO - [2026-06-09T00:32:42.788+0000] {dag.py:3096} INFO - Sync 1 DAGs
[2026-06-09T00:32:42.828+0000] {logging_mixin.py:188} INFO - [2026-06-09T00:32:42.828+0000] {dag.py:3954} INFO - Setting next_dagrun for example_weekday_branch_operator to 2026-06-08 00:00:00+00:00, run_after=2026-06-09 00:00:00+00:00
[2026-06-09T00:32:42.866+0000] {processor.py:183} INFO - Processing /home/airflow/.local/lib/python3.12/site-packages/airflow/example_dags/example_branch_day_of_week_operator.py took 0.132 seconds
[2026-06-09T00:33:12.971+0000] {processor.py:161} INFO - Started process (PID=125579) to work on /home/airflow/.local/lib/python3.12/site-packages/airflow/example_dags/example_branch_day_of_week_operator.py
[2026-06-09T00:33:12.972+0000] {processor.py:830} INFO - Processing file /home/airflow/.local/lib/python3.12/site-packages/airflow/example_dags/example_branch_day_of_week_operator.py for tasks to queue
[2026-06-09T00:33:12.975+0000] {logging_mixin.py:188} INFO - [2026-06-09T00:33:12.974+0000] {dagbag.py:545} INFO - Filling up the DagBag from /home/airflow/.local/lib/python3.12/site-packages/airflow/example_dags/example_branch_day_of_week_operator.py
[2026-06-09T00:33:12.984+0000] {processor.py:840} INFO - DAG(s) 'example_weekday_branch_operator' retrieved from /home/airflow/.local/lib/python3.12/site-packages/airflow/example_dags/example_branch_day_of_week_operator.py
[2026-06-09T00:33:13.008+0000] {logging_mixin.py:188} INFO - [2026-06-09T00:33:13.008+0000] {dag.py:3096} INFO - Sync 1 DAGs
[2026-06-09T00:33:13.032+0000] {logging_mixin.py:188} INFO - [2026-06-09T00:33:13.032+0000] {dag.py:3954} INFO - Setting next_dagrun for example_weekday_branch_operator to 2026-06-08 00:00:00+00:00, run_after=2026-06-09 00:00:00+00:00
[2026-06-09T00:33:13.055+0000] {processor.py:183} INFO - Processing /home/airflow/.local/lib/python3.12/site-packages/airflow/example_dags/example_branch_day_of_week_operator.py took 0.090 seconds
[2026-06-09T00:33:43.196+0000] {processor.py:161} INFO - Started process (PID=125841) to work on /home/airflow/.local/lib/python3.12/site-packages/airflow/example_dags/example_branch_day_of_week_operator.py
[2026-06-09T00:33:43.197+0000] {processor.py:830} INFO - Processing file /home/airflow/.local/lib/python3.12/site-packages/airflow/example_dags/example_branch_day_of_week_operator.py for tasks to queue
[2026-06-09T00:33:43.199+0000] {logging_mixin.py:188} INFO - [2026-06-09T00:33:43.199+0000] {dagbag.py:545} INFO - Filling up the DagBag from /home/airflow/.local/lib/python3.12/site-packages/airflow/example_dags/example_branch_day_of_week_operator.py
[2026-06-09T00:33:43.206+0000] {processor.py:840} INFO - DAG(s) 'example_weekday_branch_operator' retrieved from /home/airflow/.local/lib/python3.12/site-packages/airflow/example_dags/example_branch_day_of_week_operator.py
[2026-06-09T00:33:43.225+0000] {logging_mixin.py:188} INFO - [2026-06-09T00:33:43.225+0000] {dag.py:3096} INFO - Sync 1 DAGs
[2026-06-09T00:33:43.248+0000] {logging_mixin.py:188} INFO - [2026-06-09T00:33:43.248+0000] {dag.py:3954} INFO - Setting next_dagrun for example_weekday_branch_operator to 2026-06-08 00:00:00+00:00, run_after=2026-06-09 00:00:00+00:00
[2026-06-09T00:33:43.269+0000] {processor.py:183} INFO - Processing /home/airflow/.local/lib/python3.12/site-packages/airflow/example_dags/example_branch_day_of_week_operator.py took 0.078 seconds
[2026-06-09T00:34:13.763+0000] {processor.py:161} INFO - Started process (PID=126103) to work on /home/airflow/.local/lib/python3.12/site-packages/airflow/example_dags/example_branch_day_of_week_operator.py
[2026-06-09T00:34:13.763+0000] {processor.py:830} INFO - Processing file /home/airflow/.local/lib/python3.12/site-packages/airflow/example_dags/example_branch_day_of_week_operator.py for tasks to queue
[2026-06-09T00:34:13.765+0000] {logging_mixin.py:188} INFO - [2026-06-09T00:34:13.765+0000] {dagbag.py:545} INFO - Filling up the DagBag from /home/airflow/.local/lib/python3.12/site-packages/airflow/example_dags/example_branch_day_of_week_operator.py
[2026-06-09T00:34:13.771+0000] {processor.py:840} INFO - DAG(s) 'example_weekday_branch_operator' retrieved from /home/airflow/.local/lib/python3.12/site-packages/airflow/example_dags/example_branch_day_of_week_operator.py
[2026-06-09T00:34:13.790+0000] {logging_mixin.py:188} INFO - [2026-06-09T00:34:13.789+0000] {dag.py:3096} INFO - Sync 1 DAGs
[2026-06-09T00:34:13.811+0000] {logging_mixin.py:188} INFO - [2026-06-09T00:34:13.811+0000] {dag.py:3954} INFO - Setting next_dagrun for example_weekday_branch_operator to 2026-06-08 00:00:00+00:00, run_after=2026-06-09 00:00:00+00:00
[2026-06-09T00:34:13.829+0000] {processor.py:183} INFO - Processing /home/airflow/.local/lib/python3.12/site-packages/airflow/example_dags/example_branch_day_of_week_operator.py took 0.071 seconds
[2026-06-09T00:34:44.045+0000] {processor.py:161} INFO - Started process (PID=126365) to work on /home/airflow/.local/lib/python3.12/site-packages/airflow/example_dags/example_branch_day_of_week_operator.py
[2026-06-09T00:34:44.046+0000] {processor.py:830} INFO - Processing file /home/airflow/.local/lib/python3.12/site-packages/airflow/example_dags/example_branch_day_of_week_operator.py for tasks to queue
[2026-06-09T00:34:44.047+0000] {logging_mixin.py:188} INFO - [2026-06-09T00:34:44.047+0000] {dagbag.py:545} INFO - Filling up the DagBag from /home/airflow/.local/lib/python3.12/site-packages/airflow/example_dags/example_branch_day_of_week_operator.py
[2026-06-09T00:34:44.052+0000] {processor.py:840} INFO - DAG(s) 'example_weekday_branch_operator' retrieved from /home/airflow/.local/lib/python3.12/site-packages/airflow/example_dags/example_branch_day_of_week_operator.py
[2026-06-09T00:34:44.069+0000] {logging_mixin.py:188} INFO - [2026-06-09T00:34:44.069+0000] {dag.py:3096} INFO - Sync 1 DAGs
[2026-06-09T00:34:44.089+0000] {logging_mixin.py:188} INFO - [2026-06-09T00:34:44.088+0000] {dag.py:3954} INFO - Setting next_dagrun for example_weekday_branch_operator to 2026-06-08 00:00:00+00:00, run_after=2026-06-09 00:00:00+00:00
[2026-06-09T00:34:44.110+0000] {processor.py:183} INFO - Processing /home/airflow/.local/lib/python3.12/site-packages/airflow/example_dags/example_branch_day_of_week_operator.py took 0.071 seconds
[2026-06-09T00:35:14.246+0000] {processor.py:161} INFO - Started process (PID=126627) to work on /home/airflow/.local/lib/python3.12/site-packages/airflow/example_dags/example_branch_day_of_week_operator.py
[2026-06-09T00:35:14.247+0000] {processor.py:830} INFO - Processing file /home/airflow/.local/lib/python3.12/site-packages/airflow/example_dags/example_branch_day_of_week_operator.py for tasks to queue
[2026-06-09T00:35:14.249+0000] {logging_mixin.py:188} INFO - [2026-06-09T00:35:14.249+0000] {dagbag.py:545} INFO - Filling up the DagBag from /home/airflow/.local/lib/python3.12/site-packages/airflow/example_dags/example_branch_day_of_week_operator.py
[2026-06-09T00:35:14.256+0000] {processor.py:840} INFO - DAG(s) 'example_weekday_branch_operator' retrieved from /home/airflow/.local/lib/python3.12/site-packages/airflow/example_dags/example_branch_day_of_week_operator.py
[2026-06-09T00:35:14.275+0000] {logging_mixin.py:188} INFO - [2026-06-09T00:35:14.275+0000] {dag.py:3096} INFO - Sync 1 DAGs
[2026-06-09T00:35:14.297+0000] {logging_mixin.py:188} INFO - [2026-06-09T00:35:14.297+0000] {dag.py:3954} INFO - Setting next_dagrun for example_weekday_branch_operator to 2026-06-08 00:00:00+00:00, run_after=2026-06-09 00:00:00+00:00
[2026-06-09T00:35:14.317+0000] {processor.py:183} INFO - Processing /home/airflow/.local/lib/python3.12/site-packages/airflow/example_dags/example_branch_day_of_week_operator.py took 0.076 seconds
[2026-06-09T00:35:44.468+0000] {processor.py:161} INFO - Started process (PID=126890) to work on /home/airflow/.local/lib/python3.12/site-packages/airflow/example_dags/example_branch_day_of_week_operator.py
[2026-06-09T00:35:44.469+0000] {processor.py:830} INFO - Processing file /home/airflow/.local/lib/python3.12/site-packages/airflow/example_dags/example_branch_day_of_week_operator.py for tasks to queue
[2026-06-09T00:35:44.471+0000] {logging_mixin.py:188} INFO - [2026-06-09T00:35:44.470+0000] {dagbag.py:545} INFO - Filling up the DagBag from /home/airflow/.local/lib/python3.12/site-packages/airflow/example_dags/example_branch_day_of_week_operator.py
[2026-06-09T00:35:44.476+0000] {processor.py:840} INFO - DAG(s) 'example_weekday_branch_operator' retrieved from /home/airflow/.local/lib/python3.12/site-packages/airflow/example_dags/example_branch_day_of_week_operator.py
[2026-06-09T00:35:44.496+0000] {logging_mixin.py:188} INFO - [2026-06-09T00:35:44.496+0000] {dag.py:3096} INFO - Sync 1 DAGs
[2026-06-09T00:35:44.520+0000] {logging_mixin.py:188} INFO - [2026-06-09T00:35:44.520+0000] {dag.py:3954} INFO - Setting next_dagrun for example_weekday_branch_operator to 2026-06-08 00:00:00+00:00, run_after=2026-06-09 00:00:00+00:00
[2026-06-09T00:35:44.539+0000] {processor.py:183} INFO - Processing /home/airflow/.local/lib/python3.12/site-packages/airflow/example_dags/example_branch_day_of_week_operator.py took 0.076 seconds
[2026-06-09T00:36:15.151+0000] {processor.py:161} INFO - Started process (PID=127152) to work on /home/airflow/.local/lib/python3.12/site-packages/airflow/example_dags/example_branch_day_of_week_operator.py
[2026-06-09T00:36:15.152+0000] {processor.py:830} INFO - Processing file /home/airflow/.local/lib/python3.12/site-packages/airflow/example_dags/example_branch_day_of_week_operator.py for tasks to queue
[2026-06-09T00:36:15.154+0000] {logging_mixin.py:188} INFO - [2026-06-09T00:36:15.154+0000] {dagbag.py:545} INFO - Filling up the DagBag from /home/airflow/.local/lib/python3.12/site-packages/airflow/example_dags/example_branch_day_of_week_operator.py
[2026-06-09T00:36:15.162+0000] {processor.py:840} INFO - DAG(s) 'example_weekday_branch_operator' retrieved from /home/airflow/.local/lib/python3.12/site-packages/airflow/example_dags/example_branch_day_of_week_operator.py
[2026-06-09T00:36:15.182+0000] {logging_mixin.py:188} INFO - [2026-06-09T00:36:15.182+0000] {dag.py:3096} INFO - Sync 1 DAGs
[2026-06-09T00:36:15.207+0000] {logging_mixin.py:188} INFO - [2026-06-09T00:36:15.207+0000] {dag.py:3954} INFO - Setting next_dagrun for example_weekday_branch_operator to 2026-06-08 00:00:00+00:00, run_after=2026-06-09 00:00:00+00:00
[2026-06-09T00:36:15.228+0000] {processor.py:183} INFO - Processing /home/airflow/.local/lib/python3.12/site-packages/airflow/example_dags/example_branch_day_of_week_operator.py took 0.083 seconds
[2026-06-09T00:36:45.828+0000] {processor.py:161} INFO - Started process (PID=127414) to work on /home/airflow/.local/lib/python3.12/site-packages/airflow/example_dags/example_branch_day_of_week_operator.py
[2026-06-09T00:36:45.829+0000] {processor.py:830} INFO - Processing file /home/airflow/.local/lib/python3.12/site-packages/airflow/example_dags/example_branch_day_of_week_operator.py for tasks to queue
[2026-06-09T00:36:45.830+0000] {logging_mixin.py:188} INFO - [2026-06-09T00:36:45.830+0000] {dagbag.py:545} INFO - Filling up the DagBag from /home/airflow/.local/lib/python3.12/site-packages/airflow/example_dags/example_branch_day_of_week_operator.py
[2026-06-09T00:36:45.836+0000] {processor.py:840} INFO - DAG(s) 'example_weekday_branch_operator' retrieved from /home/airflow/.local/lib/python3.12/site-packages/airflow/example_dags/example_branch_day_of_week_operator.py
[2026-06-09T00:36:45.855+0000] {logging_mixin.py:188} INFO - [2026-06-09T00:36:45.855+0000] {dag.py:3096} INFO - Sync 1 DAGs
[2026-06-09T00:36:45.877+0000] {logging_mixin.py:188} INFO - [2026-06-09T00:36:45.877+0000] {dag.py:3954} INFO - Setting next_dagrun for example_weekday_branch_operator to 2026-06-08 00:00:00+00:00, run_after=2026-06-09 00:00:00+00:00
[2026-06-09T00:36:45.898+0000] {processor.py:183} INFO - Processing /home/airflow/.local/lib/python3.12/site-packages/airflow/example_dags/example_branch_day_of_week_operator.py took 0.074 seconds
[2026-06-09T00:37:16.449+0000] {processor.py:161} INFO - Started process (PID=127676) to work on /home/airflow/.local/lib/python3.12/site-packages/airflow/example_dags/example_branch_day_of_week_operator.py
[2026-06-09T00:37:16.450+0000] {processor.py:830} INFO - Processing file /home/airflow/.local/lib/python3.12/site-packages/airflow/example_dags/example_branch_day_of_week_operator.py for tasks to queue
[2026-06-09T00:37:16.452+0000] {logging_mixin.py:188} INFO - [2026-06-09T00:37:16.452+0000] {dagbag.py:545} INFO - Filling up the DagBag from /home/airflow/.local/lib/python3.12/site-packages/airflow/example_dags/example_branch_day_of_week_operator.py
[2026-06-09T00:37:16.459+0000] {processor.py:840} INFO - DAG(s) 'example_weekday_branch_operator' retrieved from /home/airflow/.local/lib/python3.12/site-packages/airflow/example_dags/example_branch_day_of_week_operator.py
[2026-06-09T00:37:16.478+0000] {logging_mixin.py:188} INFO - [2026-06-09T00:37:16.478+0000] {dag.py:3096} INFO - Sync 1 DAGs
[2026-06-09T00:37:16.500+0000] {logging_mixin.py:188} INFO - [2026-06-09T00:37:16.500+0000] {dag.py:3954} INFO - Setting next_dagrun for example_weekday_branch_operator to 2026-06-08 00:00:00+00:00, run_after=2026-06-09 00:00:00+00:00
[2026-06-09T00:37:16.517+0000] {processor.py:183} INFO - Processing /home/airflow/.local/lib/python3.12/site-packages/airflow/example_dags/example_branch_day_of_week_operator.py took 0.072 seconds
[2026-06-09T00:37:46.934+0000] {processor.py:161} INFO - Started process (PID=127938) to work on /home/airflow/.local/lib/python3.12/site-packages/airflow/example_dags/example_branch_day_of_week_operator.py
[2026-06-09T00:37:46.935+0000] {processor.py:830} INFO - Processing file /home/airflow/.local/lib/python3.12/site-packages/airflow/example_dags/example_branch_day_of_week_operator.py for tasks to queue
[2026-06-09T00:37:46.937+0000] {logging_mixin.py:188} INFO - [2026-06-09T00:37:46.937+0000] {dagbag.py:545} INFO - Filling up the DagBag from /home/airflow/.local/lib/python3.12/site-packages/airflow/example_dags/example_branch_day_of_week_operator.py
[2026-06-09T00:37:46.943+0000] {processor.py:840} INFO - DAG(s) 'example_weekday_branch_operator' retrieved from /home/airflow/.local/lib/python3.12/site-packages/airflow/example_dags/example_branch_day_of_week_operator.py
[2026-06-09T00:37:46.965+0000] {logging_mixin.py:188} INFO - [2026-06-09T00:37:46.964+0000] {dag.py:3096} INFO - Sync 1 DAGs
[2026-06-09T00:37:46.988+0000] {logging_mixin.py:188} INFO - [2026-06-09T00:37:46.988+0000] {dag.py:3954} INFO - Setting next_dagrun for example_weekday_branch_operator to 2026-06-08 00:00:00+00:00, run_after=2026-06-09 00:00:00+00:00
[2026-06-09T00:37:47.010+0000] {processor.py:183} INFO - Processing /home/airflow/.local/lib/python3.12/site-packages/airflow/example_dags/example_branch_day_of_week_operator.py took 0.081 seconds
[2026-06-09T00:38:17.408+0000] {processor.py:161} INFO - Started process (PID=128200) to work on /home/airflow/.local/lib/python3.12/site-packages/airflow/example_dags/example_branch_day_of_week_operator.py
[2026-06-09T00:38:17.409+0000] {processor.py:830} INFO - Processing file /home/airflow/.local/lib/python3.12/site-packages/airflow/example_dags/example_branch_day_of_week_operator.py for tasks to queue
[2026-06-09T00:38:17.412+0000] {logging_mixin.py:188} INFO - [2026-06-09T00:38:17.410+0000] {dagbag.py:545} INFO - Filling up the DagBag from /home/airflow/.local/lib/python3.12/site-packages/airflow/example_dags/example_branch_day_of_week_operator.py
[2026-06-09T00:38:17.420+0000] {processor.py:840} INFO - DAG(s) 'example_weekday_branch_operator' retrieved from /home/airflow/.local/lib/python3.12/site-packages/airflow/example_dags/example_branch_day_of_week_operator.py
[2026-06-09T00:38:17.447+0000] {logging_mixin.py:188} INFO - [2026-06-09T00:38:17.447+0000] {dag.py:3096} INFO - Sync 1 DAGs
[2026-06-09T00:38:17.471+0000] {logging_mixin.py:188} INFO - [2026-06-09T00:38:17.471+0000] {dag.py:3954} INFO - Setting next_dagrun for example_weekday_branch_operator to 2026-06-08 00:00:00+00:00, run_after=2026-06-09 00:00:00+00:00
[2026-06-09T00:38:17.489+0000] {processor.py:183} INFO - Processing /home/airflow/.local/lib/python3.12/site-packages/airflow/example_dags/example_branch_day_of_week_operator.py took 0.086 seconds
[2026-06-09T00:38:48.024+0000] {processor.py:161} INFO - Started process (PID=128463) to work on /home/airflow/.local/lib/python3.12/site-packages/airflow/example_dags/example_branch_day_of_week_operator.py
[2026-06-09T00:38:48.025+0000] {processor.py:830} INFO - Processing file /home/airflow/.local/lib/python3.12/site-packages/airflow/example_dags/example_branch_day_of_week_operator.py for tasks to queue
[2026-06-09T00:38:48.027+0000] {logging_mixin.py:188} INFO - [2026-06-09T00:38:48.026+0000] {dagbag.py:545} INFO - Filling up the DagBag from /home/airflow/.local/lib/python3.12/site-packages/airflow/example_dags/example_branch_day_of_week_operator.py
[2026-06-09T00:38:48.034+0000] {processor.py:840} INFO - DAG(s) 'example_weekday_branch_operator' retrieved from /home/airflow/.local/lib/python3.12/site-packages/airflow/example_dags/example_branch_day_of_week_operator.py
[2026-06-09T00:38:48.056+0000] {logging_mixin.py:188} INFO - [2026-06-09T00:38:48.055+0000] {dag.py:3096} INFO - Sync 1 DAGs
[2026-06-09T00:38:48.080+0000] {logging_mixin.py:188} INFO - [2026-06-09T00:38:48.079+0000] {dag.py:3954} INFO - Setting next_dagrun for example_weekday_branch_operator to 2026-06-08 00:00:00+00:00, run_after=2026-06-09 00:00:00+00:00
[2026-06-09T00:38:48.103+0000] {processor.py:183} INFO - Processing /home/airflow/.local/lib/python3.12/site-packages/airflow/example_dags/example_branch_day_of_week_operator.py took 0.084 seconds
[2026-06-09T00:39:18.216+0000] {processor.py:161} INFO - Started process (PID=128725) to work on /home/airflow/.local/lib/python3.12/site-packages/airflow/example_dags/example_branch_day_of_week_operator.py
[2026-06-09T00:39:18.217+0000] {processor.py:830} INFO - Processing file /home/airflow/.local/lib/python3.12/site-packages/airflow/example_dags/example_branch_day_of_week_operator.py for tasks to queue
[2026-06-09T00:39:18.219+0000] {logging_mixin.py:188} INFO - [2026-06-09T00:39:18.218+0000] {dagbag.py:545} INFO - Filling up the DagBag from /home/airflow/.local/lib/python3.12/site-packages/airflow/example_dags/example_branch_day_of_week_operator.py
[2026-06-09T00:39:18.225+0000] {processor.py:840} INFO - DAG(s) 'example_weekday_branch_operator' retrieved from /home/airflow/.local/lib/python3.12/site-packages/airflow/example_dags/example_branch_day_of_week_operator.py
[2026-06-09T00:39:18.245+0000] {logging_mixin.py:188} INFO - [2026-06-09T00:39:18.245+0000] {dag.py:3096} INFO - Sync 1 DAGs
[2026-06-09T00:39:18.269+0000] {logging_mixin.py:188} INFO - [2026-06-09T00:39:18.269+0000] {dag.py:3954} INFO - Setting next_dagrun for example_weekday_branch_operator to 2026-06-08 00:00:00+00:00, run_after=2026-06-09 00:00:00+00:00
[2026-06-09T00:39:18.291+0000] {processor.py:183} INFO - Processing /home/airflow/.local/lib/python3.12/site-packages/airflow/example_dags/example_branch_day_of_week_operator.py took 0.080 seconds
[2026-06-09T00:39:48.493+0000] {processor.py:161} INFO - Started process (PID=128987) to work on /home/airflow/.local/lib/python3.12/site-packages/airflow/example_dags/example_branch_day_of_week_operator.py
[2026-06-09T00:39:48.494+0000] {processor.py:830} INFO - Processing file /home/airflow/.local/lib/python3.12/site-packages/airflow/example_dags/example_branch_day_of_week_operator.py for tasks to queue
[2026-06-09T00:39:48.496+0000] {logging_mixin.py:188} INFO - [2026-06-09T00:39:48.496+0000] {dagbag.py:545} INFO - Filling up the DagBag from /home/airflow/.local/lib/python3.12/site-packages/airflow/example_dags/example_branch_day_of_week_operator.py
[2026-06-09T00:39:48.503+0000] {processor.py:840} INFO - DAG(s) 'example_weekday_branch_operator' retrieved from /home/airflow/.local/lib/python3.12/site-packages/airflow/example_dags/example_branch_day_of_week_operator.py
[2026-06-09T00:39:48.525+0000] {logging_mixin.py:188} INFO - [2026-06-09T00:39:48.524+0000] {dag.py:3096} INFO - Sync 1 DAGs
[2026-06-09T00:39:48.548+0000] {logging_mixin.py:188} INFO - [2026-06-09T00:39:48.548+0000] {dag.py:3954} INFO - Setting next_dagrun for example_weekday_branch_operator to 2026-06-08 00:00:00+00:00, run_after=2026-06-09 00:00:00+00:00
[2026-06-09T00:39:48.570+0000] {processor.py:183} INFO - Processing /home/airflow/.local/lib/python3.12/site-packages/airflow/example_dags/example_branch_day_of_week_operator.py took 0.084 seconds
[2026-06-09T00:40:18.794+0000] {processor.py:161} INFO - Started process (PID=129247) to work on /home/airflow/.local/lib/python3.12/site-packages/airflow/example_dags/example_branch_day_of_week_operator.py
[2026-06-09T00:40:18.796+0000] {processor.py:830} INFO - Processing file /home/airflow/.local/lib/python3.12/site-packages/airflow/example_dags/example_branch_day_of_week_operator.py for tasks to queue
[2026-06-09T00:40:18.799+0000] {logging_mixin.py:188} INFO - [2026-06-09T00:40:18.798+0000] {dagbag.py:545} INFO - Filling up the DagBag from /home/airflow/.local/lib/python3.12/site-packages/airflow/example_dags/example_branch_day_of_week_operator.py
[2026-06-09T00:40:18.828+0000] {processor.py:840} INFO - DAG(s) 'example_weekday_branch_operator' retrieved from /home/airflow/.local/lib/python3.12/site-packages/airflow/example_dags/example_branch_day_of_week_operator.py
[2026-06-09T00:40:19.201+0000] {logging_mixin.py:188} INFO - [2026-06-09T00:40:19.200+0000] {dag.py:3096} INFO - Sync 1 DAGs
[2026-06-09T00:40:19.231+0000] {logging_mixin.py:188} INFO - [2026-06-09T00:40:19.231+0000] {dag.py:3954} INFO - Setting next_dagrun for example_weekday_branch_operator to 2026-06-08 00:00:00+00:00, run_after=2026-06-09 00:00:00+00:00
[2026-06-09T00:40:19.263+0000] {processor.py:183} INFO - Processing /home/airflow/.local/lib/python3.12/site-packages/airflow/example_dags/example_branch_day_of_week_operator.py took 0.478 seconds
[2026-06-09T00:40:49.338+0000] {processor.py:161} INFO - Started process (PID=129503) to work on /home/airflow/.local/lib/python3.12/site-packages/airflow/example_dags/example_branch_day_of_week_operator.py
[2026-06-09T00:40:49.339+0000] {processor.py:830} INFO - Processing file /home/airflow/.local/lib/python3.12/site-packages/airflow/example_dags/example_branch_day_of_week_operator.py for tasks to queue
[2026-06-09T00:40:49.342+0000] {logging_mixin.py:188} INFO - [2026-06-09T00:40:49.342+0000] {dagbag.py:545} INFO - Filling up the DagBag from /home/airflow/.local/lib/python3.12/site-packages/airflow/example_dags/example_branch_day_of_week_operator.py
[2026-06-09T00:40:49.349+0000] {processor.py:840} INFO - DAG(s) 'example_weekday_branch_operator' retrieved from /home/airflow/.local/lib/python3.12/site-packages/airflow/example_dags/example_branch_day_of_week_operator.py
[2026-06-09T00:40:49.370+0000] {logging_mixin.py:188} INFO - [2026-06-09T00:40:49.369+0000] {dag.py:3096} INFO - Sync 1 DAGs
[2026-06-09T00:40:49.396+0000] {logging_mixin.py:188} INFO - [2026-06-09T00:40:49.396+0000] {dag.py:3954} INFO - Setting next_dagrun for example_weekday_branch_operator to 2026-06-08 00:00:00+00:00, run_after=2026-06-09 00:00:00+00:00
[2026-06-09T00:40:49.421+0000] {processor.py:183} INFO - Processing /home/airflow/.local/lib/python3.12/site-packages/airflow/example_dags/example_branch_day_of_week_operator.py took 0.088 seconds
[2026-06-09T00:41:19.554+0000] {processor.py:161} INFO - Started process (PID=129765) to work on /home/airflow/.local/lib/python3.12/site-packages/airflow/example_dags/example_branch_day_of_week_operator.py
[2026-06-09T00:41:19.556+0000] {processor.py:830} INFO - Processing file /home/airflow/.local/lib/python3.12/site-packages/airflow/example_dags/example_branch_day_of_week_operator.py for tasks to queue
[2026-06-09T00:41:19.557+0000] {logging_mixin.py:188} INFO - [2026-06-09T00:41:19.557+0000] {dagbag.py:545} INFO - Filling up the DagBag from /home/airflow/.local/lib/python3.12/site-packages/airflow/example_dags/example_branch_day_of_week_operator.py
[2026-06-09T00:41:19.563+0000] {processor.py:840} INFO - DAG(s) 'example_weekday_branch_operator' retrieved from /home/airflow/.local/lib/python3.12/site-packages/airflow/example_dags/example_branch_day_of_week_operator.py
[2026-06-09T00:41:19.596+0000] {logging_mixin.py:188} INFO - [2026-06-09T00:41:19.596+0000] {dag.py:3096} INFO - Sync 1 DAGs
[2026-06-09T00:41:19.623+0000] {logging_mixin.py:188} INFO - [2026-06-09T00:41:19.623+0000] {dag.py:3954} INFO - Setting next_dagrun for example_weekday_branch_operator to 2026-06-08 00:00:00+00:00, run_after=2026-06-09 00:00:00+00:00
[2026-06-09T00:41:19.646+0000] {processor.py:183} INFO - Processing /home/airflow/.local/lib/python3.12/site-packages/airflow/example_dags/example_branch_day_of_week_operator.py took 0.097 seconds
[2026-06-09T00:41:50.015+0000] {processor.py:161} INFO - Started process (PID=130027) to work on /home/airflow/.local/lib/python3.12/site-packages/airflow/example_dags/example_branch_day_of_week_operator.py
[2026-06-09T00:41:50.016+0000] {processor.py:830} INFO - Processing file /home/airflow/.local/lib/python3.12/site-packages/airflow/example_dags/example_branch_day_of_week_operator.py for tasks to queue
[2026-06-09T00:41:50.018+0000] {logging_mixin.py:188} INFO - [2026-06-09T00:41:50.017+0000] {dagbag.py:545} INFO - Filling up the DagBag from /home/airflow/.local/lib/python3.12/site-packages/airflow/example_dags/example_branch_day_of_week_operator.py
[2026-06-09T00:41:50.026+0000] {processor.py:840} INFO - DAG(s) 'example_weekday_branch_operator' retrieved from /home/airflow/.local/lib/python3.12/site-packages/airflow/example_dags/example_branch_day_of_week_operator.py
[2026-06-09T00:41:50.047+0000] {logging_mixin.py:188} INFO - [2026-06-09T00:41:50.047+0000] {dag.py:3096} INFO - Sync 1 DAGs
[2026-06-09T00:41:50.068+0000] {logging_mixin.py:188} INFO - [2026-06-09T00:41:50.068+0000] {dag.py:3954} INFO - Setting next_dagrun for example_weekday_branch_operator to 2026-06-08 00:00:00+00:00, run_after=2026-06-09 00:00:00+00:00
[2026-06-09T00:41:50.087+0000] {processor.py:183} INFO - Processing /home/airflow/.local/lib/python3.12/site-packages/airflow/example_dags/example_branch_day_of_week_operator.py took 0.078 seconds
[2026-06-09T00:42:20.453+0000] {processor.py:161} INFO - Started process (PID=130289) to work on /home/airflow/.local/lib/python3.12/site-packages/airflow/example_dags/example_branch_day_of_week_operator.py
[2026-06-09T00:42:20.454+0000] {processor.py:830} INFO - Processing file /home/airflow/.local/lib/python3.12/site-packages/airflow/example_dags/example_branch_day_of_week_operator.py for tasks to queue
[2026-06-09T00:42:20.456+0000] {logging_mixin.py:188} INFO - [2026-06-09T00:42:20.455+0000] {dagbag.py:545} INFO - Filling up the DagBag from /home/airflow/.local/lib/python3.12/site-packages/airflow/example_dags/example_branch_day_of_week_operator.py
[2026-06-09T00:42:20.464+0000] {processor.py:840} INFO - DAG(s) 'example_weekday_branch_operator' retrieved from /home/airflow/.local/lib/python3.12/site-packages/airflow/example_dags/example_branch_day_of_week_operator.py
[2026-06-09T00:42:20.484+0000] {logging_mixin.py:188} INFO - [2026-06-09T00:42:20.484+0000] {dag.py:3096} INFO - Sync 1 DAGs
[2026-06-09T00:42:20.509+0000] {logging_mixin.py:188} INFO - [2026-06-09T00:42:20.509+0000] {dag.py:3954} INFO - Setting next_dagrun for example_weekday_branch_operator to 2026-06-08 00:00:00+00:00, run_after=2026-06-09 00:00:00+00:00
[2026-06-09T00:42:20.529+0000] {processor.py:183} INFO - Processing /home/airflow/.local/lib/python3.12/site-packages/airflow/example_dags/example_branch_day_of_week_operator.py took 0.081 seconds
[2026-06-09T00:42:50.898+0000] {processor.py:161} INFO - Started process (PID=130551) to work on /home/airflow/.local/lib/python3.12/site-packages/airflow/example_dags/example_branch_day_of_week_operator.py
[2026-06-09T00:42:50.899+0000] {processor.py:830} INFO - Processing file /home/airflow/.local/lib/python3.12/site-packages/airflow/example_dags/example_branch_day_of_week_operator.py for tasks to queue
[2026-06-09T00:42:50.901+0000] {logging_mixin.py:188} INFO - [2026-06-09T00:42:50.901+0000] {dagbag.py:545} INFO - Filling up the DagBag from /home/airflow/.local/lib/python3.12/site-packages/airflow/example_dags/example_branch_day_of_week_operator.py
[2026-06-09T00:42:50.909+0000] {processor.py:840} INFO - DAG(s) 'example_weekday_branch_operator' retrieved from /home/airflow/.local/lib/python3.12/site-packages/airflow/example_dags/example_branch_day_of_week_operator.py
[2026-06-09T00:42:50.930+0000] {logging_mixin.py:188} INFO - [2026-06-09T00:42:50.930+0000] {dag.py:3096} INFO - Sync 1 DAGs
[2026-06-09T00:42:50.953+0000] {logging_mixin.py:188} INFO - [2026-06-09T00:42:50.953+0000] {dag.py:3954} INFO - Setting next_dagrun for example_weekday_branch_operator to 2026-06-08 00:00:00+00:00, run_after=2026-06-09 00:00:00+00:00
[2026-06-09T00:42:50.974+0000] {processor.py:183} INFO - Processing /home/airflow/.local/lib/python3.12/site-packages/airflow/example_dags/example_branch_day_of_week_operator.py took 0.081 seconds
[2026-06-09T00:43:21.249+0000] {processor.py:161} INFO - Started process (PID=130813) to work on /home/airflow/.local/lib/python3.12/site-packages/airflow/example_dags/example_branch_day_of_week_operator.py
[2026-06-09T00:43:21.250+0000] {processor.py:830} INFO - Processing file /home/airflow/.local/lib/python3.12/site-packages/airflow/example_dags/example_branch_day_of_week_operator.py for tasks to queue
[2026-06-09T00:43:21.252+0000] {logging_mixin.py:188} INFO - [2026-06-09T00:43:21.251+0000] {dagbag.py:545} INFO - Filling up the DagBag from /home/airflow/.local/lib/python3.12/site-packages/airflow/example_dags/example_branch_day_of_week_operator.py
[2026-06-09T00:43:21.257+0000] {processor.py:840} INFO - DAG(s) 'example_weekday_branch_operator' retrieved from /home/airflow/.local/lib/python3.12/site-packages/airflow/example_dags/example_branch_day_of_week_operator.py
[2026-06-09T00:43:21.279+0000] {logging_mixin.py:188} INFO - [2026-06-09T00:43:21.278+0000] {dag.py:3096} INFO - Sync 1 DAGs
[2026-06-09T00:43:21.301+0000] {logging_mixin.py:188} INFO - [2026-06-09T00:43:21.301+0000] {dag.py:3954} INFO - Setting next_dagrun for example_weekday_branch_operator to 2026-06-08 00:00:00+00:00, run_after=2026-06-09 00:00:00+00:00
[2026-06-09T00:43:21.322+0000] {processor.py:183} INFO - Processing /home/airflow/.local/lib/python3.12/site-packages/airflow/example_dags/example_branch_day_of_week_operator.py took 0.080 seconds
[2026-06-09T00:43:51.751+0000] {processor.py:161} INFO - Started process (PID=131081) to work on /home/airflow/.local/lib/python3.12/site-packages/airflow/example_dags/example_branch_day_of_week_operator.py
[2026-06-09T00:43:51.752+0000] {processor.py:830} INFO - Processing file /home/airflow/.local/lib/python3.12/site-packages/airflow/example_dags/example_branch_day_of_week_operator.py for tasks to queue
[2026-06-09T00:43:51.753+0000] {logging_mixin.py:188} INFO - [2026-06-09T00:43:51.753+0000] {dagbag.py:545} INFO - Filling up the DagBag from /home/airflow/.local/lib/python3.12/site-packages/airflow/example_dags/example_branch_day_of_week_operator.py
[2026-06-09T00:43:51.759+0000] {processor.py:840} INFO - DAG(s) 'example_weekday_branch_operator' retrieved from /home/airflow/.local/lib/python3.12/site-packages/airflow/example_dags/example_branch_day_of_week_operator.py
[2026-06-09T00:43:51.780+0000] {logging_mixin.py:188} INFO - [2026-06-09T00:43:51.780+0000] {dag.py:3096} INFO - Sync 1 DAGs
[2026-06-09T00:43:51.801+0000] {logging_mixin.py:188} INFO - [2026-06-09T00:43:51.801+0000] {dag.py:3954} INFO - Setting next_dagrun for example_weekday_branch_operator to 2026-06-08 00:00:00+00:00, run_after=2026-06-09 00:00:00+00:00
[2026-06-09T00:43:51.823+0000] {processor.py:183} INFO - Processing /home/airflow/.local/lib/python3.12/site-packages/airflow/example_dags/example_branch_day_of_week_operator.py took 0.080 seconds
[2026-06-09T00:44:22.191+0000] {processor.py:161} INFO - Started process (PID=131343) to work on /home/airflow/.local/lib/python3.12/site-packages/airflow/example_dags/example_branch_day_of_week_operator.py
[2026-06-09T00:44:22.192+0000] {processor.py:830} INFO - Processing file /home/airflow/.local/lib/python3.12/site-packages/airflow/example_dags/example_branch_day_of_week_operator.py for tasks to queue
[2026-06-09T00:44:22.194+0000] {logging_mixin.py:188} INFO - [2026-06-09T00:44:22.193+0000] {dagbag.py:545} INFO - Filling up the DagBag from /home/airflow/.local/lib/python3.12/site-packages/airflow/example_dags/example_branch_day_of_week_operator.py
[2026-06-09T00:44:22.199+0000] {processor.py:840} INFO - DAG(s) 'example_weekday_branch_operator' retrieved from /home/airflow/.local/lib/python3.12/site-packages/airflow/example_dags/example_branch_day_of_week_operator.py
[2026-06-09T00:44:22.220+0000] {logging_mixin.py:188} INFO - [2026-06-09T00:44:22.219+0000] {dag.py:3096} INFO - Sync 1 DAGs
[2026-06-09T00:44:22.242+0000] {logging_mixin.py:188} INFO - [2026-06-09T00:44:22.241+0000] {dag.py:3954} INFO - Setting next_dagrun for example_weekday_branch_operator to 2026-06-08 00:00:00+00:00, run_after=2026-06-09 00:00:00+00:00
[2026-06-09T00:44:22.261+0000] {processor.py:183} INFO - Processing /home/airflow/.local/lib/python3.12/site-packages/airflow/example_dags/example_branch_day_of_week_operator.py took 0.078 seconds
[2026-06-09T00:44:52.628+0000] {processor.py:161} INFO - Started process (PID=131605) to work on /home/airflow/.local/lib/python3.12/site-packages/airflow/example_dags/example_branch_day_of_week_operator.py
[2026-06-09T00:44:52.630+0000] {processor.py:830} INFO - Processing file /home/airflow/.local/lib/python3.12/site-packages/airflow/example_dags/example_branch_day_of_week_operator.py for tasks to queue
[2026-06-09T00:44:52.632+0000] {logging_mixin.py:188} INFO - [2026-06-09T00:44:52.631+0000] {dagbag.py:545} INFO - Filling up the DagBag from /home/airflow/.local/lib/python3.12/site-packages/airflow/example_dags/example_branch_day_of_week_operator.py
[2026-06-09T00:44:52.641+0000] {processor.py:840} INFO - DAG(s) 'example_weekday_branch_operator' retrieved from /home/airflow/.local/lib/python3.12/site-packages/airflow/example_dags/example_branch_day_of_week_operator.py
[2026-06-09T00:44:52.662+0000] {logging_mixin.py:188} INFO - [2026-06-09T00:44:52.662+0000] {dag.py:3096} INFO - Sync 1 DAGs
[2026-06-09T00:44:52.684+0000] {logging_mixin.py:188} INFO - [2026-06-09T00:44:52.683+0000] {dag.py:3954} INFO - Setting next_dagrun for example_weekday_branch_operator to 2026-06-08 00:00:00+00:00, run_after=2026-06-09 00:00:00+00:00
[2026-06-09T00:44:52.708+0000] {processor.py:183} INFO - Processing /home/airflow/.local/lib/python3.12/site-packages/airflow/example_dags/example_branch_day_of_week_operator.py took 0.085 seconds
[2026-06-09T00:45:22.854+0000] {processor.py:161} INFO - Started process (PID=131867) to work on /home/airflow/.local/lib/python3.12/site-packages/airflow/example_dags/example_branch_day_of_week_operator.py
[2026-06-09T00:45:22.855+0000] {processor.py:830} INFO - Processing file /home/airflow/.local/lib/python3.12/site-packages/airflow/example_dags/example_branch_day_of_week_operator.py for tasks to queue
[2026-06-09T00:45:22.858+0000] {logging_mixin.py:188} INFO - [2026-06-09T00:45:22.858+0000] {dagbag.py:545} INFO - Filling up the DagBag from /home/airflow/.local/lib/python3.12/site-packages/airflow/example_dags/example_branch_day_of_week_operator.py
[2026-06-09T00:45:22.865+0000] {processor.py:840} INFO - DAG(s) 'example_weekday_branch_operator' retrieved from /home/airflow/.local/lib/python3.12/site-packages/airflow/example_dags/example_branch_day_of_week_operator.py
[2026-06-09T00:45:22.894+0000] {logging_mixin.py:188} INFO - [2026-06-09T00:45:22.894+0000] {dag.py:3096} INFO - Sync 1 DAGs
[2026-06-09T00:45:22.925+0000] {logging_mixin.py:188} INFO - [2026-06-09T00:45:22.925+0000] {dag.py:3954} INFO - Setting next_dagrun for example_weekday_branch_operator to 2026-06-08 00:00:00+00:00, run_after=2026-06-09 00:00:00+00:00
[2026-06-09T00:45:22.956+0000] {processor.py:183} INFO - Processing /home/airflow/.local/lib/python3.12/site-packages/airflow/example_dags/example_branch_day_of_week_operator.py took 0.109 seconds
[2026-06-09T00:45:53.254+0000] {processor.py:161} INFO - Started process (PID=132129) to work on /home/airflow/.local/lib/python3.12/site-packages/airflow/example_dags/example_branch_day_of_week_operator.py
[2026-06-09T00:45:53.255+0000] {processor.py:830} INFO - Processing file /home/airflow/.local/lib/python3.12/site-packages/airflow/example_dags/example_branch_day_of_week_operator.py for tasks to queue
[2026-06-09T00:45:53.257+0000] {logging_mixin.py:188} INFO - [2026-06-09T00:45:53.256+0000] {dagbag.py:545} INFO - Filling up the DagBag from /home/airflow/.local/lib/python3.12/site-packages/airflow/example_dags/example_branch_day_of_week_operator.py
[2026-06-09T00:45:53.263+0000] {processor.py:840} INFO - DAG(s) 'example_weekday_branch_operator' retrieved from /home/airflow/.local/lib/python3.12/site-packages/airflow/example_dags/example_branch_day_of_week_operator.py
[2026-06-09T00:45:53.287+0000] {logging_mixin.py:188} INFO - [2026-06-09T00:45:53.287+0000] {dag.py:3096} INFO - Sync 1 DAGs
[2026-06-09T00:45:53.312+0000] {logging_mixin.py:188} INFO - [2026-06-09T00:45:53.311+0000] {dag.py:3954} INFO - Setting next_dagrun for example_weekday_branch_operator to 2026-06-08 00:00:00+00:00, run_after=2026-06-09 00:00:00+00:00
[2026-06-09T00:45:53.335+0000] {processor.py:183} INFO - Processing /home/airflow/.local/lib/python3.12/site-packages/airflow/example_dags/example_branch_day_of_week_operator.py took 0.087 seconds
[2026-06-09T00:46:23.601+0000] {processor.py:161} INFO - Started process (PID=132391) to work on /home/airflow/.local/lib/python3.12/site-packages/airflow/example_dags/example_branch_day_of_week_operator.py
[2026-06-09T00:46:23.603+0000] {processor.py:830} INFO - Processing file /home/airflow/.local/lib/python3.12/site-packages/airflow/example_dags/example_branch_day_of_week_operator.py for tasks to queue
[2026-06-09T00:46:23.605+0000] {logging_mixin.py:188} INFO - [2026-06-09T00:46:23.605+0000] {dagbag.py:545} INFO - Filling up the DagBag from /home/airflow/.local/lib/python3.12/site-packages/airflow/example_dags/example_branch_day_of_week_operator.py
[2026-06-09T00:46:23.611+0000] {processor.py:840} INFO - DAG(s) 'example_weekday_branch_operator' retrieved from /home/airflow/.local/lib/python3.12/site-packages/airflow/example_dags/example_branch_day_of_week_operator.py
[2026-06-09T00:46:23.636+0000] {logging_mixin.py:188} INFO - [2026-06-09T00:46:23.636+0000] {dag.py:3096} INFO - Sync 1 DAGs
[2026-06-09T00:46:23.660+0000] {logging_mixin.py:188} INFO - [2026-06-09T00:46:23.660+0000] {dag.py:3954} INFO - Setting next_dagrun for example_weekday_branch_operator to 2026-06-08 00:00:00+00:00, run_after=2026-06-09 00:00:00+00:00
[2026-06-09T00:46:23.679+0000] {processor.py:183} INFO - Processing /home/airflow/.local/lib/python3.12/site-packages/airflow/example_dags/example_branch_day_of_week_operator.py took 0.084 seconds
[2026-06-09T00:46:54.138+0000] {processor.py:161} INFO - Started process (PID=132653) to work on /home/airflow/.local/lib/python3.12/site-packages/airflow/example_dags/example_branch_day_of_week_operator.py
[2026-06-09T00:46:54.139+0000] {processor.py:830} INFO - Processing file /home/airflow/.local/lib/python3.12/site-packages/airflow/example_dags/example_branch_day_of_week_operator.py for tasks to queue
[2026-06-09T00:46:54.141+0000] {logging_mixin.py:188} INFO - [2026-06-09T00:46:54.141+0000] {dagbag.py:545} INFO - Filling up the DagBag from /home/airflow/.local/lib/python3.12/site-packages/airflow/example_dags/example_branch_day_of_week_operator.py
[2026-06-09T00:46:54.149+0000] {processor.py:840} INFO - DAG(s) 'example_weekday_branch_operator' retrieved from /home/airflow/.local/lib/python3.12/site-packages/airflow/example_dags/example_branch_day_of_week_operator.py
[2026-06-09T00:46:54.169+0000] {logging_mixin.py:188} INFO - [2026-06-09T00:46:54.168+0000] {dag.py:3096} INFO - Sync 1 DAGs
[2026-06-09T00:46:54.192+0000] {logging_mixin.py:188} INFO - [2026-06-09T00:46:54.191+0000] {dag.py:3954} INFO - Setting next_dagrun for example_weekday_branch_operator to 2026-06-08 00:00:00+00:00, run_after=2026-06-09 00:00:00+00:00
[2026-06-09T00:46:54.215+0000] {processor.py:183} INFO - Processing /home/airflow/.local/lib/python3.12/site-packages/airflow/example_dags/example_branch_day_of_week_operator.py took 0.081 seconds
[2026-06-09T00:47:24.691+0000] {processor.py:161} INFO - Started process (PID=132915) to work on /home/airflow/.local/lib/python3.12/site-packages/airflow/example_dags/example_branch_day_of_week_operator.py
[2026-06-09T00:47:24.692+0000] {processor.py:830} INFO - Processing file /home/airflow/.local/lib/python3.12/site-packages/airflow/example_dags/example_branch_day_of_week_operator.py for tasks to queue
[2026-06-09T00:47:24.695+0000] {logging_mixin.py:188} INFO - [2026-06-09T00:47:24.695+0000] {dagbag.py:545} INFO - Filling up the DagBag from /home/airflow/.local/lib/python3.12/site-packages/airflow/example_dags/example_branch_day_of_week_operator.py
[2026-06-09T00:47:24.702+0000] {processor.py:840} INFO - DAG(s) 'example_weekday_branch_operator' retrieved from /home/airflow/.local/lib/python3.12/site-packages/airflow/example_dags/example_branch_day_of_week_operator.py
[2026-06-09T00:47:24.725+0000] {logging_mixin.py:188} INFO - [2026-06-09T00:47:24.725+0000] {dag.py:3096} INFO - Sync 1 DAGs
[2026-06-09T00:47:24.751+0000] {logging_mixin.py:188} INFO - [2026-06-09T00:47:24.751+0000] {dag.py:3954} INFO - Setting next_dagrun for example_weekday_branch_operator to 2026-06-08 00:00:00+00:00, run_after=2026-06-09 00:00:00+00:00
[2026-06-09T00:47:24.772+0000] {processor.py:183} INFO - Processing /home/airflow/.local/lib/python3.12/site-packages/airflow/example_dags/example_branch_day_of_week_operator.py took 0.086 seconds
[2026-06-09T00:47:55.220+0000] {processor.py:161} INFO - Started process (PID=133177) to work on /home/airflow/.local/lib/python3.12/site-packages/airflow/example_dags/example_branch_day_of_week_operator.py
[2026-06-09T00:47:55.222+0000] {processor.py:830} INFO - Processing file /home/airflow/.local/lib/python3.12/site-packages/airflow/example_dags/example_branch_day_of_week_operator.py for tasks to queue
[2026-06-09T00:47:55.225+0000] {logging_mixin.py:188} INFO - [2026-06-09T00:47:55.224+0000] {dagbag.py:545} INFO - Filling up the DagBag from /home/airflow/.local/lib/python3.12/site-packages/airflow/example_dags/example_branch_day_of_week_operator.py
[2026-06-09T00:47:55.234+0000] {processor.py:840} INFO - DAG(s) 'example_weekday_branch_operator' retrieved from /home/airflow/.local/lib/python3.12/site-packages/airflow/example_dags/example_branch_day_of_week_operator.py
[2026-06-09T00:47:55.258+0000] {logging_mixin.py:188} INFO - [2026-06-09T00:47:55.258+0000] {dag.py:3096} INFO - Sync 1 DAGs
[2026-06-09T00:47:55.283+0000] {logging_mixin.py:188} INFO - [2026-06-09T00:47:55.282+0000] {dag.py:3954} INFO - Setting next_dagrun for example_weekday_branch_operator to 2026-06-08 00:00:00+00:00, run_after=2026-06-09 00:00:00+00:00
[2026-06-09T00:47:55.306+0000] {processor.py:183} INFO - Processing /home/airflow/.local/lib/python3.12/site-packages/airflow/example_dags/example_branch_day_of_week_operator.py took 0.093 seconds
[2026-06-09T00:48:25.494+0000] {processor.py:161} INFO - Started process (PID=133439) to work on /home/airflow/.local/lib/python3.12/site-packages/airflow/example_dags/example_branch_day_of_week_operator.py
[2026-06-09T00:48:25.495+0000] {processor.py:830} INFO - Processing file /home/airflow/.local/lib/python3.12/site-packages/airflow/example_dags/example_branch_day_of_week_operator.py for tasks to queue
[2026-06-09T00:48:25.497+0000] {logging_mixin.py:188} INFO - [2026-06-09T00:48:25.497+0000] {dagbag.py:545} INFO - Filling up the DagBag from /home/airflow/.local/lib/python3.12/site-packages/airflow/example_dags/example_branch_day_of_week_operator.py
[2026-06-09T00:48:25.507+0000] {processor.py:840} INFO - DAG(s) 'example_weekday_branch_operator' retrieved from /home/airflow/.local/lib/python3.12/site-packages/airflow/example_dags/example_branch_day_of_week_operator.py
[2026-06-09T00:48:25.532+0000] {logging_mixin.py:188} INFO - [2026-06-09T00:48:25.532+0000] {dag.py:3096} INFO - Sync 1 DAGs
[2026-06-09T00:48:25.560+0000] {logging_mixin.py:188} INFO - [2026-06-09T00:48:25.560+0000] {dag.py:3954} INFO - Setting next_dagrun for example_weekday_branch_operator to 2026-06-08 00:00:00+00:00, run_after=2026-06-09 00:00:00+00:00
[2026-06-09T00:48:25.583+0000] {processor.py:183} INFO - Processing /home/airflow/.local/lib/python3.12/site-packages/airflow/example_dags/example_branch_day_of_week_operator.py took 0.096 seconds
[2026-06-09T00:48:56.281+0000] {processor.py:161} INFO - Started process (PID=133701) to work on /home/airflow/.local/lib/python3.12/site-packages/airflow/example_dags/example_branch_day_of_week_operator.py
[2026-06-09T00:48:56.282+0000] {processor.py:830} INFO - Processing file /home/airflow/.local/lib/python3.12/site-packages/airflow/example_dags/example_branch_day_of_week_operator.py for tasks to queue
[2026-06-09T00:48:56.284+0000] {logging_mixin.py:188} INFO - [2026-06-09T00:48:56.284+0000] {dagbag.py:545} INFO - Filling up the DagBag from /home/airflow/.local/lib/python3.12/site-packages/airflow/example_dags/example_branch_day_of_week_operator.py
[2026-06-09T00:48:56.291+0000] {processor.py:840} INFO - DAG(s) 'example_weekday_branch_operator' retrieved from /home/airflow/.local/lib/python3.12/site-packages/airflow/example_dags/example_branch_day_of_week_operator.py
[2026-06-09T00:48:56.313+0000] {logging_mixin.py:188} INFO - [2026-06-09T00:48:56.312+0000] {dag.py:3096} INFO - Sync 1 DAGs
[2026-06-09T00:48:56.338+0000] {logging_mixin.py:188} INFO - [2026-06-09T00:48:56.337+0000] {dag.py:3954} INFO - Setting next_dagrun for example_weekday_branch_operator to 2026-06-08 00:00:00+00:00, run_after=2026-06-09 00:00:00+00:00
[2026-06-09T00:48:56.358+0000] {processor.py:183} INFO - Processing /home/airflow/.local/lib/python3.12/site-packages/airflow/example_dags/example_branch_day_of_week_operator.py took 0.083 seconds
[2026-06-09T00:49:26.526+0000] {processor.py:161} INFO - Started process (PID=133963) to work on /home/airflow/.local/lib/python3.12/site-packages/airflow/example_dags/example_branch_day_of_week_operator.py
[2026-06-09T00:49:26.528+0000] {processor.py:830} INFO - Processing file /home/airflow/.local/lib/python3.12/site-packages/airflow/example_dags/example_branch_day_of_week_operator.py for tasks to queue
[2026-06-09T00:49:26.531+0000] {logging_mixin.py:188} INFO - [2026-06-09T00:49:26.531+0000] {dagbag.py:545} INFO - Filling up the DagBag from /home/airflow/.local/lib/python3.12/site-packages/airflow/example_dags/example_branch_day_of_week_operator.py
[2026-06-09T00:49:26.538+0000] {processor.py:840} INFO - DAG(s) 'example_weekday_branch_operator' retrieved from /home/airflow/.local/lib/python3.12/site-packages/airflow/example_dags/example_branch_day_of_week_operator.py
[2026-06-09T00:49:26.559+0000] {logging_mixin.py:188} INFO - [2026-06-09T00:49:26.559+0000] {dag.py:3096} INFO - Sync 1 DAGs
[2026-06-09T00:49:26.582+0000] {logging_mixin.py:188} INFO - [2026-06-09T00:49:26.582+0000] {dag.py:3954} INFO - Setting next_dagrun for example_weekday_branch_operator to 2026-06-08 00:00:00+00:00, run_after=2026-06-09 00:00:00+00:00
[2026-06-09T00:49:26.602+0000] {processor.py:183} INFO - Processing /home/airflow/.local/lib/python3.12/site-packages/airflow/example_dags/example_branch_day_of_week_operator.py took 0.082 seconds
[2026-06-09T00:49:56.731+0000] {processor.py:161} INFO - Started process (PID=134225) to work on /home/airflow/.local/lib/python3.12/site-packages/airflow/example_dags/example_branch_day_of_week_operator.py
[2026-06-09T00:49:56.733+0000] {processor.py:830} INFO - Processing file /home/airflow/.local/lib/python3.12/site-packages/airflow/example_dags/example_branch_day_of_week_operator.py for tasks to queue
[2026-06-09T00:49:56.734+0000] {logging_mixin.py:188} INFO - [2026-06-09T00:49:56.734+0000] {dagbag.py:545} INFO - Filling up the DagBag from /home/airflow/.local/lib/python3.12/site-packages/airflow/example_dags/example_branch_day_of_week_operator.py
[2026-06-09T00:49:56.742+0000] {processor.py:840} INFO - DAG(s) 'example_weekday_branch_operator' retrieved from /home/airflow/.local/lib/python3.12/site-packages/airflow/example_dags/example_branch_day_of_week_operator.py
[2026-06-09T00:49:56.765+0000] {logging_mixin.py:188} INFO - [2026-06-09T00:49:56.765+0000] {dag.py:3096} INFO - Sync 1 DAGs
[2026-06-09T00:49:56.786+0000] {logging_mixin.py:188} INFO - [2026-06-09T00:49:56.786+0000] {dag.py:3954} INFO - Setting next_dagrun for example_weekday_branch_operator to 2026-06-08 00:00:00+00:00, run_after=2026-06-09 00:00:00+00:00
[2026-06-09T00:49:56.806+0000] {processor.py:183} INFO - Processing /home/airflow/.local/lib/python3.12/site-packages/airflow/example_dags/example_branch_day_of_week_operator.py took 0.079 seconds
[2026-06-09T00:50:27.531+0000] {processor.py:161} INFO - Started process (PID=134487) to work on /home/airflow/.local/lib/python3.12/site-packages/airflow/example_dags/example_branch_day_of_week_operator.py
[2026-06-09T00:50:27.532+0000] {processor.py:830} INFO - Processing file /home/airflow/.local/lib/python3.12/site-packages/airflow/example_dags/example_branch_day_of_week_operator.py for tasks to queue
[2026-06-09T00:50:27.534+0000] {logging_mixin.py:188} INFO - [2026-06-09T00:50:27.534+0000] {dagbag.py:545} INFO - Filling up the DagBag from /home/airflow/.local/lib/python3.12/site-packages/airflow/example_dags/example_branch_day_of_week_operator.py
[2026-06-09T00:50:27.543+0000] {processor.py:840} INFO - DAG(s) 'example_weekday_branch_operator' retrieved from /home/airflow/.local/lib/python3.12/site-packages/airflow/example_dags/example_branch_day_of_week_operator.py
[2026-06-09T00:50:27.564+0000] {logging_mixin.py:188} INFO - [2026-06-09T00:50:27.564+0000] {dag.py:3096} INFO - Sync 1 DAGs
[2026-06-09T00:50:27.585+0000] {logging_mixin.py:188} INFO - [2026-06-09T00:50:27.585+0000] {dag.py:3954} INFO - Setting next_dagrun for example_weekday_branch_operator to 2026-06-08 00:00:00+00:00, run_after=2026-06-09 00:00:00+00:00
[2026-06-09T00:50:27.606+0000] {processor.py:183} INFO - Processing /home/airflow/.local/lib/python3.12/site-packages/airflow/example_dags/example_branch_day_of_week_operator.py took 0.080 seconds
[2026-06-09T00:50:57.864+0000] {processor.py:161} INFO - Started process (PID=134749) to work on /home/airflow/.local/lib/python3.12/site-packages/airflow/example_dags/example_branch_day_of_week_operator.py
[2026-06-09T00:50:57.865+0000] {processor.py:830} INFO - Processing file /home/airflow/.local/lib/python3.12/site-packages/airflow/example_dags/example_branch_day_of_week_operator.py for tasks to queue
[2026-06-09T00:50:57.866+0000] {logging_mixin.py:188} INFO - [2026-06-09T00:50:57.866+0000] {dagbag.py:545} INFO - Filling up the DagBag from /home/airflow/.local/lib/python3.12/site-packages/airflow/example_dags/example_branch_day_of_week_operator.py
[2026-06-09T00:50:57.872+0000] {processor.py:840} INFO - DAG(s) 'example_weekday_branch_operator' retrieved from /home/airflow/.local/lib/python3.12/site-packages/airflow/example_dags/example_branch_day_of_week_operator.py
[2026-06-09T00:50:57.891+0000] {logging_mixin.py:188} INFO - [2026-06-09T00:50:57.891+0000] {dag.py:3096} INFO - Sync 1 DAGs
[2026-06-09T00:50:57.910+0000] {logging_mixin.py:188} INFO - [2026-06-09T00:50:57.910+0000] {dag.py:3954} INFO - Setting next_dagrun for example_weekday_branch_operator to 2026-06-08 00:00:00+00:00, run_after=2026-06-09 00:00:00+00:00
[2026-06-09T00:50:57.927+0000] {processor.py:183} INFO - Processing /home/airflow/.local/lib/python3.12/site-packages/airflow/example_dags/example_branch_day_of_week_operator.py took 0.068 seconds
[2026-06-09T00:51:28.661+0000] {processor.py:161} INFO - Started process (PID=135011) to work on /home/airflow/.local/lib/python3.12/site-packages/airflow/example_dags/example_branch_day_of_week_operator.py
[2026-06-09T00:51:28.662+0000] {processor.py:830} INFO - Processing file /home/airflow/.local/lib/python3.12/site-packages/airflow/example_dags/example_branch_day_of_week_operator.py for tasks to queue
[2026-06-09T00:51:28.664+0000] {logging_mixin.py:188} INFO - [2026-06-09T00:51:28.664+0000] {dagbag.py:545} INFO - Filling up the DagBag from /home/airflow/.local/lib/python3.12/site-packages/airflow/example_dags/example_branch_day_of_week_operator.py
[2026-06-09T00:51:28.674+0000] {processor.py:840} INFO - DAG(s) 'example_weekday_branch_operator' retrieved from /home/airflow/.local/lib/python3.12/site-packages/airflow/example_dags/example_branch_day_of_week_operator.py
[2026-06-09T00:51:28.706+0000] {logging_mixin.py:188} INFO - [2026-06-09T00:51:28.705+0000] {dag.py:3096} INFO - Sync 1 DAGs
[2026-06-09T00:51:28.737+0000] {logging_mixin.py:188} INFO - [2026-06-09T00:51:28.736+0000] {dag.py:3954} INFO - Setting next_dagrun for example_weekday_branch_operator to 2026-06-08 00:00:00+00:00, run_after=2026-06-09 00:00:00+00:00
[2026-06-09T00:51:28.824+0000] {processor.py:183} INFO - Processing /home/airflow/.local/lib/python3.12/site-packages/airflow/example_dags/example_branch_day_of_week_operator.py took 0.169 seconds
[2026-06-09T00:51:58.955+0000] {processor.py:161} INFO - Started process (PID=135273) to work on /home/airflow/.local/lib/python3.12/site-packages/airflow/example_dags/example_branch_day_of_week_operator.py
[2026-06-09T00:51:58.956+0000] {processor.py:830} INFO - Processing file /home/airflow/.local/lib/python3.12/site-packages/airflow/example_dags/example_branch_day_of_week_operator.py for tasks to queue
[2026-06-09T00:51:58.958+0000] {logging_mixin.py:188} INFO - [2026-06-09T00:51:58.957+0000] {dagbag.py:545} INFO - Filling up the DagBag from /home/airflow/.local/lib/python3.12/site-packages/airflow/example_dags/example_branch_day_of_week_operator.py
[2026-06-09T00:51:58.964+0000] {processor.py:840} INFO - DAG(s) 'example_weekday_branch_operator' retrieved from /home/airflow/.local/lib/python3.12/site-packages/airflow/example_dags/example_branch_day_of_week_operator.py
[2026-06-09T00:51:58.983+0000] {logging_mixin.py:188} INFO - [2026-06-09T00:51:58.983+0000] {dag.py:3096} INFO - Sync 1 DAGs
[2026-06-09T00:51:59.005+0000] {logging_mixin.py:188} INFO - [2026-06-09T00:51:59.005+0000] {dag.py:3954} INFO - Setting next_dagrun for example_weekday_branch_operator to 2026-06-08 00:00:00+00:00, run_after=2026-06-09 00:00:00+00:00
[2026-06-09T00:51:59.037+0000] {processor.py:183} INFO - Processing /home/airflow/.local/lib/python3.12/site-packages/airflow/example_dags/example_branch_day_of_week_operator.py took 0.088 seconds
[2026-06-09T00:52:29.352+0000] {processor.py:161} INFO - Started process (PID=135535) to work on /home/airflow/.local/lib/python3.12/site-packages/airflow/example_dags/example_branch_day_of_week_operator.py
[2026-06-09T00:52:29.353+0000] {processor.py:830} INFO - Processing file /home/airflow/.local/lib/python3.12/site-packages/airflow/example_dags/example_branch_day_of_week_operator.py for tasks to queue
[2026-06-09T00:52:29.355+0000] {logging_mixin.py:188} INFO - [2026-06-09T00:52:29.355+0000] {dagbag.py:545} INFO - Filling up the DagBag from /home/airflow/.local/lib/python3.12/site-packages/airflow/example_dags/example_branch_day_of_week_operator.py
[2026-06-09T00:52:29.362+0000] {processor.py:840} INFO - DAG(s) 'example_weekday_branch_operator' retrieved from /home/airflow/.local/lib/python3.12/site-packages/airflow/example_dags/example_branch_day_of_week_operator.py
[2026-06-09T00:52:29.383+0000] {logging_mixin.py:188} INFO - [2026-06-09T00:52:29.382+0000] {dag.py:3096} INFO - Sync 1 DAGs
[2026-06-09T00:52:29.405+0000] {logging_mixin.py:188} INFO - [2026-06-09T00:52:29.405+0000] {dag.py:3954} INFO - Setting next_dagrun for example_weekday_branch_operator to 2026-06-08 00:00:00+00:00, run_after=2026-06-09 00:00:00+00:00
[2026-06-09T00:52:29.424+0000] {processor.py:183} INFO - Processing /home/airflow/.local/lib/python3.12/site-packages/airflow/example_dags/example_branch_day_of_week_operator.py took 0.076 seconds
[2026-06-09T00:52:59.729+0000] {processor.py:161} INFO - Started process (PID=135797) to work on /home/airflow/.local/lib/python3.12/site-packages/airflow/example_dags/example_branch_day_of_week_operator.py
[2026-06-09T00:52:59.730+0000] {processor.py:830} INFO - Processing file /home/airflow/.local/lib/python3.12/site-packages/airflow/example_dags/example_branch_day_of_week_operator.py for tasks to queue
[2026-06-09T00:52:59.733+0000] {logging_mixin.py:188} INFO - [2026-06-09T00:52:59.732+0000] {dagbag.py:545} INFO - Filling up the DagBag from /home/airflow/.local/lib/python3.12/site-packages/airflow/example_dags/example_branch_day_of_week_operator.py
[2026-06-09T00:52:59.742+0000] {processor.py:840} INFO - DAG(s) 'example_weekday_branch_operator' retrieved from /home/airflow/.local/lib/python3.12/site-packages/airflow/example_dags/example_branch_day_of_week_operator.py
[2026-06-09T00:52:59.769+0000] {logging_mixin.py:188} INFO - [2026-06-09T00:52:59.769+0000] {dag.py:3096} INFO - Sync 1 DAGs
[2026-06-09T00:52:59.794+0000] {logging_mixin.py:188} INFO - [2026-06-09T00:52:59.793+0000] {dag.py:3954} INFO - Setting next_dagrun for example_weekday_branch_operator to 2026-06-08 00:00:00+00:00, run_after=2026-06-09 00:00:00+00:00
[2026-06-09T00:52:59.816+0000] {processor.py:183} INFO - Processing /home/airflow/.local/lib/python3.12/site-packages/airflow/example_dags/example_branch_day_of_week_operator.py took 0.093 seconds
[2026-06-09T00:53:30.067+0000] {processor.py:161} INFO - Started process (PID=136059) to work on /home/airflow/.local/lib/python3.12/site-packages/airflow/example_dags/example_branch_day_of_week_operator.py
[2026-06-09T00:53:30.068+0000] {processor.py:830} INFO - Processing file /home/airflow/.local/lib/python3.12/site-packages/airflow/example_dags/example_branch_day_of_week_operator.py for tasks to queue
[2026-06-09T00:53:30.070+0000] {logging_mixin.py:188} INFO - [2026-06-09T00:53:30.069+0000] {dagbag.py:545} INFO - Filling up the DagBag from /home/airflow/.local/lib/python3.12/site-packages/airflow/example_dags/example_branch_day_of_week_operator.py
[2026-06-09T00:53:30.076+0000] {processor.py:840} INFO - DAG(s) 'example_weekday_branch_operator' retrieved from /home/airflow/.local/lib/python3.12/site-packages/airflow/example_dags/example_branch_day_of_week_operator.py
[2026-06-09T00:53:30.094+0000] {logging_mixin.py:188} INFO - [2026-06-09T00:53:30.094+0000] {dag.py:3096} INFO - Sync 1 DAGs
[2026-06-09T00:53:30.115+0000] {logging_mixin.py:188} INFO - [2026-06-09T00:53:30.115+0000] {dag.py:3954} INFO - Setting next_dagrun for example_weekday_branch_operator to 2026-06-08 00:00:00+00:00, run_after=2026-06-09 00:00:00+00:00
[2026-06-09T00:53:30.137+0000] {processor.py:183} INFO - Processing /home/airflow/.local/lib/python3.12/site-packages/airflow/example_dags/example_branch_day_of_week_operator.py took 0.076 seconds
[2026-06-09T00:54:00.446+0000] {processor.py:161} INFO - Started process (PID=136321) to work on /home/airflow/.local/lib/python3.12/site-packages/airflow/example_dags/example_branch_day_of_week_operator.py
[2026-06-09T00:54:00.447+0000] {processor.py:830} INFO - Processing file /home/airflow/.local/lib/python3.12/site-packages/airflow/example_dags/example_branch_day_of_week_operator.py for tasks to queue
[2026-06-09T00:54:00.448+0000] {logging_mixin.py:188} INFO - [2026-06-09T00:54:00.448+0000] {dagbag.py:545} INFO - Filling up the DagBag from /home/airflow/.local/lib/python3.12/site-packages/airflow/example_dags/example_branch_day_of_week_operator.py
[2026-06-09T00:54:00.454+0000] {processor.py:840} INFO - DAG(s) 'example_weekday_branch_operator' retrieved from /home/airflow/.local/lib/python3.12/site-packages/airflow/example_dags/example_branch_day_of_week_operator.py
[2026-06-09T00:54:00.473+0000] {logging_mixin.py:188} INFO - [2026-06-09T00:54:00.473+0000] {dag.py:3096} INFO - Sync 1 DAGs
[2026-06-09T00:54:00.493+0000] {logging_mixin.py:188} INFO - [2026-06-09T00:54:00.493+0000] {dag.py:3954} INFO - Setting next_dagrun for example_weekday_branch_operator to 2026-06-08 00:00:00+00:00, run_after=2026-06-09 00:00:00+00:00
[2026-06-09T00:54:00.515+0000] {processor.py:183} INFO - Processing /home/airflow/.local/lib/python3.12/site-packages/airflow/example_dags/example_branch_day_of_week_operator.py took 0.074 seconds
[2026-06-09T00:54:30.600+0000] {processor.py:161} INFO - Started process (PID=136583) to work on /home/airflow/.local/lib/python3.12/site-packages/airflow/example_dags/example_branch_day_of_week_operator.py
[2026-06-09T00:54:30.601+0000] {processor.py:830} INFO - Processing file /home/airflow/.local/lib/python3.12/site-packages/airflow/example_dags/example_branch_day_of_week_operator.py for tasks to queue
[2026-06-09T00:54:30.602+0000] {logging_mixin.py:188} INFO - [2026-06-09T00:54:30.602+0000] {dagbag.py:545} INFO - Filling up the DagBag from /home/airflow/.local/lib/python3.12/site-packages/airflow/example_dags/example_branch_day_of_week_operator.py
[2026-06-09T00:54:30.608+0000] {processor.py:840} INFO - DAG(s) 'example_weekday_branch_operator' retrieved from /home/airflow/.local/lib/python3.12/site-packages/airflow/example_dags/example_branch_day_of_week_operator.py
[2026-06-09T00:54:30.627+0000] {logging_mixin.py:188} INFO - [2026-06-09T00:54:30.627+0000] {dag.py:3096} INFO - Sync 1 DAGs
[2026-06-09T00:54:30.646+0000] {logging_mixin.py:188} INFO - [2026-06-09T00:54:30.646+0000] {dag.py:3954} INFO - Setting next_dagrun for example_weekday_branch_operator to 2026-06-08 00:00:00+00:00, run_after=2026-06-09 00:00:00+00:00
[2026-06-09T00:54:30.663+0000] {processor.py:183} INFO - Processing /home/airflow/.local/lib/python3.12/site-packages/airflow/example_dags/example_branch_day_of_week_operator.py took 0.067 seconds
[2026-06-09T00:55:00.940+0000] {processor.py:161} INFO - Started process (PID=136845) to work on /home/airflow/.local/lib/python3.12/site-packages/airflow/example_dags/example_branch_day_of_week_operator.py
[2026-06-09T00:55:00.941+0000] {processor.py:830} INFO - Processing file /home/airflow/.local/lib/python3.12/site-packages/airflow/example_dags/example_branch_day_of_week_operator.py for tasks to queue
[2026-06-09T00:55:00.944+0000] {logging_mixin.py:188} INFO - [2026-06-09T00:55:00.943+0000] {dagbag.py:545} INFO - Filling up the DagBag from /home/airflow/.local/lib/python3.12/site-packages/airflow/example_dags/example_branch_day_of_week_operator.py
[2026-06-09T00:55:00.950+0000] {processor.py:840} INFO - DAG(s) 'example_weekday_branch_operator' retrieved from /home/airflow/.local/lib/python3.12/site-packages/airflow/example_dags/example_branch_day_of_week_operator.py
[2026-06-09T00:55:00.970+0000] {logging_mixin.py:188} INFO - [2026-06-09T00:55:00.970+0000] {dag.py:3096} INFO - Sync 1 DAGs
[2026-06-09T00:55:00.993+0000] {logging_mixin.py:188} INFO - [2026-06-09T00:55:00.992+0000] {dag.py:3954} INFO - Setting next_dagrun for example_weekday_branch_operator to 2026-06-08 00:00:00+00:00, run_after=2026-06-09 00:00:00+00:00
[2026-06-09T00:55:01.014+0000] {processor.py:183} INFO - Processing /home/airflow/.local/lib/python3.12/site-packages/airflow/example_dags/example_branch_day_of_week_operator.py took 0.078 seconds
[2026-06-09T00:55:31.416+0000] {processor.py:161} INFO - Started process (PID=137107) to work on /home/airflow/.local/lib/python3.12/site-packages/airflow/example_dags/example_branch_day_of_week_operator.py
[2026-06-09T00:55:31.417+0000] {processor.py:830} INFO - Processing file /home/airflow/.local/lib/python3.12/site-packages/airflow/example_dags/example_branch_day_of_week_operator.py for tasks to queue
[2026-06-09T00:55:31.419+0000] {logging_mixin.py:188} INFO - [2026-06-09T00:55:31.419+0000] {dagbag.py:545} INFO - Filling up the DagBag from /home/airflow/.local/lib/python3.12/site-packages/airflow/example_dags/example_branch_day_of_week_operator.py
[2026-06-09T00:55:31.425+0000] {processor.py:840} INFO - DAG(s) 'example_weekday_branch_operator' retrieved from /home/airflow/.local/lib/python3.12/site-packages/airflow/example_dags/example_branch_day_of_week_operator.py
[2026-06-09T00:55:31.445+0000] {logging_mixin.py:188} INFO - [2026-06-09T00:55:31.444+0000] {dag.py:3096} INFO - Sync 1 DAGs
[2026-06-09T00:55:31.467+0000] {logging_mixin.py:188} INFO - [2026-06-09T00:55:31.466+0000] {dag.py:3954} INFO - Setting next_dagrun for example_weekday_branch_operator to 2026-06-08 00:00:00+00:00, run_after=2026-06-09 00:00:00+00:00
[2026-06-09T00:55:31.488+0000] {processor.py:183} INFO - Processing /home/airflow/.local/lib/python3.12/site-packages/airflow/example_dags/example_branch_day_of_week_operator.py took 0.077 seconds
[2026-06-09T00:56:01.843+0000] {processor.py:161} INFO - Started process (PID=137375) to work on /home/airflow/.local/lib/python3.12/site-packages/airflow/example_dags/example_branch_day_of_week_operator.py
[2026-06-09T00:56:01.843+0000] {processor.py:830} INFO - Processing file /home/airflow/.local/lib/python3.12/site-packages/airflow/example_dags/example_branch_day_of_week_operator.py for tasks to queue
[2026-06-09T00:56:01.845+0000] {logging_mixin.py:188} INFO - [2026-06-09T00:56:01.845+0000] {dagbag.py:545} INFO - Filling up the DagBag from /home/airflow/.local/lib/python3.12/site-packages/airflow/example_dags/example_branch_day_of_week_operator.py
[2026-06-09T00:56:01.854+0000] {processor.py:840} INFO - DAG(s) 'example_weekday_branch_operator' retrieved from /home/airflow/.local/lib/python3.12/site-packages/airflow/example_dags/example_branch_day_of_week_operator.py
[2026-06-09T00:56:01.873+0000] {logging_mixin.py:188} INFO - [2026-06-09T00:56:01.872+0000] {dag.py:3096} INFO - Sync 1 DAGs
[2026-06-09T00:56:01.896+0000] {logging_mixin.py:188} INFO - [2026-06-09T00:56:01.895+0000] {dag.py:3954} INFO - Setting next_dagrun for example_weekday_branch_operator to 2026-06-08 00:00:00+00:00, run_after=2026-06-09 00:00:00+00:00
[2026-06-09T00:56:01.915+0000] {processor.py:183} INFO - Processing /home/airflow/.local/lib/python3.12/site-packages/airflow/example_dags/example_branch_day_of_week_operator.py took 0.077 seconds
[2026-06-09T00:56:32.072+0000] {processor.py:161} INFO - Started process (PID=137637) to work on /home/airflow/.local/lib/python3.12/site-packages/airflow/example_dags/example_branch_day_of_week_operator.py
[2026-06-09T00:56:32.073+0000] {processor.py:830} INFO - Processing file /home/airflow/.local/lib/python3.12/site-packages/airflow/example_dags/example_branch_day_of_week_operator.py for tasks to queue
[2026-06-09T00:56:32.077+0000] {logging_mixin.py:188} INFO - [2026-06-09T00:56:32.077+0000] {dagbag.py:545} INFO - Filling up the DagBag from /home/airflow/.local/lib/python3.12/site-packages/airflow/example_dags/example_branch_day_of_week_operator.py
[2026-06-09T00:56:32.083+0000] {processor.py:840} INFO - DAG(s) 'example_weekday_branch_operator' retrieved from /home/airflow/.local/lib/python3.12/site-packages/airflow/example_dags/example_branch_day_of_week_operator.py
[2026-06-09T00:56:32.102+0000] {logging_mixin.py:188} INFO - [2026-06-09T00:56:32.102+0000] {dag.py:3096} INFO - Sync 1 DAGs
[2026-06-09T00:56:32.122+0000] {logging_mixin.py:188} INFO - [2026-06-09T00:56:32.121+0000] {dag.py:3954} INFO - Setting next_dagrun for example_weekday_branch_operator to 2026-06-08 00:00:00+00:00, run_after=2026-06-09 00:00:00+00:00
[2026-06-09T00:56:32.147+0000] {processor.py:183} INFO - Processing /home/airflow/.local/lib/python3.12/site-packages/airflow/example_dags/example_branch_day_of_week_operator.py took 0.079 seconds
[2026-06-09T00:57:02.338+0000] {processor.py:161} INFO - Started process (PID=137899) to work on /home/airflow/.local/lib/python3.12/site-packages/airflow/example_dags/example_branch_day_of_week_operator.py
[2026-06-09T00:57:02.339+0000] {processor.py:830} INFO - Processing file /home/airflow/.local/lib/python3.12/site-packages/airflow/example_dags/example_branch_day_of_week_operator.py for tasks to queue
[2026-06-09T00:57:02.340+0000] {logging_mixin.py:188} INFO - [2026-06-09T00:57:02.340+0000] {dagbag.py:545} INFO - Filling up the DagBag from /home/airflow/.local/lib/python3.12/site-packages/airflow/example_dags/example_branch_day_of_week_operator.py
[2026-06-09T00:57:02.347+0000] {processor.py:840} INFO - DAG(s) 'example_weekday_branch_operator' retrieved from /home/airflow/.local/lib/python3.12/site-packages/airflow/example_dags/example_branch_day_of_week_operator.py
[2026-06-09T00:57:02.368+0000] {logging_mixin.py:188} INFO - [2026-06-09T00:57:02.367+0000] {dag.py:3096} INFO - Sync 1 DAGs
[2026-06-09T00:57:02.389+0000] {logging_mixin.py:188} INFO - [2026-06-09T00:57:02.389+0000] {dag.py:3954} INFO - Setting next_dagrun for example_weekday_branch_operator to 2026-06-08 00:00:00+00:00, run_after=2026-06-09 00:00:00+00:00
[2026-06-09T00:57:02.409+0000] {processor.py:183} INFO - Processing /home/airflow/.local/lib/python3.12/site-packages/airflow/example_dags/example_branch_day_of_week_operator.py took 0.076 seconds
[2026-06-09T00:57:32.634+0000] {processor.py:161} INFO - Started process (PID=138161) to work on /home/airflow/.local/lib/python3.12/site-packages/airflow/example_dags/example_branch_day_of_week_operator.py
[2026-06-09T00:57:32.635+0000] {processor.py:830} INFO - Processing file /home/airflow/.local/lib/python3.12/site-packages/airflow/example_dags/example_branch_day_of_week_operator.py for tasks to queue
[2026-06-09T00:57:32.636+0000] {logging_mixin.py:188} INFO - [2026-06-09T00:57:32.636+0000] {dagbag.py:545} INFO - Filling up the DagBag from /home/airflow/.local/lib/python3.12/site-packages/airflow/example_dags/example_branch_day_of_week_operator.py
[2026-06-09T00:57:32.642+0000] {processor.py:840} INFO - DAG(s) 'example_weekday_branch_operator' retrieved from /home/airflow/.local/lib/python3.12/site-packages/airflow/example_dags/example_branch_day_of_week_operator.py
[2026-06-09T00:57:32.661+0000] {logging_mixin.py:188} INFO - [2026-06-09T00:57:32.661+0000] {dag.py:3096} INFO - Sync 1 DAGs
[2026-06-09T00:57:32.682+0000] {logging_mixin.py:188} INFO - [2026-06-09T00:57:32.681+0000] {dag.py:3954} INFO - Setting next_dagrun for example_weekday_branch_operator to 2026-06-08 00:00:00+00:00, run_after=2026-06-09 00:00:00+00:00
[2026-06-09T00:57:32.705+0000] {processor.py:183} INFO - Processing /home/airflow/.local/lib/python3.12/site-packages/airflow/example_dags/example_branch_day_of_week_operator.py took 0.078 seconds
[2026-06-09T00:58:02.840+0000] {processor.py:161} INFO - Started process (PID=138423) to work on /home/airflow/.local/lib/python3.12/site-packages/airflow/example_dags/example_branch_day_of_week_operator.py
[2026-06-09T00:58:02.841+0000] {processor.py:830} INFO - Processing file /home/airflow/.local/lib/python3.12/site-packages/airflow/example_dags/example_branch_day_of_week_operator.py for tasks to queue
[2026-06-09T00:58:02.843+0000] {logging_mixin.py:188} INFO - [2026-06-09T00:58:02.843+0000] {dagbag.py:545} INFO - Filling up the DagBag from /home/airflow/.local/lib/python3.12/site-packages/airflow/example_dags/example_branch_day_of_week_operator.py
[2026-06-09T00:58:02.849+0000] {processor.py:840} INFO - DAG(s) 'example_weekday_branch_operator' retrieved from /home/airflow/.local/lib/python3.12/site-packages/airflow/example_dags/example_branch_day_of_week_operator.py
[2026-06-09T00:58:02.869+0000] {logging_mixin.py:188} INFO - [2026-06-09T00:58:02.868+0000] {dag.py:3096} INFO - Sync 1 DAGs
[2026-06-09T00:58:02.892+0000] {logging_mixin.py:188} INFO - [2026-06-09T00:58:02.892+0000] {dag.py:3954} INFO - Setting next_dagrun for example_weekday_branch_operator to 2026-06-08 00:00:00+00:00, run_after=2026-06-09 00:00:00+00:00
[2026-06-09T00:58:02.915+0000] {processor.py:183} INFO - Processing /home/airflow/.local/lib/python3.12/site-packages/airflow/example_dags/example_branch_day_of_week_operator.py took 0.081 seconds
[2026-06-09T00:58:33.069+0000] {processor.py:161} INFO - Started process (PID=138685) to work on /home/airflow/.local/lib/python3.12/site-packages/airflow/example_dags/example_branch_day_of_week_operator.py
[2026-06-09T00:58:33.069+0000] {processor.py:830} INFO - Processing file /home/airflow/.local/lib/python3.12/site-packages/airflow/example_dags/example_branch_day_of_week_operator.py for tasks to queue
[2026-06-09T00:58:33.072+0000] {logging_mixin.py:188} INFO - [2026-06-09T00:58:33.071+0000] {dagbag.py:545} INFO - Filling up the DagBag from /home/airflow/.local/lib/python3.12/site-packages/airflow/example_dags/example_branch_day_of_week_operator.py
[2026-06-09T00:58:33.077+0000] {processor.py:840} INFO - DAG(s) 'example_weekday_branch_operator' retrieved from /home/airflow/.local/lib/python3.12/site-packages/airflow/example_dags/example_branch_day_of_week_operator.py
[2026-06-09T00:58:33.098+0000] {logging_mixin.py:188} INFO - [2026-06-09T00:58:33.098+0000] {dag.py:3096} INFO - Sync 1 DAGs
[2026-06-09T00:58:33.120+0000] {logging_mixin.py:188} INFO - [2026-06-09T00:58:33.120+0000] {dag.py:3954} INFO - Setting next_dagrun for example_weekday_branch_operator to 2026-06-08 00:00:00+00:00, run_after=2026-06-09 00:00:00+00:00
[2026-06-09T00:58:33.141+0000] {processor.py:183} INFO - Processing /home/airflow/.local/lib/python3.12/site-packages/airflow/example_dags/example_branch_day_of_week_operator.py took 0.078 seconds
[2026-06-09T00:59:03.363+0000] {processor.py:161} INFO - Started process (PID=138947) to work on /home/airflow/.local/lib/python3.12/site-packages/airflow/example_dags/example_branch_day_of_week_operator.py
[2026-06-09T00:59:03.363+0000] {processor.py:830} INFO - Processing file /home/airflow/.local/lib/python3.12/site-packages/airflow/example_dags/example_branch_day_of_week_operator.py for tasks to queue
[2026-06-09T00:59:03.365+0000] {logging_mixin.py:188} INFO - [2026-06-09T00:59:03.365+0000] {dagbag.py:545} INFO - Filling up the DagBag from /home/airflow/.local/lib/python3.12/site-packages/airflow/example_dags/example_branch_day_of_week_operator.py
[2026-06-09T00:59:03.371+0000] {processor.py:840} INFO - DAG(s) 'example_weekday_branch_operator' retrieved from /home/airflow/.local/lib/python3.12/site-packages/airflow/example_dags/example_branch_day_of_week_operator.py
[2026-06-09T00:59:03.390+0000] {logging_mixin.py:188} INFO - [2026-06-09T00:59:03.389+0000] {dag.py:3096} INFO - Sync 1 DAGs
[2026-06-09T00:59:03.410+0000] {logging_mixin.py:188} INFO - [2026-06-09T00:59:03.410+0000] {dag.py:3954} INFO - Setting next_dagrun for example_weekday_branch_operator to 2026-06-08 00:00:00+00:00, run_after=2026-06-09 00:00:00+00:00
[2026-06-09T00:59:03.433+0000] {processor.py:183} INFO - Processing /home/airflow/.local/lib/python3.12/site-packages/airflow/example_dags/example_branch_day_of_week_operator.py took 0.077 seconds
[2026-06-09T00:59:33.873+0000] {processor.py:161} INFO - Started process (PID=139209) to work on /home/airflow/.local/lib/python3.12/site-packages/airflow/example_dags/example_branch_day_of_week_operator.py
[2026-06-09T00:59:33.873+0000] {processor.py:830} INFO - Processing file /home/airflow/.local/lib/python3.12/site-packages/airflow/example_dags/example_branch_day_of_week_operator.py for tasks to queue
[2026-06-09T00:59:33.876+0000] {logging_mixin.py:188} INFO - [2026-06-09T00:59:33.875+0000] {dagbag.py:545} INFO - Filling up the DagBag from /home/airflow/.local/lib/python3.12/site-packages/airflow/example_dags/example_branch_day_of_week_operator.py
[2026-06-09T00:59:33.886+0000] {processor.py:840} INFO - DAG(s) 'example_weekday_branch_operator' retrieved from /home/airflow/.local/lib/python3.12/site-packages/airflow/example_dags/example_branch_day_of_week_operator.py
[2026-06-09T00:59:33.909+0000] {logging_mixin.py:188} INFO - [2026-06-09T00:59:33.909+0000] {dag.py:3096} INFO - Sync 1 DAGs
[2026-06-09T00:59:33.938+0000] {logging_mixin.py:188} INFO - [2026-06-09T00:59:33.938+0000] {dag.py:3954} INFO - Setting next_dagrun for example_weekday_branch_operator to 2026-06-08 00:00:00+00:00, run_after=2026-06-09 00:00:00+00:00
[2026-06-09T00:59:33.957+0000] {processor.py:183} INFO - Processing /home/airflow/.local/lib/python3.12/site-packages/airflow/example_dags/example_branch_day_of_week_operator.py took 0.090 seconds
[2026-06-09T01:00:04.156+0000] {processor.py:161} INFO - Started process (PID=139471) to work on /home/airflow/.local/lib/python3.12/site-packages/airflow/example_dags/example_branch_day_of_week_operator.py
[2026-06-09T01:00:04.158+0000] {processor.py:830} INFO - Processing file /home/airflow/.local/lib/python3.12/site-packages/airflow/example_dags/example_branch_day_of_week_operator.py for tasks to queue
[2026-06-09T01:00:04.160+0000] {logging_mixin.py:188} INFO - [2026-06-09T01:00:04.160+0000] {dagbag.py:545} INFO - Filling up the DagBag from /home/airflow/.local/lib/python3.12/site-packages/airflow/example_dags/example_branch_day_of_week_operator.py
[2026-06-09T01:00:04.167+0000] {processor.py:840} INFO - DAG(s) 'example_weekday_branch_operator' retrieved from /home/airflow/.local/lib/python3.12/site-packages/airflow/example_dags/example_branch_day_of_week_operator.py
[2026-06-09T01:00:04.191+0000] {logging_mixin.py:188} INFO - [2026-06-09T01:00:04.191+0000] {dag.py:3096} INFO - Sync 1 DAGs
[2026-06-09T01:00:04.218+0000] {logging_mixin.py:188} INFO - [2026-06-09T01:00:04.218+0000] {dag.py:3954} INFO - Setting next_dagrun for example_weekday_branch_operator to 2026-06-08 00:00:00+00:00, run_after=2026-06-09 00:00:00+00:00
[2026-06-09T01:00:04.241+0000] {processor.py:183} INFO - Processing /home/airflow/.local/lib/python3.12/site-packages/airflow/example_dags/example_branch_day_of_week_operator.py took 0.091 seconds
[2026-06-09T01:00:34.819+0000] {processor.py:161} INFO - Started process (PID=139733) to work on /home/airflow/.local/lib/python3.12/site-packages/airflow/example_dags/example_branch_day_of_week_operator.py
[2026-06-09T01:00:34.820+0000] {processor.py:830} INFO - Processing file /home/airflow/.local/lib/python3.12/site-packages/airflow/example_dags/example_branch_day_of_week_operator.py for tasks to queue
[2026-06-09T01:00:34.822+0000] {logging_mixin.py:188} INFO - [2026-06-09T01:00:34.822+0000] {dagbag.py:545} INFO - Filling up the DagBag from /home/airflow/.local/lib/python3.12/site-packages/airflow/example_dags/example_branch_day_of_week_operator.py
[2026-06-09T01:00:34.829+0000] {processor.py:840} INFO - DAG(s) 'example_weekday_branch_operator' retrieved from /home/airflow/.local/lib/python3.12/site-packages/airflow/example_dags/example_branch_day_of_week_operator.py
[2026-06-09T01:00:34.849+0000] {logging_mixin.py:188} INFO - [2026-06-09T01:00:34.849+0000] {dag.py:3096} INFO - Sync 1 DAGs
[2026-06-09T01:00:34.873+0000] {logging_mixin.py:188} INFO - [2026-06-09T01:00:34.872+0000] {dag.py:3954} INFO - Setting next_dagrun for example_weekday_branch_operator to 2026-06-08 00:00:00+00:00, run_after=2026-06-09 00:00:00+00:00
[2026-06-09T01:00:34.892+0000] {processor.py:183} INFO - Processing /home/airflow/.local/lib/python3.12/site-packages/airflow/example_dags/example_branch_day_of_week_operator.py took 0.079 seconds
[2026-06-09T01:01:05.435+0000] {processor.py:161} INFO - Started process (PID=139995) to work on /home/airflow/.local/lib/python3.12/site-packages/airflow/example_dags/example_branch_day_of_week_operator.py
[2026-06-09T01:01:05.436+0000] {processor.py:830} INFO - Processing file /home/airflow/.local/lib/python3.12/site-packages/airflow/example_dags/example_branch_day_of_week_operator.py for tasks to queue
[2026-06-09T01:01:05.440+0000] {logging_mixin.py:188} INFO - [2026-06-09T01:01:05.439+0000] {dagbag.py:545} INFO - Filling up the DagBag from /home/airflow/.local/lib/python3.12/site-packages/airflow/example_dags/example_branch_day_of_week_operator.py
[2026-06-09T01:01:05.446+0000] {processor.py:840} INFO - DAG(s) 'example_weekday_branch_operator' retrieved from /home/airflow/.local/lib/python3.12/site-packages/airflow/example_dags/example_branch_day_of_week_operator.py
[2026-06-09T01:01:05.469+0000] {logging_mixin.py:188} INFO - [2026-06-09T01:01:05.469+0000] {dag.py:3096} INFO - Sync 1 DAGs
[2026-06-09T01:01:05.495+0000] {logging_mixin.py:188} INFO - [2026-06-09T01:01:05.494+0000] {dag.py:3954} INFO - Setting next_dagrun for example_weekday_branch_operator to 2026-06-08 00:00:00+00:00, run_after=2026-06-09 00:00:00+00:00
[2026-06-09T01:01:05.516+0000] {processor.py:183} INFO - Processing /home/airflow/.local/lib/python3.12/site-packages/airflow/example_dags/example_branch_day_of_week_operator.py took 0.086 seconds
[2026-06-09T01:01:35.584+0000] {processor.py:161} INFO - Started process (PID=140257) to work on /home/airflow/.local/lib/python3.12/site-packages/airflow/example_dags/example_branch_day_of_week_operator.py
[2026-06-09T01:01:35.585+0000] {processor.py:830} INFO - Processing file /home/airflow/.local/lib/python3.12/site-packages/airflow/example_dags/example_branch_day_of_week_operator.py for tasks to queue
[2026-06-09T01:01:35.587+0000] {logging_mixin.py:188} INFO - [2026-06-09T01:01:35.586+0000] {dagbag.py:545} INFO - Filling up the DagBag from /home/airflow/.local/lib/python3.12/site-packages/airflow/example_dags/example_branch_day_of_week_operator.py
[2026-06-09T01:01:35.593+0000] {processor.py:840} INFO - DAG(s) 'example_weekday_branch_operator' retrieved from /home/airflow/.local/lib/python3.12/site-packages/airflow/example_dags/example_branch_day_of_week_operator.py
[2026-06-09T01:01:35.616+0000] {logging_mixin.py:188} INFO - [2026-06-09T01:01:35.615+0000] {dag.py:3096} INFO - Sync 1 DAGs
[2026-06-09T01:01:35.643+0000] {logging_mixin.py:188} INFO - [2026-06-09T01:01:35.643+0000] {dag.py:3954} INFO - Setting next_dagrun for example_weekday_branch_operator to 2026-06-08 00:00:00+00:00, run_after=2026-06-09 00:00:00+00:00
[2026-06-09T01:01:35.678+0000] {processor.py:183} INFO - Processing /home/airflow/.local/lib/python3.12/site-packages/airflow/example_dags/example_branch_day_of_week_operator.py took 0.100 seconds
[2026-06-09T01:02:06.528+0000] {processor.py:161} INFO - Started process (PID=140519) to work on /home/airflow/.local/lib/python3.12/site-packages/airflow/example_dags/example_branch_day_of_week_operator.py
[2026-06-09T01:02:06.530+0000] {processor.py:830} INFO - Processing file /home/airflow/.local/lib/python3.12/site-packages/airflow/example_dags/example_branch_day_of_week_operator.py for tasks to queue
[2026-06-09T01:02:06.531+0000] {logging_mixin.py:188} INFO - [2026-06-09T01:02:06.531+0000] {dagbag.py:545} INFO - Filling up the DagBag from /home/airflow/.local/lib/python3.12/site-packages/airflow/example_dags/example_branch_day_of_week_operator.py
[2026-06-09T01:02:06.537+0000] {processor.py:840} INFO - DAG(s) 'example_weekday_branch_operator' retrieved from /home/airflow/.local/lib/python3.12/site-packages/airflow/example_dags/example_branch_day_of_week_operator.py
[2026-06-09T01:02:06.557+0000] {logging_mixin.py:188} INFO - [2026-06-09T01:02:06.557+0000] {dag.py:3096} INFO - Sync 1 DAGs
[2026-06-09T01:02:06.579+0000] {logging_mixin.py:188} INFO - [2026-06-09T01:02:06.578+0000] {dag.py:3954} INFO - Setting next_dagrun for example_weekday_branch_operator to 2026-06-08 00:00:00+00:00, run_after=2026-06-09 00:00:00+00:00
[2026-06-09T01:02:06.603+0000] {processor.py:183} INFO - Processing /home/airflow/.local/lib/python3.12/site-packages/airflow/example_dags/example_branch_day_of_week_operator.py took 0.081 seconds
[2026-06-09T01:02:36.797+0000] {processor.py:161} INFO - Started process (PID=140781) to work on /home/airflow/.local/lib/python3.12/site-packages/airflow/example_dags/example_branch_day_of_week_operator.py
[2026-06-09T01:02:36.798+0000] {processor.py:830} INFO - Processing file /home/airflow/.local/lib/python3.12/site-packages/airflow/example_dags/example_branch_day_of_week_operator.py for tasks to queue
[2026-06-09T01:02:36.799+0000] {logging_mixin.py:188} INFO - [2026-06-09T01:02:36.799+0000] {dagbag.py:545} INFO - Filling up the DagBag from /home/airflow/.local/lib/python3.12/site-packages/airflow/example_dags/example_branch_day_of_week_operator.py
[2026-06-09T01:02:36.805+0000] {processor.py:840} INFO - DAG(s) 'example_weekday_branch_operator' retrieved from /home/airflow/.local/lib/python3.12/site-packages/airflow/example_dags/example_branch_day_of_week_operator.py
[2026-06-09T01:02:36.825+0000] {logging_mixin.py:188} INFO - [2026-06-09T01:02:36.825+0000] {dag.py:3096} INFO - Sync 1 DAGs
[2026-06-09T01:02:36.848+0000] {logging_mixin.py:188} INFO - [2026-06-09T01:02:36.848+0000] {dag.py:3954} INFO - Setting next_dagrun for example_weekday_branch_operator to 2026-06-08 00:00:00+00:00, run_after=2026-06-09 00:00:00+00:00
[2026-06-09T01:02:36.868+0000] {processor.py:183} INFO - Processing /home/airflow/.local/lib/python3.12/site-packages/airflow/example_dags/example_branch_day_of_week_operator.py took 0.079 seconds
[2026-06-09T01:03:07.023+0000] {processor.py:161} INFO - Started process (PID=141043) to work on /home/airflow/.local/lib/python3.12/site-packages/airflow/example_dags/example_branch_day_of_week_operator.py
[2026-06-09T01:03:07.024+0000] {processor.py:830} INFO - Processing file /home/airflow/.local/lib/python3.12/site-packages/airflow/example_dags/example_branch_day_of_week_operator.py for tasks to queue
[2026-06-09T01:03:07.026+0000] {logging_mixin.py:188} INFO - [2026-06-09T01:03:07.026+0000] {dagbag.py:545} INFO - Filling up the DagBag from /home/airflow/.local/lib/python3.12/site-packages/airflow/example_dags/example_branch_day_of_week_operator.py
[2026-06-09T01:03:07.034+0000] {processor.py:840} INFO - DAG(s) 'example_weekday_branch_operator' retrieved from /home/airflow/.local/lib/python3.12/site-packages/airflow/example_dags/example_branch_day_of_week_operator.py
[2026-06-09T01:03:07.053+0000] {logging_mixin.py:188} INFO - [2026-06-09T01:03:07.053+0000] {dag.py:3096} INFO - Sync 1 DAGs
[2026-06-09T01:03:07.075+0000] {logging_mixin.py:188} INFO - [2026-06-09T01:03:07.075+0000] {dag.py:3954} INFO - Setting next_dagrun for example_weekday_branch_operator to 2026-06-08 00:00:00+00:00, run_after=2026-06-09 00:00:00+00:00
[2026-06-09T01:03:07.093+0000] {processor.py:183} INFO - Processing /home/airflow/.local/lib/python3.12/site-packages/airflow/example_dags/example_branch_day_of_week_operator.py took 0.074 seconds
[2026-06-09T01:03:37.533+0000] {processor.py:161} INFO - Started process (PID=141305) to work on /home/airflow/.local/lib/python3.12/site-packages/airflow/example_dags/example_branch_day_of_week_operator.py
[2026-06-09T01:03:37.534+0000] {processor.py:830} INFO - Processing file /home/airflow/.local/lib/python3.12/site-packages/airflow/example_dags/example_branch_day_of_week_operator.py for tasks to queue
[2026-06-09T01:03:37.536+0000] {logging_mixin.py:188} INFO - [2026-06-09T01:03:37.535+0000] {dagbag.py:545} INFO - Filling up the DagBag from /home/airflow/.local/lib/python3.12/site-packages/airflow/example_dags/example_branch_day_of_week_operator.py
[2026-06-09T01:03:37.544+0000] {processor.py:840} INFO - DAG(s) 'example_weekday_branch_operator' retrieved from /home/airflow/.local/lib/python3.12/site-packages/airflow/example_dags/example_branch_day_of_week_operator.py
[2026-06-09T01:03:37.569+0000] {logging_mixin.py:188} INFO - [2026-06-09T01:03:37.569+0000] {dag.py:3096} INFO - Sync 1 DAGs
[2026-06-09T01:03:37.592+0000] {logging_mixin.py:188} INFO - [2026-06-09T01:03:37.591+0000] {dag.py:3954} INFO - Setting next_dagrun for example_weekday_branch_operator to 2026-06-08 00:00:00+00:00, run_after=2026-06-09 00:00:00+00:00
[2026-06-09T01:03:37.614+0000] {processor.py:183} INFO - Processing /home/airflow/.local/lib/python3.12/site-packages/airflow/example_dags/example_branch_day_of_week_operator.py took 0.088 seconds
[2026-06-09T01:04:07.810+0000] {processor.py:161} INFO - Started process (PID=141567) to work on /home/airflow/.local/lib/python3.12/site-packages/airflow/example_dags/example_branch_day_of_week_operator.py
[2026-06-09T01:04:07.810+0000] {processor.py:830} INFO - Processing file /home/airflow/.local/lib/python3.12/site-packages/airflow/example_dags/example_branch_day_of_week_operator.py for tasks to queue
[2026-06-09T01:04:07.812+0000] {logging_mixin.py:188} INFO - [2026-06-09T01:04:07.812+0000] {dagbag.py:545} INFO - Filling up the DagBag from /home/airflow/.local/lib/python3.12/site-packages/airflow/example_dags/example_branch_day_of_week_operator.py
[2026-06-09T01:04:07.817+0000] {processor.py:840} INFO - DAG(s) 'example_weekday_branch_operator' retrieved from /home/airflow/.local/lib/python3.12/site-packages/airflow/example_dags/example_branch_day_of_week_operator.py
[2026-06-09T01:04:07.839+0000] {logging_mixin.py:188} INFO - [2026-06-09T01:04:07.838+0000] {dag.py:3096} INFO - Sync 1 DAGs
[2026-06-09T01:04:07.861+0000] {logging_mixin.py:188} INFO - [2026-06-09T01:04:07.861+0000] {dag.py:3954} INFO - Setting next_dagrun for example_weekday_branch_operator to 2026-06-08 00:00:00+00:00, run_after=2026-06-09 00:00:00+00:00
[2026-06-09T01:04:07.887+0000] {processor.py:183} INFO - Processing /home/airflow/.local/lib/python3.12/site-packages/airflow/example_dags/example_branch_day_of_week_operator.py took 0.081 seconds
[2026-06-09T01:04:38.068+0000] {processor.py:161} INFO - Started process (PID=141829) to work on /home/airflow/.local/lib/python3.12/site-packages/airflow/example_dags/example_branch_day_of_week_operator.py
[2026-06-09T01:04:38.069+0000] {processor.py:830} INFO - Processing file /home/airflow/.local/lib/python3.12/site-packages/airflow/example_dags/example_branch_day_of_week_operator.py for tasks to queue
[2026-06-09T01:04:38.070+0000] {logging_mixin.py:188} INFO - [2026-06-09T01:04:38.070+0000] {dagbag.py:545} INFO - Filling up the DagBag from /home/airflow/.local/lib/python3.12/site-packages/airflow/example_dags/example_branch_day_of_week_operator.py
[2026-06-09T01:04:38.078+0000] {processor.py:840} INFO - DAG(s) 'example_weekday_branch_operator' retrieved from /home/airflow/.local/lib/python3.12/site-packages/airflow/example_dags/example_branch_day_of_week_operator.py
[2026-06-09T01:04:38.096+0000] {logging_mixin.py:188} INFO - [2026-06-09T01:04:38.096+0000] {dag.py:3096} INFO - Sync 1 DAGs
[2026-06-09T01:04:38.117+0000] {logging_mixin.py:188} INFO - [2026-06-09T01:04:38.117+0000] {dag.py:3954} INFO - Setting next_dagrun for example_weekday_branch_operator to 2026-06-08 00:00:00+00:00, run_after=2026-06-09 00:00:00+00:00
[2026-06-09T01:04:38.136+0000] {processor.py:183} INFO - Processing /home/airflow/.local/lib/python3.12/site-packages/airflow/example_dags/example_branch_day_of_week_operator.py took 0.072 seconds
[2026-06-09T01:05:08.414+0000] {processor.py:161} INFO - Started process (PID=142091) to work on /home/airflow/.local/lib/python3.12/site-packages/airflow/example_dags/example_branch_day_of_week_operator.py
[2026-06-09T01:05:08.415+0000] {processor.py:830} INFO - Processing file /home/airflow/.local/lib/python3.12/site-packages/airflow/example_dags/example_branch_day_of_week_operator.py for tasks to queue
[2026-06-09T01:05:08.417+0000] {logging_mixin.py:188} INFO - [2026-06-09T01:05:08.417+0000] {dagbag.py:545} INFO - Filling up the DagBag from /home/airflow/.local/lib/python3.12/site-packages/airflow/example_dags/example_branch_day_of_week_operator.py
[2026-06-09T01:05:08.427+0000] {processor.py:840} INFO - DAG(s) 'example_weekday_branch_operator' retrieved from /home/airflow/.local/lib/python3.12/site-packages/airflow/example_dags/example_branch_day_of_week_operator.py
[2026-06-09T01:05:08.447+0000] {logging_mixin.py:188} INFO - [2026-06-09T01:05:08.446+0000] {dag.py:3096} INFO - Sync 1 DAGs
[2026-06-09T01:05:08.469+0000] {logging_mixin.py:188} INFO - [2026-06-09T01:05:08.468+0000] {dag.py:3954} INFO - Setting next_dagrun for example_weekday_branch_operator to 2026-06-08 00:00:00+00:00, run_after=2026-06-09 00:00:00+00:00
[2026-06-09T01:05:08.489+0000] {processor.py:183} INFO - Processing /home/airflow/.local/lib/python3.12/site-packages/airflow/example_dags/example_branch_day_of_week_operator.py took 0.080 seconds
[2026-06-09T01:05:38.626+0000] {processor.py:161} INFO - Started process (PID=142353) to work on /home/airflow/.local/lib/python3.12/site-packages/airflow/example_dags/example_branch_day_of_week_operator.py
[2026-06-09T01:05:38.627+0000] {processor.py:830} INFO - Processing file /home/airflow/.local/lib/python3.12/site-packages/airflow/example_dags/example_branch_day_of_week_operator.py for tasks to queue
[2026-06-09T01:05:38.629+0000] {logging_mixin.py:188} INFO - [2026-06-09T01:05:38.629+0000] {dagbag.py:545} INFO - Filling up the DagBag from /home/airflow/.local/lib/python3.12/site-packages/airflow/example_dags/example_branch_day_of_week_operator.py
[2026-06-09T01:05:38.635+0000] {processor.py:840} INFO - DAG(s) 'example_weekday_branch_operator' retrieved from /home/airflow/.local/lib/python3.12/site-packages/airflow/example_dags/example_branch_day_of_week_operator.py
[2026-06-09T01:05:38.655+0000] {logging_mixin.py:188} INFO - [2026-06-09T01:05:38.655+0000] {dag.py:3096} INFO - Sync 1 DAGs
[2026-06-09T01:05:38.678+0000] {logging_mixin.py:188} INFO - [2026-06-09T01:05:38.678+0000] {dag.py:3954} INFO - Setting next_dagrun for example_weekday_branch_operator to 2026-06-08 00:00:00+00:00, run_after=2026-06-09 00:00:00+00:00
[2026-06-09T01:05:38.698+0000] {processor.py:183} INFO - Processing /home/airflow/.local/lib/python3.12/site-packages/airflow/example_dags/example_branch_day_of_week_operator.py took 0.077 seconds
[2026-06-09T01:06:09.064+0000] {processor.py:161} INFO - Started process (PID=142615) to work on /home/airflow/.local/lib/python3.12/site-packages/airflow/example_dags/example_branch_day_of_week_operator.py
[2026-06-09T01:06:09.064+0000] {processor.py:830} INFO - Processing file /home/airflow/.local/lib/python3.12/site-packages/airflow/example_dags/example_branch_day_of_week_operator.py for tasks to queue
[2026-06-09T01:06:09.066+0000] {logging_mixin.py:188} INFO - [2026-06-09T01:06:09.066+0000] {dagbag.py:545} INFO - Filling up the DagBag from /home/airflow/.local/lib/python3.12/site-packages/airflow/example_dags/example_branch_day_of_week_operator.py
[2026-06-09T01:06:09.073+0000] {processor.py:840} INFO - DAG(s) 'example_weekday_branch_operator' retrieved from /home/airflow/.local/lib/python3.12/site-packages/airflow/example_dags/example_branch_day_of_week_operator.py
[2026-06-09T01:06:09.096+0000] {logging_mixin.py:188} INFO - [2026-06-09T01:06:09.096+0000] {dag.py:3096} INFO - Sync 1 DAGs
[2026-06-09T01:06:09.120+0000] {logging_mixin.py:188} INFO - [2026-06-09T01:06:09.118+0000] {dag.py:3954} INFO - Setting next_dagrun for example_weekday_branch_operator to 2026-06-08 00:00:00+00:00, run_after=2026-06-09 00:00:00+00:00
[2026-06-09T01:06:09.140+0000] {processor.py:183} INFO - Processing /home/airflow/.local/lib/python3.12/site-packages/airflow/example_dags/example_branch_day_of_week_operator.py took 0.082 seconds
[2026-06-09T01:06:39.314+0000] {processor.py:161} INFO - Started process (PID=142877) to work on /home/airflow/.local/lib/python3.12/site-packages/airflow/example_dags/example_branch_day_of_week_operator.py
[2026-06-09T01:06:39.316+0000] {processor.py:830} INFO - Processing file /home/airflow/.local/lib/python3.12/site-packages/airflow/example_dags/example_branch_day_of_week_operator.py for tasks to queue
[2026-06-09T01:06:39.318+0000] {logging_mixin.py:188} INFO - [2026-06-09T01:06:39.318+0000] {dagbag.py:545} INFO - Filling up the DagBag from /home/airflow/.local/lib/python3.12/site-packages/airflow/example_dags/example_branch_day_of_week_operator.py
[2026-06-09T01:06:39.324+0000] {processor.py:840} INFO - DAG(s) 'example_weekday_branch_operator' retrieved from /home/airflow/.local/lib/python3.12/site-packages/airflow/example_dags/example_branch_day_of_week_operator.py
[2026-06-09T01:06:39.359+0000] {logging_mixin.py:188} INFO - [2026-06-09T01:06:39.359+0000] {dag.py:3096} INFO - Sync 1 DAGs
[2026-06-09T01:06:39.398+0000] {logging_mixin.py:188} INFO - [2026-06-09T01:06:39.397+0000] {dag.py:3954} INFO - Setting next_dagrun for example_weekday_branch_operator to 2026-06-08 00:00:00+00:00, run_after=2026-06-09 00:00:00+00:00
[2026-06-09T01:06:39.429+0000] {processor.py:183} INFO - Processing /home/airflow/.local/lib/python3.12/site-packages/airflow/example_dags/example_branch_day_of_week_operator.py took 0.119 seconds
[2026-06-09T01:07:09.663+0000] {processor.py:161} INFO - Started process (PID=143139) to work on /home/airflow/.local/lib/python3.12/site-packages/airflow/example_dags/example_branch_day_of_week_operator.py
[2026-06-09T01:07:09.664+0000] {processor.py:830} INFO - Processing file /home/airflow/.local/lib/python3.12/site-packages/airflow/example_dags/example_branch_day_of_week_operator.py for tasks to queue
[2026-06-09T01:07:09.666+0000] {logging_mixin.py:188} INFO - [2026-06-09T01:07:09.666+0000] {dagbag.py:545} INFO - Filling up the DagBag from /home/airflow/.local/lib/python3.12/site-packages/airflow/example_dags/example_branch_day_of_week_operator.py
[2026-06-09T01:07:09.675+0000] {processor.py:840} INFO - DAG(s) 'example_weekday_branch_operator' retrieved from /home/airflow/.local/lib/python3.12/site-packages/airflow/example_dags/example_branch_day_of_week_operator.py
[2026-06-09T01:07:09.696+0000] {logging_mixin.py:188} INFO - [2026-06-09T01:07:09.695+0000] {dag.py:3096} INFO - Sync 1 DAGs
[2026-06-09T01:07:09.721+0000] {logging_mixin.py:188} INFO - [2026-06-09T01:07:09.721+0000] {dag.py:3954} INFO - Setting next_dagrun for example_weekday_branch_operator to 2026-06-08 00:00:00+00:00, run_after=2026-06-09 00:00:00+00:00
[2026-06-09T01:07:09.744+0000] {processor.py:183} INFO - Processing /home/airflow/.local/lib/python3.12/site-packages/airflow/example_dags/example_branch_day_of_week_operator.py took 0.086 seconds
[2026-06-09T01:07:39.912+0000] {processor.py:161} INFO - Started process (PID=143401) to work on /home/airflow/.local/lib/python3.12/site-packages/airflow/example_dags/example_branch_day_of_week_operator.py
[2026-06-09T01:07:39.913+0000] {processor.py:830} INFO - Processing file /home/airflow/.local/lib/python3.12/site-packages/airflow/example_dags/example_branch_day_of_week_operator.py for tasks to queue
[2026-06-09T01:07:39.915+0000] {logging_mixin.py:188} INFO - [2026-06-09T01:07:39.915+0000] {dagbag.py:545} INFO - Filling up the DagBag from /home/airflow/.local/lib/python3.12/site-packages/airflow/example_dags/example_branch_day_of_week_operator.py
[2026-06-09T01:07:39.924+0000] {processor.py:840} INFO - DAG(s) 'example_weekday_branch_operator' retrieved from /home/airflow/.local/lib/python3.12/site-packages/airflow/example_dags/example_branch_day_of_week_operator.py
[2026-06-09T01:07:39.948+0000] {logging_mixin.py:188} INFO - [2026-06-09T01:07:39.948+0000] {dag.py:3096} INFO - Sync 1 DAGs
[2026-06-09T01:07:39.970+0000] {logging_mixin.py:188} INFO - [2026-06-09T01:07:39.970+0000] {dag.py:3954} INFO - Setting next_dagrun for example_weekday_branch_operator to 2026-06-08 00:00:00+00:00, run_after=2026-06-09 00:00:00+00:00
[2026-06-09T01:07:39.992+0000] {processor.py:183} INFO - Processing /home/airflow/.local/lib/python3.12/site-packages/airflow/example_dags/example_branch_day_of_week_operator.py took 0.086 seconds
[2026-06-09T01:08:10.188+0000] {processor.py:161} INFO - Started process (PID=143663) to work on /home/airflow/.local/lib/python3.12/site-packages/airflow/example_dags/example_branch_day_of_week_operator.py
[2026-06-09T01:08:10.189+0000] {processor.py:830} INFO - Processing file /home/airflow/.local/lib/python3.12/site-packages/airflow/example_dags/example_branch_day_of_week_operator.py for tasks to queue
[2026-06-09T01:08:10.191+0000] {logging_mixin.py:188} INFO - [2026-06-09T01:08:10.190+0000] {dagbag.py:545} INFO - Filling up the DagBag from /home/airflow/.local/lib/python3.12/site-packages/airflow/example_dags/example_branch_day_of_week_operator.py
[2026-06-09T01:08:10.198+0000] {processor.py:840} INFO - DAG(s) 'example_weekday_branch_operator' retrieved from /home/airflow/.local/lib/python3.12/site-packages/airflow/example_dags/example_branch_day_of_week_operator.py
[2026-06-09T01:08:10.219+0000] {logging_mixin.py:188} INFO - [2026-06-09T01:08:10.219+0000] {dag.py:3096} INFO - Sync 1 DAGs
[2026-06-09T01:08:10.239+0000] {logging_mixin.py:188} INFO - [2026-06-09T01:08:10.239+0000] {dag.py:3954} INFO - Setting next_dagrun for example_weekday_branch_operator to 2026-06-08 00:00:00+00:00, run_after=2026-06-09 00:00:00+00:00
[2026-06-09T01:08:10.261+0000] {processor.py:183} INFO - Processing /home/airflow/.local/lib/python3.12/site-packages/airflow/example_dags/example_branch_day_of_week_operator.py took 0.078 seconds
[2026-06-09T01:08:40.794+0000] {processor.py:161} INFO - Started process (PID=143931) to work on /home/airflow/.local/lib/python3.12/site-packages/airflow/example_dags/example_branch_day_of_week_operator.py
[2026-06-09T01:08:40.795+0000] {processor.py:830} INFO - Processing file /home/airflow/.local/lib/python3.12/site-packages/airflow/example_dags/example_branch_day_of_week_operator.py for tasks to queue
[2026-06-09T01:08:40.797+0000] {logging_mixin.py:188} INFO - [2026-06-09T01:08:40.796+0000] {dagbag.py:545} INFO - Filling up the DagBag from /home/airflow/.local/lib/python3.12/site-packages/airflow/example_dags/example_branch_day_of_week_operator.py
[2026-06-09T01:08:40.803+0000] {processor.py:840} INFO - DAG(s) 'example_weekday_branch_operator' retrieved from /home/airflow/.local/lib/python3.12/site-packages/airflow/example_dags/example_branch_day_of_week_operator.py
[2026-06-09T01:08:40.828+0000] {logging_mixin.py:188} INFO - [2026-06-09T01:08:40.827+0000] {dag.py:3096} INFO - Sync 1 DAGs
[2026-06-09T01:08:40.849+0000] {logging_mixin.py:188} INFO - [2026-06-09T01:08:40.849+0000] {dag.py:3954} INFO - Setting next_dagrun for example_weekday_branch_operator to 2026-06-08 00:00:00+00:00, run_after=2026-06-09 00:00:00+00:00
[2026-06-09T01:08:40.872+0000] {processor.py:183} INFO - Processing /home/airflow/.local/lib/python3.12/site-packages/airflow/example_dags/example_branch_day_of_week_operator.py took 0.086 seconds
[2026-06-09T01:09:11.095+0000] {processor.py:161} INFO - Started process (PID=144193) to work on /home/airflow/.local/lib/python3.12/site-packages/airflow/example_dags/example_branch_day_of_week_operator.py
[2026-06-09T01:09:11.096+0000] {processor.py:830} INFO - Processing file /home/airflow/.local/lib/python3.12/site-packages/airflow/example_dags/example_branch_day_of_week_operator.py for tasks to queue
[2026-06-09T01:09:11.097+0000] {logging_mixin.py:188} INFO - [2026-06-09T01:09:11.097+0000] {dagbag.py:545} INFO - Filling up the DagBag from /home/airflow/.local/lib/python3.12/site-packages/airflow/example_dags/example_branch_day_of_week_operator.py
[2026-06-09T01:09:11.105+0000] {processor.py:840} INFO - DAG(s) 'example_weekday_branch_operator' retrieved from /home/airflow/.local/lib/python3.12/site-packages/airflow/example_dags/example_branch_day_of_week_operator.py
[2026-06-09T01:09:11.126+0000] {logging_mixin.py:188} INFO - [2026-06-09T01:09:11.126+0000] {dag.py:3096} INFO - Sync 1 DAGs
[2026-06-09T01:09:11.147+0000] {logging_mixin.py:188} INFO - [2026-06-09T01:09:11.146+0000] {dag.py:3954} INFO - Setting next_dagrun for example_weekday_branch_operator to 2026-06-08 00:00:00+00:00, run_after=2026-06-09 00:00:00+00:00
[2026-06-09T01:09:11.167+0000] {processor.py:183} INFO - Processing /home/airflow/.local/lib/python3.12/site-packages/airflow/example_dags/example_branch_day_of_week_operator.py took 0.077 seconds
[2026-06-09T01:09:41.492+0000] {processor.py:161} INFO - Started process (PID=144455) to work on /home/airflow/.local/lib/python3.12/site-packages/airflow/example_dags/example_branch_day_of_week_operator.py
[2026-06-09T01:09:41.493+0000] {processor.py:830} INFO - Processing file /home/airflow/.local/lib/python3.12/site-packages/airflow/example_dags/example_branch_day_of_week_operator.py for tasks to queue
[2026-06-09T01:09:41.497+0000] {logging_mixin.py:188} INFO - [2026-06-09T01:09:41.496+0000] {dagbag.py:545} INFO - Filling up the DagBag from /home/airflow/.local/lib/python3.12/site-packages/airflow/example_dags/example_branch_day_of_week_operator.py
[2026-06-09T01:09:41.503+0000] {processor.py:840} INFO - DAG(s) 'example_weekday_branch_operator' retrieved from /home/airflow/.local/lib/python3.12/site-packages/airflow/example_dags/example_branch_day_of_week_operator.py
[2026-06-09T01:09:41.524+0000] {logging_mixin.py:188} INFO - [2026-06-09T01:09:41.524+0000] {dag.py:3096} INFO - Sync 1 DAGs
[2026-06-09T01:09:41.548+0000] {logging_mixin.py:188} INFO - [2026-06-09T01:09:41.547+0000] {dag.py:3954} INFO - Setting next_dagrun for example_weekday_branch_operator to 2026-06-08 00:00:00+00:00, run_after=2026-06-09 00:00:00+00:00
[2026-06-09T01:09:41.568+0000] {processor.py:183} INFO - Processing /home/airflow/.local/lib/python3.12/site-packages/airflow/example_dags/example_branch_day_of_week_operator.py took 0.081 seconds
[2026-06-09T01:10:11.684+0000] {processor.py:161} INFO - Started process (PID=144717) to work on /home/airflow/.local/lib/python3.12/site-packages/airflow/example_dags/example_branch_day_of_week_operator.py
[2026-06-09T01:10:11.685+0000] {processor.py:830} INFO - Processing file /home/airflow/.local/lib/python3.12/site-packages/airflow/example_dags/example_branch_day_of_week_operator.py for tasks to queue
[2026-06-09T01:10:11.687+0000] {logging_mixin.py:188} INFO - [2026-06-09T01:10:11.687+0000] {dagbag.py:545} INFO - Filling up the DagBag from /home/airflow/.local/lib/python3.12/site-packages/airflow/example_dags/example_branch_day_of_week_operator.py
[2026-06-09T01:10:11.693+0000] {processor.py:840} INFO - DAG(s) 'example_weekday_branch_operator' retrieved from /home/airflow/.local/lib/python3.12/site-packages/airflow/example_dags/example_branch_day_of_week_operator.py
[2026-06-09T01:10:11.714+0000] {logging_mixin.py:188} INFO - [2026-06-09T01:10:11.714+0000] {dag.py:3096} INFO - Sync 1 DAGs
[2026-06-09T01:10:11.739+0000] {logging_mixin.py:188} INFO - [2026-06-09T01:10:11.738+0000] {dag.py:3954} INFO - Setting next_dagrun for example_weekday_branch_operator to 2026-06-08 00:00:00+00:00, run_after=2026-06-09 00:00:00+00:00
[2026-06-09T01:10:11.758+0000] {processor.py:183} INFO - Processing /home/airflow/.local/lib/python3.12/site-packages/airflow/example_dags/example_branch_day_of_week_operator.py took 0.081 seconds
[2026-06-09T01:10:41.994+0000] {processor.py:161} INFO - Started process (PID=144973) to work on /home/airflow/.local/lib/python3.12/site-packages/airflow/example_dags/example_branch_day_of_week_operator.py
[2026-06-09T01:10:41.995+0000] {processor.py:830} INFO - Processing file /home/airflow/.local/lib/python3.12/site-packages/airflow/example_dags/example_branch_day_of_week_operator.py for tasks to queue
[2026-06-09T01:10:41.997+0000] {logging_mixin.py:188} INFO - [2026-06-09T01:10:41.997+0000] {dagbag.py:545} INFO - Filling up the DagBag from /home/airflow/.local/lib/python3.12/site-packages/airflow/example_dags/example_branch_day_of_week_operator.py
[2026-06-09T01:10:42.004+0000] {processor.py:840} INFO - DAG(s) 'example_weekday_branch_operator' retrieved from /home/airflow/.local/lib/python3.12/site-packages/airflow/example_dags/example_branch_day_of_week_operator.py
[2026-06-09T01:10:42.024+0000] {logging_mixin.py:188} INFO - [2026-06-09T01:10:42.024+0000] {dag.py:3096} INFO - Sync 1 DAGs
[2026-06-09T01:10:42.048+0000] {logging_mixin.py:188} INFO - [2026-06-09T01:10:42.047+0000] {dag.py:3954} INFO - Setting next_dagrun for example_weekday_branch_operator to 2026-06-08 00:00:00+00:00, run_after=2026-06-09 00:00:00+00:00
[2026-06-09T01:10:42.069+0000] {processor.py:183} INFO - Processing /home/airflow/.local/lib/python3.12/site-packages/airflow/example_dags/example_branch_day_of_week_operator.py took 0.082 seconds
[2026-06-09T01:11:12.341+0000] {processor.py:161} INFO - Started process (PID=145235) to work on /home/airflow/.local/lib/python3.12/site-packages/airflow/example_dags/example_branch_day_of_week_operator.py
[2026-06-09T01:11:12.341+0000] {processor.py:830} INFO - Processing file /home/airflow/.local/lib/python3.12/site-packages/airflow/example_dags/example_branch_day_of_week_operator.py for tasks to queue
[2026-06-09T01:11:12.343+0000] {logging_mixin.py:188} INFO - [2026-06-09T01:11:12.343+0000] {dagbag.py:545} INFO - Filling up the DagBag from /home/airflow/.local/lib/python3.12/site-packages/airflow/example_dags/example_branch_day_of_week_operator.py
[2026-06-09T01:11:12.353+0000] {processor.py:840} INFO - DAG(s) 'example_weekday_branch_operator' retrieved from /home/airflow/.local/lib/python3.12/site-packages/airflow/example_dags/example_branch_day_of_week_operator.py
[2026-06-09T01:11:12.378+0000] {logging_mixin.py:188} INFO - [2026-06-09T01:11:12.377+0000] {dag.py:3096} INFO - Sync 1 DAGs
[2026-06-09T01:11:12.403+0000] {logging_mixin.py:188} INFO - [2026-06-09T01:11:12.402+0000] {dag.py:3954} INFO - Setting next_dagrun for example_weekday_branch_operator to 2026-06-08 00:00:00+00:00, run_after=2026-06-09 00:00:00+00:00
[2026-06-09T01:11:12.423+0000] {processor.py:183} INFO - Processing /home/airflow/.local/lib/python3.12/site-packages/airflow/example_dags/example_branch_day_of_week_operator.py took 0.087 seconds
[2026-06-09T01:11:42.808+0000] {processor.py:161} INFO - Started process (PID=145497) to work on /home/airflow/.local/lib/python3.12/site-packages/airflow/example_dags/example_branch_day_of_week_operator.py
[2026-06-09T01:11:42.809+0000] {processor.py:830} INFO - Processing file /home/airflow/.local/lib/python3.12/site-packages/airflow/example_dags/example_branch_day_of_week_operator.py for tasks to queue
[2026-06-09T01:11:42.810+0000] {logging_mixin.py:188} INFO - [2026-06-09T01:11:42.810+0000] {dagbag.py:545} INFO - Filling up the DagBag from /home/airflow/.local/lib/python3.12/site-packages/airflow/example_dags/example_branch_day_of_week_operator.py
[2026-06-09T01:11:42.816+0000] {processor.py:840} INFO - DAG(s) 'example_weekday_branch_operator' retrieved from /home/airflow/.local/lib/python3.12/site-packages/airflow/example_dags/example_branch_day_of_week_operator.py
[2026-06-09T01:11:42.838+0000] {logging_mixin.py:188} INFO - [2026-06-09T01:11:42.838+0000] {dag.py:3096} INFO - Sync 1 DAGs
[2026-06-09T01:11:42.862+0000] {logging_mixin.py:188} INFO - [2026-06-09T01:11:42.862+0000] {dag.py:3954} INFO - Setting next_dagrun for example_weekday_branch_operator to 2026-06-08 00:00:00+00:00, run_after=2026-06-09 00:00:00+00:00
[2026-06-09T01:11:42.882+0000] {processor.py:183} INFO - Processing /home/airflow/.local/lib/python3.12/site-packages/airflow/example_dags/example_branch_day_of_week_operator.py took 0.081 seconds
[2026-06-09T01:12:13.156+0000] {processor.py:161} INFO - Started process (PID=145759) to work on /home/airflow/.local/lib/python3.12/site-packages/airflow/example_dags/example_branch_day_of_week_operator.py
[2026-06-09T01:12:13.157+0000] {processor.py:830} INFO - Processing file /home/airflow/.local/lib/python3.12/site-packages/airflow/example_dags/example_branch_day_of_week_operator.py for tasks to queue
[2026-06-09T01:12:13.158+0000] {logging_mixin.py:188} INFO - [2026-06-09T01:12:13.158+0000] {dagbag.py:545} INFO - Filling up the DagBag from /home/airflow/.local/lib/python3.12/site-packages/airflow/example_dags/example_branch_day_of_week_operator.py
[2026-06-09T01:12:13.166+0000] {processor.py:840} INFO - DAG(s) 'example_weekday_branch_operator' retrieved from /home/airflow/.local/lib/python3.12/site-packages/airflow/example_dags/example_branch_day_of_week_operator.py
[2026-06-09T01:12:13.186+0000] {logging_mixin.py:188} INFO - [2026-06-09T01:12:13.185+0000] {dag.py:3096} INFO - Sync 1 DAGs
[2026-06-09T01:12:13.207+0000] {logging_mixin.py:188} INFO - [2026-06-09T01:12:13.207+0000] {dag.py:3954} INFO - Setting next_dagrun for example_weekday_branch_operator to 2026-06-08 00:00:00+00:00, run_after=2026-06-09 00:00:00+00:00
[2026-06-09T01:12:13.227+0000] {processor.py:183} INFO - Processing /home/airflow/.local/lib/python3.12/site-packages/airflow/example_dags/example_branch_day_of_week_operator.py took 0.076 seconds
[2026-06-09T01:12:43.920+0000] {processor.py:161} INFO - Started process (PID=146021) to work on /home/airflow/.local/lib/python3.12/site-packages/airflow/example_dags/example_branch_day_of_week_operator.py
[2026-06-09T01:12:43.922+0000] {processor.py:830} INFO - Processing file /home/airflow/.local/lib/python3.12/site-packages/airflow/example_dags/example_branch_day_of_week_operator.py for tasks to queue
[2026-06-09T01:12:43.924+0000] {logging_mixin.py:188} INFO - [2026-06-09T01:12:43.924+0000] {dagbag.py:545} INFO - Filling up the DagBag from /home/airflow/.local/lib/python3.12/site-packages/airflow/example_dags/example_branch_day_of_week_operator.py
[2026-06-09T01:12:43.931+0000] {processor.py:840} INFO - DAG(s) 'example_weekday_branch_operator' retrieved from /home/airflow/.local/lib/python3.12/site-packages/airflow/example_dags/example_branch_day_of_week_operator.py
[2026-06-09T01:12:43.955+0000] {logging_mixin.py:188} INFO - [2026-06-09T01:12:43.955+0000] {dag.py:3096} INFO - Sync 1 DAGs
[2026-06-09T01:12:43.980+0000] {logging_mixin.py:188} INFO - [2026-06-09T01:12:43.980+0000] {dag.py:3954} INFO - Setting next_dagrun for example_weekday_branch_operator to 2026-06-08 00:00:00+00:00, run_after=2026-06-09 00:00:00+00:00
[2026-06-09T01:12:44.001+0000] {processor.py:183} INFO - Processing /home/airflow/.local/lib/python3.12/site-packages/airflow/example_dags/example_branch_day_of_week_operator.py took 0.088 seconds
[2026-06-09T01:13:14.207+0000] {processor.py:161} INFO - Started process (PID=146283) to work on /home/airflow/.local/lib/python3.12/site-packages/airflow/example_dags/example_branch_day_of_week_operator.py
[2026-06-09T01:13:14.207+0000] {processor.py:830} INFO - Processing file /home/airflow/.local/lib/python3.12/site-packages/airflow/example_dags/example_branch_day_of_week_operator.py for tasks to queue
[2026-06-09T01:13:14.209+0000] {logging_mixin.py:188} INFO - [2026-06-09T01:13:14.209+0000] {dagbag.py:545} INFO - Filling up the DagBag from /home/airflow/.local/lib/python3.12/site-packages/airflow/example_dags/example_branch_day_of_week_operator.py
[2026-06-09T01:13:14.215+0000] {processor.py:840} INFO - DAG(s) 'example_weekday_branch_operator' retrieved from /home/airflow/.local/lib/python3.12/site-packages/airflow/example_dags/example_branch_day_of_week_operator.py
[2026-06-09T01:13:14.236+0000] {logging_mixin.py:188} INFO - [2026-06-09T01:13:14.236+0000] {dag.py:3096} INFO - Sync 1 DAGs
[2026-06-09T01:13:14.259+0000] {logging_mixin.py:188} INFO - [2026-06-09T01:13:14.258+0000] {dag.py:3954} INFO - Setting next_dagrun for example_weekday_branch_operator to 2026-06-08 00:00:00+00:00, run_after=2026-06-09 00:00:00+00:00
[2026-06-09T01:13:14.278+0000] {processor.py:183} INFO - Processing /home/airflow/.local/lib/python3.12/site-packages/airflow/example_dags/example_branch_day_of_week_operator.py took 0.076 seconds
[2026-06-09T01:13:44.674+0000] {processor.py:161} INFO - Started process (PID=146545) to work on /home/airflow/.local/lib/python3.12/site-packages/airflow/example_dags/example_branch_day_of_week_operator.py
[2026-06-09T01:13:44.675+0000] {processor.py:830} INFO - Processing file /home/airflow/.local/lib/python3.12/site-packages/airflow/example_dags/example_branch_day_of_week_operator.py for tasks to queue
[2026-06-09T01:13:44.677+0000] {logging_mixin.py:188} INFO - [2026-06-09T01:13:44.677+0000] {dagbag.py:545} INFO - Filling up the DagBag from /home/airflow/.local/lib/python3.12/site-packages/airflow/example_dags/example_branch_day_of_week_operator.py
[2026-06-09T01:13:44.686+0000] {processor.py:840} INFO - DAG(s) 'example_weekday_branch_operator' retrieved from /home/airflow/.local/lib/python3.12/site-packages/airflow/example_dags/example_branch_day_of_week_operator.py
[2026-06-09T01:13:44.707+0000] {logging_mixin.py:188} INFO - [2026-06-09T01:13:44.707+0000] {dag.py:3096} INFO - Sync 1 DAGs
[2026-06-09T01:13:44.730+0000] {logging_mixin.py:188} INFO - [2026-06-09T01:13:44.730+0000] {dag.py:3954} INFO - Setting next_dagrun for example_weekday_branch_operator to 2026-06-08 00:00:00+00:00, run_after=2026-06-09 00:00:00+00:00
[2026-06-09T01:13:44.752+0000] {processor.py:183} INFO - Processing /home/airflow/.local/lib/python3.12/site-packages/airflow/example_dags/example_branch_day_of_week_operator.py took 0.089 seconds
[2026-06-09T01:14:14.907+0000] {processor.py:161} INFO - Started process (PID=146807) to work on /home/airflow/.local/lib/python3.12/site-packages/airflow/example_dags/example_branch_day_of_week_operator.py
[2026-06-09T01:14:14.908+0000] {processor.py:830} INFO - Processing file /home/airflow/.local/lib/python3.12/site-packages/airflow/example_dags/example_branch_day_of_week_operator.py for tasks to queue
[2026-06-09T01:14:14.910+0000] {logging_mixin.py:188} INFO - [2026-06-09T01:14:14.910+0000] {dagbag.py:545} INFO - Filling up the DagBag from /home/airflow/.local/lib/python3.12/site-packages/airflow/example_dags/example_branch_day_of_week_operator.py
[2026-06-09T01:14:14.918+0000] {processor.py:840} INFO - DAG(s) 'example_weekday_branch_operator' retrieved from /home/airflow/.local/lib/python3.12/site-packages/airflow/example_dags/example_branch_day_of_week_operator.py
[2026-06-09T01:14:14.939+0000] {logging_mixin.py:188} INFO - [2026-06-09T01:14:14.939+0000] {dag.py:3096} INFO - Sync 1 DAGs
[2026-06-09T01:14:14.961+0000] {logging_mixin.py:188} INFO - [2026-06-09T01:14:14.961+0000] {dag.py:3954} INFO - Setting next_dagrun for example_weekday_branch_operator to 2026-06-08 00:00:00+00:00, run_after=2026-06-09 00:00:00+00:00
[2026-06-09T01:14:14.981+0000] {processor.py:183} INFO - Processing /home/airflow/.local/lib/python3.12/site-packages/airflow/example_dags/example_branch_day_of_week_operator.py took 0.079 seconds
[2026-06-09T01:14:45.138+0000] {processor.py:161} INFO - Started process (PID=147069) to work on /home/airflow/.local/lib/python3.12/site-packages/airflow/example_dags/example_branch_day_of_week_operator.py
[2026-06-09T01:14:45.139+0000] {processor.py:830} INFO - Processing file /home/airflow/.local/lib/python3.12/site-packages/airflow/example_dags/example_branch_day_of_week_operator.py for tasks to queue
[2026-06-09T01:14:45.142+0000] {logging_mixin.py:188} INFO - [2026-06-09T01:14:45.141+0000] {dagbag.py:545} INFO - Filling up the DagBag from /home/airflow/.local/lib/python3.12/site-packages/airflow/example_dags/example_branch_day_of_week_operator.py
[2026-06-09T01:14:45.148+0000] {processor.py:840} INFO - DAG(s) 'example_weekday_branch_operator' retrieved from /home/airflow/.local/lib/python3.12/site-packages/airflow/example_dags/example_branch_day_of_week_operator.py
[2026-06-09T01:14:45.168+0000] {logging_mixin.py:188} INFO - [2026-06-09T01:14:45.167+0000] {dag.py:3096} INFO - Sync 1 DAGs
[2026-06-09T01:14:45.189+0000] {logging_mixin.py:188} INFO - [2026-06-09T01:14:45.189+0000] {dag.py:3954} INFO - Setting next_dagrun for example_weekday_branch_operator to 2026-06-08 00:00:00+00:00, run_after=2026-06-09 00:00:00+00:00
[2026-06-09T01:14:45.211+0000] {processor.py:183} INFO - Processing /home/airflow/.local/lib/python3.12/site-packages/airflow/example_dags/example_branch_day_of_week_operator.py took 0.079 seconds
[2026-06-09T01:15:15.383+0000] {processor.py:161} INFO - Started process (PID=147332) to work on /home/airflow/.local/lib/python3.12/site-packages/airflow/example_dags/example_branch_day_of_week_operator.py
[2026-06-09T01:15:15.384+0000] {processor.py:830} INFO - Processing file /home/airflow/.local/lib/python3.12/site-packages/airflow/example_dags/example_branch_day_of_week_operator.py for tasks to queue
[2026-06-09T01:15:15.387+0000] {logging_mixin.py:188} INFO - [2026-06-09T01:15:15.386+0000] {dagbag.py:545} INFO - Filling up the DagBag from /home/airflow/.local/lib/python3.12/site-packages/airflow/example_dags/example_branch_day_of_week_operator.py
[2026-06-09T01:15:15.394+0000] {processor.py:840} INFO - DAG(s) 'example_weekday_branch_operator' retrieved from /home/airflow/.local/lib/python3.12/site-packages/airflow/example_dags/example_branch_day_of_week_operator.py
[2026-06-09T01:15:15.419+0000] {logging_mixin.py:188} INFO - [2026-06-09T01:15:15.419+0000] {dag.py:3096} INFO - Sync 1 DAGs
[2026-06-09T01:15:15.444+0000] {logging_mixin.py:188} INFO - [2026-06-09T01:15:15.443+0000] {dag.py:3954} INFO - Setting next_dagrun for example_weekday_branch_operator to 2026-06-08 00:00:00+00:00, run_after=2026-06-09 00:00:00+00:00
[2026-06-09T01:15:15.468+0000] {processor.py:183} INFO - Processing /home/airflow/.local/lib/python3.12/site-packages/airflow/example_dags/example_branch_day_of_week_operator.py took 0.096 seconds
[2026-06-09T01:15:45.575+0000] {processor.py:161} INFO - Started process (PID=147594) to work on /home/airflow/.local/lib/python3.12/site-packages/airflow/example_dags/example_branch_day_of_week_operator.py
[2026-06-09T01:15:45.577+0000] {processor.py:830} INFO - Processing file /home/airflow/.local/lib/python3.12/site-packages/airflow/example_dags/example_branch_day_of_week_operator.py for tasks to queue
[2026-06-09T01:15:45.580+0000] {logging_mixin.py:188} INFO - [2026-06-09T01:15:45.580+0000] {dagbag.py:545} INFO - Filling up the DagBag from /home/airflow/.local/lib/python3.12/site-packages/airflow/example_dags/example_branch_day_of_week_operator.py
[2026-06-09T01:15:45.588+0000] {processor.py:840} INFO - DAG(s) 'example_weekday_branch_operator' retrieved from /home/airflow/.local/lib/python3.12/site-packages/airflow/example_dags/example_branch_day_of_week_operator.py
[2026-06-09T01:15:45.607+0000] {logging_mixin.py:188} INFO - [2026-06-09T01:15:45.606+0000] {dag.py:3096} INFO - Sync 1 DAGs
[2026-06-09T01:15:45.626+0000] {logging_mixin.py:188} INFO - [2026-06-09T01:15:45.626+0000] {dag.py:3954} INFO - Setting next_dagrun for example_weekday_branch_operator to 2026-06-08 00:00:00+00:00, run_after=2026-06-09 00:00:00+00:00
[2026-06-09T01:15:45.644+0000] {processor.py:183} INFO - Processing /home/airflow/.local/lib/python3.12/site-packages/airflow/example_dags/example_branch_day_of_week_operator.py took 0.073 seconds
[2026-06-09T01:16:15.812+0000] {processor.py:161} INFO - Started process (PID=147856) to work on /home/airflow/.local/lib/python3.12/site-packages/airflow/example_dags/example_branch_day_of_week_operator.py
[2026-06-09T01:16:15.813+0000] {processor.py:830} INFO - Processing file /home/airflow/.local/lib/python3.12/site-packages/airflow/example_dags/example_branch_day_of_week_operator.py for tasks to queue
[2026-06-09T01:16:15.815+0000] {logging_mixin.py:188} INFO - [2026-06-09T01:16:15.814+0000] {dagbag.py:545} INFO - Filling up the DagBag from /home/airflow/.local/lib/python3.12/site-packages/airflow/example_dags/example_branch_day_of_week_operator.py
[2026-06-09T01:16:15.823+0000] {processor.py:840} INFO - DAG(s) 'example_weekday_branch_operator' retrieved from /home/airflow/.local/lib/python3.12/site-packages/airflow/example_dags/example_branch_day_of_week_operator.py
[2026-06-09T01:16:15.845+0000] {logging_mixin.py:188} INFO - [2026-06-09T01:16:15.845+0000] {dag.py:3096} INFO - Sync 1 DAGs
[2026-06-09T01:16:15.867+0000] {logging_mixin.py:188} INFO - [2026-06-09T01:16:15.867+0000] {dag.py:3954} INFO - Setting next_dagrun for example_weekday_branch_operator to 2026-06-08 00:00:00+00:00, run_after=2026-06-09 00:00:00+00:00
[2026-06-09T01:16:15.890+0000] {processor.py:183} INFO - Processing /home/airflow/.local/lib/python3.12/site-packages/airflow/example_dags/example_branch_day_of_week_operator.py took 0.084 seconds
[2026-06-09T01:16:46.039+0000] {processor.py:161} INFO - Started process (PID=148118) to work on /home/airflow/.local/lib/python3.12/site-packages/airflow/example_dags/example_branch_day_of_week_operator.py
[2026-06-09T01:16:46.040+0000] {processor.py:830} INFO - Processing file /home/airflow/.local/lib/python3.12/site-packages/airflow/example_dags/example_branch_day_of_week_operator.py for tasks to queue
[2026-06-09T01:16:46.043+0000] {logging_mixin.py:188} INFO - [2026-06-09T01:16:46.042+0000] {dagbag.py:545} INFO - Filling up the DagBag from /home/airflow/.local/lib/python3.12/site-packages/airflow/example_dags/example_branch_day_of_week_operator.py
[2026-06-09T01:16:46.049+0000] {processor.py:840} INFO - DAG(s) 'example_weekday_branch_operator' retrieved from /home/airflow/.local/lib/python3.12/site-packages/airflow/example_dags/example_branch_day_of_week_operator.py
[2026-06-09T01:16:46.071+0000] {logging_mixin.py:188} INFO - [2026-06-09T01:16:46.070+0000] {dag.py:3096} INFO - Sync 1 DAGs
[2026-06-09T01:16:46.094+0000] {logging_mixin.py:188} INFO - [2026-06-09T01:16:46.093+0000] {dag.py:3954} INFO - Setting next_dagrun for example_weekday_branch_operator to 2026-06-08 00:00:00+00:00, run_after=2026-06-09 00:00:00+00:00
[2026-06-09T01:16:46.115+0000] {processor.py:183} INFO - Processing /home/airflow/.local/lib/python3.12/site-packages/airflow/example_dags/example_branch_day_of_week_operator.py took 0.083 seconds
[2026-06-09T01:17:16.656+0000] {processor.py:161} INFO - Started process (PID=148380) to work on /home/airflow/.local/lib/python3.12/site-packages/airflow/example_dags/example_branch_day_of_week_operator.py
[2026-06-09T01:17:16.658+0000] {processor.py:830} INFO - Processing file /home/airflow/.local/lib/python3.12/site-packages/airflow/example_dags/example_branch_day_of_week_operator.py for tasks to queue
[2026-06-09T01:17:16.660+0000] {logging_mixin.py:188} INFO - [2026-06-09T01:17:16.659+0000] {dagbag.py:545} INFO - Filling up the DagBag from /home/airflow/.local/lib/python3.12/site-packages/airflow/example_dags/example_branch_day_of_week_operator.py
[2026-06-09T01:17:16.667+0000] {processor.py:840} INFO - DAG(s) 'example_weekday_branch_operator' retrieved from /home/airflow/.local/lib/python3.12/site-packages/airflow/example_dags/example_branch_day_of_week_operator.py
[2026-06-09T01:17:16.692+0000] {logging_mixin.py:188} INFO - [2026-06-09T01:17:16.691+0000] {dag.py:3096} INFO - Sync 1 DAGs
[2026-06-09T01:17:16.716+0000] {logging_mixin.py:188} INFO - [2026-06-09T01:17:16.716+0000] {dag.py:3954} INFO - Setting next_dagrun for example_weekday_branch_operator to 2026-06-08 00:00:00+00:00, run_after=2026-06-09 00:00:00+00:00
[2026-06-09T01:17:16.736+0000] {processor.py:183} INFO - Processing /home/airflow/.local/lib/python3.12/site-packages/airflow/example_dags/example_branch_day_of_week_operator.py took 0.087 seconds
[2026-06-09T01:17:47.026+0000] {processor.py:161} INFO - Started process (PID=148642) to work on /home/airflow/.local/lib/python3.12/site-packages/airflow/example_dags/example_branch_day_of_week_operator.py
[2026-06-09T01:17:47.027+0000] {processor.py:830} INFO - Processing file /home/airflow/.local/lib/python3.12/site-packages/airflow/example_dags/example_branch_day_of_week_operator.py for tasks to queue
[2026-06-09T01:17:47.029+0000] {logging_mixin.py:188} INFO - [2026-06-09T01:17:47.029+0000] {dagbag.py:545} INFO - Filling up the DagBag from /home/airflow/.local/lib/python3.12/site-packages/airflow/example_dags/example_branch_day_of_week_operator.py
[2026-06-09T01:17:47.037+0000] {processor.py:840} INFO - DAG(s) 'example_weekday_branch_operator' retrieved from /home/airflow/.local/lib/python3.12/site-packages/airflow/example_dags/example_branch_day_of_week_operator.py
[2026-06-09T01:17:47.061+0000] {logging_mixin.py:188} INFO - [2026-06-09T01:17:47.060+0000] {dag.py:3096} INFO - Sync 1 DAGs
[2026-06-09T01:17:47.084+0000] {logging_mixin.py:188} INFO - [2026-06-09T01:17:47.083+0000] {dag.py:3954} INFO - Setting next_dagrun for example_weekday_branch_operator to 2026-06-08 00:00:00+00:00, run_after=2026-06-09 00:00:00+00:00
[2026-06-09T01:17:47.107+0000] {processor.py:183} INFO - Processing /home/airflow/.local/lib/python3.12/site-packages/airflow/example_dags/example_branch_day_of_week_operator.py took 0.088 seconds
[2026-06-09T01:18:17.831+0000] {processor.py:161} INFO - Started process (PID=148904) to work on /home/airflow/.local/lib/python3.12/site-packages/airflow/example_dags/example_branch_day_of_week_operator.py
[2026-06-09T01:18:17.833+0000] {processor.py:830} INFO - Processing file /home/airflow/.local/lib/python3.12/site-packages/airflow/example_dags/example_branch_day_of_week_operator.py for tasks to queue
[2026-06-09T01:18:17.835+0000] {logging_mixin.py:188} INFO - [2026-06-09T01:18:17.834+0000] {dagbag.py:545} INFO - Filling up the DagBag from /home/airflow/.local/lib/python3.12/site-packages/airflow/example_dags/example_branch_day_of_week_operator.py
[2026-06-09T01:18:17.842+0000] {processor.py:840} INFO - DAG(s) 'example_weekday_branch_operator' retrieved from /home/airflow/.local/lib/python3.12/site-packages/airflow/example_dags/example_branch_day_of_week_operator.py
[2026-06-09T01:18:17.865+0000] {logging_mixin.py:188} INFO - [2026-06-09T01:18:17.865+0000] {dag.py:3096} INFO - Sync 1 DAGs
[2026-06-09T01:18:17.887+0000] {logging_mixin.py:188} INFO - [2026-06-09T01:18:17.887+0000] {dag.py:3954} INFO - Setting next_dagrun for example_weekday_branch_operator to 2026-06-08 00:00:00+00:00, run_after=2026-06-09 00:00:00+00:00
[2026-06-09T01:18:17.911+0000] {processor.py:183} INFO - Processing /home/airflow/.local/lib/python3.12/site-packages/airflow/example_dags/example_branch_day_of_week_operator.py took 0.085 seconds
[2026-06-09T01:18:48.153+0000] {processor.py:161} INFO - Started process (PID=149166) to work on /home/airflow/.local/lib/python3.12/site-packages/airflow/example_dags/example_branch_day_of_week_operator.py
[2026-06-09T01:18:48.154+0000] {processor.py:830} INFO - Processing file /home/airflow/.local/lib/python3.12/site-packages/airflow/example_dags/example_branch_day_of_week_operator.py for tasks to queue
[2026-06-09T01:18:48.156+0000] {logging_mixin.py:188} INFO - [2026-06-09T01:18:48.155+0000] {dagbag.py:545} INFO - Filling up the DagBag from /home/airflow/.local/lib/python3.12/site-packages/airflow/example_dags/example_branch_day_of_week_operator.py
[2026-06-09T01:18:48.161+0000] {processor.py:840} INFO - DAG(s) 'example_weekday_branch_operator' retrieved from /home/airflow/.local/lib/python3.12/site-packages/airflow/example_dags/example_branch_day_of_week_operator.py
[2026-06-09T01:18:48.182+0000] {logging_mixin.py:188} INFO - [2026-06-09T01:18:48.182+0000] {dag.py:3096} INFO - Sync 1 DAGs
[2026-06-09T01:18:48.206+0000] {logging_mixin.py:188} INFO - [2026-06-09T01:18:48.206+0000] {dag.py:3954} INFO - Setting next_dagrun for example_weekday_branch_operator to 2026-06-08 00:00:00+00:00, run_after=2026-06-09 00:00:00+00:00
[2026-06-09T01:18:48.227+0000] {processor.py:183} INFO - Processing /home/airflow/.local/lib/python3.12/site-packages/airflow/example_dags/example_branch_day_of_week_operator.py took 0.080 seconds
[2026-06-09T01:19:18.706+0000] {processor.py:161} INFO - Started process (PID=149428) to work on /home/airflow/.local/lib/python3.12/site-packages/airflow/example_dags/example_branch_day_of_week_operator.py
[2026-06-09T01:19:18.707+0000] {processor.py:830} INFO - Processing file /home/airflow/.local/lib/python3.12/site-packages/airflow/example_dags/example_branch_day_of_week_operator.py for tasks to queue
[2026-06-09T01:19:18.710+0000] {logging_mixin.py:188} INFO - [2026-06-09T01:19:18.709+0000] {dagbag.py:545} INFO - Filling up the DagBag from /home/airflow/.local/lib/python3.12/site-packages/airflow/example_dags/example_branch_day_of_week_operator.py
[2026-06-09T01:19:18.717+0000] {processor.py:840} INFO - DAG(s) 'example_weekday_branch_operator' retrieved from /home/airflow/.local/lib/python3.12/site-packages/airflow/example_dags/example_branch_day_of_week_operator.py
[2026-06-09T01:19:18.738+0000] {logging_mixin.py:188} INFO - [2026-06-09T01:19:18.738+0000] {dag.py:3096} INFO - Sync 1 DAGs
[2026-06-09T01:19:18.762+0000] {logging_mixin.py:188} INFO - [2026-06-09T01:19:18.761+0000] {dag.py:3954} INFO - Setting next_dagrun for example_weekday_branch_operator to 2026-06-08 00:00:00+00:00, run_after=2026-06-09 00:00:00+00:00
[2026-06-09T01:19:18.783+0000] {processor.py:183} INFO - Processing /home/airflow/.local/lib/python3.12/site-packages/airflow/example_dags/example_branch_day_of_week_operator.py took 0.081 seconds
[2026-06-09T01:19:48.966+0000] {processor.py:161} INFO - Started process (PID=149690) to work on /home/airflow/.local/lib/python3.12/site-packages/airflow/example_dags/example_branch_day_of_week_operator.py
[2026-06-09T01:19:48.966+0000] {processor.py:830} INFO - Processing file /home/airflow/.local/lib/python3.12/site-packages/airflow/example_dags/example_branch_day_of_week_operator.py for tasks to queue
[2026-06-09T01:19:48.968+0000] {logging_mixin.py:188} INFO - [2026-06-09T01:19:48.968+0000] {dagbag.py:545} INFO - Filling up the DagBag from /home/airflow/.local/lib/python3.12/site-packages/airflow/example_dags/example_branch_day_of_week_operator.py
[2026-06-09T01:19:48.974+0000] {processor.py:840} INFO - DAG(s) 'example_weekday_branch_operator' retrieved from /home/airflow/.local/lib/python3.12/site-packages/airflow/example_dags/example_branch_day_of_week_operator.py
[2026-06-09T01:19:48.996+0000] {logging_mixin.py:188} INFO - [2026-06-09T01:19:48.996+0000] {dag.py:3096} INFO - Sync 1 DAGs
[2026-06-09T01:19:49.019+0000] {logging_mixin.py:188} INFO - [2026-06-09T01:19:49.018+0000] {dag.py:3954} INFO - Setting next_dagrun for example_weekday_branch_operator to 2026-06-08 00:00:00+00:00, run_after=2026-06-09 00:00:00+00:00
[2026-06-09T01:19:49.039+0000] {processor.py:183} INFO - Processing /home/airflow/.local/lib/python3.12/site-packages/airflow/example_dags/example_branch_day_of_week_operator.py took 0.078 seconds
[2026-06-09T01:20:19.249+0000] {processor.py:161} INFO - Started process (PID=149958) to work on /home/airflow/.local/lib/python3.12/site-packages/airflow/example_dags/example_branch_day_of_week_operator.py
[2026-06-09T01:20:19.250+0000] {processor.py:830} INFO - Processing file /home/airflow/.local/lib/python3.12/site-packages/airflow/example_dags/example_branch_day_of_week_operator.py for tasks to queue
[2026-06-09T01:20:19.252+0000] {logging_mixin.py:188} INFO - [2026-06-09T01:20:19.251+0000] {dagbag.py:545} INFO - Filling up the DagBag from /home/airflow/.local/lib/python3.12/site-packages/airflow/example_dags/example_branch_day_of_week_operator.py
[2026-06-09T01:20:19.259+0000] {processor.py:840} INFO - DAG(s) 'example_weekday_branch_operator' retrieved from /home/airflow/.local/lib/python3.12/site-packages/airflow/example_dags/example_branch_day_of_week_operator.py
[2026-06-09T01:20:19.280+0000] {logging_mixin.py:188} INFO - [2026-06-09T01:20:19.280+0000] {dag.py:3096} INFO - Sync 1 DAGs
[2026-06-09T01:20:19.303+0000] {logging_mixin.py:188} INFO - [2026-06-09T01:20:19.303+0000] {dag.py:3954} INFO - Setting next_dagrun for example_weekday_branch_operator to 2026-06-08 00:00:00+00:00, run_after=2026-06-09 00:00:00+00:00
[2026-06-09T01:20:19.326+0000] {processor.py:183} INFO - Processing /home/airflow/.local/lib/python3.12/site-packages/airflow/example_dags/example_branch_day_of_week_operator.py took 0.083 seconds
[2026-06-09T01:20:49.481+0000] {processor.py:161} INFO - Started process (PID=150220) to work on /home/airflow/.local/lib/python3.12/site-packages/airflow/example_dags/example_branch_day_of_week_operator.py
[2026-06-09T01:20:49.482+0000] {processor.py:830} INFO - Processing file /home/airflow/.local/lib/python3.12/site-packages/airflow/example_dags/example_branch_day_of_week_operator.py for tasks to queue
[2026-06-09T01:20:49.484+0000] {logging_mixin.py:188} INFO - [2026-06-09T01:20:49.484+0000] {dagbag.py:545} INFO - Filling up the DagBag from /home/airflow/.local/lib/python3.12/site-packages/airflow/example_dags/example_branch_day_of_week_operator.py
[2026-06-09T01:20:49.491+0000] {processor.py:840} INFO - DAG(s) 'example_weekday_branch_operator' retrieved from /home/airflow/.local/lib/python3.12/site-packages/airflow/example_dags/example_branch_day_of_week_operator.py
[2026-06-09T01:20:49.512+0000] {logging_mixin.py:188} INFO - [2026-06-09T01:20:49.511+0000] {dag.py:3096} INFO - Sync 1 DAGs
[2026-06-09T01:20:49.534+0000] {logging_mixin.py:188} INFO - [2026-06-09T01:20:49.534+0000] {dag.py:3954} INFO - Setting next_dagrun for example_weekday_branch_operator to 2026-06-08 00:00:00+00:00, run_after=2026-06-09 00:00:00+00:00
[2026-06-09T01:20:49.555+0000] {processor.py:183} INFO - Processing /home/airflow/.local/lib/python3.12/site-packages/airflow/example_dags/example_branch_day_of_week_operator.py took 0.079 seconds
[2026-06-09T01:21:19.701+0000] {processor.py:161} INFO - Started process (PID=150482) to work on /home/airflow/.local/lib/python3.12/site-packages/airflow/example_dags/example_branch_day_of_week_operator.py
[2026-06-09T01:21:19.701+0000] {processor.py:830} INFO - Processing file /home/airflow/.local/lib/python3.12/site-packages/airflow/example_dags/example_branch_day_of_week_operator.py for tasks to queue
[2026-06-09T01:21:19.703+0000] {logging_mixin.py:188} INFO - [2026-06-09T01:21:19.702+0000] {dagbag.py:545} INFO - Filling up the DagBag from /home/airflow/.local/lib/python3.12/site-packages/airflow/example_dags/example_branch_day_of_week_operator.py
[2026-06-09T01:21:19.711+0000] {processor.py:840} INFO - DAG(s) 'example_weekday_branch_operator' retrieved from /home/airflow/.local/lib/python3.12/site-packages/airflow/example_dags/example_branch_day_of_week_operator.py
[2026-06-09T01:21:19.735+0000] {logging_mixin.py:188} INFO - [2026-06-09T01:21:19.735+0000] {dag.py:3096} INFO - Sync 1 DAGs
[2026-06-09T01:21:19.762+0000] {logging_mixin.py:188} INFO - [2026-06-09T01:21:19.761+0000] {dag.py:3954} INFO - Setting next_dagrun for example_weekday_branch_operator to 2026-06-08 00:00:00+00:00, run_after=2026-06-09 00:00:00+00:00
[2026-06-09T01:21:19.784+0000] {processor.py:183} INFO - Processing /home/airflow/.local/lib/python3.12/site-packages/airflow/example_dags/example_branch_day_of_week_operator.py took 0.088 seconds
[2026-06-09T01:21:50.159+0000] {processor.py:161} INFO - Started process (PID=150744) to work on /home/airflow/.local/lib/python3.12/site-packages/airflow/example_dags/example_branch_day_of_week_operator.py
[2026-06-09T01:21:50.160+0000] {processor.py:830} INFO - Processing file /home/airflow/.local/lib/python3.12/site-packages/airflow/example_dags/example_branch_day_of_week_operator.py for tasks to queue
[2026-06-09T01:21:50.162+0000] {logging_mixin.py:188} INFO - [2026-06-09T01:21:50.162+0000] {dagbag.py:545} INFO - Filling up the DagBag from /home/airflow/.local/lib/python3.12/site-packages/airflow/example_dags/example_branch_day_of_week_operator.py
[2026-06-09T01:21:50.169+0000] {processor.py:840} INFO - DAG(s) 'example_weekday_branch_operator' retrieved from /home/airflow/.local/lib/python3.12/site-packages/airflow/example_dags/example_branch_day_of_week_operator.py
[2026-06-09T01:21:50.192+0000] {logging_mixin.py:188} INFO - [2026-06-09T01:21:50.191+0000] {dag.py:3096} INFO - Sync 1 DAGs
[2026-06-09T01:21:50.219+0000] {logging_mixin.py:188} INFO - [2026-06-09T01:21:50.219+0000] {dag.py:3954} INFO - Setting next_dagrun for example_weekday_branch_operator to 2026-06-08 00:00:00+00:00, run_after=2026-06-09 00:00:00+00:00
[2026-06-09T01:21:50.239+0000] {processor.py:183} INFO - Processing /home/airflow/.local/lib/python3.12/site-packages/airflow/example_dags/example_branch_day_of_week_operator.py took 0.086 seconds
[2026-06-09T01:22:20.485+0000] {processor.py:161} INFO - Started process (PID=151006) to work on /home/airflow/.local/lib/python3.12/site-packages/airflow/example_dags/example_branch_day_of_week_operator.py
[2026-06-09T01:22:20.486+0000] {processor.py:830} INFO - Processing file /home/airflow/.local/lib/python3.12/site-packages/airflow/example_dags/example_branch_day_of_week_operator.py for tasks to queue
[2026-06-09T01:22:20.488+0000] {logging_mixin.py:188} INFO - [2026-06-09T01:22:20.488+0000] {dagbag.py:545} INFO - Filling up the DagBag from /home/airflow/.local/lib/python3.12/site-packages/airflow/example_dags/example_branch_day_of_week_operator.py
[2026-06-09T01:22:20.494+0000] {processor.py:840} INFO - DAG(s) 'example_weekday_branch_operator' retrieved from /home/airflow/.local/lib/python3.12/site-packages/airflow/example_dags/example_branch_day_of_week_operator.py
[2026-06-09T01:22:20.518+0000] {logging_mixin.py:188} INFO - [2026-06-09T01:22:20.517+0000] {dag.py:3096} INFO - Sync 1 DAGs
[2026-06-09T01:22:20.543+0000] {logging_mixin.py:188} INFO - [2026-06-09T01:22:20.543+0000] {dag.py:3954} INFO - Setting next_dagrun for example_weekday_branch_operator to 2026-06-08 00:00:00+00:00, run_after=2026-06-09 00:00:00+00:00
[2026-06-09T01:22:20.564+0000] {processor.py:183} INFO - Processing /home/airflow/.local/lib/python3.12/site-packages/airflow/example_dags/example_branch_day_of_week_operator.py took 0.084 seconds
[2026-06-09T01:22:50.828+0000] {processor.py:161} INFO - Started process (PID=151268) to work on /home/airflow/.local/lib/python3.12/site-packages/airflow/example_dags/example_branch_day_of_week_operator.py
[2026-06-09T01:22:50.829+0000] {processor.py:830} INFO - Processing file /home/airflow/.local/lib/python3.12/site-packages/airflow/example_dags/example_branch_day_of_week_operator.py for tasks to queue
[2026-06-09T01:22:50.832+0000] {logging_mixin.py:188} INFO - [2026-06-09T01:22:50.831+0000] {dagbag.py:545} INFO - Filling up the DagBag from /home/airflow/.local/lib/python3.12/site-packages/airflow/example_dags/example_branch_day_of_week_operator.py
[2026-06-09T01:22:50.841+0000] {processor.py:840} INFO - DAG(s) 'example_weekday_branch_operator' retrieved from /home/airflow/.local/lib/python3.12/site-packages/airflow/example_dags/example_branch_day_of_week_operator.py
[2026-06-09T01:22:50.867+0000] {logging_mixin.py:188} INFO - [2026-06-09T01:22:50.867+0000] {dag.py:3096} INFO - Sync 1 DAGs
[2026-06-09T01:22:50.894+0000] {logging_mixin.py:188} INFO - [2026-06-09T01:22:50.893+0000] {dag.py:3954} INFO - Setting next_dagrun for example_weekday_branch_operator to 2026-06-08 00:00:00+00:00, run_after=2026-06-09 00:00:00+00:00
[2026-06-09T01:22:50.917+0000] {processor.py:183} INFO - Processing /home/airflow/.local/lib/python3.12/site-packages/airflow/example_dags/example_branch_day_of_week_operator.py took 0.094 seconds
[2026-06-09T01:23:21.072+0000] {processor.py:161} INFO - Started process (PID=151525) to work on /home/airflow/.local/lib/python3.12/site-packages/airflow/example_dags/example_branch_day_of_week_operator.py
[2026-06-09T01:23:21.073+0000] {processor.py:830} INFO - Processing file /home/airflow/.local/lib/python3.12/site-packages/airflow/example_dags/example_branch_day_of_week_operator.py for tasks to queue
[2026-06-09T01:23:21.075+0000] {logging_mixin.py:188} INFO - [2026-06-09T01:23:21.075+0000] {dagbag.py:545} INFO - Filling up the DagBag from /home/airflow/.local/lib/python3.12/site-packages/airflow/example_dags/example_branch_day_of_week_operator.py
[2026-06-09T01:23:21.081+0000] {processor.py:840} INFO - DAG(s) 'example_weekday_branch_operator' retrieved from /home/airflow/.local/lib/python3.12/site-packages/airflow/example_dags/example_branch_day_of_week_operator.py
[2026-06-09T01:23:21.102+0000] {logging_mixin.py:188} INFO - [2026-06-09T01:23:21.102+0000] {dag.py:3096} INFO - Sync 1 DAGs
[2026-06-09T01:23:21.127+0000] {logging_mixin.py:188} INFO - [2026-06-09T01:23:21.127+0000] {dag.py:3954} INFO - Setting next_dagrun for example_weekday_branch_operator to 2026-06-08 00:00:00+00:00, run_after=2026-06-09 00:00:00+00:00
[2026-06-09T01:23:21.148+0000] {processor.py:183} INFO - Processing /home/airflow/.local/lib/python3.12/site-packages/airflow/example_dags/example_branch_day_of_week_operator.py took 0.082 seconds
[2026-06-09T01:23:51.366+0000] {processor.py:161} INFO - Started process (PID=151787) to work on /home/airflow/.local/lib/python3.12/site-packages/airflow/example_dags/example_branch_day_of_week_operator.py
[2026-06-09T01:23:51.368+0000] {processor.py:830} INFO - Processing file /home/airflow/.local/lib/python3.12/site-packages/airflow/example_dags/example_branch_day_of_week_operator.py for tasks to queue
[2026-06-09T01:23:51.370+0000] {logging_mixin.py:188} INFO - [2026-06-09T01:23:51.370+0000] {dagbag.py:545} INFO - Filling up the DagBag from /home/airflow/.local/lib/python3.12/site-packages/airflow/example_dags/example_branch_day_of_week_operator.py
[2026-06-09T01:23:51.377+0000] {processor.py:840} INFO - DAG(s) 'example_weekday_branch_operator' retrieved from /home/airflow/.local/lib/python3.12/site-packages/airflow/example_dags/example_branch_day_of_week_operator.py
[2026-06-09T01:23:51.399+0000] {logging_mixin.py:188} INFO - [2026-06-09T01:23:51.399+0000] {dag.py:3096} INFO - Sync 1 DAGs
[2026-06-09T01:23:51.429+0000] {logging_mixin.py:188} INFO - [2026-06-09T01:23:51.429+0000] {dag.py:3954} INFO - Setting next_dagrun for example_weekday_branch_operator to 2026-06-08 00:00:00+00:00, run_after=2026-06-09 00:00:00+00:00
[2026-06-09T01:23:51.450+0000] {processor.py:183} INFO - Processing /home/airflow/.local/lib/python3.12/site-packages/airflow/example_dags/example_branch_day_of_week_operator.py took 0.089 seconds
[2026-06-09T01:24:21.894+0000] {processor.py:161} INFO - Started process (PID=152049) to work on /home/airflow/.local/lib/python3.12/site-packages/airflow/example_dags/example_branch_day_of_week_operator.py
[2026-06-09T01:24:21.896+0000] {processor.py:830} INFO - Processing file /home/airflow/.local/lib/python3.12/site-packages/airflow/example_dags/example_branch_day_of_week_operator.py for tasks to queue
[2026-06-09T01:24:21.898+0000] {logging_mixin.py:188} INFO - [2026-06-09T01:24:21.898+0000] {dagbag.py:545} INFO - Filling up the DagBag from /home/airflow/.local/lib/python3.12/site-packages/airflow/example_dags/example_branch_day_of_week_operator.py
[2026-06-09T01:24:21.904+0000] {processor.py:840} INFO - DAG(s) 'example_weekday_branch_operator' retrieved from /home/airflow/.local/lib/python3.12/site-packages/airflow/example_dags/example_branch_day_of_week_operator.py
[2026-06-09T01:24:21.926+0000] {logging_mixin.py:188} INFO - [2026-06-09T01:24:21.926+0000] {dag.py:3096} INFO - Sync 1 DAGs
[2026-06-09T01:24:21.953+0000] {logging_mixin.py:188} INFO - [2026-06-09T01:24:21.952+0000] {dag.py:3954} INFO - Setting next_dagrun for example_weekday_branch_operator to 2026-06-08 00:00:00+00:00, run_after=2026-06-09 00:00:00+00:00
[2026-06-09T01:24:21.972+0000] {processor.py:183} INFO - Processing /home/airflow/.local/lib/python3.12/site-packages/airflow/example_dags/example_branch_day_of_week_operator.py took 0.085 seconds
[2026-06-09T01:24:52.354+0000] {processor.py:161} INFO - Started process (PID=152311) to work on /home/airflow/.local/lib/python3.12/site-packages/airflow/example_dags/example_branch_day_of_week_operator.py
[2026-06-09T01:24:52.355+0000] {processor.py:830} INFO - Processing file /home/airflow/.local/lib/python3.12/site-packages/airflow/example_dags/example_branch_day_of_week_operator.py for tasks to queue
[2026-06-09T01:24:52.357+0000] {logging_mixin.py:188} INFO - [2026-06-09T01:24:52.357+0000] {dagbag.py:545} INFO - Filling up the DagBag from /home/airflow/.local/lib/python3.12/site-packages/airflow/example_dags/example_branch_day_of_week_operator.py
[2026-06-09T01:24:52.367+0000] {processor.py:840} INFO - DAG(s) 'example_weekday_branch_operator' retrieved from /home/airflow/.local/lib/python3.12/site-packages/airflow/example_dags/example_branch_day_of_week_operator.py
[2026-06-09T01:24:52.388+0000] {logging_mixin.py:188} INFO - [2026-06-09T01:24:52.388+0000] {dag.py:3096} INFO - Sync 1 DAGs
[2026-06-09T01:24:52.416+0000] {logging_mixin.py:188} INFO - [2026-06-09T01:24:52.416+0000] {dag.py:3954} INFO - Setting next_dagrun for example_weekday_branch_operator to 2026-06-08 00:00:00+00:00, run_after=2026-06-09 00:00:00+00:00
[2026-06-09T01:24:52.047+0000] {processor.py:183} INFO - Processing /home/airflow/.local/lib/python3.12/site-packages/airflow/example_dags/example_branch_day_of_week_operator.py took 0.088 seconds
[2026-06-09T01:25:23.003+0000] {processor.py:161} INFO - Started process (PID=152573) to work on /home/airflow/.local/lib/python3.12/site-packages/airflow/example_dags/example_branch_day_of_week_operator.py
[2026-06-09T01:25:23.004+0000] {processor.py:830} INFO - Processing file /home/airflow/.local/lib/python3.12/site-packages/airflow/example_dags/example_branch_day_of_week_operator.py for tasks to queue
[2026-06-09T01:25:23.005+0000] {logging_mixin.py:188} INFO - [2026-06-09T01:25:23.005+0000] {dagbag.py:545} INFO - Filling up the DagBag from /home/airflow/.local/lib/python3.12/site-packages/airflow/example_dags/example_branch_day_of_week_operator.py
[2026-06-09T01:25:23.013+0000] {processor.py:840} INFO - DAG(s) 'example_weekday_branch_operator' retrieved from /home/airflow/.local/lib/python3.12/site-packages/airflow/example_dags/example_branch_day_of_week_operator.py
[2026-06-09T01:25:23.035+0000] {logging_mixin.py:188} INFO - [2026-06-09T01:25:23.035+0000] {dag.py:3096} INFO - Sync 1 DAGs
[2026-06-09T01:25:23.058+0000] {logging_mixin.py:188} INFO - [2026-06-09T01:25:23.058+0000] {dag.py:3954} INFO - Setting next_dagrun for example_weekday_branch_operator to 2026-06-08 00:00:00+00:00, run_after=2026-06-09 00:00:00+00:00
[2026-06-09T01:25:23.083+0000] {processor.py:183} INFO - Processing /home/airflow/.local/lib/python3.12/site-packages/airflow/example_dags/example_branch_day_of_week_operator.py took 0.085 seconds
[2026-06-09T01:25:53.506+0000] {processor.py:161} INFO - Started process (PID=152835) to work on /home/airflow/.local/lib/python3.12/site-packages/airflow/example_dags/example_branch_day_of_week_operator.py
[2026-06-09T01:25:53.507+0000] {processor.py:830} INFO - Processing file /home/airflow/.local/lib/python3.12/site-packages/airflow/example_dags/example_branch_day_of_week_operator.py for tasks to queue
[2026-06-09T01:25:53.509+0000] {logging_mixin.py:188} INFO - [2026-06-09T01:25:53.508+0000] {dagbag.py:545} INFO - Filling up the DagBag from /home/airflow/.local/lib/python3.12/site-packages/airflow/example_dags/example_branch_day_of_week_operator.py
[2026-06-09T01:25:53.518+0000] {processor.py:840} INFO - DAG(s) 'example_weekday_branch_operator' retrieved from /home/airflow/.local/lib/python3.12/site-packages/airflow/example_dags/example_branch_day_of_week_operator.py
[2026-06-09T01:25:53.539+0000] {logging_mixin.py:188} INFO - [2026-06-09T01:25:53.539+0000] {dag.py:3096} INFO - Sync 1 DAGs
[2026-06-09T01:25:53.564+0000] {logging_mixin.py:188} INFO - [2026-06-09T01:25:53.564+0000] {dag.py:3954} INFO - Setting next_dagrun for example_weekday_branch_operator to 2026-06-08 00:00:00+00:00, run_after=2026-06-09 00:00:00+00:00
[2026-06-09T01:25:53.586+0000] {processor.py:183} INFO - Processing /home/airflow/.local/lib/python3.12/site-packages/airflow/example_dags/example_branch_day_of_week_operator.py took 0.085 seconds
[2026-06-09T01:26:23.913+0000] {processor.py:161} INFO - Started process (PID=153097) to work on /home/airflow/.local/lib/python3.12/site-packages/airflow/example_dags/example_branch_day_of_week_operator.py
[2026-06-09T01:26:23.914+0000] {processor.py:830} INFO - Processing file /home/airflow/.local/lib/python3.12/site-packages/airflow/example_dags/example_branch_day_of_week_operator.py for tasks to queue
[2026-06-09T01:26:23.916+0000] {logging_mixin.py:188} INFO - [2026-06-09T01:26:23.916+0000] {dagbag.py:545} INFO - Filling up the DagBag from /home/airflow/.local/lib/python3.12/site-packages/airflow/example_dags/example_branch_day_of_week_operator.py
[2026-06-09T01:26:23.922+0000] {processor.py:840} INFO - DAG(s) 'example_weekday_branch_operator' retrieved from /home/airflow/.local/lib/python3.12/site-packages/airflow/example_dags/example_branch_day_of_week_operator.py
[2026-06-09T01:26:23.947+0000] {logging_mixin.py:188} INFO - [2026-06-09T01:26:23.947+0000] {dag.py:3096} INFO - Sync 1 DAGs
[2026-06-09T01:26:23.971+0000] {logging_mixin.py:188} INFO - [2026-06-09T01:26:23.971+0000] {dag.py:3954} INFO - Setting next_dagrun for example_weekday_branch_operator to 2026-06-08 00:00:00+00:00, run_after=2026-06-09 00:00:00+00:00
[2026-06-09T01:26:23.994+0000] {processor.py:183} INFO - Processing /home/airflow/.local/lib/python3.12/site-packages/airflow/example_dags/example_branch_day_of_week_operator.py took 0.088 seconds
[2026-06-09T01:26:54.131+0000] {processor.py:161} INFO - Started process (PID=153359) to work on /home/airflow/.local/lib/python3.12/site-packages/airflow/example_dags/example_branch_day_of_week_operator.py
[2026-06-09T01:26:54.132+0000] {processor.py:830} INFO - Processing file /home/airflow/.local/lib/python3.12/site-packages/airflow/example_dags/example_branch_day_of_week_operator.py for tasks to queue
[2026-06-09T01:26:54.134+0000] {logging_mixin.py:188} INFO - [2026-06-09T01:26:54.133+0000] {dagbag.py:545} INFO - Filling up the DagBag from /home/airflow/.local/lib/python3.12/site-packages/airflow/example_dags/example_branch_day_of_week_operator.py
[2026-06-09T01:26:54.140+0000] {processor.py:840} INFO - DAG(s) 'example_weekday_branch_operator' retrieved from /home/airflow/.local/lib/python3.12/site-packages/airflow/example_dags/example_branch_day_of_week_operator.py
[2026-06-09T01:26:54.162+0000] {logging_mixin.py:188} INFO - [2026-06-09T01:26:54.162+0000] {dag.py:3096} INFO - Sync 1 DAGs
[2026-06-09T01:26:54.184+0000] {logging_mixin.py:188} INFO - [2026-06-09T01:26:54.184+0000] {dag.py:3954} INFO - Setting next_dagrun for example_weekday_branch_operator to 2026-06-08 00:00:00+00:00, run_after=2026-06-09 00:00:00+00:00
[2026-06-09T01:26:54.205+0000] {processor.py:183} INFO - Processing /home/airflow/.local/lib/python3.12/site-packages/airflow/example_dags/example_branch_day_of_week_operator.py took 0.079 seconds
[2026-06-09T01:27:24.281+0000] {processor.py:161} INFO - Started process (PID=153621) to work on /home/airflow/.local/lib/python3.12/site-packages/airflow/example_dags/example_branch_day_of_week_operator.py
[2026-06-09T01:27:24.281+0000] {processor.py:830} INFO - Processing file /home/airflow/.local/lib/python3.12/site-packages/airflow/example_dags/example_branch_day_of_week_operator.py for tasks to queue
[2026-06-09T01:27:24.283+0000] {logging_mixin.py:188} INFO - [2026-06-09T01:27:24.282+0000] {dagbag.py:545} INFO - Filling up the DagBag from /home/airflow/.local/lib/python3.12/site-packages/airflow/example_dags/example_branch_day_of_week_operator.py
[2026-06-09T01:27:24.288+0000] {processor.py:840} INFO - DAG(s) 'example_weekday_branch_operator' retrieved from /home/airflow/.local/lib/python3.12/site-packages/airflow/example_dags/example_branch_day_of_week_operator.py
[2026-06-09T01:27:24.313+0000] {logging_mixin.py:188} INFO - [2026-06-09T01:27:24.312+0000] {dag.py:3096} INFO - Sync 1 DAGs
[2026-06-09T01:27:24.336+0000] {logging_mixin.py:188} INFO - [2026-06-09T01:27:24.335+0000] {dag.py:3954} INFO - Setting next_dagrun for example_weekday_branch_operator to 2026-06-08 00:00:00+00:00, run_after=2026-06-09 00:00:00+00:00
[2026-06-09T01:27:24.354+0000] {processor.py:183} INFO - Processing /home/airflow/.local/lib/python3.12/site-packages/airflow/example_dags/example_branch_day_of_week_operator.py took 0.081 seconds
[2026-06-09T01:27:54.420+0000] {processor.py:161} INFO - Started process (PID=153878) to work on /home/airflow/.local/lib/python3.12/site-packages/airflow/example_dags/example_branch_day_of_week_operator.py
[2026-06-09T01:27:54.421+0000] {processor.py:830} INFO - Processing file /home/airflow/.local/lib/python3.12/site-packages/airflow/example_dags/example_branch_day_of_week_operator.py for tasks to queue
[2026-06-09T01:27:54.424+0000] {logging_mixin.py:188} INFO - [2026-06-09T01:27:54.423+0000] {dagbag.py:545} INFO - Filling up the DagBag from /home/airflow/.local/lib/python3.12/site-packages/airflow/example_dags/example_branch_day_of_week_operator.py
[2026-06-09T01:27:54.432+0000] {processor.py:840} INFO - DAG(s) 'example_weekday_branch_operator' retrieved from /home/airflow/.local/lib/python3.12/site-packages/airflow/example_dags/example_branch_day_of_week_operator.py
[2026-06-09T01:27:54.453+0000] {logging_mixin.py:188} INFO - [2026-06-09T01:27:54.453+0000] {dag.py:3096} INFO - Sync 1 DAGs
[2026-06-09T01:27:54.477+0000] {logging_mixin.py:188} INFO - [2026-06-09T01:27:54.477+0000] {dag.py:3954} INFO - Setting next_dagrun for example_weekday_branch_operator to 2026-06-08 00:00:00+00:00, run_after=2026-06-09 00:00:00+00:00
[2026-06-09T01:27:54.497+0000] {processor.py:183} INFO - Processing /home/airflow/.local/lib/python3.12/site-packages/airflow/example_dags/example_branch_day_of_week_operator.py took 0.084 seconds
[2026-06-09T01:28:25.636+0000] {processor.py:161} INFO - Started process (PID=154145) to work on /home/airflow/.local/lib/python3.12/site-packages/airflow/example_dags/example_branch_day_of_week_operator.py
[2026-06-09T01:28:25.637+0000] {processor.py:830} INFO - Processing file /home/airflow/.local/lib/python3.12/site-packages/airflow/example_dags/example_branch_day_of_week_operator.py for tasks to queue
[2026-06-09T01:28:25.638+0000] {logging_mixin.py:188} INFO - [2026-06-09T01:28:25.638+0000] {dagbag.py:545} INFO - Filling up the DagBag from /home/airflow/.local/lib/python3.12/site-packages/airflow/example_dags/example_branch_day_of_week_operator.py
[2026-06-09T01:28:25.644+0000] {processor.py:840} INFO - DAG(s) 'example_weekday_branch_operator' retrieved from /home/airflow/.local/lib/python3.12/site-packages/airflow/example_dags/example_branch_day_of_week_operator.py
[2026-06-09T01:28:25.663+0000] {logging_mixin.py:188} INFO - [2026-06-09T01:28:25.663+0000] {dag.py:3096} INFO - Sync 1 DAGs
[2026-06-09T01:28:25.686+0000] {logging_mixin.py:188} INFO - [2026-06-09T01:28:25.686+0000] {dag.py:3954} INFO - Setting next_dagrun for example_weekday_branch_operator to 2026-06-08 00:00:00+00:00, run_after=2026-06-09 00:00:00+00:00
[2026-06-09T01:28:25.707+0000] {processor.py:183} INFO - Processing /home/airflow/.local/lib/python3.12/site-packages/airflow/example_dags/example_branch_day_of_week_operator.py took 0.075 seconds
[2026-06-09T01:28:55.873+0000] {processor.py:161} INFO - Started process (PID=154407) to work on /home/airflow/.local/lib/python3.12/site-packages/airflow/example_dags/example_branch_day_of_week_operator.py
[2026-06-09T01:28:55.874+0000] {processor.py:830} INFO - Processing file /home/airflow/.local/lib/python3.12/site-packages/airflow/example_dags/example_branch_day_of_week_operator.py for tasks to queue
[2026-06-09T01:28:55.876+0000] {logging_mixin.py:188} INFO - [2026-06-09T01:28:55.876+0000] {dagbag.py:545} INFO - Filling up the DagBag from /home/airflow/.local/lib/python3.12/site-packages/airflow/example_dags/example_branch_day_of_week_operator.py
[2026-06-09T01:28:55.884+0000] {processor.py:840} INFO - DAG(s) 'example_weekday_branch_operator' retrieved from /home/airflow/.local/lib/python3.12/site-packages/airflow/example_dags/example_branch_day_of_week_operator.py
[2026-06-09T01:28:55.907+0000] {logging_mixin.py:188} INFO - [2026-06-09T01:28:55.907+0000] {dag.py:3096} INFO - Sync 1 DAGs
[2026-06-09T01:28:55.930+0000] {logging_mixin.py:188} INFO - [2026-06-09T01:28:55.930+0000] {dag.py:3954} INFO - Setting next_dagrun for example_weekday_branch_operator to 2026-06-08 00:00:00+00:00, run_after=2026-06-09 00:00:00+00:00
[2026-06-09T01:28:55.951+0000] {processor.py:183} INFO - Processing /home/airflow/.local/lib/python3.12/site-packages/airflow/example_dags/example_branch_day_of_week_operator.py took 0.083 seconds
[2026-06-09T01:29:26.149+0000] {processor.py:161} INFO - Started process (PID=154669) to work on /home/airflow/.local/lib/python3.12/site-packages/airflow/example_dags/example_branch_day_of_week_operator.py
[2026-06-09T01:29:26.150+0000] {processor.py:830} INFO - Processing file /home/airflow/.local/lib/python3.12/site-packages/airflow/example_dags/example_branch_day_of_week_operator.py for tasks to queue
[2026-06-09T01:29:26.151+0000] {logging_mixin.py:188} INFO - [2026-06-09T01:29:26.151+0000] {dagbag.py:545} INFO - Filling up the DagBag from /home/airflow/.local/lib/python3.12/site-packages/airflow/example_dags/example_branch_day_of_week_operator.py
[2026-06-09T01:29:26.159+0000] {processor.py:840} INFO - DAG(s) 'example_weekday_branch_operator' retrieved from /home/airflow/.local/lib/python3.12/site-packages/airflow/example_dags/example_branch_day_of_week_operator.py
[2026-06-09T01:29:26.182+0000] {logging_mixin.py:188} INFO - [2026-06-09T01:29:26.182+0000] {dag.py:3096} INFO - Sync 1 DAGs
[2026-06-09T01:29:26.207+0000] {logging_mixin.py:188} INFO - [2026-06-09T01:29:26.206+0000] {dag.py:3954} INFO - Setting next_dagrun for example_weekday_branch_operator to 2026-06-08 00:00:00+00:00, run_after=2026-06-09 00:00:00+00:00
[2026-06-09T01:29:26.229+0000] {processor.py:183} INFO - Processing /home/airflow/.local/lib/python3.12/site-packages/airflow/example_dags/example_branch_day_of_week_operator.py took 0.086 seconds
[2026-06-09T01:29:56.297+0000] {processor.py:161} INFO - Started process (PID=154931) to work on /home/airflow/.local/lib/python3.12/site-packages/airflow/example_dags/example_branch_day_of_week_operator.py
[2026-06-09T01:29:56.298+0000] {processor.py:830} INFO - Processing file /home/airflow/.local/lib/python3.12/site-packages/airflow/example_dags/example_branch_day_of_week_operator.py for tasks to queue
[2026-06-09T01:29:56.299+0000] {logging_mixin.py:188} INFO - [2026-06-09T01:29:56.299+0000] {dagbag.py:545} INFO - Filling up the DagBag from /home/airflow/.local/lib/python3.12/site-packages/airflow/example_dags/example_branch_day_of_week_operator.py
[2026-06-09T01:29:56.306+0000] {processor.py:840} INFO - DAG(s) 'example_weekday_branch_operator' retrieved from /home/airflow/.local/lib/python3.12/site-packages/airflow/example_dags/example_branch_day_of_week_operator.py
[2026-06-09T01:29:56.329+0000] {logging_mixin.py:188} INFO - [2026-06-09T01:29:56.329+0000] {dag.py:3096} INFO - Sync 1 DAGs
[2026-06-09T01:29:56.355+0000] {logging_mixin.py:188} INFO - [2026-06-09T01:29:56.355+0000] {dag.py:3954} INFO - Setting next_dagrun for example_weekday_branch_operator to 2026-06-08 00:00:00+00:00, run_after=2026-06-09 00:00:00+00:00
[2026-06-09T01:29:56.379+0000] {processor.py:183} INFO - Processing /home/airflow/.local/lib/python3.12/site-packages/airflow/example_dags/example_branch_day_of_week_operator.py took 0.087 seconds
[2026-06-09T01:30:26.678+0000] {processor.py:161} INFO - Started process (PID=155193) to work on /home/airflow/.local/lib/python3.12/site-packages/airflow/example_dags/example_branch_day_of_week_operator.py
[2026-06-09T01:30:26.679+0000] {processor.py:830} INFO - Processing file /home/airflow/.local/lib/python3.12/site-packages/airflow/example_dags/example_branch_day_of_week_operator.py for tasks to queue
[2026-06-09T01:30:26.680+0000] {logging_mixin.py:188} INFO - [2026-06-09T01:30:26.680+0000] {dagbag.py:545} INFO - Filling up the DagBag from /home/airflow/.local/lib/python3.12/site-packages/airflow/example_dags/example_branch_day_of_week_operator.py
[2026-06-09T01:30:26.686+0000] {processor.py:840} INFO - DAG(s) 'example_weekday_branch_operator' retrieved from /home/airflow/.local/lib/python3.12/site-packages/airflow/example_dags/example_branch_day_of_week_operator.py
[2026-06-09T01:30:26.706+0000] {logging_mixin.py:188} INFO - [2026-06-09T01:30:26.706+0000] {dag.py:3096} INFO - Sync 1 DAGs
[2026-06-09T01:30:26.728+0000] {logging_mixin.py:188} INFO - [2026-06-09T01:30:26.728+0000] {dag.py:3954} INFO - Setting next_dagrun for example_weekday_branch_operator to 2026-06-08 00:00:00+00:00, run_after=2026-06-09 00:00:00+00:00
[2026-06-09T01:30:26.748+0000] {processor.py:183} INFO - Processing /home/airflow/.local/lib/python3.12/site-packages/airflow/example_dags/example_branch_day_of_week_operator.py took 0.075 seconds
