[2026-06-09T00:31:10.872+0000] {processor.py:161} INFO - Started process (PID=124534) to work on /home/airflow/.local/lib/python3.12/site-packages/airflow/example_dags/example_time_delta_sensor_async.py
[2026-06-09T00:31:10.905+0000] {processor.py:830} INFO - Processing file /home/airflow/.local/lib/python3.12/site-packages/airflow/example_dags/example_time_delta_sensor_async.py for tasks to queue
[2026-06-09T00:31:10.918+0000] {logging_mixin.py:188} INFO - [2026-06-09T00:31:10.917+0000] {dagbag.py:545} INFO - Filling up the DagBag from /home/airflow/.local/lib/python3.12/site-packages/airflow/example_dags/example_time_delta_sensor_async.py
[2026-06-09T00:31:10.949+0000] {processor.py:840} INFO - DAG(s) 'example_time_delta_sensor_async' retrieved from /home/airflow/.local/lib/python3.12/site-packages/airflow/example_dags/example_time_delta_sensor_async.py
[2026-06-09T00:31:11.236+0000] {logging_mixin.py:188} INFO - [2026-06-09T00:31:11.230+0000] {dag.py:3096} INFO - Sync 1 DAGs
[2026-06-09T00:31:11.303+0000] {logging_mixin.py:188} INFO - [2026-06-09T00:31:11.302+0000] {dag.py:3954} INFO - Setting next_dagrun for example_time_delta_sensor_async to None, run_after=None
[2026-06-09T00:31:11.488+0000] {processor.py:183} INFO - Processing /home/airflow/.local/lib/python3.12/site-packages/airflow/example_dags/example_time_delta_sensor_async.py took 0.635 seconds
[2026-06-09T00:31:41.658+0000] {processor.py:161} INFO - Started process (PID=124796) to work on /home/airflow/.local/lib/python3.12/site-packages/airflow/example_dags/example_time_delta_sensor_async.py
[2026-06-09T00:31:41.660+0000] {processor.py:830} INFO - Processing file /home/airflow/.local/lib/python3.12/site-packages/airflow/example_dags/example_time_delta_sensor_async.py for tasks to queue
[2026-06-09T00:31:41.661+0000] {logging_mixin.py:188} INFO - [2026-06-09T00:31:41.661+0000] {dagbag.py:545} INFO - Filling up the DagBag from /home/airflow/.local/lib/python3.12/site-packages/airflow/example_dags/example_time_delta_sensor_async.py
[2026-06-09T00:31:41.666+0000] {processor.py:840} INFO - DAG(s) 'example_time_delta_sensor_async' retrieved from /home/airflow/.local/lib/python3.12/site-packages/airflow/example_dags/example_time_delta_sensor_async.py
[2026-06-09T00:31:41.718+0000] {logging_mixin.py:188} INFO - [2026-06-09T00:31:41.718+0000] {dag.py:3096} INFO - Sync 1 DAGs
[2026-06-09T00:31:41.730+0000] {logging_mixin.py:188} INFO - [2026-06-09T00:31:41.729+0000] {dag.py:3954} INFO - Setting next_dagrun for example_time_delta_sensor_async to None, run_after=None
[2026-06-09T00:31:41.760+0000] {processor.py:183} INFO - Processing /home/airflow/.local/lib/python3.12/site-packages/airflow/example_dags/example_time_delta_sensor_async.py took 0.120 seconds
[2026-06-09T00:32:12.462+0000] {processor.py:161} INFO - Started process (PID=125058) to work on /home/airflow/.local/lib/python3.12/site-packages/airflow/example_dags/example_time_delta_sensor_async.py
[2026-06-09T00:32:12.463+0000] {processor.py:830} INFO - Processing file /home/airflow/.local/lib/python3.12/site-packages/airflow/example_dags/example_time_delta_sensor_async.py for tasks to queue
[2026-06-09T00:32:12.465+0000] {logging_mixin.py:188} INFO - [2026-06-09T00:32:12.465+0000] {dagbag.py:545} INFO - Filling up the DagBag from /home/airflow/.local/lib/python3.12/site-packages/airflow/example_dags/example_time_delta_sensor_async.py
[2026-06-09T00:32:12.469+0000] {processor.py:840} INFO - DAG(s) 'example_time_delta_sensor_async' retrieved from /home/airflow/.local/lib/python3.12/site-packages/airflow/example_dags/example_time_delta_sensor_async.py
[2026-06-09T00:32:12.493+0000] {logging_mixin.py:188} INFO - [2026-06-09T00:32:12.493+0000] {dag.py:3096} INFO - Sync 1 DAGs
[2026-06-09T00:32:12.506+0000] {logging_mixin.py:188} INFO - [2026-06-09T00:32:12.506+0000] {dag.py:3954} INFO - Setting next_dagrun for example_time_delta_sensor_async to None, run_after=None
[2026-06-09T00:32:12.544+0000] {processor.py:183} INFO - Processing /home/airflow/.local/lib/python3.12/site-packages/airflow/example_dags/example_time_delta_sensor_async.py took 0.089 seconds
[2026-06-09T00:32:42.742+0000] {processor.py:161} INFO - Started process (PID=125320) to work on /home/airflow/.local/lib/python3.12/site-packages/airflow/example_dags/example_time_delta_sensor_async.py
[2026-06-09T00:32:42.743+0000] {processor.py:830} INFO - Processing file /home/airflow/.local/lib/python3.12/site-packages/airflow/example_dags/example_time_delta_sensor_async.py for tasks to queue
[2026-06-09T00:32:42.745+0000] {logging_mixin.py:188} INFO - [2026-06-09T00:32:42.745+0000] {dagbag.py:545} INFO - Filling up the DagBag from /home/airflow/.local/lib/python3.12/site-packages/airflow/example_dags/example_time_delta_sensor_async.py
[2026-06-09T00:32:42.751+0000] {processor.py:840} INFO - DAG(s) 'example_time_delta_sensor_async' retrieved from /home/airflow/.local/lib/python3.12/site-packages/airflow/example_dags/example_time_delta_sensor_async.py
[2026-06-09T00:32:42.788+0000] {logging_mixin.py:188} INFO - [2026-06-09T00:32:42.787+0000] {dag.py:3096} INFO - Sync 1 DAGs
[2026-06-09T00:32:42.811+0000] {logging_mixin.py:188} INFO - [2026-06-09T00:32:42.810+0000] {dag.py:3954} INFO - Setting next_dagrun for example_time_delta_sensor_async to None, run_after=None
[2026-06-09T00:32:42.845+0000] {processor.py:183} INFO - Processing /home/airflow/.local/lib/python3.12/site-packages/airflow/example_dags/example_time_delta_sensor_async.py took 0.111 seconds
[2026-06-09T00:33:12.971+0000] {processor.py:161} INFO - Started process (PID=125582) to work on /home/airflow/.local/lib/python3.12/site-packages/airflow/example_dags/example_time_delta_sensor_async.py
[2026-06-09T00:33:12.972+0000] {processor.py:830} INFO - Processing file /home/airflow/.local/lib/python3.12/site-packages/airflow/example_dags/example_time_delta_sensor_async.py for tasks to queue
[2026-06-09T00:33:12.975+0000] {logging_mixin.py:188} INFO - [2026-06-09T00:33:12.974+0000] {dagbag.py:545} INFO - Filling up the DagBag from /home/airflow/.local/lib/python3.12/site-packages/airflow/example_dags/example_time_delta_sensor_async.py
[2026-06-09T00:33:12.980+0000] {processor.py:840} INFO - DAG(s) 'example_time_delta_sensor_async' retrieved from /home/airflow/.local/lib/python3.12/site-packages/airflow/example_dags/example_time_delta_sensor_async.py
[2026-06-09T00:33:13.008+0000] {logging_mixin.py:188} INFO - [2026-06-09T00:33:13.007+0000] {dag.py:3096} INFO - Sync 1 DAGs
[2026-06-09T00:33:13.022+0000] {logging_mixin.py:188} INFO - [2026-06-09T00:33:13.021+0000] {dag.py:3954} INFO - Setting next_dagrun for example_time_delta_sensor_async to None, run_after=None
[2026-06-09T00:33:13.044+0000] {processor.py:183} INFO - Processing /home/airflow/.local/lib/python3.12/site-packages/airflow/example_dags/example_time_delta_sensor_async.py took 0.079 seconds
[2026-06-09T00:33:43.198+0000] {processor.py:161} INFO - Started process (PID=125844) to work on /home/airflow/.local/lib/python3.12/site-packages/airflow/example_dags/example_time_delta_sensor_async.py
[2026-06-09T00:33:43.199+0000] {processor.py:830} INFO - Processing file /home/airflow/.local/lib/python3.12/site-packages/airflow/example_dags/example_time_delta_sensor_async.py for tasks to queue
[2026-06-09T00:33:43.200+0000] {logging_mixin.py:188} INFO - [2026-06-09T00:33:43.200+0000] {dagbag.py:545} INFO - Filling up the DagBag from /home/airflow/.local/lib/python3.12/site-packages/airflow/example_dags/example_time_delta_sensor_async.py
[2026-06-09T00:33:43.204+0000] {processor.py:840} INFO - DAG(s) 'example_time_delta_sensor_async' retrieved from /home/airflow/.local/lib/python3.12/site-packages/airflow/example_dags/example_time_delta_sensor_async.py
[2026-06-09T00:33:43.225+0000] {logging_mixin.py:188} INFO - [2026-06-09T00:33:43.224+0000] {dag.py:3096} INFO - Sync 1 DAGs
[2026-06-09T00:33:43.239+0000] {logging_mixin.py:188} INFO - [2026-06-09T00:33:43.239+0000] {dag.py:3954} INFO - Setting next_dagrun for example_time_delta_sensor_async to None, run_after=None
[2026-06-09T00:33:43.260+0000] {processor.py:183} INFO - Processing /home/airflow/.local/lib/python3.12/site-packages/airflow/example_dags/example_time_delta_sensor_async.py took 0.067 seconds
[2026-06-09T00:34:13.763+0000] {processor.py:161} INFO - Started process (PID=126106) to work on /home/airflow/.local/lib/python3.12/site-packages/airflow/example_dags/example_time_delta_sensor_async.py
[2026-06-09T00:34:13.764+0000] {processor.py:830} INFO - Processing file /home/airflow/.local/lib/python3.12/site-packages/airflow/example_dags/example_time_delta_sensor_async.py for tasks to queue
[2026-06-09T00:34:13.766+0000] {logging_mixin.py:188} INFO - [2026-06-09T00:34:13.765+0000] {dagbag.py:545} INFO - Filling up the DagBag from /home/airflow/.local/lib/python3.12/site-packages/airflow/example_dags/example_time_delta_sensor_async.py
[2026-06-09T00:34:13.769+0000] {processor.py:840} INFO - DAG(s) 'example_time_delta_sensor_async' retrieved from /home/airflow/.local/lib/python3.12/site-packages/airflow/example_dags/example_time_delta_sensor_async.py
[2026-06-09T00:34:13.786+0000] {logging_mixin.py:188} INFO - [2026-06-09T00:34:13.786+0000] {dag.py:3096} INFO - Sync 1 DAGs
[2026-06-09T00:34:13.797+0000] {logging_mixin.py:188} INFO - [2026-06-09T00:34:13.797+0000] {dag.py:3954} INFO - Setting next_dagrun for example_time_delta_sensor_async to None, run_after=None
[2026-06-09T00:34:13.816+0000] {processor.py:183} INFO - Processing /home/airflow/.local/lib/python3.12/site-packages/airflow/example_dags/example_time_delta_sensor_async.py took 0.057 seconds
[2026-06-09T00:34:44.045+0000] {processor.py:161} INFO - Started process (PID=126368) to work on /home/airflow/.local/lib/python3.12/site-packages/airflow/example_dags/example_time_delta_sensor_async.py
[2026-06-09T00:34:44.046+0000] {processor.py:830} INFO - Processing file /home/airflow/.local/lib/python3.12/site-packages/airflow/example_dags/example_time_delta_sensor_async.py for tasks to queue
[2026-06-09T00:34:44.047+0000] {logging_mixin.py:188} INFO - [2026-06-09T00:34:44.047+0000] {dagbag.py:545} INFO - Filling up the DagBag from /home/airflow/.local/lib/python3.12/site-packages/airflow/example_dags/example_time_delta_sensor_async.py
[2026-06-09T00:34:44.051+0000] {processor.py:840} INFO - DAG(s) 'example_time_delta_sensor_async' retrieved from /home/airflow/.local/lib/python3.12/site-packages/airflow/example_dags/example_time_delta_sensor_async.py
[2026-06-09T00:34:44.068+0000] {logging_mixin.py:188} INFO - [2026-06-09T00:34:44.068+0000] {dag.py:3096} INFO - Sync 1 DAGs
[2026-06-09T00:34:44.079+0000] {logging_mixin.py:188} INFO - [2026-06-09T00:34:44.078+0000] {dag.py:3954} INFO - Setting next_dagrun for example_time_delta_sensor_async to None, run_after=None
[2026-06-09T00:34:44.098+0000] {processor.py:183} INFO - Processing /home/airflow/.local/lib/python3.12/site-packages/airflow/example_dags/example_time_delta_sensor_async.py took 0.058 seconds
[2026-06-09T00:35:14.246+0000] {processor.py:161} INFO - Started process (PID=126630) to work on /home/airflow/.local/lib/python3.12/site-packages/airflow/example_dags/example_time_delta_sensor_async.py
[2026-06-09T00:35:14.247+0000] {processor.py:830} INFO - Processing file /home/airflow/.local/lib/python3.12/site-packages/airflow/example_dags/example_time_delta_sensor_async.py for tasks to queue
[2026-06-09T00:35:14.249+0000] {logging_mixin.py:188} INFO - [2026-06-09T00:35:14.249+0000] {dagbag.py:545} INFO - Filling up the DagBag from /home/airflow/.local/lib/python3.12/site-packages/airflow/example_dags/example_time_delta_sensor_async.py
[2026-06-09T00:35:14.254+0000] {processor.py:840} INFO - DAG(s) 'example_time_delta_sensor_async' retrieved from /home/airflow/.local/lib/python3.12/site-packages/airflow/example_dags/example_time_delta_sensor_async.py
[2026-06-09T00:35:14.273+0000] {logging_mixin.py:188} INFO - [2026-06-09T00:35:14.273+0000] {dag.py:3096} INFO - Sync 1 DAGs
[2026-06-09T00:35:14.286+0000] {logging_mixin.py:188} INFO - [2026-06-09T00:35:14.286+0000] {dag.py:3954} INFO - Setting next_dagrun for example_time_delta_sensor_async to None, run_after=None
[2026-06-09T00:35:14.307+0000] {processor.py:183} INFO - Processing /home/airflow/.local/lib/python3.12/site-packages/airflow/example_dags/example_time_delta_sensor_async.py took 0.066 seconds
[2026-06-09T00:35:44.468+0000] {processor.py:161} INFO - Started process (PID=126893) to work on /home/airflow/.local/lib/python3.12/site-packages/airflow/example_dags/example_time_delta_sensor_async.py
[2026-06-09T00:35:44.469+0000] {processor.py:830} INFO - Processing file /home/airflow/.local/lib/python3.12/site-packages/airflow/example_dags/example_time_delta_sensor_async.py for tasks to queue
[2026-06-09T00:35:44.470+0000] {logging_mixin.py:188} INFO - [2026-06-09T00:35:44.470+0000] {dagbag.py:545} INFO - Filling up the DagBag from /home/airflow/.local/lib/python3.12/site-packages/airflow/example_dags/example_time_delta_sensor_async.py
[2026-06-09T00:35:44.474+0000] {processor.py:840} INFO - DAG(s) 'example_time_delta_sensor_async' retrieved from /home/airflow/.local/lib/python3.12/site-packages/airflow/example_dags/example_time_delta_sensor_async.py
[2026-06-09T00:35:44.496+0000] {logging_mixin.py:188} INFO - [2026-06-09T00:35:44.495+0000] {dag.py:3096} INFO - Sync 1 DAGs
[2026-06-09T00:35:44.508+0000] {logging_mixin.py:188} INFO - [2026-06-09T00:35:44.507+0000] {dag.py:3954} INFO - Setting next_dagrun for example_time_delta_sensor_async to None, run_after=None
[2026-06-09T00:35:44.530+0000] {processor.py:183} INFO - Processing /home/airflow/.local/lib/python3.12/site-packages/airflow/example_dags/example_time_delta_sensor_async.py took 0.067 seconds
[2026-06-09T00:36:15.151+0000] {processor.py:161} INFO - Started process (PID=127155) to work on /home/airflow/.local/lib/python3.12/site-packages/airflow/example_dags/example_time_delta_sensor_async.py
[2026-06-09T00:36:15.152+0000] {processor.py:830} INFO - Processing file /home/airflow/.local/lib/python3.12/site-packages/airflow/example_dags/example_time_delta_sensor_async.py for tasks to queue
[2026-06-09T00:36:15.154+0000] {logging_mixin.py:188} INFO - [2026-06-09T00:36:15.154+0000] {dagbag.py:545} INFO - Filling up the DagBag from /home/airflow/.local/lib/python3.12/site-packages/airflow/example_dags/example_time_delta_sensor_async.py
[2026-06-09T00:36:15.159+0000] {processor.py:840} INFO - DAG(s) 'example_time_delta_sensor_async' retrieved from /home/airflow/.local/lib/python3.12/site-packages/airflow/example_dags/example_time_delta_sensor_async.py
[2026-06-09T00:36:15.182+0000] {logging_mixin.py:188} INFO - [2026-06-09T00:36:15.182+0000] {dag.py:3096} INFO - Sync 1 DAGs
[2026-06-09T00:36:15.196+0000] {logging_mixin.py:188} INFO - [2026-06-09T00:36:15.196+0000] {dag.py:3954} INFO - Setting next_dagrun for example_time_delta_sensor_async to None, run_after=None
[2026-06-09T00:36:15.218+0000] {processor.py:183} INFO - Processing /home/airflow/.local/lib/python3.12/site-packages/airflow/example_dags/example_time_delta_sensor_async.py took 0.072 seconds
[2026-06-09T00:36:45.829+0000] {processor.py:161} INFO - Started process (PID=127417) to work on /home/airflow/.local/lib/python3.12/site-packages/airflow/example_dags/example_time_delta_sensor_async.py
[2026-06-09T00:36:45.829+0000] {processor.py:830} INFO - Processing file /home/airflow/.local/lib/python3.12/site-packages/airflow/example_dags/example_time_delta_sensor_async.py for tasks to queue
[2026-06-09T00:36:45.831+0000] {logging_mixin.py:188} INFO - [2026-06-09T00:36:45.830+0000] {dagbag.py:545} INFO - Filling up the DagBag from /home/airflow/.local/lib/python3.12/site-packages/airflow/example_dags/example_time_delta_sensor_async.py
[2026-06-09T00:36:45.834+0000] {processor.py:840} INFO - DAG(s) 'example_time_delta_sensor_async' retrieved from /home/airflow/.local/lib/python3.12/site-packages/airflow/example_dags/example_time_delta_sensor_async.py
[2026-06-09T00:36:45.854+0000] {logging_mixin.py:188} INFO - [2026-06-09T00:36:45.854+0000] {dag.py:3096} INFO - Sync 1 DAGs
[2026-06-09T00:36:45.866+0000] {logging_mixin.py:188} INFO - [2026-06-09T00:36:45.866+0000] {dag.py:3954} INFO - Setting next_dagrun for example_time_delta_sensor_async to None, run_after=None
[2026-06-09T00:36:45.888+0000] {processor.py:183} INFO - Processing /home/airflow/.local/lib/python3.12/site-packages/airflow/example_dags/example_time_delta_sensor_async.py took 0.064 seconds
[2026-06-09T00:37:16.449+0000] {processor.py:161} INFO - Started process (PID=127679) to work on /home/airflow/.local/lib/python3.12/site-packages/airflow/example_dags/example_time_delta_sensor_async.py
[2026-06-09T00:37:16.450+0000] {processor.py:830} INFO - Processing file /home/airflow/.local/lib/python3.12/site-packages/airflow/example_dags/example_time_delta_sensor_async.py for tasks to queue
[2026-06-09T00:37:16.452+0000] {logging_mixin.py:188} INFO - [2026-06-09T00:37:16.452+0000] {dagbag.py:545} INFO - Filling up the DagBag from /home/airflow/.local/lib/python3.12/site-packages/airflow/example_dags/example_time_delta_sensor_async.py
[2026-06-09T00:37:16.456+0000] {processor.py:840} INFO - DAG(s) 'example_time_delta_sensor_async' retrieved from /home/airflow/.local/lib/python3.12/site-packages/airflow/example_dags/example_time_delta_sensor_async.py
[2026-06-09T00:37:16.478+0000] {logging_mixin.py:188} INFO - [2026-06-09T00:37:16.477+0000] {dag.py:3096} INFO - Sync 1 DAGs
[2026-06-09T00:37:16.491+0000] {logging_mixin.py:188} INFO - [2026-06-09T00:37:16.491+0000] {dag.py:3954} INFO - Setting next_dagrun for example_time_delta_sensor_async to None, run_after=None
[2026-06-09T00:37:16.511+0000] {processor.py:183} INFO - Processing /home/airflow/.local/lib/python3.12/site-packages/airflow/example_dags/example_time_delta_sensor_async.py took 0.067 seconds
[2026-06-09T00:37:46.934+0000] {processor.py:161} INFO - Started process (PID=127941) to work on /home/airflow/.local/lib/python3.12/site-packages/airflow/example_dags/example_time_delta_sensor_async.py
[2026-06-09T00:37:46.935+0000] {processor.py:830} INFO - Processing file /home/airflow/.local/lib/python3.12/site-packages/airflow/example_dags/example_time_delta_sensor_async.py for tasks to queue
[2026-06-09T00:37:46.937+0000] {logging_mixin.py:188} INFO - [2026-06-09T00:37:46.936+0000] {dagbag.py:545} INFO - Filling up the DagBag from /home/airflow/.local/lib/python3.12/site-packages/airflow/example_dags/example_time_delta_sensor_async.py
[2026-06-09T00:37:46.941+0000] {processor.py:840} INFO - DAG(s) 'example_time_delta_sensor_async' retrieved from /home/airflow/.local/lib/python3.12/site-packages/airflow/example_dags/example_time_delta_sensor_async.py
[2026-06-09T00:37:46.964+0000] {logging_mixin.py:188} INFO - [2026-06-09T00:37:46.964+0000] {dag.py:3096} INFO - Sync 1 DAGs
[2026-06-09T00:37:46.977+0000] {logging_mixin.py:188} INFO - [2026-06-09T00:37:46.976+0000] {dag.py:3954} INFO - Setting next_dagrun for example_time_delta_sensor_async to None, run_after=None
[2026-06-09T00:37:46.998+0000] {processor.py:183} INFO - Processing /home/airflow/.local/lib/python3.12/site-packages/airflow/example_dags/example_time_delta_sensor_async.py took 0.070 seconds
[2026-06-09T00:38:17.410+0000] {processor.py:161} INFO - Started process (PID=128203) to work on /home/airflow/.local/lib/python3.12/site-packages/airflow/example_dags/example_time_delta_sensor_async.py
[2026-06-09T00:38:17.411+0000] {processor.py:830} INFO - Processing file /home/airflow/.local/lib/python3.12/site-packages/airflow/example_dags/example_time_delta_sensor_async.py for tasks to queue
[2026-06-09T00:38:17.414+0000] {logging_mixin.py:188} INFO - [2026-06-09T00:38:17.414+0000] {dagbag.py:545} INFO - Filling up the DagBag from /home/airflow/.local/lib/python3.12/site-packages/airflow/example_dags/example_time_delta_sensor_async.py
[2026-06-09T00:38:17.419+0000] {processor.py:840} INFO - DAG(s) 'example_time_delta_sensor_async' retrieved from /home/airflow/.local/lib/python3.12/site-packages/airflow/example_dags/example_time_delta_sensor_async.py
[2026-06-09T00:38:17.457+0000] {logging_mixin.py:188} INFO - [2026-06-09T00:38:17.457+0000] {dag.py:3096} INFO - Sync 1 DAGs
[2026-06-09T00:38:17.471+0000] {logging_mixin.py:188} INFO - [2026-06-09T00:38:17.470+0000] {dag.py:3954} INFO - Setting next_dagrun for example_time_delta_sensor_async to None, run_after=None
[2026-06-09T00:38:17.488+0000] {processor.py:183} INFO - Processing /home/airflow/.local/lib/python3.12/site-packages/airflow/example_dags/example_time_delta_sensor_async.py took 0.083 seconds
[2026-06-09T00:38:48.024+0000] {processor.py:161} INFO - Started process (PID=128466) to work on /home/airflow/.local/lib/python3.12/site-packages/airflow/example_dags/example_time_delta_sensor_async.py
[2026-06-09T00:38:48.025+0000] {processor.py:830} INFO - Processing file /home/airflow/.local/lib/python3.12/site-packages/airflow/example_dags/example_time_delta_sensor_async.py for tasks to queue
[2026-06-09T00:38:48.027+0000] {logging_mixin.py:188} INFO - [2026-06-09T00:38:48.026+0000] {dagbag.py:545} INFO - Filling up the DagBag from /home/airflow/.local/lib/python3.12/site-packages/airflow/example_dags/example_time_delta_sensor_async.py
[2026-06-09T00:38:48.030+0000] {processor.py:840} INFO - DAG(s) 'example_time_delta_sensor_async' retrieved from /home/airflow/.local/lib/python3.12/site-packages/airflow/example_dags/example_time_delta_sensor_async.py
[2026-06-09T00:38:48.055+0000] {logging_mixin.py:188} INFO - [2026-06-09T00:38:48.055+0000] {dag.py:3096} INFO - Sync 1 DAGs
[2026-06-09T00:38:48.068+0000] {logging_mixin.py:188} INFO - [2026-06-09T00:38:48.068+0000] {dag.py:3954} INFO - Setting next_dagrun for example_time_delta_sensor_async to None, run_after=None
[2026-06-09T00:38:48.092+0000] {processor.py:183} INFO - Processing /home/airflow/.local/lib/python3.12/site-packages/airflow/example_dags/example_time_delta_sensor_async.py took 0.074 seconds
[2026-06-09T00:39:18.216+0000] {processor.py:161} INFO - Started process (PID=128728) to work on /home/airflow/.local/lib/python3.12/site-packages/airflow/example_dags/example_time_delta_sensor_async.py
[2026-06-09T00:39:18.217+0000] {processor.py:830} INFO - Processing file /home/airflow/.local/lib/python3.12/site-packages/airflow/example_dags/example_time_delta_sensor_async.py for tasks to queue
[2026-06-09T00:39:18.218+0000] {logging_mixin.py:188} INFO - [2026-06-09T00:39:18.218+0000] {dagbag.py:545} INFO - Filling up the DagBag from /home/airflow/.local/lib/python3.12/site-packages/airflow/example_dags/example_time_delta_sensor_async.py
[2026-06-09T00:39:18.223+0000] {processor.py:840} INFO - DAG(s) 'example_time_delta_sensor_async' retrieved from /home/airflow/.local/lib/python3.12/site-packages/airflow/example_dags/example_time_delta_sensor_async.py
[2026-06-09T00:39:18.243+0000] {logging_mixin.py:188} INFO - [2026-06-09T00:39:18.243+0000] {dag.py:3096} INFO - Sync 1 DAGs
[2026-06-09T00:39:18.257+0000] {logging_mixin.py:188} INFO - [2026-06-09T00:39:18.257+0000] {dag.py:3954} INFO - Setting next_dagrun for example_time_delta_sensor_async to None, run_after=None
[2026-06-09T00:39:18.281+0000] {processor.py:183} INFO - Processing /home/airflow/.local/lib/python3.12/site-packages/airflow/example_dags/example_time_delta_sensor_async.py took 0.071 seconds
[2026-06-09T00:39:48.495+0000] {processor.py:161} INFO - Started process (PID=128990) to work on /home/airflow/.local/lib/python3.12/site-packages/airflow/example_dags/example_time_delta_sensor_async.py
[2026-06-09T00:39:48.496+0000] {processor.py:830} INFO - Processing file /home/airflow/.local/lib/python3.12/site-packages/airflow/example_dags/example_time_delta_sensor_async.py for tasks to queue
[2026-06-09T00:39:48.497+0000] {logging_mixin.py:188} INFO - [2026-06-09T00:39:48.497+0000] {dagbag.py:545} INFO - Filling up the DagBag from /home/airflow/.local/lib/python3.12/site-packages/airflow/example_dags/example_time_delta_sensor_async.py
[2026-06-09T00:39:48.502+0000] {processor.py:840} INFO - DAG(s) 'example_time_delta_sensor_async' retrieved from /home/airflow/.local/lib/python3.12/site-packages/airflow/example_dags/example_time_delta_sensor_async.py
[2026-06-09T00:39:48.524+0000] {logging_mixin.py:188} INFO - [2026-06-09T00:39:48.523+0000] {dag.py:3096} INFO - Sync 1 DAGs
[2026-06-09T00:39:48.538+0000] {logging_mixin.py:188} INFO - [2026-06-09T00:39:48.538+0000] {dag.py:3954} INFO - Setting next_dagrun for example_time_delta_sensor_async to None, run_after=None
[2026-06-09T00:39:48.560+0000] {processor.py:183} INFO - Processing /home/airflow/.local/lib/python3.12/site-packages/airflow/example_dags/example_time_delta_sensor_async.py took 0.070 seconds
[2026-06-09T00:40:18.922+0000] {processor.py:161} INFO - Started process (PID=129252) to work on /home/airflow/.local/lib/python3.12/site-packages/airflow/example_dags/example_time_delta_sensor_async.py
[2026-06-09T00:40:18.934+0000] {processor.py:830} INFO - Processing file /home/airflow/.local/lib/python3.12/site-packages/airflow/example_dags/example_time_delta_sensor_async.py for tasks to queue
[2026-06-09T00:40:18.942+0000] {logging_mixin.py:188} INFO - [2026-06-09T00:40:18.942+0000] {dagbag.py:545} INFO - Filling up the DagBag from /home/airflow/.local/lib/python3.12/site-packages/airflow/example_dags/example_time_delta_sensor_async.py
[2026-06-09T00:40:18.948+0000] {processor.py:840} INFO - DAG(s) 'example_time_delta_sensor_async' retrieved from /home/airflow/.local/lib/python3.12/site-packages/airflow/example_dags/example_time_delta_sensor_async.py
[2026-06-09T00:40:19.281+0000] {logging_mixin.py:188} INFO - [2026-06-09T00:40:19.281+0000] {dag.py:3096} INFO - Sync 1 DAGs
[2026-06-09T00:40:19.298+0000] {logging_mixin.py:188} INFO - [2026-06-09T00:40:19.298+0000] {dag.py:3954} INFO - Setting next_dagrun for example_time_delta_sensor_async to None, run_after=None
[2026-06-09T00:40:19.324+0000] {processor.py:183} INFO - Processing /home/airflow/.local/lib/python3.12/site-packages/airflow/example_dags/example_time_delta_sensor_async.py took 0.428 seconds
[2026-06-09T00:40:49.869+0000] {processor.py:161} INFO - Started process (PID=129516) to work on /home/airflow/.local/lib/python3.12/site-packages/airflow/example_dags/example_time_delta_sensor_async.py
[2026-06-09T00:40:49.871+0000] {processor.py:830} INFO - Processing file /home/airflow/.local/lib/python3.12/site-packages/airflow/example_dags/example_time_delta_sensor_async.py for tasks to queue
[2026-06-09T00:40:49.875+0000] {logging_mixin.py:188} INFO - [2026-06-09T00:40:49.875+0000] {dagbag.py:545} INFO - Filling up the DagBag from /home/airflow/.local/lib/python3.12/site-packages/airflow/example_dags/example_time_delta_sensor_async.py
[2026-06-09T00:40:49.879+0000] {processor.py:840} INFO - DAG(s) 'example_time_delta_sensor_async' retrieved from /home/airflow/.local/lib/python3.12/site-packages/airflow/example_dags/example_time_delta_sensor_async.py
[2026-06-09T00:40:49.902+0000] {logging_mixin.py:188} INFO - [2026-06-09T00:40:49.902+0000] {dag.py:3096} INFO - Sync 1 DAGs
[2026-06-09T00:40:49.916+0000] {logging_mixin.py:188} INFO - [2026-06-09T00:40:49.916+0000] {dag.py:3954} INFO - Setting next_dagrun for example_time_delta_sensor_async to None, run_after=None
[2026-06-09T00:40:49.941+0000] {processor.py:183} INFO - Processing /home/airflow/.local/lib/python3.12/site-packages/airflow/example_dags/example_time_delta_sensor_async.py took 0.079 seconds
[2026-06-09T00:41:20.685+0000] {processor.py:161} INFO - Started process (PID=129772) to work on /home/airflow/.local/lib/python3.12/site-packages/airflow/example_dags/example_time_delta_sensor_async.py
[2026-06-09T00:41:20.687+0000] {processor.py:830} INFO - Processing file /home/airflow/.local/lib/python3.12/site-packages/airflow/example_dags/example_time_delta_sensor_async.py for tasks to queue
[2026-06-09T00:41:20.688+0000] {logging_mixin.py:188} INFO - [2026-06-09T00:41:20.688+0000] {dagbag.py:545} INFO - Filling up the DagBag from /home/airflow/.local/lib/python3.12/site-packages/airflow/example_dags/example_time_delta_sensor_async.py
[2026-06-09T00:41:20.692+0000] {processor.py:840} INFO - DAG(s) 'example_time_delta_sensor_async' retrieved from /home/airflow/.local/lib/python3.12/site-packages/airflow/example_dags/example_time_delta_sensor_async.py
[2026-06-09T00:41:20.715+0000] {logging_mixin.py:188} INFO - [2026-06-09T00:41:20.714+0000] {dag.py:3096} INFO - Sync 1 DAGs
[2026-06-09T00:41:20.728+0000] {logging_mixin.py:188} INFO - [2026-06-09T00:41:20.728+0000] {dag.py:3954} INFO - Setting next_dagrun for example_time_delta_sensor_async to None, run_after=None
[2026-06-09T00:41:20.750+0000] {processor.py:183} INFO - Processing /home/airflow/.local/lib/python3.12/site-packages/airflow/example_dags/example_time_delta_sensor_async.py took 0.072 seconds
[2026-06-09T00:41:51.083+0000] {processor.py:161} INFO - Started process (PID=130034) to work on /home/airflow/.local/lib/python3.12/site-packages/airflow/example_dags/example_time_delta_sensor_async.py
[2026-06-09T00:41:51.085+0000] {processor.py:830} INFO - Processing file /home/airflow/.local/lib/python3.12/site-packages/airflow/example_dags/example_time_delta_sensor_async.py for tasks to queue
[2026-06-09T00:41:51.086+0000] {logging_mixin.py:188} INFO - [2026-06-09T00:41:51.086+0000] {dagbag.py:545} INFO - Filling up the DagBag from /home/airflow/.local/lib/python3.12/site-packages/airflow/example_dags/example_time_delta_sensor_async.py
[2026-06-09T00:41:51.092+0000] {processor.py:840} INFO - DAG(s) 'example_time_delta_sensor_async' retrieved from /home/airflow/.local/lib/python3.12/site-packages/airflow/example_dags/example_time_delta_sensor_async.py
[2026-06-09T00:41:51.115+0000] {logging_mixin.py:188} INFO - [2026-06-09T00:41:51.115+0000] {dag.py:3096} INFO - Sync 1 DAGs
[2026-06-09T00:41:51.129+0000] {logging_mixin.py:188} INFO - [2026-06-09T00:41:51.129+0000] {dag.py:3954} INFO - Setting next_dagrun for example_time_delta_sensor_async to None, run_after=None
[2026-06-09T00:41:51.150+0000] {processor.py:183} INFO - Processing /home/airflow/.local/lib/python3.12/site-packages/airflow/example_dags/example_time_delta_sensor_async.py took 0.072 seconds
[2026-06-09T00:42:21.509+0000] {processor.py:161} INFO - Started process (PID=130296) to work on /home/airflow/.local/lib/python3.12/site-packages/airflow/example_dags/example_time_delta_sensor_async.py
[2026-06-09T00:42:21.512+0000] {processor.py:830} INFO - Processing file /home/airflow/.local/lib/python3.12/site-packages/airflow/example_dags/example_time_delta_sensor_async.py for tasks to queue
[2026-06-09T00:42:21.515+0000] {logging_mixin.py:188} INFO - [2026-06-09T00:42:21.515+0000] {dagbag.py:545} INFO - Filling up the DagBag from /home/airflow/.local/lib/python3.12/site-packages/airflow/example_dags/example_time_delta_sensor_async.py
[2026-06-09T00:42:21.519+0000] {processor.py:840} INFO - DAG(s) 'example_time_delta_sensor_async' retrieved from /home/airflow/.local/lib/python3.12/site-packages/airflow/example_dags/example_time_delta_sensor_async.py
[2026-06-09T00:42:21.543+0000] {logging_mixin.py:188} INFO - [2026-06-09T00:42:21.542+0000] {dag.py:3096} INFO - Sync 1 DAGs
[2026-06-09T00:42:21.556+0000] {logging_mixin.py:188} INFO - [2026-06-09T00:42:21.556+0000] {dag.py:3954} INFO - Setting next_dagrun for example_time_delta_sensor_async to None, run_after=None
[2026-06-09T00:42:21.576+0000] {processor.py:183} INFO - Processing /home/airflow/.local/lib/python3.12/site-packages/airflow/example_dags/example_time_delta_sensor_async.py took 0.073 seconds
[2026-06-09T00:42:51.947+0000] {processor.py:161} INFO - Started process (PID=130558) to work on /home/airflow/.local/lib/python3.12/site-packages/airflow/example_dags/example_time_delta_sensor_async.py
[2026-06-09T00:42:51.948+0000] {processor.py:830} INFO - Processing file /home/airflow/.local/lib/python3.12/site-packages/airflow/example_dags/example_time_delta_sensor_async.py for tasks to queue
[2026-06-09T00:42:51.950+0000] {logging_mixin.py:188} INFO - [2026-06-09T00:42:51.949+0000] {dagbag.py:545} INFO - Filling up the DagBag from /home/airflow/.local/lib/python3.12/site-packages/airflow/example_dags/example_time_delta_sensor_async.py
[2026-06-09T00:42:51.955+0000] {processor.py:840} INFO - DAG(s) 'example_time_delta_sensor_async' retrieved from /home/airflow/.local/lib/python3.12/site-packages/airflow/example_dags/example_time_delta_sensor_async.py
[2026-06-09T00:42:51.979+0000] {logging_mixin.py:188} INFO - [2026-06-09T00:42:51.978+0000] {dag.py:3096} INFO - Sync 1 DAGs
[2026-06-09T00:42:51.992+0000] {logging_mixin.py:188} INFO - [2026-06-09T00:42:51.992+0000] {dag.py:3954} INFO - Setting next_dagrun for example_time_delta_sensor_async to None, run_after=None
[2026-06-09T00:42:52.014+0000] {processor.py:183} INFO - Processing /home/airflow/.local/lib/python3.12/site-packages/airflow/example_dags/example_time_delta_sensor_async.py took 0.072 seconds
[2026-06-09T00:43:22.296+0000] {processor.py:161} INFO - Started process (PID=130820) to work on /home/airflow/.local/lib/python3.12/site-packages/airflow/example_dags/example_time_delta_sensor_async.py
[2026-06-09T00:43:22.297+0000] {processor.py:830} INFO - Processing file /home/airflow/.local/lib/python3.12/site-packages/airflow/example_dags/example_time_delta_sensor_async.py for tasks to queue
[2026-06-09T00:43:22.298+0000] {logging_mixin.py:188} INFO - [2026-06-09T00:43:22.298+0000] {dagbag.py:545} INFO - Filling up the DagBag from /home/airflow/.local/lib/python3.12/site-packages/airflow/example_dags/example_time_delta_sensor_async.py
[2026-06-09T00:43:22.303+0000] {processor.py:840} INFO - DAG(s) 'example_time_delta_sensor_async' retrieved from /home/airflow/.local/lib/python3.12/site-packages/airflow/example_dags/example_time_delta_sensor_async.py
[2026-06-09T00:43:22.331+0000] {logging_mixin.py:188} INFO - [2026-06-09T00:43:22.331+0000] {dag.py:3096} INFO - Sync 1 DAGs
[2026-06-09T00:43:22.345+0000] {logging_mixin.py:188} INFO - [2026-06-09T00:43:22.344+0000] {dag.py:3954} INFO - Setting next_dagrun for example_time_delta_sensor_async to None, run_after=None
[2026-06-09T00:43:22.370+0000] {processor.py:183} INFO - Processing /home/airflow/.local/lib/python3.12/site-packages/airflow/example_dags/example_time_delta_sensor_async.py took 0.079 seconds
[2026-06-09T00:43:52.811+0000] {processor.py:161} INFO - Started process (PID=131088) to work on /home/airflow/.local/lib/python3.12/site-packages/airflow/example_dags/example_time_delta_sensor_async.py
[2026-06-09T00:43:52.813+0000] {processor.py:830} INFO - Processing file /home/airflow/.local/lib/python3.12/site-packages/airflow/example_dags/example_time_delta_sensor_async.py for tasks to queue
[2026-06-09T00:43:52.816+0000] {logging_mixin.py:188} INFO - [2026-06-09T00:43:52.815+0000] {dagbag.py:545} INFO - Filling up the DagBag from /home/airflow/.local/lib/python3.12/site-packages/airflow/example_dags/example_time_delta_sensor_async.py
[2026-06-09T00:43:52.819+0000] {processor.py:840} INFO - DAG(s) 'example_time_delta_sensor_async' retrieved from /home/airflow/.local/lib/python3.12/site-packages/airflow/example_dags/example_time_delta_sensor_async.py
[2026-06-09T00:43:52.842+0000] {logging_mixin.py:188} INFO - [2026-06-09T00:43:52.842+0000] {dag.py:3096} INFO - Sync 1 DAGs
[2026-06-09T00:43:52.856+0000] {logging_mixin.py:188} INFO - [2026-06-09T00:43:52.856+0000] {dag.py:3954} INFO - Setting next_dagrun for example_time_delta_sensor_async to None, run_after=None
[2026-06-09T00:43:52.879+0000] {processor.py:183} INFO - Processing /home/airflow/.local/lib/python3.12/site-packages/airflow/example_dags/example_time_delta_sensor_async.py took 0.074 seconds
[2026-06-09T00:44:23.248+0000] {processor.py:161} INFO - Started process (PID=131350) to work on /home/airflow/.local/lib/python3.12/site-packages/airflow/example_dags/example_time_delta_sensor_async.py
[2026-06-09T00:44:23.250+0000] {processor.py:830} INFO - Processing file /home/airflow/.local/lib/python3.12/site-packages/airflow/example_dags/example_time_delta_sensor_async.py for tasks to queue
[2026-06-09T00:44:23.252+0000] {logging_mixin.py:188} INFO - [2026-06-09T00:44:23.251+0000] {dagbag.py:545} INFO - Filling up the DagBag from /home/airflow/.local/lib/python3.12/site-packages/airflow/example_dags/example_time_delta_sensor_async.py
[2026-06-09T00:44:23.261+0000] {processor.py:840} INFO - DAG(s) 'example_time_delta_sensor_async' retrieved from /home/airflow/.local/lib/python3.12/site-packages/airflow/example_dags/example_time_delta_sensor_async.py
[2026-06-09T00:44:23.290+0000] {logging_mixin.py:188} INFO - [2026-06-09T00:44:23.290+0000] {dag.py:3096} INFO - Sync 1 DAGs
[2026-06-09T00:44:23.303+0000] {logging_mixin.py:188} INFO - [2026-06-09T00:44:23.303+0000] {dag.py:3954} INFO - Setting next_dagrun for example_time_delta_sensor_async to None, run_after=None
[2026-06-09T00:44:23.330+0000] {processor.py:183} INFO - Processing /home/airflow/.local/lib/python3.12/site-packages/airflow/example_dags/example_time_delta_sensor_async.py took 0.089 seconds
[2026-06-09T00:44:53.694+0000] {processor.py:161} INFO - Started process (PID=131612) to work on /home/airflow/.local/lib/python3.12/site-packages/airflow/example_dags/example_time_delta_sensor_async.py
[2026-06-09T00:44:53.695+0000] {processor.py:830} INFO - Processing file /home/airflow/.local/lib/python3.12/site-packages/airflow/example_dags/example_time_delta_sensor_async.py for tasks to queue
[2026-06-09T00:44:53.697+0000] {logging_mixin.py:188} INFO - [2026-06-09T00:44:53.696+0000] {dagbag.py:545} INFO - Filling up the DagBag from /home/airflow/.local/lib/python3.12/site-packages/airflow/example_dags/example_time_delta_sensor_async.py
[2026-06-09T00:44:53.701+0000] {processor.py:840} INFO - DAG(s) 'example_time_delta_sensor_async' retrieved from /home/airflow/.local/lib/python3.12/site-packages/airflow/example_dags/example_time_delta_sensor_async.py
[2026-06-09T00:44:53.726+0000] {logging_mixin.py:188} INFO - [2026-06-09T00:44:53.725+0000] {dag.py:3096} INFO - Sync 1 DAGs
[2026-06-09T00:44:53.738+0000] {logging_mixin.py:188} INFO - [2026-06-09T00:44:53.738+0000] {dag.py:3954} INFO - Setting next_dagrun for example_time_delta_sensor_async to None, run_after=None
[2026-06-09T00:44:53.766+0000] {processor.py:183} INFO - Processing /home/airflow/.local/lib/python3.12/site-packages/airflow/example_dags/example_time_delta_sensor_async.py took 0.079 seconds
[2026-06-09T00:45:24.005+0000] {processor.py:161} INFO - Started process (PID=131874) to work on /home/airflow/.local/lib/python3.12/site-packages/airflow/example_dags/example_time_delta_sensor_async.py
[2026-06-09T00:45:24.006+0000] {processor.py:830} INFO - Processing file /home/airflow/.local/lib/python3.12/site-packages/airflow/example_dags/example_time_delta_sensor_async.py for tasks to queue
[2026-06-09T00:45:24.008+0000] {logging_mixin.py:188} INFO - [2026-06-09T00:45:24.008+0000] {dagbag.py:545} INFO - Filling up the DagBag from /home/airflow/.local/lib/python3.12/site-packages/airflow/example_dags/example_time_delta_sensor_async.py
[2026-06-09T00:45:24.011+0000] {processor.py:840} INFO - DAG(s) 'example_time_delta_sensor_async' retrieved from /home/airflow/.local/lib/python3.12/site-packages/airflow/example_dags/example_time_delta_sensor_async.py
[2026-06-09T00:45:24.036+0000] {logging_mixin.py:188} INFO - [2026-06-09T00:45:24.035+0000] {dag.py:3096} INFO - Sync 1 DAGs
[2026-06-09T00:45:24.048+0000] {logging_mixin.py:188} INFO - [2026-06-09T00:45:24.047+0000] {dag.py:3954} INFO - Setting next_dagrun for example_time_delta_sensor_async to None, run_after=None
[2026-06-09T00:45:24.071+0000] {processor.py:183} INFO - Processing /home/airflow/.local/lib/python3.12/site-packages/airflow/example_dags/example_time_delta_sensor_async.py took 0.071 seconds
[2026-06-09T00:45:54.310+0000] {processor.py:161} INFO - Started process (PID=132136) to work on /home/airflow/.local/lib/python3.12/site-packages/airflow/example_dags/example_time_delta_sensor_async.py
[2026-06-09T00:45:54.311+0000] {processor.py:830} INFO - Processing file /home/airflow/.local/lib/python3.12/site-packages/airflow/example_dags/example_time_delta_sensor_async.py for tasks to queue
[2026-06-09T00:45:54.315+0000] {logging_mixin.py:188} INFO - [2026-06-09T00:45:54.315+0000] {dagbag.py:545} INFO - Filling up the DagBag from /home/airflow/.local/lib/python3.12/site-packages/airflow/example_dags/example_time_delta_sensor_async.py
[2026-06-09T00:45:54.320+0000] {processor.py:840} INFO - DAG(s) 'example_time_delta_sensor_async' retrieved from /home/airflow/.local/lib/python3.12/site-packages/airflow/example_dags/example_time_delta_sensor_async.py
[2026-06-09T00:45:54.342+0000] {logging_mixin.py:188} INFO - [2026-06-09T00:45:54.342+0000] {dag.py:3096} INFO - Sync 1 DAGs
[2026-06-09T00:45:54.356+0000] {logging_mixin.py:188} INFO - [2026-06-09T00:45:54.356+0000] {dag.py:3954} INFO - Setting next_dagrun for example_time_delta_sensor_async to None, run_after=None
[2026-06-09T00:45:54.375+0000] {processor.py:183} INFO - Processing /home/airflow/.local/lib/python3.12/site-packages/airflow/example_dags/example_time_delta_sensor_async.py took 0.072 seconds
[2026-06-09T00:46:24.655+0000] {processor.py:161} INFO - Started process (PID=132398) to work on /home/airflow/.local/lib/python3.12/site-packages/airflow/example_dags/example_time_delta_sensor_async.py
[2026-06-09T00:46:24.656+0000] {processor.py:830} INFO - Processing file /home/airflow/.local/lib/python3.12/site-packages/airflow/example_dags/example_time_delta_sensor_async.py for tasks to queue
[2026-06-09T00:46:24.658+0000] {logging_mixin.py:188} INFO - [2026-06-09T00:46:24.657+0000] {dagbag.py:545} INFO - Filling up the DagBag from /home/airflow/.local/lib/python3.12/site-packages/airflow/example_dags/example_time_delta_sensor_async.py
[2026-06-09T00:46:24.662+0000] {processor.py:840} INFO - DAG(s) 'example_time_delta_sensor_async' retrieved from /home/airflow/.local/lib/python3.12/site-packages/airflow/example_dags/example_time_delta_sensor_async.py
[2026-06-09T00:46:24.689+0000] {logging_mixin.py:188} INFO - [2026-06-09T00:46:24.688+0000] {dag.py:3096} INFO - Sync 1 DAGs
[2026-06-09T00:46:24.703+0000] {logging_mixin.py:188} INFO - [2026-06-09T00:46:24.703+0000] {dag.py:3954} INFO - Setting next_dagrun for example_time_delta_sensor_async to None, run_after=None
[2026-06-09T00:46:24.727+0000] {processor.py:183} INFO - Processing /home/airflow/.local/lib/python3.12/site-packages/airflow/example_dags/example_time_delta_sensor_async.py took 0.078 seconds
[2026-06-09T00:46:55.199+0000] {processor.py:161} INFO - Started process (PID=132660) to work on /home/airflow/.local/lib/python3.12/site-packages/airflow/example_dags/example_time_delta_sensor_async.py
[2026-06-09T00:46:55.200+0000] {processor.py:830} INFO - Processing file /home/airflow/.local/lib/python3.12/site-packages/airflow/example_dags/example_time_delta_sensor_async.py for tasks to queue
[2026-06-09T00:46:55.202+0000] {logging_mixin.py:188} INFO - [2026-06-09T00:46:55.201+0000] {dagbag.py:545} INFO - Filling up the DagBag from /home/airflow/.local/lib/python3.12/site-packages/airflow/example_dags/example_time_delta_sensor_async.py
[2026-06-09T00:46:55.207+0000] {processor.py:840} INFO - DAG(s) 'example_time_delta_sensor_async' retrieved from /home/airflow/.local/lib/python3.12/site-packages/airflow/example_dags/example_time_delta_sensor_async.py
[2026-06-09T00:46:55.232+0000] {logging_mixin.py:188} INFO - [2026-06-09T00:46:55.232+0000] {dag.py:3096} INFO - Sync 1 DAGs
[2026-06-09T00:46:55.245+0000] {logging_mixin.py:188} INFO - [2026-06-09T00:46:55.244+0000] {dag.py:3954} INFO - Setting next_dagrun for example_time_delta_sensor_async to None, run_after=None
[2026-06-09T00:46:55.265+0000] {processor.py:183} INFO - Processing /home/airflow/.local/lib/python3.12/site-packages/airflow/example_dags/example_time_delta_sensor_async.py took 0.072 seconds
[2026-06-09T00:47:25.783+0000] {processor.py:161} INFO - Started process (PID=132922) to work on /home/airflow/.local/lib/python3.12/site-packages/airflow/example_dags/example_time_delta_sensor_async.py
[2026-06-09T00:47:25.784+0000] {processor.py:830} INFO - Processing file /home/airflow/.local/lib/python3.12/site-packages/airflow/example_dags/example_time_delta_sensor_async.py for tasks to queue
[2026-06-09T00:47:25.786+0000] {logging_mixin.py:188} INFO - [2026-06-09T00:47:25.786+0000] {dagbag.py:545} INFO - Filling up the DagBag from /home/airflow/.local/lib/python3.12/site-packages/airflow/example_dags/example_time_delta_sensor_async.py
[2026-06-09T00:47:25.790+0000] {processor.py:840} INFO - DAG(s) 'example_time_delta_sensor_async' retrieved from /home/airflow/.local/lib/python3.12/site-packages/airflow/example_dags/example_time_delta_sensor_async.py
[2026-06-09T00:47:25.814+0000] {logging_mixin.py:188} INFO - [2026-06-09T00:47:25.814+0000] {dag.py:3096} INFO - Sync 1 DAGs
[2026-06-09T00:47:25.835+0000] {logging_mixin.py:188} INFO - [2026-06-09T00:47:25.835+0000] {dag.py:3954} INFO - Setting next_dagrun for example_time_delta_sensor_async to None, run_after=None
[2026-06-09T00:47:25.864+0000] {processor.py:183} INFO - Processing /home/airflow/.local/lib/python3.12/site-packages/airflow/example_dags/example_time_delta_sensor_async.py took 0.088 seconds
[2026-06-09T00:47:56.359+0000] {processor.py:161} INFO - Started process (PID=133184) to work on /home/airflow/.local/lib/python3.12/site-packages/airflow/example_dags/example_time_delta_sensor_async.py
[2026-06-09T00:47:56.360+0000] {processor.py:830} INFO - Processing file /home/airflow/.local/lib/python3.12/site-packages/airflow/example_dags/example_time_delta_sensor_async.py for tasks to queue
[2026-06-09T00:47:56.363+0000] {logging_mixin.py:188} INFO - [2026-06-09T00:47:56.362+0000] {dagbag.py:545} INFO - Filling up the DagBag from /home/airflow/.local/lib/python3.12/site-packages/airflow/example_dags/example_time_delta_sensor_async.py
[2026-06-09T00:47:56.366+0000] {processor.py:840} INFO - DAG(s) 'example_time_delta_sensor_async' retrieved from /home/airflow/.local/lib/python3.12/site-packages/airflow/example_dags/example_time_delta_sensor_async.py
[2026-06-09T00:47:56.394+0000] {logging_mixin.py:188} INFO - [2026-06-09T00:47:56.393+0000] {dag.py:3096} INFO - Sync 1 DAGs
[2026-06-09T00:47:56.406+0000] {logging_mixin.py:188} INFO - [2026-06-09T00:47:56.406+0000] {dag.py:3954} INFO - Setting next_dagrun for example_time_delta_sensor_async to None, run_after=None
[2026-06-09T00:47:56.432+0000] {processor.py:183} INFO - Processing /home/airflow/.local/lib/python3.12/site-packages/airflow/example_dags/example_time_delta_sensor_async.py took 0.078 seconds
[2026-06-09T00:48:26.658+0000] {processor.py:161} INFO - Started process (PID=133446) to work on /home/airflow/.local/lib/python3.12/site-packages/airflow/example_dags/example_time_delta_sensor_async.py
[2026-06-09T00:48:26.659+0000] {processor.py:830} INFO - Processing file /home/airflow/.local/lib/python3.12/site-packages/airflow/example_dags/example_time_delta_sensor_async.py for tasks to queue
[2026-06-09T00:48:26.661+0000] {logging_mixin.py:188} INFO - [2026-06-09T00:48:26.660+0000] {dagbag.py:545} INFO - Filling up the DagBag from /home/airflow/.local/lib/python3.12/site-packages/airflow/example_dags/example_time_delta_sensor_async.py
[2026-06-09T00:48:26.666+0000] {processor.py:840} INFO - DAG(s) 'example_time_delta_sensor_async' retrieved from /home/airflow/.local/lib/python3.12/site-packages/airflow/example_dags/example_time_delta_sensor_async.py
[2026-06-09T00:48:26.689+0000] {logging_mixin.py:188} INFO - [2026-06-09T00:48:26.689+0000] {dag.py:3096} INFO - Sync 1 DAGs
[2026-06-09T00:48:26.701+0000] {logging_mixin.py:188} INFO - [2026-06-09T00:48:26.700+0000] {dag.py:3954} INFO - Setting next_dagrun for example_time_delta_sensor_async to None, run_after=None
[2026-06-09T00:48:26.727+0000] {processor.py:183} INFO - Processing /home/airflow/.local/lib/python3.12/site-packages/airflow/example_dags/example_time_delta_sensor_async.py took 0.073 seconds
[2026-06-09T00:48:57.420+0000] {processor.py:161} INFO - Started process (PID=133708) to work on /home/airflow/.local/lib/python3.12/site-packages/airflow/example_dags/example_time_delta_sensor_async.py
[2026-06-09T00:48:57.421+0000] {processor.py:830} INFO - Processing file /home/airflow/.local/lib/python3.12/site-packages/airflow/example_dags/example_time_delta_sensor_async.py for tasks to queue
[2026-06-09T00:48:57.423+0000] {logging_mixin.py:188} INFO - [2026-06-09T00:48:57.423+0000] {dagbag.py:545} INFO - Filling up the DagBag from /home/airflow/.local/lib/python3.12/site-packages/airflow/example_dags/example_time_delta_sensor_async.py
[2026-06-09T00:48:57.428+0000] {processor.py:840} INFO - DAG(s) 'example_time_delta_sensor_async' retrieved from /home/airflow/.local/lib/python3.12/site-packages/airflow/example_dags/example_time_delta_sensor_async.py
[2026-06-09T00:48:57.452+0000] {logging_mixin.py:188} INFO - [2026-06-09T00:48:57.452+0000] {dag.py:3096} INFO - Sync 1 DAGs
[2026-06-09T00:48:57.466+0000] {logging_mixin.py:188} INFO - [2026-06-09T00:48:57.465+0000] {dag.py:3954} INFO - Setting next_dagrun for example_time_delta_sensor_async to None, run_after=None
[2026-06-09T00:48:57.490+0000] {processor.py:183} INFO - Processing /home/airflow/.local/lib/python3.12/site-packages/airflow/example_dags/example_time_delta_sensor_async.py took 0.078 seconds
[2026-06-09T00:49:27.589+0000] {processor.py:161} INFO - Started process (PID=133970) to work on /home/airflow/.local/lib/python3.12/site-packages/airflow/example_dags/example_time_delta_sensor_async.py
[2026-06-09T00:49:27.590+0000] {processor.py:830} INFO - Processing file /home/airflow/.local/lib/python3.12/site-packages/airflow/example_dags/example_time_delta_sensor_async.py for tasks to queue
[2026-06-09T00:49:27.594+0000] {logging_mixin.py:188} INFO - [2026-06-09T00:49:27.594+0000] {dagbag.py:545} INFO - Filling up the DagBag from /home/airflow/.local/lib/python3.12/site-packages/airflow/example_dags/example_time_delta_sensor_async.py
[2026-06-09T00:49:27.599+0000] {processor.py:840} INFO - DAG(s) 'example_time_delta_sensor_async' retrieved from /home/airflow/.local/lib/python3.12/site-packages/airflow/example_dags/example_time_delta_sensor_async.py
[2026-06-09T00:49:27.622+0000] {logging_mixin.py:188} INFO - [2026-06-09T00:49:27.621+0000] {dag.py:3096} INFO - Sync 1 DAGs
[2026-06-09T00:49:27.635+0000] {logging_mixin.py:188} INFO - [2026-06-09T00:49:27.635+0000] {dag.py:3954} INFO - Setting next_dagrun for example_time_delta_sensor_async to None, run_after=None
[2026-06-09T00:49:27.656+0000] {processor.py:183} INFO - Processing /home/airflow/.local/lib/python3.12/site-packages/airflow/example_dags/example_time_delta_sensor_async.py took 0.073 seconds
[2026-06-09T00:49:58.256+0000] {processor.py:161} INFO - Started process (PID=134232) to work on /home/airflow/.local/lib/python3.12/site-packages/airflow/example_dags/example_time_delta_sensor_async.py
[2026-06-09T00:49:58.257+0000] {processor.py:830} INFO - Processing file /home/airflow/.local/lib/python3.12/site-packages/airflow/example_dags/example_time_delta_sensor_async.py for tasks to queue
[2026-06-09T00:49:58.259+0000] {logging_mixin.py:188} INFO - [2026-06-09T00:49:58.258+0000] {dagbag.py:545} INFO - Filling up the DagBag from /home/airflow/.local/lib/python3.12/site-packages/airflow/example_dags/example_time_delta_sensor_async.py
[2026-06-09T00:49:58.263+0000] {processor.py:840} INFO - DAG(s) 'example_time_delta_sensor_async' retrieved from /home/airflow/.local/lib/python3.12/site-packages/airflow/example_dags/example_time_delta_sensor_async.py
[2026-06-09T00:49:58.287+0000] {logging_mixin.py:188} INFO - [2026-06-09T00:49:58.287+0000] {dag.py:3096} INFO - Sync 1 DAGs
[2026-06-09T00:49:58.301+0000] {logging_mixin.py:188} INFO - [2026-06-09T00:49:58.301+0000] {dag.py:3954} INFO - Setting next_dagrun for example_time_delta_sensor_async to None, run_after=None
[2026-06-09T00:49:58.323+0000] {processor.py:183} INFO - Processing /home/airflow/.local/lib/python3.12/site-packages/airflow/example_dags/example_time_delta_sensor_async.py took 0.073 seconds
[2026-06-09T00:50:28.601+0000] {processor.py:161} INFO - Started process (PID=134494) to work on /home/airflow/.local/lib/python3.12/site-packages/airflow/example_dags/example_time_delta_sensor_async.py
[2026-06-09T00:50:28.603+0000] {processor.py:830} INFO - Processing file /home/airflow/.local/lib/python3.12/site-packages/airflow/example_dags/example_time_delta_sensor_async.py for tasks to queue
[2026-06-09T00:50:28.605+0000] {logging_mixin.py:188} INFO - [2026-06-09T00:50:28.605+0000] {dagbag.py:545} INFO - Filling up the DagBag from /home/airflow/.local/lib/python3.12/site-packages/airflow/example_dags/example_time_delta_sensor_async.py
[2026-06-09T00:50:28.610+0000] {processor.py:840} INFO - DAG(s) 'example_time_delta_sensor_async' retrieved from /home/airflow/.local/lib/python3.12/site-packages/airflow/example_dags/example_time_delta_sensor_async.py
[2026-06-09T00:50:28.642+0000] {logging_mixin.py:188} INFO - [2026-06-09T00:50:28.642+0000] {dag.py:3096} INFO - Sync 1 DAGs
[2026-06-09T00:50:28.657+0000] {logging_mixin.py:188} INFO - [2026-06-09T00:50:28.657+0000] {dag.py:3954} INFO - Setting next_dagrun for example_time_delta_sensor_async to None, run_after=None
[2026-06-09T00:50:28.682+0000] {processor.py:183} INFO - Processing /home/airflow/.local/lib/python3.12/site-packages/airflow/example_dags/example_time_delta_sensor_async.py took 0.085 seconds
[2026-06-09T00:50:58.911+0000] {processor.py:161} INFO - Started process (PID=134756) to work on /home/airflow/.local/lib/python3.12/site-packages/airflow/example_dags/example_time_delta_sensor_async.py
[2026-06-09T00:50:58.912+0000] {processor.py:830} INFO - Processing file /home/airflow/.local/lib/python3.12/site-packages/airflow/example_dags/example_time_delta_sensor_async.py for tasks to queue
[2026-06-09T00:50:58.914+0000] {logging_mixin.py:188} INFO - [2026-06-09T00:50:58.914+0000] {dagbag.py:545} INFO - Filling up the DagBag from /home/airflow/.local/lib/python3.12/site-packages/airflow/example_dags/example_time_delta_sensor_async.py
[2026-06-09T00:50:58.920+0000] {processor.py:840} INFO - DAG(s) 'example_time_delta_sensor_async' retrieved from /home/airflow/.local/lib/python3.12/site-packages/airflow/example_dags/example_time_delta_sensor_async.py
[2026-06-09T00:50:58.947+0000] {logging_mixin.py:188} INFO - [2026-06-09T00:50:58.946+0000] {dag.py:3096} INFO - Sync 1 DAGs
[2026-06-09T00:50:58.959+0000] {logging_mixin.py:188} INFO - [2026-06-09T00:50:58.958+0000] {dag.py:3954} INFO - Setting next_dagrun for example_time_delta_sensor_async to None, run_after=None
[2026-06-09T00:50:58.978+0000] {processor.py:183} INFO - Processing /home/airflow/.local/lib/python3.12/site-packages/airflow/example_dags/example_time_delta_sensor_async.py took 0.072 seconds
[2026-06-09T00:51:29.901+0000] {processor.py:161} INFO - Started process (PID=135018) to work on /home/airflow/.local/lib/python3.12/site-packages/airflow/example_dags/example_time_delta_sensor_async.py
[2026-06-09T00:51:29.903+0000] {processor.py:830} INFO - Processing file /home/airflow/.local/lib/python3.12/site-packages/airflow/example_dags/example_time_delta_sensor_async.py for tasks to queue
[2026-06-09T00:51:29.907+0000] {logging_mixin.py:188} INFO - [2026-06-09T00:51:29.906+0000] {dagbag.py:545} INFO - Filling up the DagBag from /home/airflow/.local/lib/python3.12/site-packages/airflow/example_dags/example_time_delta_sensor_async.py
[2026-06-09T00:51:29.913+0000] {processor.py:840} INFO - DAG(s) 'example_time_delta_sensor_async' retrieved from /home/airflow/.local/lib/python3.12/site-packages/airflow/example_dags/example_time_delta_sensor_async.py
[2026-06-09T00:51:29.956+0000] {logging_mixin.py:188} INFO - [2026-06-09T00:51:29.956+0000] {dag.py:3096} INFO - Sync 1 DAGs
[2026-06-09T00:51:29.974+0000] {logging_mixin.py:188} INFO - [2026-06-09T00:51:29.973+0000] {dag.py:3954} INFO - Setting next_dagrun for example_time_delta_sensor_async to None, run_after=None
[2026-06-09T00:51:30.001+0000] {processor.py:183} INFO - Processing /home/airflow/.local/lib/python3.12/site-packages/airflow/example_dags/example_time_delta_sensor_async.py took 0.108 seconds
[2026-06-09T00:52:00.104+0000] {processor.py:161} INFO - Started process (PID=135280) to work on /home/airflow/.local/lib/python3.12/site-packages/airflow/example_dags/example_time_delta_sensor_async.py
[2026-06-09T00:52:00.105+0000] {processor.py:830} INFO - Processing file /home/airflow/.local/lib/python3.12/site-packages/airflow/example_dags/example_time_delta_sensor_async.py for tasks to queue
[2026-06-09T00:52:00.106+0000] {logging_mixin.py:188} INFO - [2026-06-09T00:52:00.106+0000] {dagbag.py:545} INFO - Filling up the DagBag from /home/airflow/.local/lib/python3.12/site-packages/airflow/example_dags/example_time_delta_sensor_async.py
[2026-06-09T00:52:00.110+0000] {processor.py:840} INFO - DAG(s) 'example_time_delta_sensor_async' retrieved from /home/airflow/.local/lib/python3.12/site-packages/airflow/example_dags/example_time_delta_sensor_async.py
[2026-06-09T00:52:00.131+0000] {logging_mixin.py:188} INFO - [2026-06-09T00:52:00.131+0000] {dag.py:3096} INFO - Sync 1 DAGs
[2026-06-09T00:52:00.145+0000] {logging_mixin.py:188} INFO - [2026-06-09T00:52:00.144+0000] {dag.py:3954} INFO - Setting next_dagrun for example_time_delta_sensor_async to None, run_after=None
[2026-06-09T00:52:00.165+0000] {processor.py:183} INFO - Processing /home/airflow/.local/lib/python3.12/site-packages/airflow/example_dags/example_time_delta_sensor_async.py took 0.067 seconds
[2026-06-09T00:52:30.409+0000] {processor.py:161} INFO - Started process (PID=135542) to work on /home/airflow/.local/lib/python3.12/site-packages/airflow/example_dags/example_time_delta_sensor_async.py
[2026-06-09T00:52:30.411+0000] {processor.py:830} INFO - Processing file /home/airflow/.local/lib/python3.12/site-packages/airflow/example_dags/example_time_delta_sensor_async.py for tasks to queue
[2026-06-09T00:52:30.413+0000] {logging_mixin.py:188} INFO - [2026-06-09T00:52:30.413+0000] {dagbag.py:545} INFO - Filling up the DagBag from /home/airflow/.local/lib/python3.12/site-packages/airflow/example_dags/example_time_delta_sensor_async.py
[2026-06-09T00:52:30.416+0000] {processor.py:840} INFO - DAG(s) 'example_time_delta_sensor_async' retrieved from /home/airflow/.local/lib/python3.12/site-packages/airflow/example_dags/example_time_delta_sensor_async.py
[2026-06-09T00:52:30.438+0000] {logging_mixin.py:188} INFO - [2026-06-09T00:52:30.438+0000] {dag.py:3096} INFO - Sync 1 DAGs
[2026-06-09T00:52:30.452+0000] {logging_mixin.py:188} INFO - [2026-06-09T00:52:30.452+0000] {dag.py:3954} INFO - Setting next_dagrun for example_time_delta_sensor_async to None, run_after=None
[2026-06-09T00:52:30.476+0000] {processor.py:183} INFO - Processing /home/airflow/.local/lib/python3.12/site-packages/airflow/example_dags/example_time_delta_sensor_async.py took 0.075 seconds
[2026-06-09T00:53:00.792+0000] {processor.py:161} INFO - Started process (PID=135804) to work on /home/airflow/.local/lib/python3.12/site-packages/airflow/example_dags/example_time_delta_sensor_async.py
[2026-06-09T00:53:00.793+0000] {processor.py:830} INFO - Processing file /home/airflow/.local/lib/python3.12/site-packages/airflow/example_dags/example_time_delta_sensor_async.py for tasks to queue
[2026-06-09T00:53:00.795+0000] {logging_mixin.py:188} INFO - [2026-06-09T00:53:00.795+0000] {dagbag.py:545} INFO - Filling up the DagBag from /home/airflow/.local/lib/python3.12/site-packages/airflow/example_dags/example_time_delta_sensor_async.py
[2026-06-09T00:53:00.799+0000] {processor.py:840} INFO - DAG(s) 'example_time_delta_sensor_async' retrieved from /home/airflow/.local/lib/python3.12/site-packages/airflow/example_dags/example_time_delta_sensor_async.py
[2026-06-09T00:53:00.822+0000] {logging_mixin.py:188} INFO - [2026-06-09T00:53:00.821+0000] {dag.py:3096} INFO - Sync 1 DAGs
[2026-06-09T00:53:00.834+0000] {logging_mixin.py:188} INFO - [2026-06-09T00:53:00.833+0000] {dag.py:3954} INFO - Setting next_dagrun for example_time_delta_sensor_async to None, run_after=None
[2026-06-09T00:53:00.856+0000] {processor.py:183} INFO - Processing /home/airflow/.local/lib/python3.12/site-packages/airflow/example_dags/example_time_delta_sensor_async.py took 0.069 seconds
[2026-06-09T00:53:31.106+0000] {processor.py:161} INFO - Started process (PID=136066) to work on /home/airflow/.local/lib/python3.12/site-packages/airflow/example_dags/example_time_delta_sensor_async.py
[2026-06-09T00:53:31.108+0000] {processor.py:830} INFO - Processing file /home/airflow/.local/lib/python3.12/site-packages/airflow/example_dags/example_time_delta_sensor_async.py for tasks to queue
[2026-06-09T00:53:31.109+0000] {logging_mixin.py:188} INFO - [2026-06-09T00:53:31.109+0000] {dagbag.py:545} INFO - Filling up the DagBag from /home/airflow/.local/lib/python3.12/site-packages/airflow/example_dags/example_time_delta_sensor_async.py
[2026-06-09T00:53:31.113+0000] {processor.py:840} INFO - DAG(s) 'example_time_delta_sensor_async' retrieved from /home/airflow/.local/lib/python3.12/site-packages/airflow/example_dags/example_time_delta_sensor_async.py
[2026-06-09T00:53:31.137+0000] {logging_mixin.py:188} INFO - [2026-06-09T00:53:31.137+0000] {dag.py:3096} INFO - Sync 1 DAGs
[2026-06-09T00:53:31.148+0000] {logging_mixin.py:188} INFO - [2026-06-09T00:53:31.147+0000] {dag.py:3954} INFO - Setting next_dagrun for example_time_delta_sensor_async to None, run_after=None
[2026-06-09T00:53:31.171+0000] {processor.py:183} INFO - Processing /home/airflow/.local/lib/python3.12/site-packages/airflow/example_dags/example_time_delta_sensor_async.py took 0.070 seconds
[2026-06-09T00:54:01.518+0000] {processor.py:161} INFO - Started process (PID=136328) to work on /home/airflow/.local/lib/python3.12/site-packages/airflow/example_dags/example_time_delta_sensor_async.py
[2026-06-09T00:54:01.520+0000] {processor.py:830} INFO - Processing file /home/airflow/.local/lib/python3.12/site-packages/airflow/example_dags/example_time_delta_sensor_async.py for tasks to queue
[2026-06-09T00:54:01.522+0000] {logging_mixin.py:188} INFO - [2026-06-09T00:54:01.521+0000] {dagbag.py:545} INFO - Filling up the DagBag from /home/airflow/.local/lib/python3.12/site-packages/airflow/example_dags/example_time_delta_sensor_async.py
[2026-06-09T00:54:01.525+0000] {processor.py:840} INFO - DAG(s) 'example_time_delta_sensor_async' retrieved from /home/airflow/.local/lib/python3.12/site-packages/airflow/example_dags/example_time_delta_sensor_async.py
[2026-06-09T00:54:01.547+0000] {logging_mixin.py:188} INFO - [2026-06-09T00:54:01.547+0000] {dag.py:3096} INFO - Sync 1 DAGs
[2026-06-09T00:54:01.560+0000] {logging_mixin.py:188} INFO - [2026-06-09T00:54:01.560+0000] {dag.py:3954} INFO - Setting next_dagrun for example_time_delta_sensor_async to None, run_after=None
[2026-06-09T00:54:01.588+0000] {processor.py:183} INFO - Processing /home/airflow/.local/lib/python3.12/site-packages/airflow/example_dags/example_time_delta_sensor_async.py took 0.076 seconds
[2026-06-09T00:54:31.680+0000] {processor.py:161} INFO - Started process (PID=136590) to work on /home/airflow/.local/lib/python3.12/site-packages/airflow/example_dags/example_time_delta_sensor_async.py
[2026-06-09T00:54:31.680+0000] {processor.py:830} INFO - Processing file /home/airflow/.local/lib/python3.12/site-packages/airflow/example_dags/example_time_delta_sensor_async.py for tasks to queue
[2026-06-09T00:54:31.682+0000] {logging_mixin.py:188} INFO - [2026-06-09T00:54:31.682+0000] {dagbag.py:545} INFO - Filling up the DagBag from /home/airflow/.local/lib/python3.12/site-packages/airflow/example_dags/example_time_delta_sensor_async.py
[2026-06-09T00:54:31.686+0000] {processor.py:840} INFO - DAG(s) 'example_time_delta_sensor_async' retrieved from /home/airflow/.local/lib/python3.12/site-packages/airflow/example_dags/example_time_delta_sensor_async.py
[2026-06-09T00:54:31.702+0000] {logging_mixin.py:188} INFO - [2026-06-09T00:54:31.701+0000] {dag.py:3096} INFO - Sync 1 DAGs
[2026-06-09T00:54:31.711+0000] {logging_mixin.py:188} INFO - [2026-06-09T00:54:31.711+0000] {dag.py:3954} INFO - Setting next_dagrun for example_time_delta_sensor_async to None, run_after=None
[2026-06-09T00:54:31.728+0000] {processor.py:183} INFO - Processing /home/airflow/.local/lib/python3.12/site-packages/airflow/example_dags/example_time_delta_sensor_async.py took 0.053 seconds
[2026-06-09T00:55:01.974+0000] {processor.py:161} INFO - Started process (PID=136852) to work on /home/airflow/.local/lib/python3.12/site-packages/airflow/example_dags/example_time_delta_sensor_async.py
[2026-06-09T00:55:01.975+0000] {processor.py:830} INFO - Processing file /home/airflow/.local/lib/python3.12/site-packages/airflow/example_dags/example_time_delta_sensor_async.py for tasks to queue
[2026-06-09T00:55:01.976+0000] {logging_mixin.py:188} INFO - [2026-06-09T00:55:01.976+0000] {dagbag.py:545} INFO - Filling up the DagBag from /home/airflow/.local/lib/python3.12/site-packages/airflow/example_dags/example_time_delta_sensor_async.py
[2026-06-09T00:55:01.980+0000] {processor.py:840} INFO - DAG(s) 'example_time_delta_sensor_async' retrieved from /home/airflow/.local/lib/python3.12/site-packages/airflow/example_dags/example_time_delta_sensor_async.py
[2026-06-09T00:55:02.003+0000] {logging_mixin.py:188} INFO - [2026-06-09T00:55:02.003+0000] {dag.py:3096} INFO - Sync 1 DAGs
[2026-06-09T00:55:02.019+0000] {logging_mixin.py:188} INFO - [2026-06-09T00:55:02.018+0000] {dag.py:3954} INFO - Setting next_dagrun for example_time_delta_sensor_async to None, run_after=None
[2026-06-09T00:55:02.038+0000] {processor.py:183} INFO - Processing /home/airflow/.local/lib/python3.12/site-packages/airflow/example_dags/example_time_delta_sensor_async.py took 0.071 seconds
[2026-06-09T00:55:32.457+0000] {processor.py:161} INFO - Started process (PID=137120) to work on /home/airflow/.local/lib/python3.12/site-packages/airflow/example_dags/example_time_delta_sensor_async.py
[2026-06-09T00:55:32.459+0000] {processor.py:830} INFO - Processing file /home/airflow/.local/lib/python3.12/site-packages/airflow/example_dags/example_time_delta_sensor_async.py for tasks to queue
[2026-06-09T00:55:32.460+0000] {logging_mixin.py:188} INFO - [2026-06-09T00:55:32.460+0000] {dagbag.py:545} INFO - Filling up the DagBag from /home/airflow/.local/lib/python3.12/site-packages/airflow/example_dags/example_time_delta_sensor_async.py
[2026-06-09T00:55:32.464+0000] {processor.py:840} INFO - DAG(s) 'example_time_delta_sensor_async' retrieved from /home/airflow/.local/lib/python3.12/site-packages/airflow/example_dags/example_time_delta_sensor_async.py
[2026-06-09T00:55:32.484+0000] {logging_mixin.py:188} INFO - [2026-06-09T00:55:32.484+0000] {dag.py:3096} INFO - Sync 1 DAGs
[2026-06-09T00:55:32.497+0000] {logging_mixin.py:188} INFO - [2026-06-09T00:55:32.496+0000] {dag.py:3954} INFO - Setting next_dagrun for example_time_delta_sensor_async to None, run_after=None
[2026-06-09T00:55:32.520+0000] {processor.py:183} INFO - Processing /home/airflow/.local/lib/python3.12/site-packages/airflow/example_dags/example_time_delta_sensor_async.py took 0.068 seconds
[2026-06-09T00:56:02.894+0000] {processor.py:161} INFO - Started process (PID=137382) to work on /home/airflow/.local/lib/python3.12/site-packages/airflow/example_dags/example_time_delta_sensor_async.py
[2026-06-09T00:56:02.896+0000] {processor.py:830} INFO - Processing file /home/airflow/.local/lib/python3.12/site-packages/airflow/example_dags/example_time_delta_sensor_async.py for tasks to queue
[2026-06-09T00:56:02.901+0000] {logging_mixin.py:188} INFO - [2026-06-09T00:56:02.900+0000] {dagbag.py:545} INFO - Filling up the DagBag from /home/airflow/.local/lib/python3.12/site-packages/airflow/example_dags/example_time_delta_sensor_async.py
[2026-06-09T00:56:02.905+0000] {processor.py:840} INFO - DAG(s) 'example_time_delta_sensor_async' retrieved from /home/airflow/.local/lib/python3.12/site-packages/airflow/example_dags/example_time_delta_sensor_async.py
[2026-06-09T00:56:02.928+0000] {logging_mixin.py:188} INFO - [2026-06-09T00:56:02.928+0000] {dag.py:3096} INFO - Sync 1 DAGs
[2026-06-09T00:56:02.943+0000] {logging_mixin.py:188} INFO - [2026-06-09T00:56:02.942+0000] {dag.py:3954} INFO - Setting next_dagrun for example_time_delta_sensor_async to None, run_after=None
[2026-06-09T00:56:02.965+0000] {processor.py:183} INFO - Processing /home/airflow/.local/lib/python3.12/site-packages/airflow/example_dags/example_time_delta_sensor_async.py took 0.075 seconds
[2026-06-09T00:56:33.144+0000] {processor.py:161} INFO - Started process (PID=137644) to work on /home/airflow/.local/lib/python3.12/site-packages/airflow/example_dags/example_time_delta_sensor_async.py
[2026-06-09T00:56:33.146+0000] {processor.py:830} INFO - Processing file /home/airflow/.local/lib/python3.12/site-packages/airflow/example_dags/example_time_delta_sensor_async.py for tasks to queue
[2026-06-09T00:56:33.147+0000] {logging_mixin.py:188} INFO - [2026-06-09T00:56:33.147+0000] {dagbag.py:545} INFO - Filling up the DagBag from /home/airflow/.local/lib/python3.12/site-packages/airflow/example_dags/example_time_delta_sensor_async.py
[2026-06-09T00:56:33.151+0000] {processor.py:840} INFO - DAG(s) 'example_time_delta_sensor_async' retrieved from /home/airflow/.local/lib/python3.12/site-packages/airflow/example_dags/example_time_delta_sensor_async.py
[2026-06-09T00:56:33.176+0000] {logging_mixin.py:188} INFO - [2026-06-09T00:56:33.176+0000] {dag.py:3096} INFO - Sync 1 DAGs
[2026-06-09T00:56:33.189+0000] {logging_mixin.py:188} INFO - [2026-06-09T00:56:33.189+0000] {dag.py:3954} INFO - Setting next_dagrun for example_time_delta_sensor_async to None, run_after=None
[2026-06-09T00:56:33.212+0000] {processor.py:183} INFO - Processing /home/airflow/.local/lib/python3.12/site-packages/airflow/example_dags/example_time_delta_sensor_async.py took 0.077 seconds
[2026-06-09T00:57:03.399+0000] {processor.py:161} INFO - Started process (PID=137906) to work on /home/airflow/.local/lib/python3.12/site-packages/airflow/example_dags/example_time_delta_sensor_async.py
[2026-06-09T00:57:03.400+0000] {processor.py:830} INFO - Processing file /home/airflow/.local/lib/python3.12/site-packages/airflow/example_dags/example_time_delta_sensor_async.py for tasks to queue
[2026-06-09T00:57:03.402+0000] {logging_mixin.py:188} INFO - [2026-06-09T00:57:03.402+0000] {dagbag.py:545} INFO - Filling up the DagBag from /home/airflow/.local/lib/python3.12/site-packages/airflow/example_dags/example_time_delta_sensor_async.py
[2026-06-09T00:57:03.406+0000] {processor.py:840} INFO - DAG(s) 'example_time_delta_sensor_async' retrieved from /home/airflow/.local/lib/python3.12/site-packages/airflow/example_dags/example_time_delta_sensor_async.py
[2026-06-09T00:57:03.426+0000] {logging_mixin.py:188} INFO - [2026-06-09T00:57:03.426+0000] {dag.py:3096} INFO - Sync 1 DAGs
[2026-06-09T00:57:03.440+0000] {logging_mixin.py:188} INFO - [2026-06-09T00:57:03.440+0000] {dag.py:3954} INFO - Setting next_dagrun for example_time_delta_sensor_async to None, run_after=None
[2026-06-09T00:57:03.466+0000] {processor.py:183} INFO - Processing /home/airflow/.local/lib/python3.12/site-packages/airflow/example_dags/example_time_delta_sensor_async.py took 0.075 seconds
[2026-06-09T00:57:33.680+0000] {processor.py:161} INFO - Started process (PID=138168) to work on /home/airflow/.local/lib/python3.12/site-packages/airflow/example_dags/example_time_delta_sensor_async.py
[2026-06-09T00:57:33.681+0000] {processor.py:830} INFO - Processing file /home/airflow/.local/lib/python3.12/site-packages/airflow/example_dags/example_time_delta_sensor_async.py for tasks to queue
[2026-06-09T00:57:33.683+0000] {logging_mixin.py:188} INFO - [2026-06-09T00:57:33.683+0000] {dagbag.py:545} INFO - Filling up the DagBag from /home/airflow/.local/lib/python3.12/site-packages/airflow/example_dags/example_time_delta_sensor_async.py
[2026-06-09T00:57:33.686+0000] {processor.py:840} INFO - DAG(s) 'example_time_delta_sensor_async' retrieved from /home/airflow/.local/lib/python3.12/site-packages/airflow/example_dags/example_time_delta_sensor_async.py
[2026-06-09T00:57:33.708+0000] {logging_mixin.py:188} INFO - [2026-06-09T00:57:33.708+0000] {dag.py:3096} INFO - Sync 1 DAGs
[2026-06-09T00:57:33.723+0000] {logging_mixin.py:188} INFO - [2026-06-09T00:57:33.723+0000] {dag.py:3954} INFO - Setting next_dagrun for example_time_delta_sensor_async to None, run_after=None
[2026-06-09T00:57:33.749+0000] {processor.py:183} INFO - Processing /home/airflow/.local/lib/python3.12/site-packages/airflow/example_dags/example_time_delta_sensor_async.py took 0.077 seconds
[2026-06-09T00:58:03.922+0000] {processor.py:161} INFO - Started process (PID=138430) to work on /home/airflow/.local/lib/python3.12/site-packages/airflow/example_dags/example_time_delta_sensor_async.py
[2026-06-09T00:58:03.924+0000] {processor.py:830} INFO - Processing file /home/airflow/.local/lib/python3.12/site-packages/airflow/example_dags/example_time_delta_sensor_async.py for tasks to queue
[2026-06-09T00:58:03.926+0000] {logging_mixin.py:188} INFO - [2026-06-09T00:58:03.925+0000] {dagbag.py:545} INFO - Filling up the DagBag from /home/airflow/.local/lib/python3.12/site-packages/airflow/example_dags/example_time_delta_sensor_async.py
[2026-06-09T00:58:03.929+0000] {processor.py:840} INFO - DAG(s) 'example_time_delta_sensor_async' retrieved from /home/airflow/.local/lib/python3.12/site-packages/airflow/example_dags/example_time_delta_sensor_async.py
[2026-06-09T00:58:03.948+0000] {logging_mixin.py:188} INFO - [2026-06-09T00:58:03.948+0000] {dag.py:3096} INFO - Sync 1 DAGs
[2026-06-09T00:58:03.963+0000] {logging_mixin.py:188} INFO - [2026-06-09T00:58:03.963+0000] {dag.py:3954} INFO - Setting next_dagrun for example_time_delta_sensor_async to None, run_after=None
[2026-06-09T00:58:03.987+0000] {processor.py:183} INFO - Processing /home/airflow/.local/lib/python3.12/site-packages/airflow/example_dags/example_time_delta_sensor_async.py took 0.072 seconds
[2026-06-09T00:58:34.148+0000] {processor.py:161} INFO - Started process (PID=138692) to work on /home/airflow/.local/lib/python3.12/site-packages/airflow/example_dags/example_time_delta_sensor_async.py
[2026-06-09T00:58:34.150+0000] {processor.py:830} INFO - Processing file /home/airflow/.local/lib/python3.12/site-packages/airflow/example_dags/example_time_delta_sensor_async.py for tasks to queue
[2026-06-09T00:58:34.152+0000] {logging_mixin.py:188} INFO - [2026-06-09T00:58:34.151+0000] {dagbag.py:545} INFO - Filling up the DagBag from /home/airflow/.local/lib/python3.12/site-packages/airflow/example_dags/example_time_delta_sensor_async.py
[2026-06-09T00:58:34.156+0000] {processor.py:840} INFO - DAG(s) 'example_time_delta_sensor_async' retrieved from /home/airflow/.local/lib/python3.12/site-packages/airflow/example_dags/example_time_delta_sensor_async.py
[2026-06-09T00:58:34.185+0000] {logging_mixin.py:188} INFO - [2026-06-09T00:58:34.185+0000] {dag.py:3096} INFO - Sync 1 DAGs
[2026-06-09T00:58:34.203+0000] {logging_mixin.py:188} INFO - [2026-06-09T00:58:34.203+0000] {dag.py:3954} INFO - Setting next_dagrun for example_time_delta_sensor_async to None, run_after=None
[2026-06-09T00:58:34.225+0000] {processor.py:183} INFO - Processing /home/airflow/.local/lib/python3.12/site-packages/airflow/example_dags/example_time_delta_sensor_async.py took 0.085 seconds
[2026-06-09T00:59:04.412+0000] {processor.py:161} INFO - Started process (PID=138954) to work on /home/airflow/.local/lib/python3.12/site-packages/airflow/example_dags/example_time_delta_sensor_async.py
[2026-06-09T00:59:04.413+0000] {processor.py:830} INFO - Processing file /home/airflow/.local/lib/python3.12/site-packages/airflow/example_dags/example_time_delta_sensor_async.py for tasks to queue
[2026-06-09T00:59:04.415+0000] {logging_mixin.py:188} INFO - [2026-06-09T00:59:04.415+0000] {dagbag.py:545} INFO - Filling up the DagBag from /home/airflow/.local/lib/python3.12/site-packages/airflow/example_dags/example_time_delta_sensor_async.py
[2026-06-09T00:59:04.418+0000] {processor.py:840} INFO - DAG(s) 'example_time_delta_sensor_async' retrieved from /home/airflow/.local/lib/python3.12/site-packages/airflow/example_dags/example_time_delta_sensor_async.py
[2026-06-09T00:59:04.440+0000] {logging_mixin.py:188} INFO - [2026-06-09T00:59:04.439+0000] {dag.py:3096} INFO - Sync 1 DAGs
[2026-06-09T00:59:04.452+0000] {logging_mixin.py:188} INFO - [2026-06-09T00:59:04.452+0000] {dag.py:3954} INFO - Setting next_dagrun for example_time_delta_sensor_async to None, run_after=None
[2026-06-09T00:59:04.474+0000] {processor.py:183} INFO - Processing /home/airflow/.local/lib/python3.12/site-packages/airflow/example_dags/example_time_delta_sensor_async.py took 0.070 seconds
[2026-06-09T00:59:34.929+0000] {processor.py:161} INFO - Started process (PID=139216) to work on /home/airflow/.local/lib/python3.12/site-packages/airflow/example_dags/example_time_delta_sensor_async.py
[2026-06-09T00:59:34.930+0000] {processor.py:830} INFO - Processing file /home/airflow/.local/lib/python3.12/site-packages/airflow/example_dags/example_time_delta_sensor_async.py for tasks to queue
[2026-06-09T00:59:34.931+0000] {logging_mixin.py:188} INFO - [2026-06-09T00:59:34.931+0000] {dagbag.py:545} INFO - Filling up the DagBag from /home/airflow/.local/lib/python3.12/site-packages/airflow/example_dags/example_time_delta_sensor_async.py
[2026-06-09T00:59:34.934+0000] {processor.py:840} INFO - DAG(s) 'example_time_delta_sensor_async' retrieved from /home/airflow/.local/lib/python3.12/site-packages/airflow/example_dags/example_time_delta_sensor_async.py
[2026-06-09T00:59:34.954+0000] {logging_mixin.py:188} INFO - [2026-06-09T00:59:34.954+0000] {dag.py:3096} INFO - Sync 1 DAGs
[2026-06-09T00:59:34.969+0000] {logging_mixin.py:188} INFO - [2026-06-09T00:59:34.968+0000] {dag.py:3954} INFO - Setting next_dagrun for example_time_delta_sensor_async to None, run_after=None
[2026-06-09T00:59:34.988+0000] {processor.py:183} INFO - Processing /home/airflow/.local/lib/python3.12/site-packages/airflow/example_dags/example_time_delta_sensor_async.py took 0.066 seconds
[2026-06-09T01:00:05.292+0000] {processor.py:161} INFO - Started process (PID=139478) to work on /home/airflow/.local/lib/python3.12/site-packages/airflow/example_dags/example_time_delta_sensor_async.py
[2026-06-09T01:00:05.293+0000] {processor.py:830} INFO - Processing file /home/airflow/.local/lib/python3.12/site-packages/airflow/example_dags/example_time_delta_sensor_async.py for tasks to queue
[2026-06-09T01:00:05.294+0000] {logging_mixin.py:188} INFO - [2026-06-09T01:00:05.294+0000] {dagbag.py:545} INFO - Filling up the DagBag from /home/airflow/.local/lib/python3.12/site-packages/airflow/example_dags/example_time_delta_sensor_async.py
[2026-06-09T01:00:05.298+0000] {processor.py:840} INFO - DAG(s) 'example_time_delta_sensor_async' retrieved from /home/airflow/.local/lib/python3.12/site-packages/airflow/example_dags/example_time_delta_sensor_async.py
[2026-06-09T01:00:05.318+0000] {logging_mixin.py:188} INFO - [2026-06-09T01:00:05.318+0000] {dag.py:3096} INFO - Sync 1 DAGs
[2026-06-09T01:00:05.332+0000] {logging_mixin.py:188} INFO - [2026-06-09T01:00:05.332+0000] {dag.py:3954} INFO - Setting next_dagrun for example_time_delta_sensor_async to None, run_after=None
[2026-06-09T01:00:05.352+0000] {processor.py:183} INFO - Processing /home/airflow/.local/lib/python3.12/site-packages/airflow/example_dags/example_time_delta_sensor_async.py took 0.068 seconds
[2026-06-09T01:00:35.871+0000] {processor.py:161} INFO - Started process (PID=139740) to work on /home/airflow/.local/lib/python3.12/site-packages/airflow/example_dags/example_time_delta_sensor_async.py
[2026-06-09T01:00:35.872+0000] {processor.py:830} INFO - Processing file /home/airflow/.local/lib/python3.12/site-packages/airflow/example_dags/example_time_delta_sensor_async.py for tasks to queue
[2026-06-09T01:00:35.874+0000] {logging_mixin.py:188} INFO - [2026-06-09T01:00:35.874+0000] {dagbag.py:545} INFO - Filling up the DagBag from /home/airflow/.local/lib/python3.12/site-packages/airflow/example_dags/example_time_delta_sensor_async.py
[2026-06-09T01:00:35.877+0000] {processor.py:840} INFO - DAG(s) 'example_time_delta_sensor_async' retrieved from /home/airflow/.local/lib/python3.12/site-packages/airflow/example_dags/example_time_delta_sensor_async.py
[2026-06-09T01:00:35.899+0000] {logging_mixin.py:188} INFO - [2026-06-09T01:00:35.899+0000] {dag.py:3096} INFO - Sync 1 DAGs
[2026-06-09T01:00:35.913+0000] {logging_mixin.py:188} INFO - [2026-06-09T01:00:35.913+0000] {dag.py:3954} INFO - Setting next_dagrun for example_time_delta_sensor_async to None, run_after=None
[2026-06-09T01:00:35.936+0000] {processor.py:183} INFO - Processing /home/airflow/.local/lib/python3.12/site-packages/airflow/example_dags/example_time_delta_sensor_async.py took 0.074 seconds
[2026-06-09T01:01:06.562+0000] {processor.py:161} INFO - Started process (PID=140002) to work on /home/airflow/.local/lib/python3.12/site-packages/airflow/example_dags/example_time_delta_sensor_async.py
[2026-06-09T01:01:06.563+0000] {processor.py:830} INFO - Processing file /home/airflow/.local/lib/python3.12/site-packages/airflow/example_dags/example_time_delta_sensor_async.py for tasks to queue
[2026-06-09T01:01:06.566+0000] {logging_mixin.py:188} INFO - [2026-06-09T01:01:06.565+0000] {dagbag.py:545} INFO - Filling up the DagBag from /home/airflow/.local/lib/python3.12/site-packages/airflow/example_dags/example_time_delta_sensor_async.py
[2026-06-09T01:01:06.571+0000] {processor.py:840} INFO - DAG(s) 'example_time_delta_sensor_async' retrieved from /home/airflow/.local/lib/python3.12/site-packages/airflow/example_dags/example_time_delta_sensor_async.py
[2026-06-09T01:01:06.593+0000] {logging_mixin.py:188} INFO - [2026-06-09T01:01:06.593+0000] {dag.py:3096} INFO - Sync 1 DAGs
[2026-06-09T01:01:06.604+0000] {logging_mixin.py:188} INFO - [2026-06-09T01:01:06.604+0000] {dag.py:3954} INFO - Setting next_dagrun for example_time_delta_sensor_async to None, run_after=None
[2026-06-09T01:01:06.633+0000] {processor.py:183} INFO - Processing /home/airflow/.local/lib/python3.12/site-packages/airflow/example_dags/example_time_delta_sensor_async.py took 0.075 seconds
[2026-06-09T01:01:37.114+0000] {processor.py:161} INFO - Started process (PID=140264) to work on /home/airflow/.local/lib/python3.12/site-packages/airflow/example_dags/example_time_delta_sensor_async.py
[2026-06-09T01:01:37.115+0000] {processor.py:830} INFO - Processing file /home/airflow/.local/lib/python3.12/site-packages/airflow/example_dags/example_time_delta_sensor_async.py for tasks to queue
[2026-06-09T01:01:37.117+0000] {logging_mixin.py:188} INFO - [2026-06-09T01:01:37.116+0000] {dagbag.py:545} INFO - Filling up the DagBag from /home/airflow/.local/lib/python3.12/site-packages/airflow/example_dags/example_time_delta_sensor_async.py
[2026-06-09T01:01:37.121+0000] {processor.py:840} INFO - DAG(s) 'example_time_delta_sensor_async' retrieved from /home/airflow/.local/lib/python3.12/site-packages/airflow/example_dags/example_time_delta_sensor_async.py
[2026-06-09T01:01:37.143+0000] {logging_mixin.py:188} INFO - [2026-06-09T01:01:37.143+0000] {dag.py:3096} INFO - Sync 1 DAGs
[2026-06-09T01:01:37.156+0000] {logging_mixin.py:188} INFO - [2026-06-09T01:01:37.156+0000] {dag.py:3954} INFO - Setting next_dagrun for example_time_delta_sensor_async to None, run_after=None
[2026-06-09T01:01:37.179+0000] {processor.py:183} INFO - Processing /home/airflow/.local/lib/python3.12/site-packages/airflow/example_dags/example_time_delta_sensor_async.py took 0.070 seconds
[2026-06-09T01:02:07.584+0000] {processor.py:161} INFO - Started process (PID=140526) to work on /home/airflow/.local/lib/python3.12/site-packages/airflow/example_dags/example_time_delta_sensor_async.py
[2026-06-09T01:02:07.585+0000] {processor.py:830} INFO - Processing file /home/airflow/.local/lib/python3.12/site-packages/airflow/example_dags/example_time_delta_sensor_async.py for tasks to queue
[2026-06-09T01:02:07.586+0000] {logging_mixin.py:188} INFO - [2026-06-09T01:02:07.586+0000] {dagbag.py:545} INFO - Filling up the DagBag from /home/airflow/.local/lib/python3.12/site-packages/airflow/example_dags/example_time_delta_sensor_async.py
[2026-06-09T01:02:07.591+0000] {processor.py:840} INFO - DAG(s) 'example_time_delta_sensor_async' retrieved from /home/airflow/.local/lib/python3.12/site-packages/airflow/example_dags/example_time_delta_sensor_async.py
[2026-06-09T01:02:07.617+0000] {logging_mixin.py:188} INFO - [2026-06-09T01:02:07.617+0000] {dag.py:3096} INFO - Sync 1 DAGs
[2026-06-09T01:02:07.630+0000] {logging_mixin.py:188} INFO - [2026-06-09T01:02:07.630+0000] {dag.py:3954} INFO - Setting next_dagrun for example_time_delta_sensor_async to None, run_after=None
[2026-06-09T01:02:07.651+0000] {processor.py:183} INFO - Processing /home/airflow/.local/lib/python3.12/site-packages/airflow/example_dags/example_time_delta_sensor_async.py took 0.072 seconds
[2026-06-09T01:02:37.870+0000] {processor.py:161} INFO - Started process (PID=140788) to work on /home/airflow/.local/lib/python3.12/site-packages/airflow/example_dags/example_time_delta_sensor_async.py
[2026-06-09T01:02:37.871+0000] {processor.py:830} INFO - Processing file /home/airflow/.local/lib/python3.12/site-packages/airflow/example_dags/example_time_delta_sensor_async.py for tasks to queue
[2026-06-09T01:02:37.873+0000] {logging_mixin.py:188} INFO - [2026-06-09T01:02:37.872+0000] {dagbag.py:545} INFO - Filling up the DagBag from /home/airflow/.local/lib/python3.12/site-packages/airflow/example_dags/example_time_delta_sensor_async.py
[2026-06-09T01:02:37.879+0000] {processor.py:840} INFO - DAG(s) 'example_time_delta_sensor_async' retrieved from /home/airflow/.local/lib/python3.12/site-packages/airflow/example_dags/example_time_delta_sensor_async.py
[2026-06-09T01:02:37.901+0000] {logging_mixin.py:188} INFO - [2026-06-09T01:02:37.901+0000] {dag.py:3096} INFO - Sync 1 DAGs
[2026-06-09T01:02:37.915+0000] {logging_mixin.py:188} INFO - [2026-06-09T01:02:37.915+0000] {dag.py:3954} INFO - Setting next_dagrun for example_time_delta_sensor_async to None, run_after=None
[2026-06-09T01:02:37.938+0000] {processor.py:183} INFO - Processing /home/airflow/.local/lib/python3.12/site-packages/airflow/example_dags/example_time_delta_sensor_async.py took 0.073 seconds
[2026-06-09T01:03:08.053+0000] {processor.py:161} INFO - Started process (PID=141050) to work on /home/airflow/.local/lib/python3.12/site-packages/airflow/example_dags/example_time_delta_sensor_async.py
[2026-06-09T01:03:08.054+0000] {processor.py:830} INFO - Processing file /home/airflow/.local/lib/python3.12/site-packages/airflow/example_dags/example_time_delta_sensor_async.py for tasks to queue
[2026-06-09T01:03:08.056+0000] {logging_mixin.py:188} INFO - [2026-06-09T01:03:08.056+0000] {dagbag.py:545} INFO - Filling up the DagBag from /home/airflow/.local/lib/python3.12/site-packages/airflow/example_dags/example_time_delta_sensor_async.py
[2026-06-09T01:03:08.061+0000] {processor.py:840} INFO - DAG(s) 'example_time_delta_sensor_async' retrieved from /home/airflow/.local/lib/python3.12/site-packages/airflow/example_dags/example_time_delta_sensor_async.py
[2026-06-09T01:03:08.081+0000] {logging_mixin.py:188} INFO - [2026-06-09T01:03:08.081+0000] {dag.py:3096} INFO - Sync 1 DAGs
[2026-06-09T01:03:08.096+0000] {logging_mixin.py:188} INFO - [2026-06-09T01:03:08.095+0000] {dag.py:3954} INFO - Setting next_dagrun for example_time_delta_sensor_async to None, run_after=None
[2026-06-09T01:03:08.118+0000] {processor.py:183} INFO - Processing /home/airflow/.local/lib/python3.12/site-packages/airflow/example_dags/example_time_delta_sensor_async.py took 0.071 seconds
[2026-06-09T01:03:38.681+0000] {processor.py:161} INFO - Started process (PID=141312) to work on /home/airflow/.local/lib/python3.12/site-packages/airflow/example_dags/example_time_delta_sensor_async.py
[2026-06-09T01:03:38.682+0000] {processor.py:830} INFO - Processing file /home/airflow/.local/lib/python3.12/site-packages/airflow/example_dags/example_time_delta_sensor_async.py for tasks to queue
[2026-06-09T01:03:38.685+0000] {logging_mixin.py:188} INFO - [2026-06-09T01:03:38.684+0000] {dagbag.py:545} INFO - Filling up the DagBag from /home/airflow/.local/lib/python3.12/site-packages/airflow/example_dags/example_time_delta_sensor_async.py
[2026-06-09T01:03:38.690+0000] {processor.py:840} INFO - DAG(s) 'example_time_delta_sensor_async' retrieved from /home/airflow/.local/lib/python3.12/site-packages/airflow/example_dags/example_time_delta_sensor_async.py
[2026-06-09T01:03:38.709+0000] {logging_mixin.py:188} INFO - [2026-06-09T01:03:38.709+0000] {dag.py:3096} INFO - Sync 1 DAGs
[2026-06-09T01:03:38.721+0000] {logging_mixin.py:188} INFO - [2026-06-09T01:03:38.721+0000] {dag.py:3954} INFO - Setting next_dagrun for example_time_delta_sensor_async to None, run_after=None
[2026-06-09T01:03:38.742+0000] {processor.py:183} INFO - Processing /home/airflow/.local/lib/python3.12/site-packages/airflow/example_dags/example_time_delta_sensor_async.py took 0.067 seconds
[2026-06-09T01:04:08.854+0000] {processor.py:161} INFO - Started process (PID=141574) to work on /home/airflow/.local/lib/python3.12/site-packages/airflow/example_dags/example_time_delta_sensor_async.py
[2026-06-09T01:04:08.855+0000] {processor.py:830} INFO - Processing file /home/airflow/.local/lib/python3.12/site-packages/airflow/example_dags/example_time_delta_sensor_async.py for tasks to queue
[2026-06-09T01:04:08.857+0000] {logging_mixin.py:188} INFO - [2026-06-09T01:04:08.856+0000] {dagbag.py:545} INFO - Filling up the DagBag from /home/airflow/.local/lib/python3.12/site-packages/airflow/example_dags/example_time_delta_sensor_async.py
[2026-06-09T01:04:08.861+0000] {processor.py:840} INFO - DAG(s) 'example_time_delta_sensor_async' retrieved from /home/airflow/.local/lib/python3.12/site-packages/airflow/example_dags/example_time_delta_sensor_async.py
[2026-06-09T01:04:08.883+0000] {logging_mixin.py:188} INFO - [2026-06-09T01:04:08.883+0000] {dag.py:3096} INFO - Sync 1 DAGs
[2026-06-09T01:04:08.897+0000] {logging_mixin.py:188} INFO - [2026-06-09T01:04:08.896+0000] {dag.py:3954} INFO - Setting next_dagrun for example_time_delta_sensor_async to None, run_after=None
[2026-06-09T01:04:08.921+0000] {processor.py:183} INFO - Processing /home/airflow/.local/lib/python3.12/site-packages/airflow/example_dags/example_time_delta_sensor_async.py took 0.073 seconds
[2026-06-09T01:04:39.112+0000] {processor.py:161} INFO - Started process (PID=141836) to work on /home/airflow/.local/lib/python3.12/site-packages/airflow/example_dags/example_time_delta_sensor_async.py
[2026-06-09T01:04:39.113+0000] {processor.py:830} INFO - Processing file /home/airflow/.local/lib/python3.12/site-packages/airflow/example_dags/example_time_delta_sensor_async.py for tasks to queue
[2026-06-09T01:04:39.114+0000] {logging_mixin.py:188} INFO - [2026-06-09T01:04:39.114+0000] {dagbag.py:545} INFO - Filling up the DagBag from /home/airflow/.local/lib/python3.12/site-packages/airflow/example_dags/example_time_delta_sensor_async.py
[2026-06-09T01:04:39.118+0000] {processor.py:840} INFO - DAG(s) 'example_time_delta_sensor_async' retrieved from /home/airflow/.local/lib/python3.12/site-packages/airflow/example_dags/example_time_delta_sensor_async.py
[2026-06-09T01:04:39.140+0000] {logging_mixin.py:188} INFO - [2026-06-09T01:04:39.139+0000] {dag.py:3096} INFO - Sync 1 DAGs
[2026-06-09T01:04:39.151+0000] {logging_mixin.py:188} INFO - [2026-06-09T01:04:39.151+0000] {dag.py:3954} INFO - Setting next_dagrun for example_time_delta_sensor_async to None, run_after=None
[2026-06-09T01:04:39.176+0000] {processor.py:183} INFO - Processing /home/airflow/.local/lib/python3.12/site-packages/airflow/example_dags/example_time_delta_sensor_async.py took 0.070 seconds
[2026-06-09T01:05:09.483+0000] {processor.py:161} INFO - Started process (PID=142098) to work on /home/airflow/.local/lib/python3.12/site-packages/airflow/example_dags/example_time_delta_sensor_async.py
[2026-06-09T01:05:09.484+0000] {processor.py:830} INFO - Processing file /home/airflow/.local/lib/python3.12/site-packages/airflow/example_dags/example_time_delta_sensor_async.py for tasks to queue
[2026-06-09T01:05:09.486+0000] {logging_mixin.py:188} INFO - [2026-06-09T01:05:09.486+0000] {dagbag.py:545} INFO - Filling up the DagBag from /home/airflow/.local/lib/python3.12/site-packages/airflow/example_dags/example_time_delta_sensor_async.py
[2026-06-09T01:05:09.491+0000] {processor.py:840} INFO - DAG(s) 'example_time_delta_sensor_async' retrieved from /home/airflow/.local/lib/python3.12/site-packages/airflow/example_dags/example_time_delta_sensor_async.py
[2026-06-09T01:05:09.513+0000] {logging_mixin.py:188} INFO - [2026-06-09T01:05:09.513+0000] {dag.py:3096} INFO - Sync 1 DAGs
[2026-06-09T01:05:09.527+0000] {logging_mixin.py:188} INFO - [2026-06-09T01:05:09.527+0000] {dag.py:3954} INFO - Setting next_dagrun for example_time_delta_sensor_async to None, run_after=None
[2026-06-09T01:05:09.548+0000] {processor.py:183} INFO - Processing /home/airflow/.local/lib/python3.12/site-packages/airflow/example_dags/example_time_delta_sensor_async.py took 0.070 seconds
[2026-06-09T01:05:39.670+0000] {processor.py:161} INFO - Started process (PID=142360) to work on /home/airflow/.local/lib/python3.12/site-packages/airflow/example_dags/example_time_delta_sensor_async.py
[2026-06-09T01:05:39.672+0000] {processor.py:830} INFO - Processing file /home/airflow/.local/lib/python3.12/site-packages/airflow/example_dags/example_time_delta_sensor_async.py for tasks to queue
[2026-06-09T01:05:39.673+0000] {logging_mixin.py:188} INFO - [2026-06-09T01:05:39.673+0000] {dagbag.py:545} INFO - Filling up the DagBag from /home/airflow/.local/lib/python3.12/site-packages/airflow/example_dags/example_time_delta_sensor_async.py
[2026-06-09T01:05:39.678+0000] {processor.py:840} INFO - DAG(s) 'example_time_delta_sensor_async' retrieved from /home/airflow/.local/lib/python3.12/site-packages/airflow/example_dags/example_time_delta_sensor_async.py
[2026-06-09T01:05:39.705+0000] {logging_mixin.py:188} INFO - [2026-06-09T01:05:39.705+0000] {dag.py:3096} INFO - Sync 1 DAGs
[2026-06-09T01:05:39.721+0000] {logging_mixin.py:188} INFO - [2026-06-09T01:05:39.720+0000] {dag.py:3954} INFO - Setting next_dagrun for example_time_delta_sensor_async to None, run_after=None
[2026-06-09T01:05:39.743+0000] {processor.py:183} INFO - Processing /home/airflow/.local/lib/python3.12/site-packages/airflow/example_dags/example_time_delta_sensor_async.py took 0.080 seconds
[2026-06-09T01:06:10.123+0000] {processor.py:161} INFO - Started process (PID=142622) to work on /home/airflow/.local/lib/python3.12/site-packages/airflow/example_dags/example_time_delta_sensor_async.py
[2026-06-09T01:06:10.124+0000] {processor.py:830} INFO - Processing file /home/airflow/.local/lib/python3.12/site-packages/airflow/example_dags/example_time_delta_sensor_async.py for tasks to queue
[2026-06-09T01:06:10.127+0000] {logging_mixin.py:188} INFO - [2026-06-09T01:06:10.126+0000] {dagbag.py:545} INFO - Filling up the DagBag from /home/airflow/.local/lib/python3.12/site-packages/airflow/example_dags/example_time_delta_sensor_async.py
[2026-06-09T01:06:10.130+0000] {processor.py:840} INFO - DAG(s) 'example_time_delta_sensor_async' retrieved from /home/airflow/.local/lib/python3.12/site-packages/airflow/example_dags/example_time_delta_sensor_async.py
[2026-06-09T01:06:10.151+0000] {logging_mixin.py:188} INFO - [2026-06-09T01:06:10.151+0000] {dag.py:3096} INFO - Sync 1 DAGs
[2026-06-09T01:06:10.162+0000] {logging_mixin.py:188} INFO - [2026-06-09T01:06:10.162+0000] {dag.py:3954} INFO - Setting next_dagrun for example_time_delta_sensor_async to None, run_after=None
[2026-06-09T01:06:10.181+0000] {processor.py:183} INFO - Processing /home/airflow/.local/lib/python3.12/site-packages/airflow/example_dags/example_time_delta_sensor_async.py took 0.063 seconds
[2026-06-09T01:06:40.391+0000] {processor.py:161} INFO - Started process (PID=142884) to work on /home/airflow/.local/lib/python3.12/site-packages/airflow/example_dags/example_time_delta_sensor_async.py
[2026-06-09T01:06:40.392+0000] {processor.py:830} INFO - Processing file /home/airflow/.local/lib/python3.12/site-packages/airflow/example_dags/example_time_delta_sensor_async.py for tasks to queue
[2026-06-09T01:06:40.394+0000] {logging_mixin.py:188} INFO - [2026-06-09T01:06:40.394+0000] {dagbag.py:545} INFO - Filling up the DagBag from /home/airflow/.local/lib/python3.12/site-packages/airflow/example_dags/example_time_delta_sensor_async.py
[2026-06-09T01:06:40.398+0000] {processor.py:840} INFO - DAG(s) 'example_time_delta_sensor_async' retrieved from /home/airflow/.local/lib/python3.12/site-packages/airflow/example_dags/example_time_delta_sensor_async.py
[2026-06-09T01:06:40.419+0000] {logging_mixin.py:188} INFO - [2026-06-09T01:06:40.418+0000] {dag.py:3096} INFO - Sync 1 DAGs
[2026-06-09T01:06:40.433+0000] {logging_mixin.py:188} INFO - [2026-06-09T01:06:40.433+0000] {dag.py:3954} INFO - Setting next_dagrun for example_time_delta_sensor_async to None, run_after=None
[2026-06-09T01:06:40.457+0000] {processor.py:183} INFO - Processing /home/airflow/.local/lib/python3.12/site-packages/airflow/example_dags/example_time_delta_sensor_async.py took 0.070 seconds
[2026-06-09T01:07:10.700+0000] {processor.py:161} INFO - Started process (PID=143146) to work on /home/airflow/.local/lib/python3.12/site-packages/airflow/example_dags/example_time_delta_sensor_async.py
[2026-06-09T01:07:10.701+0000] {processor.py:830} INFO - Processing file /home/airflow/.local/lib/python3.12/site-packages/airflow/example_dags/example_time_delta_sensor_async.py for tasks to queue
[2026-06-09T01:07:10.703+0000] {logging_mixin.py:188} INFO - [2026-06-09T01:07:10.703+0000] {dagbag.py:545} INFO - Filling up the DagBag from /home/airflow/.local/lib/python3.12/site-packages/airflow/example_dags/example_time_delta_sensor_async.py
[2026-06-09T01:07:10.707+0000] {processor.py:840} INFO - DAG(s) 'example_time_delta_sensor_async' retrieved from /home/airflow/.local/lib/python3.12/site-packages/airflow/example_dags/example_time_delta_sensor_async.py
[2026-06-09T01:07:10.731+0000] {logging_mixin.py:188} INFO - [2026-06-09T01:07:10.730+0000] {dag.py:3096} INFO - Sync 1 DAGs
[2026-06-09T01:07:10.746+0000] {logging_mixin.py:188} INFO - [2026-06-09T01:07:10.746+0000] {dag.py:3954} INFO - Setting next_dagrun for example_time_delta_sensor_async to None, run_after=None
[2026-06-09T01:07:10.774+0000] {processor.py:183} INFO - Processing /home/airflow/.local/lib/python3.12/site-packages/airflow/example_dags/example_time_delta_sensor_async.py took 0.081 seconds
[2026-06-09T01:07:41.039+0000] {processor.py:161} INFO - Started process (PID=143408) to work on /home/airflow/.local/lib/python3.12/site-packages/airflow/example_dags/example_time_delta_sensor_async.py
[2026-06-09T01:07:41.040+0000] {processor.py:830} INFO - Processing file /home/airflow/.local/lib/python3.12/site-packages/airflow/example_dags/example_time_delta_sensor_async.py for tasks to queue
[2026-06-09T01:07:41.042+0000] {logging_mixin.py:188} INFO - [2026-06-09T01:07:41.042+0000] {dagbag.py:545} INFO - Filling up the DagBag from /home/airflow/.local/lib/python3.12/site-packages/airflow/example_dags/example_time_delta_sensor_async.py
[2026-06-09T01:07:41.045+0000] {processor.py:840} INFO - DAG(s) 'example_time_delta_sensor_async' retrieved from /home/airflow/.local/lib/python3.12/site-packages/airflow/example_dags/example_time_delta_sensor_async.py
[2026-06-09T01:07:41.068+0000] {logging_mixin.py:188} INFO - [2026-06-09T01:07:41.067+0000] {dag.py:3096} INFO - Sync 1 DAGs
[2026-06-09T01:07:41.082+0000] {logging_mixin.py:188} INFO - [2026-06-09T01:07:41.082+0000] {dag.py:3954} INFO - Setting next_dagrun for example_time_delta_sensor_async to None, run_after=None
[2026-06-09T01:07:41.102+0000] {processor.py:183} INFO - Processing /home/airflow/.local/lib/python3.12/site-packages/airflow/example_dags/example_time_delta_sensor_async.py took 0.071 seconds
[2026-06-09T01:08:11.218+0000] {processor.py:161} INFO - Started process (PID=143676) to work on /home/airflow/.local/lib/python3.12/site-packages/airflow/example_dags/example_time_delta_sensor_async.py
[2026-06-09T01:08:11.219+0000] {processor.py:830} INFO - Processing file /home/airflow/.local/lib/python3.12/site-packages/airflow/example_dags/example_time_delta_sensor_async.py for tasks to queue
[2026-06-09T01:08:11.222+0000] {logging_mixin.py:188} INFO - [2026-06-09T01:08:11.222+0000] {dagbag.py:545} INFO - Filling up the DagBag from /home/airflow/.local/lib/python3.12/site-packages/airflow/example_dags/example_time_delta_sensor_async.py
[2026-06-09T01:08:11.228+0000] {processor.py:840} INFO - DAG(s) 'example_time_delta_sensor_async' retrieved from /home/airflow/.local/lib/python3.12/site-packages/airflow/example_dags/example_time_delta_sensor_async.py
[2026-06-09T01:08:11.250+0000] {logging_mixin.py:188} INFO - [2026-06-09T01:08:11.249+0000] {dag.py:3096} INFO - Sync 1 DAGs
[2026-06-09T01:08:11.264+0000] {logging_mixin.py:188} INFO - [2026-06-09T01:08:11.264+0000] {dag.py:3954} INFO - Setting next_dagrun for example_time_delta_sensor_async to None, run_after=None
[2026-06-09T01:08:11.285+0000] {processor.py:183} INFO - Processing /home/airflow/.local/lib/python3.12/site-packages/airflow/example_dags/example_time_delta_sensor_async.py took 0.072 seconds
[2026-06-09T01:08:41.922+0000] {processor.py:161} INFO - Started process (PID=143938) to work on /home/airflow/.local/lib/python3.12/site-packages/airflow/example_dags/example_time_delta_sensor_async.py
[2026-06-09T01:08:41.924+0000] {processor.py:830} INFO - Processing file /home/airflow/.local/lib/python3.12/site-packages/airflow/example_dags/example_time_delta_sensor_async.py for tasks to queue
[2026-06-09T01:08:41.927+0000] {logging_mixin.py:188} INFO - [2026-06-09T01:08:41.926+0000] {dagbag.py:545} INFO - Filling up the DagBag from /home/airflow/.local/lib/python3.12/site-packages/airflow/example_dags/example_time_delta_sensor_async.py
[2026-06-09T01:08:41.930+0000] {processor.py:840} INFO - DAG(s) 'example_time_delta_sensor_async' retrieved from /home/airflow/.local/lib/python3.12/site-packages/airflow/example_dags/example_time_delta_sensor_async.py
[2026-06-09T01:08:41.951+0000] {logging_mixin.py:188} INFO - [2026-06-09T01:08:41.951+0000] {dag.py:3096} INFO - Sync 1 DAGs
[2026-06-09T01:08:41.964+0000] {logging_mixin.py:188} INFO - [2026-06-09T01:08:41.964+0000] {dag.py:3954} INFO - Setting next_dagrun for example_time_delta_sensor_async to None, run_after=None
[2026-06-09T01:08:41.987+0000] {processor.py:183} INFO - Processing /home/airflow/.local/lib/python3.12/site-packages/airflow/example_dags/example_time_delta_sensor_async.py took 0.070 seconds
[2026-06-09T01:09:12.155+0000] {processor.py:161} INFO - Started process (PID=144200) to work on /home/airflow/.local/lib/python3.12/site-packages/airflow/example_dags/example_time_delta_sensor_async.py
[2026-06-09T01:09:12.157+0000] {processor.py:830} INFO - Processing file /home/airflow/.local/lib/python3.12/site-packages/airflow/example_dags/example_time_delta_sensor_async.py for tasks to queue
[2026-06-09T01:09:12.158+0000] {logging_mixin.py:188} INFO - [2026-06-09T01:09:12.158+0000] {dagbag.py:545} INFO - Filling up the DagBag from /home/airflow/.local/lib/python3.12/site-packages/airflow/example_dags/example_time_delta_sensor_async.py
[2026-06-09T01:09:12.162+0000] {processor.py:840} INFO - DAG(s) 'example_time_delta_sensor_async' retrieved from /home/airflow/.local/lib/python3.12/site-packages/airflow/example_dags/example_time_delta_sensor_async.py
[2026-06-09T01:09:12.182+0000] {logging_mixin.py:188} INFO - [2026-06-09T01:09:12.181+0000] {dag.py:3096} INFO - Sync 1 DAGs
[2026-06-09T01:09:12.195+0000] {logging_mixin.py:188} INFO - [2026-06-09T01:09:12.195+0000] {dag.py:3954} INFO - Setting next_dagrun for example_time_delta_sensor_async to None, run_after=None
[2026-06-09T01:09:12.217+0000] {processor.py:183} INFO - Processing /home/airflow/.local/lib/python3.12/site-packages/airflow/example_dags/example_time_delta_sensor_async.py took 0.067 seconds
[2026-06-09T01:09:42.573+0000] {processor.py:161} INFO - Started process (PID=144462) to work on /home/airflow/.local/lib/python3.12/site-packages/airflow/example_dags/example_time_delta_sensor_async.py
[2026-06-09T01:09:42.574+0000] {processor.py:830} INFO - Processing file /home/airflow/.local/lib/python3.12/site-packages/airflow/example_dags/example_time_delta_sensor_async.py for tasks to queue
[2026-06-09T01:09:42.576+0000] {logging_mixin.py:188} INFO - [2026-06-09T01:09:42.575+0000] {dagbag.py:545} INFO - Filling up the DagBag from /home/airflow/.local/lib/python3.12/site-packages/airflow/example_dags/example_time_delta_sensor_async.py
[2026-06-09T01:09:42.582+0000] {processor.py:840} INFO - DAG(s) 'example_time_delta_sensor_async' retrieved from /home/airflow/.local/lib/python3.12/site-packages/airflow/example_dags/example_time_delta_sensor_async.py
[2026-06-09T01:09:42.603+0000] {logging_mixin.py:188} INFO - [2026-06-09T01:09:42.602+0000] {dag.py:3096} INFO - Sync 1 DAGs
[2026-06-09T01:09:42.617+0000] {logging_mixin.py:188} INFO - [2026-06-09T01:09:42.616+0000] {dag.py:3954} INFO - Setting next_dagrun for example_time_delta_sensor_async to None, run_after=None
[2026-06-09T01:09:42.645+0000] {processor.py:183} INFO - Processing /home/airflow/.local/lib/python3.12/site-packages/airflow/example_dags/example_time_delta_sensor_async.py took 0.077 seconds
[2026-06-09T01:10:12.710+0000] {processor.py:161} INFO - Started process (PID=144724) to work on /home/airflow/.local/lib/python3.12/site-packages/airflow/example_dags/example_time_delta_sensor_async.py
[2026-06-09T01:10:12.712+0000] {processor.py:830} INFO - Processing file /home/airflow/.local/lib/python3.12/site-packages/airflow/example_dags/example_time_delta_sensor_async.py for tasks to queue
[2026-06-09T01:10:12.716+0000] {logging_mixin.py:188} INFO - [2026-06-09T01:10:12.716+0000] {dagbag.py:545} INFO - Filling up the DagBag from /home/airflow/.local/lib/python3.12/site-packages/airflow/example_dags/example_time_delta_sensor_async.py
[2026-06-09T01:10:12.720+0000] {processor.py:840} INFO - DAG(s) 'example_time_delta_sensor_async' retrieved from /home/airflow/.local/lib/python3.12/site-packages/airflow/example_dags/example_time_delta_sensor_async.py
[2026-06-09T01:10:12.742+0000] {logging_mixin.py:188} INFO - [2026-06-09T01:10:12.741+0000] {dag.py:3096} INFO - Sync 1 DAGs
[2026-06-09T01:10:12.757+0000] {logging_mixin.py:188} INFO - [2026-06-09T01:10:12.757+0000] {dag.py:3954} INFO - Setting next_dagrun for example_time_delta_sensor_async to None, run_after=None
[2026-06-09T01:10:12.783+0000] {processor.py:183} INFO - Processing /home/airflow/.local/lib/python3.12/site-packages/airflow/example_dags/example_time_delta_sensor_async.py took 0.079 seconds
[2026-06-09T01:10:43.136+0000] {processor.py:161} INFO - Started process (PID=144986) to work on /home/airflow/.local/lib/python3.12/site-packages/airflow/example_dags/example_time_delta_sensor_async.py
[2026-06-09T01:10:43.138+0000] {processor.py:830} INFO - Processing file /home/airflow/.local/lib/python3.12/site-packages/airflow/example_dags/example_time_delta_sensor_async.py for tasks to queue
[2026-06-09T01:10:43.140+0000] {logging_mixin.py:188} INFO - [2026-06-09T01:10:43.139+0000] {dagbag.py:545} INFO - Filling up the DagBag from /home/airflow/.local/lib/python3.12/site-packages/airflow/example_dags/example_time_delta_sensor_async.py
[2026-06-09T01:10:43.148+0000] {processor.py:840} INFO - DAG(s) 'example_time_delta_sensor_async' retrieved from /home/airflow/.local/lib/python3.12/site-packages/airflow/example_dags/example_time_delta_sensor_async.py
[2026-06-09T01:10:43.170+0000] {logging_mixin.py:188} INFO - [2026-06-09T01:10:43.170+0000] {dag.py:3096} INFO - Sync 1 DAGs
[2026-06-09T01:10:43.185+0000] {logging_mixin.py:188} INFO - [2026-06-09T01:10:43.185+0000] {dag.py:3954} INFO - Setting next_dagrun for example_time_delta_sensor_async to None, run_after=None
[2026-06-09T01:10:43.205+0000] {processor.py:183} INFO - Processing /home/airflow/.local/lib/python3.12/site-packages/airflow/example_dags/example_time_delta_sensor_async.py took 0.074 seconds
[2026-06-09T01:11:13.389+0000] {processor.py:161} INFO - Started process (PID=145242) to work on /home/airflow/.local/lib/python3.12/site-packages/airflow/example_dags/example_time_delta_sensor_async.py
[2026-06-09T01:11:13.390+0000] {processor.py:830} INFO - Processing file /home/airflow/.local/lib/python3.12/site-packages/airflow/example_dags/example_time_delta_sensor_async.py for tasks to queue
[2026-06-09T01:11:13.392+0000] {logging_mixin.py:188} INFO - [2026-06-09T01:11:13.391+0000] {dagbag.py:545} INFO - Filling up the DagBag from /home/airflow/.local/lib/python3.12/site-packages/airflow/example_dags/example_time_delta_sensor_async.py
[2026-06-09T01:11:13.397+0000] {processor.py:840} INFO - DAG(s) 'example_time_delta_sensor_async' retrieved from /home/airflow/.local/lib/python3.12/site-packages/airflow/example_dags/example_time_delta_sensor_async.py
[2026-06-09T01:11:13.418+0000] {logging_mixin.py:188} INFO - [2026-06-09T01:11:13.418+0000] {dag.py:3096} INFO - Sync 1 DAGs
[2026-06-09T01:11:13.430+0000] {logging_mixin.py:188} INFO - [2026-06-09T01:11:13.430+0000] {dag.py:3954} INFO - Setting next_dagrun for example_time_delta_sensor_async to None, run_after=None
[2026-06-09T01:11:13.452+0000] {processor.py:183} INFO - Processing /home/airflow/.local/lib/python3.12/site-packages/airflow/example_dags/example_time_delta_sensor_async.py took 0.067 seconds
[2026-06-09T01:11:43.855+0000] {processor.py:161} INFO - Started process (PID=145504) to work on /home/airflow/.local/lib/python3.12/site-packages/airflow/example_dags/example_time_delta_sensor_async.py
[2026-06-09T01:11:43.857+0000] {processor.py:830} INFO - Processing file /home/airflow/.local/lib/python3.12/site-packages/airflow/example_dags/example_time_delta_sensor_async.py for tasks to queue
[2026-06-09T01:11:43.859+0000] {logging_mixin.py:188} INFO - [2026-06-09T01:11:43.858+0000] {dagbag.py:545} INFO - Filling up the DagBag from /home/airflow/.local/lib/python3.12/site-packages/airflow/example_dags/example_time_delta_sensor_async.py
[2026-06-09T01:11:43.863+0000] {processor.py:840} INFO - DAG(s) 'example_time_delta_sensor_async' retrieved from /home/airflow/.local/lib/python3.12/site-packages/airflow/example_dags/example_time_delta_sensor_async.py
[2026-06-09T01:11:43.885+0000] {logging_mixin.py:188} INFO - [2026-06-09T01:11:43.885+0000] {dag.py:3096} INFO - Sync 1 DAGs
[2026-06-09T01:11:43.899+0000] {logging_mixin.py:188} INFO - [2026-06-09T01:11:43.898+0000] {dag.py:3954} INFO - Setting next_dagrun for example_time_delta_sensor_async to None, run_after=None
[2026-06-09T01:11:43.928+0000] {processor.py:183} INFO - Processing /home/airflow/.local/lib/python3.12/site-packages/airflow/example_dags/example_time_delta_sensor_async.py took 0.078 seconds
[2026-06-09T01:12:14.213+0000] {processor.py:161} INFO - Started process (PID=145766) to work on /home/airflow/.local/lib/python3.12/site-packages/airflow/example_dags/example_time_delta_sensor_async.py
[2026-06-09T01:12:14.214+0000] {processor.py:830} INFO - Processing file /home/airflow/.local/lib/python3.12/site-packages/airflow/example_dags/example_time_delta_sensor_async.py for tasks to queue
[2026-06-09T01:12:14.217+0000] {logging_mixin.py:188} INFO - [2026-06-09T01:12:14.217+0000] {dagbag.py:545} INFO - Filling up the DagBag from /home/airflow/.local/lib/python3.12/site-packages/airflow/example_dags/example_time_delta_sensor_async.py
[2026-06-09T01:12:14.221+0000] {processor.py:840} INFO - DAG(s) 'example_time_delta_sensor_async' retrieved from /home/airflow/.local/lib/python3.12/site-packages/airflow/example_dags/example_time_delta_sensor_async.py
[2026-06-09T01:12:14.248+0000] {logging_mixin.py:188} INFO - [2026-06-09T01:12:14.248+0000] {dag.py:3096} INFO - Sync 1 DAGs
[2026-06-09T01:12:14.260+0000] {logging_mixin.py:188} INFO - [2026-06-09T01:12:14.260+0000] {dag.py:3954} INFO - Setting next_dagrun for example_time_delta_sensor_async to None, run_after=None
[2026-06-09T01:12:14.288+0000] {processor.py:183} INFO - Processing /home/airflow/.local/lib/python3.12/site-packages/airflow/example_dags/example_time_delta_sensor_async.py took 0.083 seconds
[2026-06-09T01:12:44.976+0000] {processor.py:161} INFO - Started process (PID=146028) to work on /home/airflow/.local/lib/python3.12/site-packages/airflow/example_dags/example_time_delta_sensor_async.py
[2026-06-09T01:12:44.977+0000] {processor.py:830} INFO - Processing file /home/airflow/.local/lib/python3.12/site-packages/airflow/example_dags/example_time_delta_sensor_async.py for tasks to queue
[2026-06-09T01:12:44.979+0000] {logging_mixin.py:188} INFO - [2026-06-09T01:12:44.979+0000] {dagbag.py:545} INFO - Filling up the DagBag from /home/airflow/.local/lib/python3.12/site-packages/airflow/example_dags/example_time_delta_sensor_async.py
[2026-06-09T01:12:44.986+0000] {processor.py:840} INFO - DAG(s) 'example_time_delta_sensor_async' retrieved from /home/airflow/.local/lib/python3.12/site-packages/airflow/example_dags/example_time_delta_sensor_async.py
[2026-06-09T01:12:45.014+0000] {logging_mixin.py:188} INFO - [2026-06-09T01:12:45.013+0000] {dag.py:3096} INFO - Sync 1 DAGs
[2026-06-09T01:12:45.033+0000] {logging_mixin.py:188} INFO - [2026-06-09T01:12:45.033+0000] {dag.py:3954} INFO - Setting next_dagrun for example_time_delta_sensor_async to None, run_after=None
[2026-06-09T01:12:45.064+0000] {processor.py:183} INFO - Processing /home/airflow/.local/lib/python3.12/site-packages/airflow/example_dags/example_time_delta_sensor_async.py took 0.095 seconds
[2026-06-09T01:13:15.765+0000] {processor.py:161} INFO - Started process (PID=146290) to work on /home/airflow/.local/lib/python3.12/site-packages/airflow/example_dags/example_time_delta_sensor_async.py
[2026-06-09T01:13:15.774+0000] {processor.py:830} INFO - Processing file /home/airflow/.local/lib/python3.12/site-packages/airflow/example_dags/example_time_delta_sensor_async.py for tasks to queue
[2026-06-09T01:13:15.778+0000] {logging_mixin.py:188} INFO - [2026-06-09T01:13:15.777+0000] {dagbag.py:545} INFO - Filling up the DagBag from /home/airflow/.local/lib/python3.12/site-packages/airflow/example_dags/example_time_delta_sensor_async.py
[2026-06-09T01:13:15.781+0000] {processor.py:840} INFO - DAG(s) 'example_time_delta_sensor_async' retrieved from /home/airflow/.local/lib/python3.12/site-packages/airflow/example_dags/example_time_delta_sensor_async.py
[2026-06-09T01:13:15.807+0000] {logging_mixin.py:188} INFO - [2026-06-09T01:13:15.806+0000] {dag.py:3096} INFO - Sync 1 DAGs
[2026-06-09T01:13:15.818+0000] {logging_mixin.py:188} INFO - [2026-06-09T01:13:15.818+0000] {dag.py:3954} INFO - Setting next_dagrun for example_time_delta_sensor_async to None, run_after=None
[2026-06-09T01:13:15.839+0000] {processor.py:183} INFO - Processing /home/airflow/.local/lib/python3.12/site-packages/airflow/example_dags/example_time_delta_sensor_async.py took 0.104 seconds
[2026-06-09T01:13:46.798+0000] {processor.py:161} INFO - Started process (PID=146552) to work on /home/airflow/.local/lib/python3.12/site-packages/airflow/example_dags/example_time_delta_sensor_async.py
[2026-06-09T01:13:46.799+0000] {processor.py:830} INFO - Processing file /home/airflow/.local/lib/python3.12/site-packages/airflow/example_dags/example_time_delta_sensor_async.py for tasks to queue
[2026-06-09T01:13:46.801+0000] {logging_mixin.py:188} INFO - [2026-06-09T01:13:46.801+0000] {dagbag.py:545} INFO - Filling up the DagBag from /home/airflow/.local/lib/python3.12/site-packages/airflow/example_dags/example_time_delta_sensor_async.py
[2026-06-09T01:13:46.804+0000] {processor.py:840} INFO - DAG(s) 'example_time_delta_sensor_async' retrieved from /home/airflow/.local/lib/python3.12/site-packages/airflow/example_dags/example_time_delta_sensor_async.py
[2026-06-09T01:13:46.825+0000] {logging_mixin.py:188} INFO - [2026-06-09T01:13:46.825+0000] {dag.py:3096} INFO - Sync 1 DAGs
[2026-06-09T01:13:46.839+0000] {logging_mixin.py:188} INFO - [2026-06-09T01:13:46.838+0000] {dag.py:3954} INFO - Setting next_dagrun for example_time_delta_sensor_async to None, run_after=None
[2026-06-09T01:13:46.859+0000] {processor.py:183} INFO - Processing /home/airflow/.local/lib/python3.12/site-packages/airflow/example_dags/example_time_delta_sensor_async.py took 0.068 seconds
[2026-06-09T01:14:17.025+0000] {processor.py:161} INFO - Started process (PID=146814) to work on /home/airflow/.local/lib/python3.12/site-packages/airflow/example_dags/example_time_delta_sensor_async.py
[2026-06-09T01:14:17.027+0000] {processor.py:830} INFO - Processing file /home/airflow/.local/lib/python3.12/site-packages/airflow/example_dags/example_time_delta_sensor_async.py for tasks to queue
[2026-06-09T01:14:17.029+0000] {logging_mixin.py:188} INFO - [2026-06-09T01:14:17.029+0000] {dagbag.py:545} INFO - Filling up the DagBag from /home/airflow/.local/lib/python3.12/site-packages/airflow/example_dags/example_time_delta_sensor_async.py
[2026-06-09T01:14:17.033+0000] {processor.py:840} INFO - DAG(s) 'example_time_delta_sensor_async' retrieved from /home/airflow/.local/lib/python3.12/site-packages/airflow/example_dags/example_time_delta_sensor_async.py
[2026-06-09T01:14:17.054+0000] {logging_mixin.py:188} INFO - [2026-06-09T01:14:17.054+0000] {dag.py:3096} INFO - Sync 1 DAGs
[2026-06-09T01:14:17.067+0000] {logging_mixin.py:188} INFO - [2026-06-09T01:14:17.066+0000] {dag.py:3954} INFO - Setting next_dagrun for example_time_delta_sensor_async to None, run_after=None
[2026-06-09T01:14:17.089+0000] {processor.py:183} INFO - Processing /home/airflow/.local/lib/python3.12/site-packages/airflow/example_dags/example_time_delta_sensor_async.py took 0.069 seconds
[2026-06-09T01:14:47.275+0000] {processor.py:161} INFO - Started process (PID=147076) to work on /home/airflow/.local/lib/python3.12/site-packages/airflow/example_dags/example_time_delta_sensor_async.py
[2026-06-09T01:14:47.276+0000] {processor.py:830} INFO - Processing file /home/airflow/.local/lib/python3.12/site-packages/airflow/example_dags/example_time_delta_sensor_async.py for tasks to queue
[2026-06-09T01:14:47.278+0000] {logging_mixin.py:188} INFO - [2026-06-09T01:14:47.277+0000] {dagbag.py:545} INFO - Filling up the DagBag from /home/airflow/.local/lib/python3.12/site-packages/airflow/example_dags/example_time_delta_sensor_async.py
[2026-06-09T01:14:47.281+0000] {processor.py:840} INFO - DAG(s) 'example_time_delta_sensor_async' retrieved from /home/airflow/.local/lib/python3.12/site-packages/airflow/example_dags/example_time_delta_sensor_async.py
[2026-06-09T01:14:47.303+0000] {logging_mixin.py:188} INFO - [2026-06-09T01:14:47.302+0000] {dag.py:3096} INFO - Sync 1 DAGs
[2026-06-09T01:14:47.316+0000] {logging_mixin.py:188} INFO - [2026-06-09T01:14:47.316+0000] {dag.py:3954} INFO - Setting next_dagrun for example_time_delta_sensor_async to None, run_after=None
[2026-06-09T01:14:47.337+0000] {processor.py:183} INFO - Processing /home/airflow/.local/lib/python3.12/site-packages/airflow/example_dags/example_time_delta_sensor_async.py took 0.069 seconds
[2026-06-09T01:15:17.514+0000] {processor.py:161} INFO - Started process (PID=147339) to work on /home/airflow/.local/lib/python3.12/site-packages/airflow/example_dags/example_time_delta_sensor_async.py
[2026-06-09T01:15:17.515+0000] {processor.py:830} INFO - Processing file /home/airflow/.local/lib/python3.12/site-packages/airflow/example_dags/example_time_delta_sensor_async.py for tasks to queue
[2026-06-09T01:15:17.517+0000] {logging_mixin.py:188} INFO - [2026-06-09T01:15:17.517+0000] {dagbag.py:545} INFO - Filling up the DagBag from /home/airflow/.local/lib/python3.12/site-packages/airflow/example_dags/example_time_delta_sensor_async.py
[2026-06-09T01:15:17.521+0000] {processor.py:840} INFO - DAG(s) 'example_time_delta_sensor_async' retrieved from /home/airflow/.local/lib/python3.12/site-packages/airflow/example_dags/example_time_delta_sensor_async.py
[2026-06-09T01:15:17.541+0000] {logging_mixin.py:188} INFO - [2026-06-09T01:15:17.541+0000] {dag.py:3096} INFO - Sync 1 DAGs
[2026-06-09T01:15:17.555+0000] {logging_mixin.py:188} INFO - [2026-06-09T01:15:17.555+0000] {dag.py:3954} INFO - Setting next_dagrun for example_time_delta_sensor_async to None, run_after=None
[2026-06-09T01:15:17.577+0000] {processor.py:183} INFO - Processing /home/airflow/.local/lib/python3.12/site-packages/airflow/example_dags/example_time_delta_sensor_async.py took 0.068 seconds
[2026-06-09T01:15:47.698+0000] {processor.py:161} INFO - Started process (PID=147601) to work on /home/airflow/.local/lib/python3.12/site-packages/airflow/example_dags/example_time_delta_sensor_async.py
[2026-06-09T01:15:47.700+0000] {processor.py:830} INFO - Processing file /home/airflow/.local/lib/python3.12/site-packages/airflow/example_dags/example_time_delta_sensor_async.py for tasks to queue
[2026-06-09T01:15:47.701+0000] {logging_mixin.py:188} INFO - [2026-06-09T01:15:47.701+0000] {dagbag.py:545} INFO - Filling up the DagBag from /home/airflow/.local/lib/python3.12/site-packages/airflow/example_dags/example_time_delta_sensor_async.py
[2026-06-09T01:15:47.705+0000] {processor.py:840} INFO - DAG(s) 'example_time_delta_sensor_async' retrieved from /home/airflow/.local/lib/python3.12/site-packages/airflow/example_dags/example_time_delta_sensor_async.py
[2026-06-09T01:15:47.724+0000] {logging_mixin.py:188} INFO - [2026-06-09T01:15:47.724+0000] {dag.py:3096} INFO - Sync 1 DAGs
[2026-06-09T01:15:47.739+0000] {logging_mixin.py:188} INFO - [2026-06-09T01:15:47.738+0000] {dag.py:3954} INFO - Setting next_dagrun for example_time_delta_sensor_async to None, run_after=None
[2026-06-09T01:15:47.760+0000] {processor.py:183} INFO - Processing /home/airflow/.local/lib/python3.12/site-packages/airflow/example_dags/example_time_delta_sensor_async.py took 0.066 seconds
[2026-06-09T01:16:17.925+0000] {processor.py:161} INFO - Started process (PID=147863) to work on /home/airflow/.local/lib/python3.12/site-packages/airflow/example_dags/example_time_delta_sensor_async.py
[2026-06-09T01:16:17.926+0000] {processor.py:830} INFO - Processing file /home/airflow/.local/lib/python3.12/site-packages/airflow/example_dags/example_time_delta_sensor_async.py for tasks to queue
[2026-06-09T01:16:17.928+0000] {logging_mixin.py:188} INFO - [2026-06-09T01:16:17.927+0000] {dagbag.py:545} INFO - Filling up the DagBag from /home/airflow/.local/lib/python3.12/site-packages/airflow/example_dags/example_time_delta_sensor_async.py
[2026-06-09T01:16:17.934+0000] {processor.py:840} INFO - DAG(s) 'example_time_delta_sensor_async' retrieved from /home/airflow/.local/lib/python3.12/site-packages/airflow/example_dags/example_time_delta_sensor_async.py
[2026-06-09T01:16:17.960+0000] {logging_mixin.py:188} INFO - [2026-06-09T01:16:17.960+0000] {dag.py:3096} INFO - Sync 1 DAGs
[2026-06-09T01:16:17.973+0000] {logging_mixin.py:188} INFO - [2026-06-09T01:16:17.973+0000] {dag.py:3954} INFO - Setting next_dagrun for example_time_delta_sensor_async to None, run_after=None
[2026-06-09T01:16:17.991+0000] {processor.py:183} INFO - Processing /home/airflow/.local/lib/python3.12/site-packages/airflow/example_dags/example_time_delta_sensor_async.py took 0.071 seconds
[2026-06-09T01:16:48.155+0000] {processor.py:161} INFO - Started process (PID=148125) to work on /home/airflow/.local/lib/python3.12/site-packages/airflow/example_dags/example_time_delta_sensor_async.py
[2026-06-09T01:16:48.156+0000] {processor.py:830} INFO - Processing file /home/airflow/.local/lib/python3.12/site-packages/airflow/example_dags/example_time_delta_sensor_async.py for tasks to queue
[2026-06-09T01:16:48.158+0000] {logging_mixin.py:188} INFO - [2026-06-09T01:16:48.157+0000] {dagbag.py:545} INFO - Filling up the DagBag from /home/airflow/.local/lib/python3.12/site-packages/airflow/example_dags/example_time_delta_sensor_async.py
[2026-06-09T01:16:48.162+0000] {processor.py:840} INFO - DAG(s) 'example_time_delta_sensor_async' retrieved from /home/airflow/.local/lib/python3.12/site-packages/airflow/example_dags/example_time_delta_sensor_async.py
[2026-06-09T01:16:48.183+0000] {logging_mixin.py:188} INFO - [2026-06-09T01:16:48.183+0000] {dag.py:3096} INFO - Sync 1 DAGs
[2026-06-09T01:16:48.194+0000] {logging_mixin.py:188} INFO - [2026-06-09T01:16:48.194+0000] {dag.py:3954} INFO - Setting next_dagrun for example_time_delta_sensor_async to None, run_after=None
[2026-06-09T01:16:48.216+0000] {processor.py:183} INFO - Processing /home/airflow/.local/lib/python3.12/site-packages/airflow/example_dags/example_time_delta_sensor_async.py took 0.066 seconds
[2026-06-09T01:17:18.785+0000] {processor.py:161} INFO - Started process (PID=148387) to work on /home/airflow/.local/lib/python3.12/site-packages/airflow/example_dags/example_time_delta_sensor_async.py
[2026-06-09T01:17:18.786+0000] {processor.py:830} INFO - Processing file /home/airflow/.local/lib/python3.12/site-packages/airflow/example_dags/example_time_delta_sensor_async.py for tasks to queue
[2026-06-09T01:17:18.789+0000] {logging_mixin.py:188} INFO - [2026-06-09T01:17:18.788+0000] {dagbag.py:545} INFO - Filling up the DagBag from /home/airflow/.local/lib/python3.12/site-packages/airflow/example_dags/example_time_delta_sensor_async.py
[2026-06-09T01:17:18.793+0000] {processor.py:840} INFO - DAG(s) 'example_time_delta_sensor_async' retrieved from /home/airflow/.local/lib/python3.12/site-packages/airflow/example_dags/example_time_delta_sensor_async.py
[2026-06-09T01:17:18.813+0000] {logging_mixin.py:188} INFO - [2026-06-09T01:17:18.813+0000] {dag.py:3096} INFO - Sync 1 DAGs
[2026-06-09T01:17:18.826+0000] {logging_mixin.py:188} INFO - [2026-06-09T01:17:18.826+0000] {dag.py:3954} INFO - Setting next_dagrun for example_time_delta_sensor_async to None, run_after=None
[2026-06-09T01:17:18.849+0000] {processor.py:183} INFO - Processing /home/airflow/.local/lib/python3.12/site-packages/airflow/example_dags/example_time_delta_sensor_async.py took 0.069 seconds
[2026-06-09T01:17:49.178+0000] {processor.py:161} INFO - Started process (PID=148649) to work on /home/airflow/.local/lib/python3.12/site-packages/airflow/example_dags/example_time_delta_sensor_async.py
[2026-06-09T01:17:49.179+0000] {processor.py:830} INFO - Processing file /home/airflow/.local/lib/python3.12/site-packages/airflow/example_dags/example_time_delta_sensor_async.py for tasks to queue
[2026-06-09T01:17:49.181+0000] {logging_mixin.py:188} INFO - [2026-06-09T01:17:49.180+0000] {dagbag.py:545} INFO - Filling up the DagBag from /home/airflow/.local/lib/python3.12/site-packages/airflow/example_dags/example_time_delta_sensor_async.py
[2026-06-09T01:17:49.185+0000] {processor.py:840} INFO - DAG(s) 'example_time_delta_sensor_async' retrieved from /home/airflow/.local/lib/python3.12/site-packages/airflow/example_dags/example_time_delta_sensor_async.py
[2026-06-09T01:17:49.206+0000] {logging_mixin.py:188} INFO - [2026-06-09T01:17:49.206+0000] {dag.py:3096} INFO - Sync 1 DAGs
[2026-06-09T01:17:49.218+0000] {logging_mixin.py:188} INFO - [2026-06-09T01:17:49.218+0000] {dag.py:3954} INFO - Setting next_dagrun for example_time_delta_sensor_async to None, run_after=None
[2026-06-09T01:17:49.246+0000] {processor.py:183} INFO - Processing /home/airflow/.local/lib/python3.12/site-packages/airflow/example_dags/example_time_delta_sensor_async.py took 0.072 seconds
[2026-06-09T01:18:19.933+0000] {processor.py:161} INFO - Started process (PID=148911) to work on /home/airflow/.local/lib/python3.12/site-packages/airflow/example_dags/example_time_delta_sensor_async.py
[2026-06-09T01:18:19.935+0000] {processor.py:830} INFO - Processing file /home/airflow/.local/lib/python3.12/site-packages/airflow/example_dags/example_time_delta_sensor_async.py for tasks to queue
[2026-06-09T01:18:19.938+0000] {logging_mixin.py:188} INFO - [2026-06-09T01:18:19.938+0000] {dagbag.py:545} INFO - Filling up the DagBag from /home/airflow/.local/lib/python3.12/site-packages/airflow/example_dags/example_time_delta_sensor_async.py
[2026-06-09T01:18:19.942+0000] {processor.py:840} INFO - DAG(s) 'example_time_delta_sensor_async' retrieved from /home/airflow/.local/lib/python3.12/site-packages/airflow/example_dags/example_time_delta_sensor_async.py
[2026-06-09T01:18:19.964+0000] {logging_mixin.py:188} INFO - [2026-06-09T01:18:19.964+0000] {dag.py:3096} INFO - Sync 1 DAGs
[2026-06-09T01:18:19.978+0000] {logging_mixin.py:188} INFO - [2026-06-09T01:18:19.977+0000] {dag.py:3954} INFO - Setting next_dagrun for example_time_delta_sensor_async to None, run_after=None
[2026-06-09T01:18:19.999+0000] {processor.py:183} INFO - Processing /home/airflow/.local/lib/python3.12/site-packages/airflow/example_dags/example_time_delta_sensor_async.py took 0.071 seconds
[2026-06-09T01:18:50.254+0000] {processor.py:161} INFO - Started process (PID=149173) to work on /home/airflow/.local/lib/python3.12/site-packages/airflow/example_dags/example_time_delta_sensor_async.py
[2026-06-09T01:18:50.254+0000] {processor.py:830} INFO - Processing file /home/airflow/.local/lib/python3.12/site-packages/airflow/example_dags/example_time_delta_sensor_async.py for tasks to queue
[2026-06-09T01:18:50.256+0000] {logging_mixin.py:188} INFO - [2026-06-09T01:18:50.256+0000] {dagbag.py:545} INFO - Filling up the DagBag from /home/airflow/.local/lib/python3.12/site-packages/airflow/example_dags/example_time_delta_sensor_async.py
[2026-06-09T01:18:50.260+0000] {processor.py:840} INFO - DAG(s) 'example_time_delta_sensor_async' retrieved from /home/airflow/.local/lib/python3.12/site-packages/airflow/example_dags/example_time_delta_sensor_async.py
[2026-06-09T01:18:50.283+0000] {logging_mixin.py:188} INFO - [2026-06-09T01:18:50.283+0000] {dag.py:3096} INFO - Sync 1 DAGs
[2026-06-09T01:18:50.295+0000] {logging_mixin.py:188} INFO - [2026-06-09T01:18:50.295+0000] {dag.py:3954} INFO - Setting next_dagrun for example_time_delta_sensor_async to None, run_after=None
[2026-06-09T01:18:50.323+0000] {processor.py:183} INFO - Processing /home/airflow/.local/lib/python3.12/site-packages/airflow/example_dags/example_time_delta_sensor_async.py took 0.075 seconds
[2026-06-09T01:19:20.815+0000] {processor.py:161} INFO - Started process (PID=149441) to work on /home/airflow/.local/lib/python3.12/site-packages/airflow/example_dags/example_time_delta_sensor_async.py
[2026-06-09T01:19:20.816+0000] {processor.py:830} INFO - Processing file /home/airflow/.local/lib/python3.12/site-packages/airflow/example_dags/example_time_delta_sensor_async.py for tasks to queue
[2026-06-09T01:19:20.819+0000] {logging_mixin.py:188} INFO - [2026-06-09T01:19:20.818+0000] {dagbag.py:545} INFO - Filling up the DagBag from /home/airflow/.local/lib/python3.12/site-packages/airflow/example_dags/example_time_delta_sensor_async.py
[2026-06-09T01:19:20.823+0000] {processor.py:840} INFO - DAG(s) 'example_time_delta_sensor_async' retrieved from /home/airflow/.local/lib/python3.12/site-packages/airflow/example_dags/example_time_delta_sensor_async.py
[2026-06-09T01:19:20.846+0000] {logging_mixin.py:188} INFO - [2026-06-09T01:19:20.845+0000] {dag.py:3096} INFO - Sync 1 DAGs
[2026-06-09T01:19:20.859+0000] {logging_mixin.py:188} INFO - [2026-06-09T01:19:20.858+0000] {dag.py:3954} INFO - Setting next_dagrun for example_time_delta_sensor_async to None, run_after=None
[2026-06-09T01:19:20.886+0000] {processor.py:183} INFO - Processing /home/airflow/.local/lib/python3.12/site-packages/airflow/example_dags/example_time_delta_sensor_async.py took 0.076 seconds
[2026-06-09T01:19:51.059+0000] {processor.py:161} INFO - Started process (PID=149703) to work on /home/airflow/.local/lib/python3.12/site-packages/airflow/example_dags/example_time_delta_sensor_async.py
[2026-06-09T01:19:51.060+0000] {processor.py:830} INFO - Processing file /home/airflow/.local/lib/python3.12/site-packages/airflow/example_dags/example_time_delta_sensor_async.py for tasks to queue
[2026-06-09T01:19:51.062+0000] {logging_mixin.py:188} INFO - [2026-06-09T01:19:51.062+0000] {dagbag.py:545} INFO - Filling up the DagBag from /home/airflow/.local/lib/python3.12/site-packages/airflow/example_dags/example_time_delta_sensor_async.py
[2026-06-09T01:19:51.067+0000] {processor.py:840} INFO - DAG(s) 'example_time_delta_sensor_async' retrieved from /home/airflow/.local/lib/python3.12/site-packages/airflow/example_dags/example_time_delta_sensor_async.py
[2026-06-09T01:19:51.086+0000] {logging_mixin.py:188} INFO - [2026-06-09T01:19:51.086+0000] {dag.py:3096} INFO - Sync 1 DAGs
[2026-06-09T01:19:51.101+0000] {logging_mixin.py:188} INFO - [2026-06-09T01:19:51.101+0000] {dag.py:3954} INFO - Setting next_dagrun for example_time_delta_sensor_async to None, run_after=None
[2026-06-09T01:19:51.121+0000] {processor.py:183} INFO - Processing /home/airflow/.local/lib/python3.12/site-packages/airflow/example_dags/example_time_delta_sensor_async.py took 0.068 seconds
[2026-06-09T01:20:21.350+0000] {processor.py:161} INFO - Started process (PID=149965) to work on /home/airflow/.local/lib/python3.12/site-packages/airflow/example_dags/example_time_delta_sensor_async.py
[2026-06-09T01:20:21.352+0000] {processor.py:830} INFO - Processing file /home/airflow/.local/lib/python3.12/site-packages/airflow/example_dags/example_time_delta_sensor_async.py for tasks to queue
[2026-06-09T01:20:21.355+0000] {logging_mixin.py:188} INFO - [2026-06-09T01:20:21.354+0000] {dagbag.py:545} INFO - Filling up the DagBag from /home/airflow/.local/lib/python3.12/site-packages/airflow/example_dags/example_time_delta_sensor_async.py
[2026-06-09T01:20:21.359+0000] {processor.py:840} INFO - DAG(s) 'example_time_delta_sensor_async' retrieved from /home/airflow/.local/lib/python3.12/site-packages/airflow/example_dags/example_time_delta_sensor_async.py
[2026-06-09T01:20:21.381+0000] {logging_mixin.py:188} INFO - [2026-06-09T01:20:21.380+0000] {dag.py:3096} INFO - Sync 1 DAGs
[2026-06-09T01:20:21.394+0000] {logging_mixin.py:188} INFO - [2026-06-09T01:20:21.394+0000] {dag.py:3954} INFO - Setting next_dagrun for example_time_delta_sensor_async to None, run_after=None
[2026-06-09T01:20:21.414+0000] {processor.py:183} INFO - Processing /home/airflow/.local/lib/python3.12/site-packages/airflow/example_dags/example_time_delta_sensor_async.py took 0.068 seconds
[2026-06-09T01:20:51.579+0000] {processor.py:161} INFO - Started process (PID=150227) to work on /home/airflow/.local/lib/python3.12/site-packages/airflow/example_dags/example_time_delta_sensor_async.py
[2026-06-09T01:20:51.580+0000] {processor.py:830} INFO - Processing file /home/airflow/.local/lib/python3.12/site-packages/airflow/example_dags/example_time_delta_sensor_async.py for tasks to queue
[2026-06-09T01:20:51.582+0000] {logging_mixin.py:188} INFO - [2026-06-09T01:20:51.582+0000] {dagbag.py:545} INFO - Filling up the DagBag from /home/airflow/.local/lib/python3.12/site-packages/airflow/example_dags/example_time_delta_sensor_async.py
[2026-06-09T01:20:51.587+0000] {processor.py:840} INFO - DAG(s) 'example_time_delta_sensor_async' retrieved from /home/airflow/.local/lib/python3.12/site-packages/airflow/example_dags/example_time_delta_sensor_async.py
[2026-06-09T01:20:51.609+0000] {logging_mixin.py:188} INFO - [2026-06-09T01:20:51.608+0000] {dag.py:3096} INFO - Sync 1 DAGs
[2026-06-09T01:20:51.622+0000] {logging_mixin.py:188} INFO - [2026-06-09T01:20:51.622+0000] {dag.py:3954} INFO - Setting next_dagrun for example_time_delta_sensor_async to None, run_after=None
[2026-06-09T01:20:51.641+0000] {processor.py:183} INFO - Processing /home/airflow/.local/lib/python3.12/site-packages/airflow/example_dags/example_time_delta_sensor_async.py took 0.068 seconds
[2026-06-09T01:21:21.866+0000] {processor.py:161} INFO - Started process (PID=150489) to work on /home/airflow/.local/lib/python3.12/site-packages/airflow/example_dags/example_time_delta_sensor_async.py
[2026-06-09T01:21:21.867+0000] {processor.py:830} INFO - Processing file /home/airflow/.local/lib/python3.12/site-packages/airflow/example_dags/example_time_delta_sensor_async.py for tasks to queue
[2026-06-09T01:21:21.869+0000] {logging_mixin.py:188} INFO - [2026-06-09T01:21:21.869+0000] {dagbag.py:545} INFO - Filling up the DagBag from /home/airflow/.local/lib/python3.12/site-packages/airflow/example_dags/example_time_delta_sensor_async.py
[2026-06-09T01:21:21.873+0000] {processor.py:840} INFO - DAG(s) 'example_time_delta_sensor_async' retrieved from /home/airflow/.local/lib/python3.12/site-packages/airflow/example_dags/example_time_delta_sensor_async.py
[2026-06-09T01:21:21.896+0000] {logging_mixin.py:188} INFO - [2026-06-09T01:21:21.895+0000] {dag.py:3096} INFO - Sync 1 DAGs
[2026-06-09T01:21:21.908+0000] {logging_mixin.py:188} INFO - [2026-06-09T01:21:21.908+0000] {dag.py:3954} INFO - Setting next_dagrun for example_time_delta_sensor_async to None, run_after=None
[2026-06-09T01:21:21.934+0000] {processor.py:183} INFO - Processing /home/airflow/.local/lib/python3.12/site-packages/airflow/example_dags/example_time_delta_sensor_async.py took 0.073 seconds
[2026-06-09T01:21:52.261+0000] {processor.py:161} INFO - Started process (PID=150751) to work on /home/airflow/.local/lib/python3.12/site-packages/airflow/example_dags/example_time_delta_sensor_async.py
[2026-06-09T01:21:52.262+0000] {processor.py:830} INFO - Processing file /home/airflow/.local/lib/python3.12/site-packages/airflow/example_dags/example_time_delta_sensor_async.py for tasks to queue
[2026-06-09T01:21:52.263+0000] {logging_mixin.py:188} INFO - [2026-06-09T01:21:52.263+0000] {dagbag.py:545} INFO - Filling up the DagBag from /home/airflow/.local/lib/python3.12/site-packages/airflow/example_dags/example_time_delta_sensor_async.py
[2026-06-09T01:21:52.267+0000] {processor.py:840} INFO - DAG(s) 'example_time_delta_sensor_async' retrieved from /home/airflow/.local/lib/python3.12/site-packages/airflow/example_dags/example_time_delta_sensor_async.py
[2026-06-09T01:21:52.288+0000] {logging_mixin.py:188} INFO - [2026-06-09T01:21:52.287+0000] {dag.py:3096} INFO - Sync 1 DAGs
[2026-06-09T01:21:52.299+0000] {logging_mixin.py:188} INFO - [2026-06-09T01:21:52.299+0000] {dag.py:3954} INFO - Setting next_dagrun for example_time_delta_sensor_async to None, run_after=None
[2026-06-09T01:21:52.324+0000] {processor.py:183} INFO - Processing /home/airflow/.local/lib/python3.12/site-packages/airflow/example_dags/example_time_delta_sensor_async.py took 0.071 seconds
[2026-06-09T01:22:22.588+0000] {processor.py:161} INFO - Started process (PID=151013) to work on /home/airflow/.local/lib/python3.12/site-packages/airflow/example_dags/example_time_delta_sensor_async.py
[2026-06-09T01:22:22.589+0000] {processor.py:830} INFO - Processing file /home/airflow/.local/lib/python3.12/site-packages/airflow/example_dags/example_time_delta_sensor_async.py for tasks to queue
[2026-06-09T01:22:22.591+0000] {logging_mixin.py:188} INFO - [2026-06-09T01:22:22.590+0000] {dagbag.py:545} INFO - Filling up the DagBag from /home/airflow/.local/lib/python3.12/site-packages/airflow/example_dags/example_time_delta_sensor_async.py
[2026-06-09T01:22:22.595+0000] {processor.py:840} INFO - DAG(s) 'example_time_delta_sensor_async' retrieved from /home/airflow/.local/lib/python3.12/site-packages/airflow/example_dags/example_time_delta_sensor_async.py
[2026-06-09T01:22:22.617+0000] {logging_mixin.py:188} INFO - [2026-06-09T01:22:22.617+0000] {dag.py:3096} INFO - Sync 1 DAGs
[2026-06-09T01:22:22.631+0000] {logging_mixin.py:188} INFO - [2026-06-09T01:22:22.631+0000] {dag.py:3954} INFO - Setting next_dagrun for example_time_delta_sensor_async to None, run_after=None
[2026-06-09T01:22:22.652+0000] {processor.py:183} INFO - Processing /home/airflow/.local/lib/python3.12/site-packages/airflow/example_dags/example_time_delta_sensor_async.py took 0.070 seconds
[2026-06-09T01:22:52.983+0000] {processor.py:161} INFO - Started process (PID=151275) to work on /home/airflow/.local/lib/python3.12/site-packages/airflow/example_dags/example_time_delta_sensor_async.py
[2026-06-09T01:22:52.985+0000] {processor.py:830} INFO - Processing file /home/airflow/.local/lib/python3.12/site-packages/airflow/example_dags/example_time_delta_sensor_async.py for tasks to queue
[2026-06-09T01:22:52.988+0000] {logging_mixin.py:188} INFO - [2026-06-09T01:22:52.987+0000] {dagbag.py:545} INFO - Filling up the DagBag from /home/airflow/.local/lib/python3.12/site-packages/airflow/example_dags/example_time_delta_sensor_async.py
[2026-06-09T01:22:52.992+0000] {processor.py:840} INFO - DAG(s) 'example_time_delta_sensor_async' retrieved from /home/airflow/.local/lib/python3.12/site-packages/airflow/example_dags/example_time_delta_sensor_async.py
[2026-06-09T01:22:53.016+0000] {logging_mixin.py:188} INFO - [2026-06-09T01:22:53.016+0000] {dag.py:3096} INFO - Sync 1 DAGs
[2026-06-09T01:22:53.029+0000] {logging_mixin.py:188} INFO - [2026-06-09T01:22:53.029+0000] {dag.py:3954} INFO - Setting next_dagrun for example_time_delta_sensor_async to None, run_after=None
[2026-06-09T01:22:53.051+0000] {processor.py:183} INFO - Processing /home/airflow/.local/lib/python3.12/site-packages/airflow/example_dags/example_time_delta_sensor_async.py took 0.073 seconds
[2026-06-09T01:23:23.224+0000] {processor.py:161} INFO - Started process (PID=151537) to work on /home/airflow/.local/lib/python3.12/site-packages/airflow/example_dags/example_time_delta_sensor_async.py
[2026-06-09T01:23:23.225+0000] {processor.py:830} INFO - Processing file /home/airflow/.local/lib/python3.12/site-packages/airflow/example_dags/example_time_delta_sensor_async.py for tasks to queue
[2026-06-09T01:23:23.227+0000] {logging_mixin.py:188} INFO - [2026-06-09T01:23:23.227+0000] {dagbag.py:545} INFO - Filling up the DagBag from /home/airflow/.local/lib/python3.12/site-packages/airflow/example_dags/example_time_delta_sensor_async.py
[2026-06-09T01:23:23.232+0000] {processor.py:840} INFO - DAG(s) 'example_time_delta_sensor_async' retrieved from /home/airflow/.local/lib/python3.12/site-packages/airflow/example_dags/example_time_delta_sensor_async.py
[2026-06-09T01:23:23.254+0000] {logging_mixin.py:188} INFO - [2026-06-09T01:23:23.254+0000] {dag.py:3096} INFO - Sync 1 DAGs
[2026-06-09T01:23:23.266+0000] {logging_mixin.py:188} INFO - [2026-06-09T01:23:23.266+0000] {dag.py:3954} INFO - Setting next_dagrun for example_time_delta_sensor_async to None, run_after=None
[2026-06-09T01:23:23.288+0000] {processor.py:183} INFO - Processing /home/airflow/.local/lib/python3.12/site-packages/airflow/example_dags/example_time_delta_sensor_async.py took 0.071 seconds
[2026-06-09T01:23:53.536+0000] {processor.py:161} INFO - Started process (PID=151799) to work on /home/airflow/.local/lib/python3.12/site-packages/airflow/example_dags/example_time_delta_sensor_async.py
[2026-06-09T01:23:53.537+0000] {processor.py:830} INFO - Processing file /home/airflow/.local/lib/python3.12/site-packages/airflow/example_dags/example_time_delta_sensor_async.py for tasks to queue
[2026-06-09T01:23:53.539+0000] {logging_mixin.py:188} INFO - [2026-06-09T01:23:53.539+0000] {dagbag.py:545} INFO - Filling up the DagBag from /home/airflow/.local/lib/python3.12/site-packages/airflow/example_dags/example_time_delta_sensor_async.py
[2026-06-09T01:23:53.542+0000] {processor.py:840} INFO - DAG(s) 'example_time_delta_sensor_async' retrieved from /home/airflow/.local/lib/python3.12/site-packages/airflow/example_dags/example_time_delta_sensor_async.py
[2026-06-09T01:23:53.564+0000] {logging_mixin.py:188} INFO - [2026-06-09T01:23:53.564+0000] {dag.py:3096} INFO - Sync 1 DAGs
[2026-06-09T01:23:53.579+0000] {logging_mixin.py:188} INFO - [2026-06-09T01:23:53.578+0000] {dag.py:3954} INFO - Setting next_dagrun for example_time_delta_sensor_async to None, run_after=None
[2026-06-09T01:23:53.599+0000] {processor.py:183} INFO - Processing /home/airflow/.local/lib/python3.12/site-packages/airflow/example_dags/example_time_delta_sensor_async.py took 0.071 seconds
[2026-06-09T01:24:24.109+0000] {processor.py:161} INFO - Started process (PID=152061) to work on /home/airflow/.local/lib/python3.12/site-packages/airflow/example_dags/example_time_delta_sensor_async.py
[2026-06-09T01:24:24.111+0000] {processor.py:830} INFO - Processing file /home/airflow/.local/lib/python3.12/site-packages/airflow/example_dags/example_time_delta_sensor_async.py for tasks to queue
[2026-06-09T01:24:24.113+0000] {logging_mixin.py:188} INFO - [2026-06-09T01:24:24.113+0000] {dagbag.py:545} INFO - Filling up the DagBag from /home/airflow/.local/lib/python3.12/site-packages/airflow/example_dags/example_time_delta_sensor_async.py
[2026-06-09T01:24:24.120+0000] {processor.py:840} INFO - DAG(s) 'example_time_delta_sensor_async' retrieved from /home/airflow/.local/lib/python3.12/site-packages/airflow/example_dags/example_time_delta_sensor_async.py
[2026-06-09T01:24:24.141+0000] {logging_mixin.py:188} INFO - [2026-06-09T01:24:24.141+0000] {dag.py:3096} INFO - Sync 1 DAGs
[2026-06-09T01:24:24.156+0000] {logging_mixin.py:188} INFO - [2026-06-09T01:24:24.156+0000] {dag.py:3954} INFO - Setting next_dagrun for example_time_delta_sensor_async to None, run_after=None
[2026-06-09T01:24:24.175+0000] {processor.py:183} INFO - Processing /home/airflow/.local/lib/python3.12/site-packages/airflow/example_dags/example_time_delta_sensor_async.py took 0.071 seconds
[2026-06-09T01:24:54.632+0000] {processor.py:161} INFO - Started process (PID=152323) to work on /home/airflow/.local/lib/python3.12/site-packages/airflow/example_dags/example_time_delta_sensor_async.py
[2026-06-09T01:24:54.633+0000] {processor.py:830} INFO - Processing file /home/airflow/.local/lib/python3.12/site-packages/airflow/example_dags/example_time_delta_sensor_async.py for tasks to queue
[2026-06-09T01:24:54.635+0000] {logging_mixin.py:188} INFO - [2026-06-09T01:24:54.635+0000] {dagbag.py:545} INFO - Filling up the DagBag from /home/airflow/.local/lib/python3.12/site-packages/airflow/example_dags/example_time_delta_sensor_async.py
[2026-06-09T01:24:54.639+0000] {processor.py:840} INFO - DAG(s) 'example_time_delta_sensor_async' retrieved from /home/airflow/.local/lib/python3.12/site-packages/airflow/example_dags/example_time_delta_sensor_async.py
[2026-06-09T01:24:54.665+0000] {logging_mixin.py:188} INFO - [2026-06-09T01:24:54.665+0000] {dag.py:3096} INFO - Sync 1 DAGs
[2026-06-09T01:24:54.679+0000] {logging_mixin.py:188} INFO - [2026-06-09T01:24:54.679+0000] {dag.py:3954} INFO - Setting next_dagrun for example_time_delta_sensor_async to None, run_after=None
[2026-06-09T01:24:54.704+0000] {processor.py:183} INFO - Processing /home/airflow/.local/lib/python3.12/site-packages/airflow/example_dags/example_time_delta_sensor_async.py took 0.082 seconds
[2026-06-09T01:25:25.159+0000] {processor.py:161} INFO - Started process (PID=152585) to work on /home/airflow/.local/lib/python3.12/site-packages/airflow/example_dags/example_time_delta_sensor_async.py
[2026-06-09T01:25:25.160+0000] {processor.py:830} INFO - Processing file /home/airflow/.local/lib/python3.12/site-packages/airflow/example_dags/example_time_delta_sensor_async.py for tasks to queue
[2026-06-09T01:25:25.161+0000] {logging_mixin.py:188} INFO - [2026-06-09T01:25:25.161+0000] {dagbag.py:545} INFO - Filling up the DagBag from /home/airflow/.local/lib/python3.12/site-packages/airflow/example_dags/example_time_delta_sensor_async.py
[2026-06-09T01:25:25.166+0000] {processor.py:840} INFO - DAG(s) 'example_time_delta_sensor_async' retrieved from /home/airflow/.local/lib/python3.12/site-packages/airflow/example_dags/example_time_delta_sensor_async.py
[2026-06-09T01:25:25.189+0000] {logging_mixin.py:188} INFO - [2026-06-09T01:25:25.188+0000] {dag.py:3096} INFO - Sync 1 DAGs
[2026-06-09T01:25:25.202+0000] {logging_mixin.py:188} INFO - [2026-06-09T01:25:25.202+0000] {dag.py:3954} INFO - Setting next_dagrun for example_time_delta_sensor_async to None, run_after=None
[2026-06-09T01:25:25.222+0000] {processor.py:183} INFO - Processing /home/airflow/.local/lib/python3.12/site-packages/airflow/example_dags/example_time_delta_sensor_async.py took 0.070 seconds
[2026-06-09T01:25:55.653+0000] {processor.py:161} INFO - Started process (PID=152847) to work on /home/airflow/.local/lib/python3.12/site-packages/airflow/example_dags/example_time_delta_sensor_async.py
[2026-06-09T01:25:55.655+0000] {processor.py:830} INFO - Processing file /home/airflow/.local/lib/python3.12/site-packages/airflow/example_dags/example_time_delta_sensor_async.py for tasks to queue
[2026-06-09T01:25:55.657+0000] {logging_mixin.py:188} INFO - [2026-06-09T01:25:55.656+0000] {dagbag.py:545} INFO - Filling up the DagBag from /home/airflow/.local/lib/python3.12/site-packages/airflow/example_dags/example_time_delta_sensor_async.py
[2026-06-09T01:25:55.662+0000] {processor.py:840} INFO - DAG(s) 'example_time_delta_sensor_async' retrieved from /home/airflow/.local/lib/python3.12/site-packages/airflow/example_dags/example_time_delta_sensor_async.py
[2026-06-09T01:25:55.686+0000] {logging_mixin.py:188} INFO - [2026-06-09T01:25:55.685+0000] {dag.py:3096} INFO - Sync 1 DAGs
[2026-06-09T01:25:55.700+0000] {logging_mixin.py:188} INFO - [2026-06-09T01:25:55.700+0000] {dag.py:3954} INFO - Setting next_dagrun for example_time_delta_sensor_async to None, run_after=None
[2026-06-09T01:25:55.719+0000] {processor.py:183} INFO - Processing /home/airflow/.local/lib/python3.12/site-packages/airflow/example_dags/example_time_delta_sensor_async.py took 0.070 seconds
[2026-06-09T01:26:26.060+0000] {processor.py:161} INFO - Started process (PID=153109) to work on /home/airflow/.local/lib/python3.12/site-packages/airflow/example_dags/example_time_delta_sensor_async.py
[2026-06-09T01:26:26.061+0000] {processor.py:830} INFO - Processing file /home/airflow/.local/lib/python3.12/site-packages/airflow/example_dags/example_time_delta_sensor_async.py for tasks to queue
[2026-06-09T01:26:26.063+0000] {logging_mixin.py:188} INFO - [2026-06-09T01:26:26.062+0000] {dagbag.py:545} INFO - Filling up the DagBag from /home/airflow/.local/lib/python3.12/site-packages/airflow/example_dags/example_time_delta_sensor_async.py
[2026-06-09T01:26:26.066+0000] {processor.py:840} INFO - DAG(s) 'example_time_delta_sensor_async' retrieved from /home/airflow/.local/lib/python3.12/site-packages/airflow/example_dags/example_time_delta_sensor_async.py
[2026-06-09T01:26:26.088+0000] {logging_mixin.py:188} INFO - [2026-06-09T01:26:26.088+0000] {dag.py:3096} INFO - Sync 1 DAGs
[2026-06-09T01:26:26.100+0000] {logging_mixin.py:188} INFO - [2026-06-09T01:26:26.100+0000] {dag.py:3954} INFO - Setting next_dagrun for example_time_delta_sensor_async to None, run_after=None
[2026-06-09T01:26:26.126+0000] {processor.py:183} INFO - Processing /home/airflow/.local/lib/python3.12/site-packages/airflow/example_dags/example_time_delta_sensor_async.py took 0.072 seconds
[2026-06-09T01:26:56.268+0000] {processor.py:161} INFO - Started process (PID=153371) to work on /home/airflow/.local/lib/python3.12/site-packages/airflow/example_dags/example_time_delta_sensor_async.py
[2026-06-09T01:26:56.269+0000] {processor.py:830} INFO - Processing file /home/airflow/.local/lib/python3.12/site-packages/airflow/example_dags/example_time_delta_sensor_async.py for tasks to queue
[2026-06-09T01:26:56.273+0000] {logging_mixin.py:188} INFO - [2026-06-09T01:26:56.273+0000] {dagbag.py:545} INFO - Filling up the DagBag from /home/airflow/.local/lib/python3.12/site-packages/airflow/example_dags/example_time_delta_sensor_async.py
[2026-06-09T01:26:56.277+0000] {processor.py:840} INFO - DAG(s) 'example_time_delta_sensor_async' retrieved from /home/airflow/.local/lib/python3.12/site-packages/airflow/example_dags/example_time_delta_sensor_async.py
[2026-06-09T01:26:56.301+0000] {logging_mixin.py:188} INFO - [2026-06-09T01:26:56.300+0000] {dag.py:3096} INFO - Sync 1 DAGs
[2026-06-09T01:26:56.316+0000] {logging_mixin.py:188} INFO - [2026-06-09T01:26:56.316+0000] {dag.py:3954} INFO - Setting next_dagrun for example_time_delta_sensor_async to None, run_after=None
[2026-06-09T01:26:56.345+0000] {processor.py:183} INFO - Processing /home/airflow/.local/lib/python3.12/site-packages/airflow/example_dags/example_time_delta_sensor_async.py took 0.083 seconds
[2026-06-09T01:27:26.517+0000] {processor.py:161} INFO - Started process (PID=153633) to work on /home/airflow/.local/lib/python3.12/site-packages/airflow/example_dags/example_time_delta_sensor_async.py
[2026-06-09T01:27:26.518+0000] {processor.py:830} INFO - Processing file /home/airflow/.local/lib/python3.12/site-packages/airflow/example_dags/example_time_delta_sensor_async.py for tasks to queue
[2026-06-09T01:27:26.520+0000] {logging_mixin.py:188} INFO - [2026-06-09T01:27:26.520+0000] {dagbag.py:545} INFO - Filling up the DagBag from /home/airflow/.local/lib/python3.12/site-packages/airflow/example_dags/example_time_delta_sensor_async.py
[2026-06-09T01:27:26.525+0000] {processor.py:840} INFO - DAG(s) 'example_time_delta_sensor_async' retrieved from /home/airflow/.local/lib/python3.12/site-packages/airflow/example_dags/example_time_delta_sensor_async.py
[2026-06-09T01:27:26.548+0000] {logging_mixin.py:188} INFO - [2026-06-09T01:27:26.548+0000] {dag.py:3096} INFO - Sync 1 DAGs
[2026-06-09T01:27:26.560+0000] {logging_mixin.py:188} INFO - [2026-06-09T01:27:26.560+0000] {dag.py:3954} INFO - Setting next_dagrun for example_time_delta_sensor_async to None, run_after=None
[2026-06-09T01:27:26.583+0000] {processor.py:183} INFO - Processing /home/airflow/.local/lib/python3.12/site-packages/airflow/example_dags/example_time_delta_sensor_async.py took 0.074 seconds
[2026-06-09T01:27:56.800+0000] {processor.py:161} INFO - Started process (PID=153895) to work on /home/airflow/.local/lib/python3.12/site-packages/airflow/example_dags/example_time_delta_sensor_async.py
[2026-06-09T01:27:56.800+0000] {processor.py:830} INFO - Processing file /home/airflow/.local/lib/python3.12/site-packages/airflow/example_dags/example_time_delta_sensor_async.py for tasks to queue
[2026-06-09T01:27:56.802+0000] {logging_mixin.py:188} INFO - [2026-06-09T01:27:56.802+0000] {dagbag.py:545} INFO - Filling up the DagBag from /home/airflow/.local/lib/python3.12/site-packages/airflow/example_dags/example_time_delta_sensor_async.py
[2026-06-09T01:27:56.805+0000] {processor.py:840} INFO - DAG(s) 'example_time_delta_sensor_async' retrieved from /home/airflow/.local/lib/python3.12/site-packages/airflow/example_dags/example_time_delta_sensor_async.py
[2026-06-09T01:27:56.825+0000] {logging_mixin.py:188} INFO - [2026-06-09T01:27:56.825+0000] {dag.py:3096} INFO - Sync 1 DAGs
[2026-06-09T01:27:56.836+0000] {logging_mixin.py:188} INFO - [2026-06-09T01:27:56.836+0000] {dag.py:3954} INFO - Setting next_dagrun for example_time_delta_sensor_async to None, run_after=None
[2026-06-09T01:27:56.855+0000] {processor.py:183} INFO - Processing /home/airflow/.local/lib/python3.12/site-packages/airflow/example_dags/example_time_delta_sensor_async.py took 0.060 seconds
[2026-06-09T01:28:26.969+0000] {processor.py:161} INFO - Started process (PID=154157) to work on /home/airflow/.local/lib/python3.12/site-packages/airflow/example_dags/example_time_delta_sensor_async.py
[2026-06-09T01:28:26.970+0000] {processor.py:830} INFO - Processing file /home/airflow/.local/lib/python3.12/site-packages/airflow/example_dags/example_time_delta_sensor_async.py for tasks to queue
[2026-06-09T01:28:26.971+0000] {logging_mixin.py:188} INFO - [2026-06-09T01:28:26.971+0000] {dagbag.py:545} INFO - Filling up the DagBag from /home/airflow/.local/lib/python3.12/site-packages/airflow/example_dags/example_time_delta_sensor_async.py
[2026-06-09T01:28:26.975+0000] {processor.py:840} INFO - DAG(s) 'example_time_delta_sensor_async' retrieved from /home/airflow/.local/lib/python3.12/site-packages/airflow/example_dags/example_time_delta_sensor_async.py
[2026-06-09T01:28:26.997+0000] {logging_mixin.py:188} INFO - [2026-06-09T01:28:26.996+0000] {dag.py:3096} INFO - Sync 1 DAGs
[2026-06-09T01:28:27.010+0000] {logging_mixin.py:188} INFO - [2026-06-09T01:28:27.009+0000] {dag.py:3954} INFO - Setting next_dagrun for example_time_delta_sensor_async to None, run_after=None
[2026-06-09T01:28:27.031+0000] {processor.py:183} INFO - Processing /home/airflow/.local/lib/python3.12/site-packages/airflow/example_dags/example_time_delta_sensor_async.py took 0.068 seconds
[2026-06-09T01:28:57.182+0000] {processor.py:161} INFO - Started process (PID=154419) to work on /home/airflow/.local/lib/python3.12/site-packages/airflow/example_dags/example_time_delta_sensor_async.py
[2026-06-09T01:28:57.182+0000] {processor.py:830} INFO - Processing file /home/airflow/.local/lib/python3.12/site-packages/airflow/example_dags/example_time_delta_sensor_async.py for tasks to queue
[2026-06-09T01:28:57.184+0000] {logging_mixin.py:188} INFO - [2026-06-09T01:28:57.184+0000] {dagbag.py:545} INFO - Filling up the DagBag from /home/airflow/.local/lib/python3.12/site-packages/airflow/example_dags/example_time_delta_sensor_async.py
[2026-06-09T01:28:57.188+0000] {processor.py:840} INFO - DAG(s) 'example_time_delta_sensor_async' retrieved from /home/airflow/.local/lib/python3.12/site-packages/airflow/example_dags/example_time_delta_sensor_async.py
[2026-06-09T01:28:57.208+0000] {logging_mixin.py:188} INFO - [2026-06-09T01:28:57.208+0000] {dag.py:3096} INFO - Sync 1 DAGs
[2026-06-09T01:28:57.219+0000] {logging_mixin.py:188} INFO - [2026-06-09T01:28:57.219+0000] {dag.py:3954} INFO - Setting next_dagrun for example_time_delta_sensor_async to None, run_after=None
[2026-06-09T01:28:57.243+0000] {processor.py:183} INFO - Processing /home/airflow/.local/lib/python3.12/site-packages/airflow/example_dags/example_time_delta_sensor_async.py took 0.066 seconds
[2026-06-09T01:29:27.503+0000] {processor.py:161} INFO - Started process (PID=154681) to work on /home/airflow/.local/lib/python3.12/site-packages/airflow/example_dags/example_time_delta_sensor_async.py
[2026-06-09T01:29:27.504+0000] {processor.py:830} INFO - Processing file /home/airflow/.local/lib/python3.12/site-packages/airflow/example_dags/example_time_delta_sensor_async.py for tasks to queue
[2026-06-09T01:29:27.506+0000] {logging_mixin.py:188} INFO - [2026-06-09T01:29:27.506+0000] {dagbag.py:545} INFO - Filling up the DagBag from /home/airflow/.local/lib/python3.12/site-packages/airflow/example_dags/example_time_delta_sensor_async.py
[2026-06-09T01:29:27.510+0000] {processor.py:840} INFO - DAG(s) 'example_time_delta_sensor_async' retrieved from /home/airflow/.local/lib/python3.12/site-packages/airflow/example_dags/example_time_delta_sensor_async.py
[2026-06-09T01:29:27.532+0000] {logging_mixin.py:188} INFO - [2026-06-09T01:29:27.532+0000] {dag.py:3096} INFO - Sync 1 DAGs
[2026-06-09T01:29:27.543+0000] {logging_mixin.py:188} INFO - [2026-06-09T01:29:27.543+0000] {dag.py:3954} INFO - Setting next_dagrun for example_time_delta_sensor_async to None, run_after=None
[2026-06-09T01:29:27.561+0000] {processor.py:183} INFO - Processing /home/airflow/.local/lib/python3.12/site-packages/airflow/example_dags/example_time_delta_sensor_async.py took 0.062 seconds
[2026-06-09T01:29:57.803+0000] {processor.py:161} INFO - Started process (PID=154943) to work on /home/airflow/.local/lib/python3.12/site-packages/airflow/example_dags/example_time_delta_sensor_async.py
[2026-06-09T01:29:57.804+0000] {processor.py:830} INFO - Processing file /home/airflow/.local/lib/python3.12/site-packages/airflow/example_dags/example_time_delta_sensor_async.py for tasks to queue
[2026-06-09T01:29:57.805+0000] {logging_mixin.py:188} INFO - [2026-06-09T01:29:57.805+0000] {dagbag.py:545} INFO - Filling up the DagBag from /home/airflow/.local/lib/python3.12/site-packages/airflow/example_dags/example_time_delta_sensor_async.py
[2026-06-09T01:29:57.809+0000] {processor.py:840} INFO - DAG(s) 'example_time_delta_sensor_async' retrieved from /home/airflow/.local/lib/python3.12/site-packages/airflow/example_dags/example_time_delta_sensor_async.py
[2026-06-09T01:29:57.829+0000] {logging_mixin.py:188} INFO - [2026-06-09T01:29:57.829+0000] {dag.py:3096} INFO - Sync 1 DAGs
[2026-06-09T01:29:57.841+0000] {logging_mixin.py:188} INFO - [2026-06-09T01:29:57.840+0000] {dag.py:3954} INFO - Setting next_dagrun for example_time_delta_sensor_async to None, run_after=None
[2026-06-09T01:29:57.859+0000] {processor.py:183} INFO - Processing /home/airflow/.local/lib/python3.12/site-packages/airflow/example_dags/example_time_delta_sensor_async.py took 0.061 seconds
[2026-06-09T01:30:28.784+0000] {processor.py:161} INFO - Started process (PID=155200) to work on /home/airflow/.local/lib/python3.12/site-packages/airflow/example_dags/example_time_delta_sensor_async.py
[2026-06-09T01:30:28.785+0000] {processor.py:830} INFO - Processing file /home/airflow/.local/lib/python3.12/site-packages/airflow/example_dags/example_time_delta_sensor_async.py for tasks to queue
[2026-06-09T01:30:28.786+0000] {logging_mixin.py:188} INFO - [2026-06-09T01:30:28.786+0000] {dagbag.py:545} INFO - Filling up the DagBag from /home/airflow/.local/lib/python3.12/site-packages/airflow/example_dags/example_time_delta_sensor_async.py
[2026-06-09T01:30:28.791+0000] {processor.py:840} INFO - DAG(s) 'example_time_delta_sensor_async' retrieved from /home/airflow/.local/lib/python3.12/site-packages/airflow/example_dags/example_time_delta_sensor_async.py
[2026-06-09T01:30:28.810+0000] {logging_mixin.py:188} INFO - [2026-06-09T01:30:28.810+0000] {dag.py:3096} INFO - Sync 1 DAGs
[2026-06-09T01:30:28.823+0000] {logging_mixin.py:188} INFO - [2026-06-09T01:30:28.822+0000] {dag.py:3954} INFO - Setting next_dagrun for example_time_delta_sensor_async to None, run_after=None
[2026-06-09T01:30:28.842+0000] {processor.py:183} INFO - Processing /home/airflow/.local/lib/python3.12/site-packages/airflow/example_dags/example_time_delta_sensor_async.py took 0.063 seconds
