[2026-06-09T00:31:09.160+0000] {processor.py:161} INFO - Started process (PID=124524) to work on /home/airflow/.local/lib/python3.12/site-packages/airflow/example_dags/tutorial.py
[2026-06-09T00:31:09.169+0000] {processor.py:830} INFO - Processing file /home/airflow/.local/lib/python3.12/site-packages/airflow/example_dags/tutorial.py for tasks to queue
[2026-06-09T00:31:09.185+0000] {logging_mixin.py:188} INFO - [2026-06-09T00:31:09.182+0000] {dagbag.py:545} INFO - Filling up the DagBag from /home/airflow/.local/lib/python3.12/site-packages/airflow/example_dags/tutorial.py
[2026-06-09T00:31:09.209+0000] {processor.py:840} INFO - DAG(s) 'tutorial' retrieved from /home/airflow/.local/lib/python3.12/site-packages/airflow/example_dags/tutorial.py
[2026-06-09T00:31:09.313+0000] {logging_mixin.py:188} INFO - [2026-06-09T00:31:09.312+0000] {dag.py:3096} INFO - Sync 1 DAGs
[2026-06-09T00:31:09.435+0000] {logging_mixin.py:188} INFO - [2026-06-09T00:31:09.435+0000] {dag.py:3954} INFO - Setting next_dagrun for tutorial to 2026-06-08 00:00:00+00:00, run_after=2026-06-09 00:00:00+00:00
[2026-06-09T00:31:09.611+0000] {processor.py:183} INFO - Processing /home/airflow/.local/lib/python3.12/site-packages/airflow/example_dags/tutorial.py took 0.490 seconds
[2026-06-09T00:31:39.894+0000] {processor.py:161} INFO - Started process (PID=124783) to work on /home/airflow/.local/lib/python3.12/site-packages/airflow/example_dags/tutorial.py
[2026-06-09T00:31:39.896+0000] {processor.py:830} INFO - Processing file /home/airflow/.local/lib/python3.12/site-packages/airflow/example_dags/tutorial.py for tasks to queue
[2026-06-09T00:31:39.909+0000] {logging_mixin.py:188} INFO - [2026-06-09T00:31:39.908+0000] {dagbag.py:545} INFO - Filling up the DagBag from /home/airflow/.local/lib/python3.12/site-packages/airflow/example_dags/tutorial.py
[2026-06-09T00:31:39.955+0000] {processor.py:840} INFO - DAG(s) 'tutorial' retrieved from /home/airflow/.local/lib/python3.12/site-packages/airflow/example_dags/tutorial.py
[2026-06-09T00:31:40.170+0000] {logging_mixin.py:188} INFO - [2026-06-09T00:31:40.169+0000] {dag.py:3096} INFO - Sync 1 DAGs
[2026-06-09T00:31:40.428+0000] {logging_mixin.py:188} INFO - [2026-06-09T00:31:40.427+0000] {dag.py:3954} INFO - Setting next_dagrun for tutorial to 2026-06-08 00:00:00+00:00, run_after=2026-06-09 00:00:00+00:00
[2026-06-09T00:31:40.581+0000] {processor.py:183} INFO - Processing /home/airflow/.local/lib/python3.12/site-packages/airflow/example_dags/tutorial.py took 0.758 seconds
[2026-06-09T00:32:11.375+0000] {processor.py:161} INFO - Started process (PID=125048) to work on /home/airflow/.local/lib/python3.12/site-packages/airflow/example_dags/tutorial.py
[2026-06-09T00:32:11.377+0000] {processor.py:830} INFO - Processing file /home/airflow/.local/lib/python3.12/site-packages/airflow/example_dags/tutorial.py for tasks to queue
[2026-06-09T00:32:11.379+0000] {logging_mixin.py:188} INFO - [2026-06-09T00:32:11.378+0000] {dagbag.py:545} INFO - Filling up the DagBag from /home/airflow/.local/lib/python3.12/site-packages/airflow/example_dags/tutorial.py
[2026-06-09T00:32:11.385+0000] {processor.py:840} INFO - DAG(s) 'tutorial' retrieved from /home/airflow/.local/lib/python3.12/site-packages/airflow/example_dags/tutorial.py
[2026-06-09T00:32:11.408+0000] {logging_mixin.py:188} INFO - [2026-06-09T00:32:11.407+0000] {dag.py:3096} INFO - Sync 1 DAGs
[2026-06-09T00:32:11.431+0000] {logging_mixin.py:188} INFO - [2026-06-09T00:32:11.431+0000] {dag.py:3954} INFO - Setting next_dagrun for tutorial to 2026-06-08 00:00:00+00:00, run_after=2026-06-09 00:00:00+00:00
[2026-06-09T00:32:11.451+0000] {processor.py:183} INFO - Processing /home/airflow/.local/lib/python3.12/site-packages/airflow/example_dags/tutorial.py took 0.081 seconds
[2026-06-09T00:32:41.669+0000] {processor.py:161} INFO - Started process (PID=125310) to work on /home/airflow/.local/lib/python3.12/site-packages/airflow/example_dags/tutorial.py
[2026-06-09T00:32:41.670+0000] {processor.py:830} INFO - Processing file /home/airflow/.local/lib/python3.12/site-packages/airflow/example_dags/tutorial.py for tasks to queue
[2026-06-09T00:32:41.671+0000] {logging_mixin.py:188} INFO - [2026-06-09T00:32:41.671+0000] {dagbag.py:545} INFO - Filling up the DagBag from /home/airflow/.local/lib/python3.12/site-packages/airflow/example_dags/tutorial.py
[2026-06-09T00:32:41.676+0000] {processor.py:840} INFO - DAG(s) 'tutorial' retrieved from /home/airflow/.local/lib/python3.12/site-packages/airflow/example_dags/tutorial.py
[2026-06-09T00:32:41.697+0000] {logging_mixin.py:188} INFO - [2026-06-09T00:32:41.697+0000] {dag.py:3096} INFO - Sync 1 DAGs
[2026-06-09T00:32:41.719+0000] {logging_mixin.py:188} INFO - [2026-06-09T00:32:41.719+0000] {dag.py:3954} INFO - Setting next_dagrun for tutorial to 2026-06-08 00:00:00+00:00, run_after=2026-06-09 00:00:00+00:00
[2026-06-09T00:32:41.741+0000] {processor.py:183} INFO - Processing /home/airflow/.local/lib/python3.12/site-packages/airflow/example_dags/tutorial.py took 0.077 seconds
[2026-06-09T00:33:11.822+0000] {processor.py:161} INFO - Started process (PID=125572) to work on /home/airflow/.local/lib/python3.12/site-packages/airflow/example_dags/tutorial.py
[2026-06-09T00:33:11.824+0000] {processor.py:830} INFO - Processing file /home/airflow/.local/lib/python3.12/site-packages/airflow/example_dags/tutorial.py for tasks to queue
[2026-06-09T00:33:11.826+0000] {logging_mixin.py:188} INFO - [2026-06-09T00:33:11.826+0000] {dagbag.py:545} INFO - Filling up the DagBag from /home/airflow/.local/lib/python3.12/site-packages/airflow/example_dags/tutorial.py
[2026-06-09T00:33:11.832+0000] {processor.py:840} INFO - DAG(s) 'tutorial' retrieved from /home/airflow/.local/lib/python3.12/site-packages/airflow/example_dags/tutorial.py
[2026-06-09T00:33:11.855+0000] {logging_mixin.py:188} INFO - [2026-06-09T00:33:11.855+0000] {dag.py:3096} INFO - Sync 1 DAGs
[2026-06-09T00:33:11.878+0000] {logging_mixin.py:188} INFO - [2026-06-09T00:33:11.878+0000] {dag.py:3954} INFO - Setting next_dagrun for tutorial to 2026-06-08 00:00:00+00:00, run_after=2026-06-09 00:00:00+00:00
[2026-06-09T00:33:11.902+0000] {processor.py:183} INFO - Processing /home/airflow/.local/lib/python3.12/site-packages/airflow/example_dags/tutorial.py took 0.085 seconds
[2026-06-09T00:33:42.045+0000] {processor.py:161} INFO - Started process (PID=125834) to work on /home/airflow/.local/lib/python3.12/site-packages/airflow/example_dags/tutorial.py
[2026-06-09T00:33:42.046+0000] {processor.py:830} INFO - Processing file /home/airflow/.local/lib/python3.12/site-packages/airflow/example_dags/tutorial.py for tasks to queue
[2026-06-09T00:33:42.048+0000] {logging_mixin.py:188} INFO - [2026-06-09T00:33:42.048+0000] {dagbag.py:545} INFO - Filling up the DagBag from /home/airflow/.local/lib/python3.12/site-packages/airflow/example_dags/tutorial.py
[2026-06-09T00:33:42.055+0000] {processor.py:840} INFO - DAG(s) 'tutorial' retrieved from /home/airflow/.local/lib/python3.12/site-packages/airflow/example_dags/tutorial.py
[2026-06-09T00:33:42.082+0000] {logging_mixin.py:188} INFO - [2026-06-09T00:33:42.082+0000] {dag.py:3096} INFO - Sync 1 DAGs
[2026-06-09T00:33:42.120+0000] {logging_mixin.py:188} INFO - [2026-06-09T00:33:42.120+0000] {dag.py:3954} INFO - Setting next_dagrun for tutorial to 2026-06-08 00:00:00+00:00, run_after=2026-06-09 00:00:00+00:00
[2026-06-09T00:33:42.147+0000] {processor.py:183} INFO - Processing /home/airflow/.local/lib/python3.12/site-packages/airflow/example_dags/tutorial.py took 0.108 seconds
[2026-06-09T00:34:12.708+0000] {processor.py:161} INFO - Started process (PID=126096) to work on /home/airflow/.local/lib/python3.12/site-packages/airflow/example_dags/tutorial.py
[2026-06-09T00:34:12.709+0000] {processor.py:830} INFO - Processing file /home/airflow/.local/lib/python3.12/site-packages/airflow/example_dags/tutorial.py for tasks to queue
[2026-06-09T00:34:12.712+0000] {logging_mixin.py:188} INFO - [2026-06-09T00:34:12.711+0000] {dagbag.py:545} INFO - Filling up the DagBag from /home/airflow/.local/lib/python3.12/site-packages/airflow/example_dags/tutorial.py
[2026-06-09T00:34:12.719+0000] {processor.py:840} INFO - DAG(s) 'tutorial' retrieved from /home/airflow/.local/lib/python3.12/site-packages/airflow/example_dags/tutorial.py
[2026-06-09T00:34:12.737+0000] {logging_mixin.py:188} INFO - [2026-06-09T00:34:12.737+0000] {dag.py:3096} INFO - Sync 1 DAGs
[2026-06-09T00:34:12.757+0000] {logging_mixin.py:188} INFO - [2026-06-09T00:34:12.757+0000] {dag.py:3954} INFO - Setting next_dagrun for tutorial to 2026-06-08 00:00:00+00:00, run_after=2026-06-09 00:00:00+00:00
[2026-06-09T00:34:12.779+0000] {processor.py:183} INFO - Processing /home/airflow/.local/lib/python3.12/site-packages/airflow/example_dags/tutorial.py took 0.076 seconds
[2026-06-09T00:34:42.974+0000] {processor.py:161} INFO - Started process (PID=126358) to work on /home/airflow/.local/lib/python3.12/site-packages/airflow/example_dags/tutorial.py
[2026-06-09T00:34:42.975+0000] {processor.py:830} INFO - Processing file /home/airflow/.local/lib/python3.12/site-packages/airflow/example_dags/tutorial.py for tasks to queue
[2026-06-09T00:34:42.977+0000] {logging_mixin.py:188} INFO - [2026-06-09T00:34:42.976+0000] {dagbag.py:545} INFO - Filling up the DagBag from /home/airflow/.local/lib/python3.12/site-packages/airflow/example_dags/tutorial.py
[2026-06-09T00:34:42.981+0000] {processor.py:840} INFO - DAG(s) 'tutorial' retrieved from /home/airflow/.local/lib/python3.12/site-packages/airflow/example_dags/tutorial.py
[2026-06-09T00:34:43.000+0000] {logging_mixin.py:188} INFO - [2026-06-09T00:34:43.000+0000] {dag.py:3096} INFO - Sync 1 DAGs
[2026-06-09T00:34:43.018+0000] {logging_mixin.py:188} INFO - [2026-06-09T00:34:43.018+0000] {dag.py:3954} INFO - Setting next_dagrun for tutorial to 2026-06-08 00:00:00+00:00, run_after=2026-06-09 00:00:00+00:00
[2026-06-09T00:34:43.036+0000] {processor.py:183} INFO - Processing /home/airflow/.local/lib/python3.12/site-packages/airflow/example_dags/tutorial.py took 0.066 seconds
[2026-06-09T00:35:13.182+0000] {processor.py:161} INFO - Started process (PID=126620) to work on /home/airflow/.local/lib/python3.12/site-packages/airflow/example_dags/tutorial.py
[2026-06-09T00:35:13.183+0000] {processor.py:830} INFO - Processing file /home/airflow/.local/lib/python3.12/site-packages/airflow/example_dags/tutorial.py for tasks to queue
[2026-06-09T00:35:13.185+0000] {logging_mixin.py:188} INFO - [2026-06-09T00:35:13.185+0000] {dagbag.py:545} INFO - Filling up the DagBag from /home/airflow/.local/lib/python3.12/site-packages/airflow/example_dags/tutorial.py
[2026-06-09T00:35:13.190+0000] {processor.py:840} INFO - DAG(s) 'tutorial' retrieved from /home/airflow/.local/lib/python3.12/site-packages/airflow/example_dags/tutorial.py
[2026-06-09T00:35:13.210+0000] {logging_mixin.py:188} INFO - [2026-06-09T00:35:13.210+0000] {dag.py:3096} INFO - Sync 1 DAGs
[2026-06-09T00:35:13.231+0000] {logging_mixin.py:188} INFO - [2026-06-09T00:35:13.231+0000] {dag.py:3954} INFO - Setting next_dagrun for tutorial to 2026-06-08 00:00:00+00:00, run_after=2026-06-09 00:00:00+00:00
[2026-06-09T00:35:13.253+0000] {processor.py:183} INFO - Processing /home/airflow/.local/lib/python3.12/site-packages/airflow/example_dags/tutorial.py took 0.075 seconds
[2026-06-09T00:35:43.393+0000] {processor.py:161} INFO - Started process (PID=126883) to work on /home/airflow/.local/lib/python3.12/site-packages/airflow/example_dags/tutorial.py
[2026-06-09T00:35:43.394+0000] {processor.py:830} INFO - Processing file /home/airflow/.local/lib/python3.12/site-packages/airflow/example_dags/tutorial.py for tasks to queue
[2026-06-09T00:35:43.396+0000] {logging_mixin.py:188} INFO - [2026-06-09T00:35:43.396+0000] {dagbag.py:545} INFO - Filling up the DagBag from /home/airflow/.local/lib/python3.12/site-packages/airflow/example_dags/tutorial.py
[2026-06-09T00:35:43.402+0000] {processor.py:840} INFO - DAG(s) 'tutorial' retrieved from /home/airflow/.local/lib/python3.12/site-packages/airflow/example_dags/tutorial.py
[2026-06-09T00:35:43.423+0000] {logging_mixin.py:188} INFO - [2026-06-09T00:35:43.423+0000] {dag.py:3096} INFO - Sync 1 DAGs
[2026-06-09T00:35:43.445+0000] {logging_mixin.py:188} INFO - [2026-06-09T00:35:43.445+0000] {dag.py:3954} INFO - Setting next_dagrun for tutorial to 2026-06-08 00:00:00+00:00, run_after=2026-06-09 00:00:00+00:00
[2026-06-09T00:35:43.464+0000] {processor.py:183} INFO - Processing /home/airflow/.local/lib/python3.12/site-packages/airflow/example_dags/tutorial.py took 0.076 seconds
[2026-06-09T00:36:14.081+0000] {processor.py:161} INFO - Started process (PID=127145) to work on /home/airflow/.local/lib/python3.12/site-packages/airflow/example_dags/tutorial.py
[2026-06-09T00:36:14.082+0000] {processor.py:830} INFO - Processing file /home/airflow/.local/lib/python3.12/site-packages/airflow/example_dags/tutorial.py for tasks to queue
[2026-06-09T00:36:14.083+0000] {logging_mixin.py:188} INFO - [2026-06-09T00:36:14.083+0000] {dagbag.py:545} INFO - Filling up the DagBag from /home/airflow/.local/lib/python3.12/site-packages/airflow/example_dags/tutorial.py
[2026-06-09T00:36:14.087+0000] {processor.py:840} INFO - DAG(s) 'tutorial' retrieved from /home/airflow/.local/lib/python3.12/site-packages/airflow/example_dags/tutorial.py
[2026-06-09T00:36:14.106+0000] {logging_mixin.py:188} INFO - [2026-06-09T00:36:14.106+0000] {dag.py:3096} INFO - Sync 1 DAGs
[2026-06-09T00:36:14.125+0000] {logging_mixin.py:188} INFO - [2026-06-09T00:36:14.124+0000] {dag.py:3954} INFO - Setting next_dagrun for tutorial to 2026-06-08 00:00:00+00:00, run_after=2026-06-09 00:00:00+00:00
[2026-06-09T00:36:14.142+0000] {processor.py:183} INFO - Processing /home/airflow/.local/lib/python3.12/site-packages/airflow/example_dags/tutorial.py took 0.067 seconds
[2026-06-09T00:36:44.766+0000] {processor.py:161} INFO - Started process (PID=127407) to work on /home/airflow/.local/lib/python3.12/site-packages/airflow/example_dags/tutorial.py
[2026-06-09T00:36:44.767+0000] {processor.py:830} INFO - Processing file /home/airflow/.local/lib/python3.12/site-packages/airflow/example_dags/tutorial.py for tasks to queue
[2026-06-09T00:36:44.769+0000] {logging_mixin.py:188} INFO - [2026-06-09T00:36:44.769+0000] {dagbag.py:545} INFO - Filling up the DagBag from /home/airflow/.local/lib/python3.12/site-packages/airflow/example_dags/tutorial.py
[2026-06-09T00:36:44.774+0000] {processor.py:840} INFO - DAG(s) 'tutorial' retrieved from /home/airflow/.local/lib/python3.12/site-packages/airflow/example_dags/tutorial.py
[2026-06-09T00:36:44.796+0000] {logging_mixin.py:188} INFO - [2026-06-09T00:36:44.795+0000] {dag.py:3096} INFO - Sync 1 DAGs
[2026-06-09T00:36:44.816+0000] {logging_mixin.py:188} INFO - [2026-06-09T00:36:44.816+0000] {dag.py:3954} INFO - Setting next_dagrun for tutorial to 2026-06-08 00:00:00+00:00, run_after=2026-06-09 00:00:00+00:00
[2026-06-09T00:36:44.837+0000] {processor.py:183} INFO - Processing /home/airflow/.local/lib/python3.12/site-packages/airflow/example_dags/tutorial.py took 0.076 seconds
[2026-06-09T00:37:15.378+0000] {processor.py:161} INFO - Started process (PID=127669) to work on /home/airflow/.local/lib/python3.12/site-packages/airflow/example_dags/tutorial.py
[2026-06-09T00:37:15.379+0000] {processor.py:830} INFO - Processing file /home/airflow/.local/lib/python3.12/site-packages/airflow/example_dags/tutorial.py for tasks to queue
[2026-06-09T00:37:15.381+0000] {logging_mixin.py:188} INFO - [2026-06-09T00:37:15.381+0000] {dagbag.py:545} INFO - Filling up the DagBag from /home/airflow/.local/lib/python3.12/site-packages/airflow/example_dags/tutorial.py
[2026-06-09T00:37:15.385+0000] {processor.py:840} INFO - DAG(s) 'tutorial' retrieved from /home/airflow/.local/lib/python3.12/site-packages/airflow/example_dags/tutorial.py
[2026-06-09T00:37:15.407+0000] {logging_mixin.py:188} INFO - [2026-06-09T00:37:15.407+0000] {dag.py:3096} INFO - Sync 1 DAGs
[2026-06-09T00:37:15.428+0000] {logging_mixin.py:188} INFO - [2026-06-09T00:37:15.428+0000] {dag.py:3954} INFO - Setting next_dagrun for tutorial to 2026-06-08 00:00:00+00:00, run_after=2026-06-09 00:00:00+00:00
[2026-06-09T00:37:15.448+0000] {processor.py:183} INFO - Processing /home/airflow/.local/lib/python3.12/site-packages/airflow/example_dags/tutorial.py took 0.074 seconds
[2026-06-09T00:37:45.808+0000] {processor.py:161} INFO - Started process (PID=127931) to work on /home/airflow/.local/lib/python3.12/site-packages/airflow/example_dags/tutorial.py
[2026-06-09T00:37:45.809+0000] {processor.py:830} INFO - Processing file /home/airflow/.local/lib/python3.12/site-packages/airflow/example_dags/tutorial.py for tasks to queue
[2026-06-09T00:37:45.811+0000] {logging_mixin.py:188} INFO - [2026-06-09T00:37:45.811+0000] {dagbag.py:545} INFO - Filling up the DagBag from /home/airflow/.local/lib/python3.12/site-packages/airflow/example_dags/tutorial.py
[2026-06-09T00:37:45.816+0000] {processor.py:840} INFO - DAG(s) 'tutorial' retrieved from /home/airflow/.local/lib/python3.12/site-packages/airflow/example_dags/tutorial.py
[2026-06-09T00:37:45.838+0000] {logging_mixin.py:188} INFO - [2026-06-09T00:37:45.837+0000] {dag.py:3096} INFO - Sync 1 DAGs
[2026-06-09T00:37:45.861+0000] {logging_mixin.py:188} INFO - [2026-06-09T00:37:45.861+0000] {dag.py:3954} INFO - Setting next_dagrun for tutorial to 2026-06-08 00:00:00+00:00, run_after=2026-06-09 00:00:00+00:00
[2026-06-09T00:37:45.883+0000] {processor.py:183} INFO - Processing /home/airflow/.local/lib/python3.12/site-packages/airflow/example_dags/tutorial.py took 0.080 seconds
[2026-06-09T00:38:16.137+0000] {processor.py:161} INFO - Started process (PID=128193) to work on /home/airflow/.local/lib/python3.12/site-packages/airflow/example_dags/tutorial.py
[2026-06-09T00:38:16.138+0000] {processor.py:830} INFO - Processing file /home/airflow/.local/lib/python3.12/site-packages/airflow/example_dags/tutorial.py for tasks to queue
[2026-06-09T00:38:16.139+0000] {logging_mixin.py:188} INFO - [2026-06-09T00:38:16.139+0000] {dagbag.py:545} INFO - Filling up the DagBag from /home/airflow/.local/lib/python3.12/site-packages/airflow/example_dags/tutorial.py
[2026-06-09T00:38:16.144+0000] {processor.py:840} INFO - DAG(s) 'tutorial' retrieved from /home/airflow/.local/lib/python3.12/site-packages/airflow/example_dags/tutorial.py
[2026-06-09T00:38:16.163+0000] {logging_mixin.py:188} INFO - [2026-06-09T00:38:16.163+0000] {dag.py:3096} INFO - Sync 1 DAGs
[2026-06-09T00:38:16.182+0000] {logging_mixin.py:188} INFO - [2026-06-09T00:38:16.182+0000] {dag.py:3954} INFO - Setting next_dagrun for tutorial to 2026-06-08 00:00:00+00:00, run_after=2026-06-09 00:00:00+00:00
[2026-06-09T00:38:16.205+0000] {processor.py:183} INFO - Processing /home/airflow/.local/lib/python3.12/site-packages/airflow/example_dags/tutorial.py took 0.073 seconds
[2026-06-09T00:38:46.894+0000] {processor.py:161} INFO - Started process (PID=128456) to work on /home/airflow/.local/lib/python3.12/site-packages/airflow/example_dags/tutorial.py
[2026-06-09T00:38:46.895+0000] {processor.py:830} INFO - Processing file /home/airflow/.local/lib/python3.12/site-packages/airflow/example_dags/tutorial.py for tasks to queue
[2026-06-09T00:38:46.898+0000] {logging_mixin.py:188} INFO - [2026-06-09T00:38:46.897+0000] {dagbag.py:545} INFO - Filling up the DagBag from /home/airflow/.local/lib/python3.12/site-packages/airflow/example_dags/tutorial.py
[2026-06-09T00:38:46.915+0000] {processor.py:840} INFO - DAG(s) 'tutorial' retrieved from /home/airflow/.local/lib/python3.12/site-packages/airflow/example_dags/tutorial.py
[2026-06-09T00:38:46.945+0000] {logging_mixin.py:188} INFO - [2026-06-09T00:38:46.945+0000] {dag.py:3096} INFO - Sync 1 DAGs
[2026-06-09T00:38:46.969+0000] {logging_mixin.py:188} INFO - [2026-06-09T00:38:46.968+0000] {dag.py:3954} INFO - Setting next_dagrun for tutorial to 2026-06-08 00:00:00+00:00, run_after=2026-06-09 00:00:00+00:00
[2026-06-09T00:38:46.993+0000] {processor.py:183} INFO - Processing /home/airflow/.local/lib/python3.12/site-packages/airflow/example_dags/tutorial.py took 0.106 seconds
[2026-06-09T00:39:17.083+0000] {processor.py:161} INFO - Started process (PID=128718) to work on /home/airflow/.local/lib/python3.12/site-packages/airflow/example_dags/tutorial.py
[2026-06-09T00:39:17.084+0000] {processor.py:830} INFO - Processing file /home/airflow/.local/lib/python3.12/site-packages/airflow/example_dags/tutorial.py for tasks to queue
[2026-06-09T00:39:17.086+0000] {logging_mixin.py:188} INFO - [2026-06-09T00:39:17.086+0000] {dagbag.py:545} INFO - Filling up the DagBag from /home/airflow/.local/lib/python3.12/site-packages/airflow/example_dags/tutorial.py
[2026-06-09T00:39:17.092+0000] {processor.py:840} INFO - DAG(s) 'tutorial' retrieved from /home/airflow/.local/lib/python3.12/site-packages/airflow/example_dags/tutorial.py
[2026-06-09T00:39:17.114+0000] {logging_mixin.py:188} INFO - [2026-06-09T00:39:17.114+0000] {dag.py:3096} INFO - Sync 1 DAGs
[2026-06-09T00:39:17.137+0000] {logging_mixin.py:188} INFO - [2026-06-09T00:39:17.137+0000] {dag.py:3954} INFO - Setting next_dagrun for tutorial to 2026-06-08 00:00:00+00:00, run_after=2026-06-09 00:00:00+00:00
[2026-06-09T00:39:17.158+0000] {processor.py:183} INFO - Processing /home/airflow/.local/lib/python3.12/site-packages/airflow/example_dags/tutorial.py took 0.079 seconds
[2026-06-09T00:39:47.374+0000] {processor.py:161} INFO - Started process (PID=128980) to work on /home/airflow/.local/lib/python3.12/site-packages/airflow/example_dags/tutorial.py
[2026-06-09T00:39:47.375+0000] {processor.py:830} INFO - Processing file /home/airflow/.local/lib/python3.12/site-packages/airflow/example_dags/tutorial.py for tasks to queue
[2026-06-09T00:39:47.377+0000] {logging_mixin.py:188} INFO - [2026-06-09T00:39:47.376+0000] {dagbag.py:545} INFO - Filling up the DagBag from /home/airflow/.local/lib/python3.12/site-packages/airflow/example_dags/tutorial.py
[2026-06-09T00:39:47.382+0000] {processor.py:840} INFO - DAG(s) 'tutorial' retrieved from /home/airflow/.local/lib/python3.12/site-packages/airflow/example_dags/tutorial.py
[2026-06-09T00:39:47.402+0000] {logging_mixin.py:188} INFO - [2026-06-09T00:39:47.401+0000] {dag.py:3096} INFO - Sync 1 DAGs
[2026-06-09T00:39:47.423+0000] {logging_mixin.py:188} INFO - [2026-06-09T00:39:47.422+0000] {dag.py:3954} INFO - Setting next_dagrun for tutorial to 2026-06-08 00:00:00+00:00, run_after=2026-06-09 00:00:00+00:00
[2026-06-09T00:39:47.445+0000] {processor.py:183} INFO - Processing /home/airflow/.local/lib/python3.12/site-packages/airflow/example_dags/tutorial.py took 0.077 seconds
[2026-06-09T00:40:18.059+0000] {processor.py:161} INFO - Started process (PID=129242) to work on /home/airflow/.local/lib/python3.12/site-packages/airflow/example_dags/tutorial.py
[2026-06-09T00:40:18.060+0000] {processor.py:830} INFO - Processing file /home/airflow/.local/lib/python3.12/site-packages/airflow/example_dags/tutorial.py for tasks to queue
[2026-06-09T00:40:18.063+0000] {logging_mixin.py:188} INFO - [2026-06-09T00:40:18.062+0000] {dagbag.py:545} INFO - Filling up the DagBag from /home/airflow/.local/lib/python3.12/site-packages/airflow/example_dags/tutorial.py
[2026-06-09T00:40:18.353+0000] {processor.py:840} INFO - DAG(s) 'tutorial' retrieved from /home/airflow/.local/lib/python3.12/site-packages/airflow/example_dags/tutorial.py
[2026-06-09T00:40:18.520+0000] {logging_mixin.py:188} INFO - [2026-06-09T00:40:18.519+0000] {dag.py:3096} INFO - Sync 1 DAGs
[2026-06-09T00:40:18.640+0000] {logging_mixin.py:188} INFO - [2026-06-09T00:40:18.639+0000] {dag.py:3954} INFO - Setting next_dagrun for tutorial to 2026-06-08 00:00:00+00:00, run_after=2026-06-09 00:00:00+00:00
[2026-06-09T00:40:18.723+0000] {processor.py:183} INFO - Processing /home/airflow/.local/lib/python3.12/site-packages/airflow/example_dags/tutorial.py took 0.673 seconds
[2026-06-09T00:40:49.338+0000] {processor.py:161} INFO - Started process (PID=129500) to work on /home/airflow/.local/lib/python3.12/site-packages/airflow/example_dags/tutorial.py
[2026-06-09T00:40:49.340+0000] {processor.py:830} INFO - Processing file /home/airflow/.local/lib/python3.12/site-packages/airflow/example_dags/tutorial.py for tasks to queue
[2026-06-09T00:40:49.342+0000] {logging_mixin.py:188} INFO - [2026-06-09T00:40:49.341+0000] {dagbag.py:545} INFO - Filling up the DagBag from /home/airflow/.local/lib/python3.12/site-packages/airflow/example_dags/tutorial.py
[2026-06-09T00:40:49.347+0000] {processor.py:840} INFO - DAG(s) 'tutorial' retrieved from /home/airflow/.local/lib/python3.12/site-packages/airflow/example_dags/tutorial.py
[2026-06-09T00:40:49.370+0000] {logging_mixin.py:188} INFO - [2026-06-09T00:40:49.369+0000] {dag.py:3096} INFO - Sync 1 DAGs
[2026-06-09T00:40:49.395+0000] {logging_mixin.py:188} INFO - [2026-06-09T00:40:49.394+0000] {dag.py:3954} INFO - Setting next_dagrun for tutorial to 2026-06-08 00:00:00+00:00, run_after=2026-06-09 00:00:00+00:00
[2026-06-09T00:40:49.422+0000] {processor.py:183} INFO - Processing /home/airflow/.local/lib/python3.12/site-packages/airflow/example_dags/tutorial.py took 0.089 seconds
[2026-06-09T00:41:19.554+0000] {processor.py:161} INFO - Started process (PID=129762) to work on /home/airflow/.local/lib/python3.12/site-packages/airflow/example_dags/tutorial.py
[2026-06-09T00:41:19.555+0000] {processor.py:830} INFO - Processing file /home/airflow/.local/lib/python3.12/site-packages/airflow/example_dags/tutorial.py for tasks to queue
[2026-06-09T00:41:19.557+0000] {logging_mixin.py:188} INFO - [2026-06-09T00:41:19.557+0000] {dagbag.py:545} INFO - Filling up the DagBag from /home/airflow/.local/lib/python3.12/site-packages/airflow/example_dags/tutorial.py
[2026-06-09T00:41:19.562+0000] {processor.py:840} INFO - DAG(s) 'tutorial' retrieved from /home/airflow/.local/lib/python3.12/site-packages/airflow/example_dags/tutorial.py
[2026-06-09T00:41:19.582+0000] {logging_mixin.py:188} INFO - [2026-06-09T00:41:19.582+0000] {dag.py:3096} INFO - Sync 1 DAGs
[2026-06-09T00:41:19.604+0000] {logging_mixin.py:188} INFO - [2026-06-09T00:41:19.604+0000] {dag.py:3954} INFO - Setting next_dagrun for tutorial to 2026-06-08 00:00:00+00:00, run_after=2026-06-09 00:00:00+00:00
[2026-06-09T00:41:19.623+0000] {processor.py:183} INFO - Processing /home/airflow/.local/lib/python3.12/site-packages/airflow/example_dags/tutorial.py took 0.074 seconds
[2026-06-09T00:41:50.015+0000] {processor.py:161} INFO - Started process (PID=130024) to work on /home/airflow/.local/lib/python3.12/site-packages/airflow/example_dags/tutorial.py
[2026-06-09T00:41:50.016+0000] {processor.py:830} INFO - Processing file /home/airflow/.local/lib/python3.12/site-packages/airflow/example_dags/tutorial.py for tasks to queue
[2026-06-09T00:41:50.018+0000] {logging_mixin.py:188} INFO - [2026-06-09T00:41:50.017+0000] {dagbag.py:545} INFO - Filling up the DagBag from /home/airflow/.local/lib/python3.12/site-packages/airflow/example_dags/tutorial.py
[2026-06-09T00:41:50.023+0000] {processor.py:840} INFO - DAG(s) 'tutorial' retrieved from /home/airflow/.local/lib/python3.12/site-packages/airflow/example_dags/tutorial.py
[2026-06-09T00:41:50.046+0000] {logging_mixin.py:188} INFO - [2026-06-09T00:41:50.046+0000] {dag.py:3096} INFO - Sync 1 DAGs
[2026-06-09T00:41:50.068+0000] {logging_mixin.py:188} INFO - [2026-06-09T00:41:50.067+0000] {dag.py:3954} INFO - Setting next_dagrun for tutorial to 2026-06-08 00:00:00+00:00, run_after=2026-06-09 00:00:00+00:00
[2026-06-09T00:41:50.088+0000] {processor.py:183} INFO - Processing /home/airflow/.local/lib/python3.12/site-packages/airflow/example_dags/tutorial.py took 0.078 seconds
[2026-06-09T00:42:20.453+0000] {processor.py:161} INFO - Started process (PID=130286) to work on /home/airflow/.local/lib/python3.12/site-packages/airflow/example_dags/tutorial.py
[2026-06-09T00:42:20.454+0000] {processor.py:830} INFO - Processing file /home/airflow/.local/lib/python3.12/site-packages/airflow/example_dags/tutorial.py for tasks to queue
[2026-06-09T00:42:20.456+0000] {logging_mixin.py:188} INFO - [2026-06-09T00:42:20.455+0000] {dagbag.py:545} INFO - Filling up the DagBag from /home/airflow/.local/lib/python3.12/site-packages/airflow/example_dags/tutorial.py
[2026-06-09T00:42:20.463+0000] {processor.py:840} INFO - DAG(s) 'tutorial' retrieved from /home/airflow/.local/lib/python3.12/site-packages/airflow/example_dags/tutorial.py
[2026-06-09T00:42:20.484+0000] {logging_mixin.py:188} INFO - [2026-06-09T00:42:20.484+0000] {dag.py:3096} INFO - Sync 1 DAGs
[2026-06-09T00:42:20.508+0000] {logging_mixin.py:188} INFO - [2026-06-09T00:42:20.508+0000] {dag.py:3954} INFO - Setting next_dagrun for tutorial to 2026-06-08 00:00:00+00:00, run_after=2026-06-09 00:00:00+00:00
[2026-06-09T00:42:20.531+0000] {processor.py:183} INFO - Processing /home/airflow/.local/lib/python3.12/site-packages/airflow/example_dags/tutorial.py took 0.083 seconds
[2026-06-09T00:42:50.897+0000] {processor.py:161} INFO - Started process (PID=130548) to work on /home/airflow/.local/lib/python3.12/site-packages/airflow/example_dags/tutorial.py
[2026-06-09T00:42:50.898+0000] {processor.py:830} INFO - Processing file /home/airflow/.local/lib/python3.12/site-packages/airflow/example_dags/tutorial.py for tasks to queue
[2026-06-09T00:42:50.900+0000] {logging_mixin.py:188} INFO - [2026-06-09T00:42:50.900+0000] {dagbag.py:545} INFO - Filling up the DagBag from /home/airflow/.local/lib/python3.12/site-packages/airflow/example_dags/tutorial.py
[2026-06-09T00:42:50.905+0000] {processor.py:840} INFO - DAG(s) 'tutorial' retrieved from /home/airflow/.local/lib/python3.12/site-packages/airflow/example_dags/tutorial.py
[2026-06-09T00:42:50.927+0000] {logging_mixin.py:188} INFO - [2026-06-09T00:42:50.927+0000] {dag.py:3096} INFO - Sync 1 DAGs
[2026-06-09T00:42:50.949+0000] {logging_mixin.py:188} INFO - [2026-06-09T00:42:50.949+0000] {dag.py:3954} INFO - Setting next_dagrun for tutorial to 2026-06-08 00:00:00+00:00, run_after=2026-06-09 00:00:00+00:00
[2026-06-09T00:42:50.972+0000] {processor.py:183} INFO - Processing /home/airflow/.local/lib/python3.12/site-packages/airflow/example_dags/tutorial.py took 0.080 seconds
[2026-06-09T00:43:21.248+0000] {processor.py:161} INFO - Started process (PID=130810) to work on /home/airflow/.local/lib/python3.12/site-packages/airflow/example_dags/tutorial.py
[2026-06-09T00:43:21.249+0000] {processor.py:830} INFO - Processing file /home/airflow/.local/lib/python3.12/site-packages/airflow/example_dags/tutorial.py for tasks to queue
[2026-06-09T00:43:21.251+0000] {logging_mixin.py:188} INFO - [2026-06-09T00:43:21.251+0000] {dagbag.py:545} INFO - Filling up the DagBag from /home/airflow/.local/lib/python3.12/site-packages/airflow/example_dags/tutorial.py
[2026-06-09T00:43:21.256+0000] {processor.py:840} INFO - DAG(s) 'tutorial' retrieved from /home/airflow/.local/lib/python3.12/site-packages/airflow/example_dags/tutorial.py
[2026-06-09T00:43:21.276+0000] {logging_mixin.py:188} INFO - [2026-06-09T00:43:21.276+0000] {dag.py:3096} INFO - Sync 1 DAGs
[2026-06-09T00:43:21.300+0000] {logging_mixin.py:188} INFO - [2026-06-09T00:43:21.300+0000] {dag.py:3954} INFO - Setting next_dagrun for tutorial to 2026-06-08 00:00:00+00:00, run_after=2026-06-09 00:00:00+00:00
[2026-06-09T00:43:21.321+0000] {processor.py:183} INFO - Processing /home/airflow/.local/lib/python3.12/site-packages/airflow/example_dags/tutorial.py took 0.081 seconds
[2026-06-09T00:43:51.750+0000] {processor.py:161} INFO - Started process (PID=131078) to work on /home/airflow/.local/lib/python3.12/site-packages/airflow/example_dags/tutorial.py
[2026-06-09T00:43:51.751+0000] {processor.py:830} INFO - Processing file /home/airflow/.local/lib/python3.12/site-packages/airflow/example_dags/tutorial.py for tasks to queue
[2026-06-09T00:43:51.753+0000] {logging_mixin.py:188} INFO - [2026-06-09T00:43:51.753+0000] {dagbag.py:545} INFO - Filling up the DagBag from /home/airflow/.local/lib/python3.12/site-packages/airflow/example_dags/tutorial.py
[2026-06-09T00:43:51.758+0000] {processor.py:840} INFO - DAG(s) 'tutorial' retrieved from /home/airflow/.local/lib/python3.12/site-packages/airflow/example_dags/tutorial.py
[2026-06-09T00:43:51.779+0000] {logging_mixin.py:188} INFO - [2026-06-09T00:43:51.778+0000] {dag.py:3096} INFO - Sync 1 DAGs
[2026-06-09T00:43:51.801+0000] {logging_mixin.py:188} INFO - [2026-06-09T00:43:51.800+0000] {dag.py:3954} INFO - Setting next_dagrun for tutorial to 2026-06-08 00:00:00+00:00, run_after=2026-06-09 00:00:00+00:00
[2026-06-09T00:43:51.824+0000] {processor.py:183} INFO - Processing /home/airflow/.local/lib/python3.12/site-packages/airflow/example_dags/tutorial.py took 0.082 seconds
[2026-06-09T00:44:22.186+0000] {processor.py:161} INFO - Started process (PID=131340) to work on /home/airflow/.local/lib/python3.12/site-packages/airflow/example_dags/tutorial.py
[2026-06-09T00:44:22.188+0000] {processor.py:830} INFO - Processing file /home/airflow/.local/lib/python3.12/site-packages/airflow/example_dags/tutorial.py for tasks to queue
[2026-06-09T00:44:22.192+0000] {logging_mixin.py:188} INFO - [2026-06-09T00:44:22.191+0000] {dagbag.py:545} INFO - Filling up the DagBag from /home/airflow/.local/lib/python3.12/site-packages/airflow/example_dags/tutorial.py
[2026-06-09T00:44:22.197+0000] {processor.py:840} INFO - DAG(s) 'tutorial' retrieved from /home/airflow/.local/lib/python3.12/site-packages/airflow/example_dags/tutorial.py
[2026-06-09T00:44:22.217+0000] {logging_mixin.py:188} INFO - [2026-06-09T00:44:22.217+0000] {dag.py:3096} INFO - Sync 1 DAGs
[2026-06-09T00:44:22.239+0000] {logging_mixin.py:188} INFO - [2026-06-09T00:44:22.239+0000] {dag.py:3954} INFO - Setting next_dagrun for tutorial to 2026-06-08 00:00:00+00:00, run_after=2026-06-09 00:00:00+00:00
[2026-06-09T00:44:22.261+0000] {processor.py:183} INFO - Processing /home/airflow/.local/lib/python3.12/site-packages/airflow/example_dags/tutorial.py took 0.081 seconds
[2026-06-09T00:44:52.628+0000] {processor.py:161} INFO - Started process (PID=131602) to work on /home/airflow/.local/lib/python3.12/site-packages/airflow/example_dags/tutorial.py
[2026-06-09T00:44:52.630+0000] {processor.py:830} INFO - Processing file /home/airflow/.local/lib/python3.12/site-packages/airflow/example_dags/tutorial.py for tasks to queue
[2026-06-09T00:44:52.632+0000] {logging_mixin.py:188} INFO - [2026-06-09T00:44:52.631+0000] {dagbag.py:545} INFO - Filling up the DagBag from /home/airflow/.local/lib/python3.12/site-packages/airflow/example_dags/tutorial.py
[2026-06-09T00:44:52.639+0000] {processor.py:840} INFO - DAG(s) 'tutorial' retrieved from /home/airflow/.local/lib/python3.12/site-packages/airflow/example_dags/tutorial.py
[2026-06-09T00:44:52.661+0000] {logging_mixin.py:188} INFO - [2026-06-09T00:44:52.661+0000] {dag.py:3096} INFO - Sync 1 DAGs
[2026-06-09T00:44:52.682+0000] {logging_mixin.py:188} INFO - [2026-06-09T00:44:52.682+0000] {dag.py:3954} INFO - Setting next_dagrun for tutorial to 2026-06-08 00:00:00+00:00, run_after=2026-06-09 00:00:00+00:00
[2026-06-09T00:44:52.708+0000] {processor.py:183} INFO - Processing /home/airflow/.local/lib/python3.12/site-packages/airflow/example_dags/tutorial.py took 0.086 seconds
[2026-06-09T00:45:22.854+0000] {processor.py:161} INFO - Started process (PID=131864) to work on /home/airflow/.local/lib/python3.12/site-packages/airflow/example_dags/tutorial.py
[2026-06-09T00:45:22.855+0000] {processor.py:830} INFO - Processing file /home/airflow/.local/lib/python3.12/site-packages/airflow/example_dags/tutorial.py for tasks to queue
[2026-06-09T00:45:22.858+0000] {logging_mixin.py:188} INFO - [2026-06-09T00:45:22.858+0000] {dagbag.py:545} INFO - Filling up the DagBag from /home/airflow/.local/lib/python3.12/site-packages/airflow/example_dags/tutorial.py
[2026-06-09T00:45:22.864+0000] {processor.py:840} INFO - DAG(s) 'tutorial' retrieved from /home/airflow/.local/lib/python3.12/site-packages/airflow/example_dags/tutorial.py
[2026-06-09T00:45:22.893+0000] {logging_mixin.py:188} INFO - [2026-06-09T00:45:22.893+0000] {dag.py:3096} INFO - Sync 1 DAGs
[2026-06-09T00:45:22.920+0000] {logging_mixin.py:188} INFO - [2026-06-09T00:45:22.920+0000] {dag.py:3954} INFO - Setting next_dagrun for tutorial to 2026-06-08 00:00:00+00:00, run_after=2026-06-09 00:00:00+00:00
[2026-06-09T00:45:22.950+0000] {processor.py:183} INFO - Processing /home/airflow/.local/lib/python3.12/site-packages/airflow/example_dags/tutorial.py took 0.103 seconds
[2026-06-09T00:45:53.253+0000] {processor.py:161} INFO - Started process (PID=132126) to work on /home/airflow/.local/lib/python3.12/site-packages/airflow/example_dags/tutorial.py
[2026-06-09T00:45:53.255+0000] {processor.py:830} INFO - Processing file /home/airflow/.local/lib/python3.12/site-packages/airflow/example_dags/tutorial.py for tasks to queue
[2026-06-09T00:45:53.257+0000] {logging_mixin.py:188} INFO - [2026-06-09T00:45:53.256+0000] {dagbag.py:545} INFO - Filling up the DagBag from /home/airflow/.local/lib/python3.12/site-packages/airflow/example_dags/tutorial.py
[2026-06-09T00:45:53.262+0000] {processor.py:840} INFO - DAG(s) 'tutorial' retrieved from /home/airflow/.local/lib/python3.12/site-packages/airflow/example_dags/tutorial.py
[2026-06-09T00:45:53.287+0000] {logging_mixin.py:188} INFO - [2026-06-09T00:45:53.286+0000] {dag.py:3096} INFO - Sync 1 DAGs
[2026-06-09T00:45:53.310+0000] {logging_mixin.py:188} INFO - [2026-06-09T00:45:53.310+0000] {dag.py:3954} INFO - Setting next_dagrun for tutorial to 2026-06-08 00:00:00+00:00, run_after=2026-06-09 00:00:00+00:00
[2026-06-09T00:45:53.335+0000] {processor.py:183} INFO - Processing /home/airflow/.local/lib/python3.12/site-packages/airflow/example_dags/tutorial.py took 0.088 seconds
[2026-06-09T00:46:23.601+0000] {processor.py:161} INFO - Started process (PID=132388) to work on /home/airflow/.local/lib/python3.12/site-packages/airflow/example_dags/tutorial.py
[2026-06-09T00:46:23.603+0000] {processor.py:830} INFO - Processing file /home/airflow/.local/lib/python3.12/site-packages/airflow/example_dags/tutorial.py for tasks to queue
[2026-06-09T00:46:23.605+0000] {logging_mixin.py:188} INFO - [2026-06-09T00:46:23.605+0000] {dagbag.py:545} INFO - Filling up the DagBag from /home/airflow/.local/lib/python3.12/site-packages/airflow/example_dags/tutorial.py
[2026-06-09T00:46:23.610+0000] {processor.py:840} INFO - DAG(s) 'tutorial' retrieved from /home/airflow/.local/lib/python3.12/site-packages/airflow/example_dags/tutorial.py
[2026-06-09T00:46:23.636+0000] {logging_mixin.py:188} INFO - [2026-06-09T00:46:23.634+0000] {dag.py:3096} INFO - Sync 1 DAGs
[2026-06-09T00:46:23.658+0000] {logging_mixin.py:188} INFO - [2026-06-09T00:46:23.658+0000] {dag.py:3954} INFO - Setting next_dagrun for tutorial to 2026-06-08 00:00:00+00:00, run_after=2026-06-09 00:00:00+00:00
[2026-06-09T00:46:23.678+0000] {processor.py:183} INFO - Processing /home/airflow/.local/lib/python3.12/site-packages/airflow/example_dags/tutorial.py took 0.084 seconds
[2026-06-09T00:46:54.138+0000] {processor.py:161} INFO - Started process (PID=132650) to work on /home/airflow/.local/lib/python3.12/site-packages/airflow/example_dags/tutorial.py
[2026-06-09T00:46:54.139+0000] {processor.py:830} INFO - Processing file /home/airflow/.local/lib/python3.12/site-packages/airflow/example_dags/tutorial.py for tasks to queue
[2026-06-09T00:46:54.140+0000] {logging_mixin.py:188} INFO - [2026-06-09T00:46:54.140+0000] {dagbag.py:545} INFO - Filling up the DagBag from /home/airflow/.local/lib/python3.12/site-packages/airflow/example_dags/tutorial.py
[2026-06-09T00:46:54.148+0000] {processor.py:840} INFO - DAG(s) 'tutorial' retrieved from /home/airflow/.local/lib/python3.12/site-packages/airflow/example_dags/tutorial.py
[2026-06-09T00:46:54.169+0000] {logging_mixin.py:188} INFO - [2026-06-09T00:46:54.168+0000] {dag.py:3096} INFO - Sync 1 DAGs
[2026-06-09T00:46:54.191+0000] {logging_mixin.py:188} INFO - [2026-06-09T00:46:54.191+0000] {dag.py:3954} INFO - Setting next_dagrun for tutorial to 2026-06-08 00:00:00+00:00, run_after=2026-06-09 00:00:00+00:00
[2026-06-09T00:46:54.215+0000] {processor.py:183} INFO - Processing /home/airflow/.local/lib/python3.12/site-packages/airflow/example_dags/tutorial.py took 0.081 seconds
[2026-06-09T00:47:24.690+0000] {processor.py:161} INFO - Started process (PID=132912) to work on /home/airflow/.local/lib/python3.12/site-packages/airflow/example_dags/tutorial.py
[2026-06-09T00:47:24.692+0000] {processor.py:830} INFO - Processing file /home/airflow/.local/lib/python3.12/site-packages/airflow/example_dags/tutorial.py for tasks to queue
[2026-06-09T00:47:24.695+0000] {logging_mixin.py:188} INFO - [2026-06-09T00:47:24.695+0000] {dagbag.py:545} INFO - Filling up the DagBag from /home/airflow/.local/lib/python3.12/site-packages/airflow/example_dags/tutorial.py
[2026-06-09T00:47:24.701+0000] {processor.py:840} INFO - DAG(s) 'tutorial' retrieved from /home/airflow/.local/lib/python3.12/site-packages/airflow/example_dags/tutorial.py
[2026-06-09T00:47:24.723+0000] {logging_mixin.py:188} INFO - [2026-06-09T00:47:24.723+0000] {dag.py:3096} INFO - Sync 1 DAGs
[2026-06-09T00:47:24.749+0000] {logging_mixin.py:188} INFO - [2026-06-09T00:47:24.749+0000] {dag.py:3954} INFO - Setting next_dagrun for tutorial to 2026-06-08 00:00:00+00:00, run_after=2026-06-09 00:00:00+00:00
[2026-06-09T00:47:24.772+0000] {processor.py:183} INFO - Processing /home/airflow/.local/lib/python3.12/site-packages/airflow/example_dags/tutorial.py took 0.087 seconds
[2026-06-09T00:47:55.216+0000] {processor.py:161} INFO - Started process (PID=133174) to work on /home/airflow/.local/lib/python3.12/site-packages/airflow/example_dags/tutorial.py
[2026-06-09T00:47:55.217+0000] {processor.py:830} INFO - Processing file /home/airflow/.local/lib/python3.12/site-packages/airflow/example_dags/tutorial.py for tasks to queue
[2026-06-09T00:47:55.221+0000] {logging_mixin.py:188} INFO - [2026-06-09T00:47:55.220+0000] {dagbag.py:545} INFO - Filling up the DagBag from /home/airflow/.local/lib/python3.12/site-packages/airflow/example_dags/tutorial.py
[2026-06-09T00:47:55.229+0000] {processor.py:840} INFO - DAG(s) 'tutorial' retrieved from /home/airflow/.local/lib/python3.12/site-packages/airflow/example_dags/tutorial.py
[2026-06-09T00:47:55.253+0000] {logging_mixin.py:188} INFO - [2026-06-09T00:47:55.252+0000] {dag.py:3096} INFO - Sync 1 DAGs
[2026-06-09T00:47:55.277+0000] {logging_mixin.py:188} INFO - [2026-06-09T00:47:55.277+0000] {dag.py:3954} INFO - Setting next_dagrun for tutorial to 2026-06-08 00:00:00+00:00, run_after=2026-06-09 00:00:00+00:00
[2026-06-09T00:47:55.299+0000] {processor.py:183} INFO - Processing /home/airflow/.local/lib/python3.12/site-packages/airflow/example_dags/tutorial.py took 0.088 seconds
[2026-06-09T00:48:25.491+0000] {processor.py:161} INFO - Started process (PID=133436) to work on /home/airflow/.local/lib/python3.12/site-packages/airflow/example_dags/tutorial.py
[2026-06-09T00:48:25.492+0000] {processor.py:830} INFO - Processing file /home/airflow/.local/lib/python3.12/site-packages/airflow/example_dags/tutorial.py for tasks to queue
[2026-06-09T00:48:25.494+0000] {logging_mixin.py:188} INFO - [2026-06-09T00:48:25.494+0000] {dagbag.py:545} INFO - Filling up the DagBag from /home/airflow/.local/lib/python3.12/site-packages/airflow/example_dags/tutorial.py
[2026-06-09T00:48:25.500+0000] {processor.py:840} INFO - DAG(s) 'tutorial' retrieved from /home/airflow/.local/lib/python3.12/site-packages/airflow/example_dags/tutorial.py
[2026-06-09T00:48:25.526+0000] {logging_mixin.py:188} INFO - [2026-06-09T00:48:25.526+0000] {dag.py:3096} INFO - Sync 1 DAGs
[2026-06-09T00:48:25.552+0000] {logging_mixin.py:188} INFO - [2026-06-09T00:48:25.552+0000] {dag.py:3954} INFO - Setting next_dagrun for tutorial to 2026-06-08 00:00:00+00:00, run_after=2026-06-09 00:00:00+00:00
[2026-06-09T00:48:25.578+0000] {processor.py:183} INFO - Processing /home/airflow/.local/lib/python3.12/site-packages/airflow/example_dags/tutorial.py took 0.095 seconds
[2026-06-09T00:48:56.280+0000] {processor.py:161} INFO - Started process (PID=133698) to work on /home/airflow/.local/lib/python3.12/site-packages/airflow/example_dags/tutorial.py
[2026-06-09T00:48:56.281+0000] {processor.py:830} INFO - Processing file /home/airflow/.local/lib/python3.12/site-packages/airflow/example_dags/tutorial.py for tasks to queue
[2026-06-09T00:48:56.283+0000] {logging_mixin.py:188} INFO - [2026-06-09T00:48:56.283+0000] {dagbag.py:545} INFO - Filling up the DagBag from /home/airflow/.local/lib/python3.12/site-packages/airflow/example_dags/tutorial.py
[2026-06-09T00:48:56.288+0000] {processor.py:840} INFO - DAG(s) 'tutorial' retrieved from /home/airflow/.local/lib/python3.12/site-packages/airflow/example_dags/tutorial.py
[2026-06-09T00:48:56.308+0000] {logging_mixin.py:188} INFO - [2026-06-09T00:48:56.307+0000] {dag.py:3096} INFO - Sync 1 DAGs
[2026-06-09T00:48:56.331+0000] {logging_mixin.py:188} INFO - [2026-06-09T00:48:56.331+0000] {dag.py:3954} INFO - Setting next_dagrun for tutorial to 2026-06-08 00:00:00+00:00, run_after=2026-06-09 00:00:00+00:00
[2026-06-09T00:48:56.354+0000] {processor.py:183} INFO - Processing /home/airflow/.local/lib/python3.12/site-packages/airflow/example_dags/tutorial.py took 0.081 seconds
[2026-06-09T00:49:26.526+0000] {processor.py:161} INFO - Started process (PID=133960) to work on /home/airflow/.local/lib/python3.12/site-packages/airflow/example_dags/tutorial.py
[2026-06-09T00:49:26.528+0000] {processor.py:830} INFO - Processing file /home/airflow/.local/lib/python3.12/site-packages/airflow/example_dags/tutorial.py for tasks to queue
[2026-06-09T00:49:26.531+0000] {logging_mixin.py:188} INFO - [2026-06-09T00:49:26.531+0000] {dagbag.py:545} INFO - Filling up the DagBag from /home/airflow/.local/lib/python3.12/site-packages/airflow/example_dags/tutorial.py
[2026-06-09T00:49:26.537+0000] {processor.py:840} INFO - DAG(s) 'tutorial' retrieved from /home/airflow/.local/lib/python3.12/site-packages/airflow/example_dags/tutorial.py
[2026-06-09T00:49:26.559+0000] {logging_mixin.py:188} INFO - [2026-06-09T00:49:26.559+0000] {dag.py:3096} INFO - Sync 1 DAGs
[2026-06-09T00:49:26.582+0000] {logging_mixin.py:188} INFO - [2026-06-09T00:49:26.581+0000] {dag.py:3954} INFO - Setting next_dagrun for tutorial to 2026-06-08 00:00:00+00:00, run_after=2026-06-09 00:00:00+00:00
[2026-06-09T00:49:26.602+0000] {processor.py:183} INFO - Processing /home/airflow/.local/lib/python3.12/site-packages/airflow/example_dags/tutorial.py took 0.083 seconds
[2026-06-09T00:49:56.731+0000] {processor.py:161} INFO - Started process (PID=134222) to work on /home/airflow/.local/lib/python3.12/site-packages/airflow/example_dags/tutorial.py
[2026-06-09T00:49:56.732+0000] {processor.py:830} INFO - Processing file /home/airflow/.local/lib/python3.12/site-packages/airflow/example_dags/tutorial.py for tasks to queue
[2026-06-09T00:49:56.734+0000] {logging_mixin.py:188} INFO - [2026-06-09T00:49:56.734+0000] {dagbag.py:545} INFO - Filling up the DagBag from /home/airflow/.local/lib/python3.12/site-packages/airflow/example_dags/tutorial.py
[2026-06-09T00:49:56.740+0000] {processor.py:840} INFO - DAG(s) 'tutorial' retrieved from /home/airflow/.local/lib/python3.12/site-packages/airflow/example_dags/tutorial.py
[2026-06-09T00:49:56.763+0000] {logging_mixin.py:188} INFO - [2026-06-09T00:49:56.763+0000] {dag.py:3096} INFO - Sync 1 DAGs
[2026-06-09T00:49:56.785+0000] {logging_mixin.py:188} INFO - [2026-06-09T00:49:56.785+0000] {dag.py:3954} INFO - Setting next_dagrun for tutorial to 2026-06-08 00:00:00+00:00, run_after=2026-06-09 00:00:00+00:00
[2026-06-09T00:49:56.807+0000] {processor.py:183} INFO - Processing /home/airflow/.local/lib/python3.12/site-packages/airflow/example_dags/tutorial.py took 0.082 seconds
[2026-06-09T00:50:27.531+0000] {processor.py:161} INFO - Started process (PID=134484) to work on /home/airflow/.local/lib/python3.12/site-packages/airflow/example_dags/tutorial.py
[2026-06-09T00:50:27.532+0000] {processor.py:830} INFO - Processing file /home/airflow/.local/lib/python3.12/site-packages/airflow/example_dags/tutorial.py for tasks to queue
[2026-06-09T00:50:27.534+0000] {logging_mixin.py:188} INFO - [2026-06-09T00:50:27.534+0000] {dagbag.py:545} INFO - Filling up the DagBag from /home/airflow/.local/lib/python3.12/site-packages/airflow/example_dags/tutorial.py
[2026-06-09T00:50:27.539+0000] {processor.py:840} INFO - DAG(s) 'tutorial' retrieved from /home/airflow/.local/lib/python3.12/site-packages/airflow/example_dags/tutorial.py
[2026-06-09T00:50:27.564+0000] {logging_mixin.py:188} INFO - [2026-06-09T00:50:27.563+0000] {dag.py:3096} INFO - Sync 1 DAGs
[2026-06-09T00:50:27.585+0000] {logging_mixin.py:188} INFO - [2026-06-09T00:50:27.585+0000] {dag.py:3954} INFO - Setting next_dagrun for tutorial to 2026-06-08 00:00:00+00:00, run_after=2026-06-09 00:00:00+00:00
[2026-06-09T00:50:27.606+0000] {processor.py:183} INFO - Processing /home/airflow/.local/lib/python3.12/site-packages/airflow/example_dags/tutorial.py took 0.080 seconds
[2026-06-09T00:50:57.862+0000] {processor.py:161} INFO - Started process (PID=134746) to work on /home/airflow/.local/lib/python3.12/site-packages/airflow/example_dags/tutorial.py
[2026-06-09T00:50:57.863+0000] {processor.py:830} INFO - Processing file /home/airflow/.local/lib/python3.12/site-packages/airflow/example_dags/tutorial.py for tasks to queue
[2026-06-09T00:50:57.865+0000] {logging_mixin.py:188} INFO - [2026-06-09T00:50:57.865+0000] {dagbag.py:545} INFO - Filling up the DagBag from /home/airflow/.local/lib/python3.12/site-packages/airflow/example_dags/tutorial.py
[2026-06-09T00:50:57.871+0000] {processor.py:840} INFO - DAG(s) 'tutorial' retrieved from /home/airflow/.local/lib/python3.12/site-packages/airflow/example_dags/tutorial.py
[2026-06-09T00:50:57.891+0000] {logging_mixin.py:188} INFO - [2026-06-09T00:50:57.890+0000] {dag.py:3096} INFO - Sync 1 DAGs
[2026-06-09T00:50:57.910+0000] {logging_mixin.py:188} INFO - [2026-06-09T00:50:57.909+0000] {dag.py:3954} INFO - Setting next_dagrun for tutorial to 2026-06-08 00:00:00+00:00, run_after=2026-06-09 00:00:00+00:00
[2026-06-09T00:50:57.927+0000] {processor.py:183} INFO - Processing /home/airflow/.local/lib/python3.12/site-packages/airflow/example_dags/tutorial.py took 0.069 seconds
[2026-06-09T00:51:28.659+0000] {processor.py:161} INFO - Started process (PID=135008) to work on /home/airflow/.local/lib/python3.12/site-packages/airflow/example_dags/tutorial.py
[2026-06-09T00:51:28.660+0000] {processor.py:830} INFO - Processing file /home/airflow/.local/lib/python3.12/site-packages/airflow/example_dags/tutorial.py for tasks to queue
[2026-06-09T00:51:28.663+0000] {logging_mixin.py:188} INFO - [2026-06-09T00:51:28.662+0000] {dagbag.py:545} INFO - Filling up the DagBag from /home/airflow/.local/lib/python3.12/site-packages/airflow/example_dags/tutorial.py
[2026-06-09T00:51:28.670+0000] {processor.py:840} INFO - DAG(s) 'tutorial' retrieved from /home/airflow/.local/lib/python3.12/site-packages/airflow/example_dags/tutorial.py
[2026-06-09T00:51:28.702+0000] {logging_mixin.py:188} INFO - [2026-06-09T00:51:28.702+0000] {dag.py:3096} INFO - Sync 1 DAGs
[2026-06-09T00:51:28.729+0000] {logging_mixin.py:188} INFO - [2026-06-09T00:51:28.729+0000] {dag.py:3954} INFO - Setting next_dagrun for tutorial to 2026-06-08 00:00:00+00:00, run_after=2026-06-09 00:00:00+00:00
[2026-06-09T00:51:28.807+0000] {processor.py:183} INFO - Processing /home/airflow/.local/lib/python3.12/site-packages/airflow/example_dags/tutorial.py took 0.155 seconds
[2026-06-09T00:51:58.955+0000] {processor.py:161} INFO - Started process (PID=135270) to work on /home/airflow/.local/lib/python3.12/site-packages/airflow/example_dags/tutorial.py
[2026-06-09T00:51:58.956+0000] {processor.py:830} INFO - Processing file /home/airflow/.local/lib/python3.12/site-packages/airflow/example_dags/tutorial.py for tasks to queue
[2026-06-09T00:51:58.958+0000] {logging_mixin.py:188} INFO - [2026-06-09T00:51:58.957+0000] {dagbag.py:545} INFO - Filling up the DagBag from /home/airflow/.local/lib/python3.12/site-packages/airflow/example_dags/tutorial.py
[2026-06-09T00:51:58.962+0000] {processor.py:840} INFO - DAG(s) 'tutorial' retrieved from /home/airflow/.local/lib/python3.12/site-packages/airflow/example_dags/tutorial.py
[2026-06-09T00:51:58.983+0000] {logging_mixin.py:188} INFO - [2026-06-09T00:51:58.983+0000] {dag.py:3096} INFO - Sync 1 DAGs
[2026-06-09T00:51:59.004+0000] {logging_mixin.py:188} INFO - [2026-06-09T00:51:59.004+0000] {dag.py:3954} INFO - Setting next_dagrun for tutorial to 2026-06-08 00:00:00+00:00, run_after=2026-06-09 00:00:00+00:00
[2026-06-09T00:51:59.027+0000] {processor.py:183} INFO - Processing /home/airflow/.local/lib/python3.12/site-packages/airflow/example_dags/tutorial.py took 0.080 seconds
[2026-06-09T00:52:29.352+0000] {processor.py:161} INFO - Started process (PID=135532) to work on /home/airflow/.local/lib/python3.12/site-packages/airflow/example_dags/tutorial.py
[2026-06-09T00:52:29.353+0000] {processor.py:830} INFO - Processing file /home/airflow/.local/lib/python3.12/site-packages/airflow/example_dags/tutorial.py for tasks to queue
[2026-06-09T00:52:29.355+0000] {logging_mixin.py:188} INFO - [2026-06-09T00:52:29.355+0000] {dagbag.py:545} INFO - Filling up the DagBag from /home/airflow/.local/lib/python3.12/site-packages/airflow/example_dags/tutorial.py
[2026-06-09T00:52:29.360+0000] {processor.py:840} INFO - DAG(s) 'tutorial' retrieved from /home/airflow/.local/lib/python3.12/site-packages/airflow/example_dags/tutorial.py
[2026-06-09T00:52:29.383+0000] {logging_mixin.py:188} INFO - [2026-06-09T00:52:29.382+0000] {dag.py:3096} INFO - Sync 1 DAGs
[2026-06-09T00:52:29.404+0000] {logging_mixin.py:188} INFO - [2026-06-09T00:52:29.404+0000] {dag.py:3954} INFO - Setting next_dagrun for tutorial to 2026-06-08 00:00:00+00:00, run_after=2026-06-09 00:00:00+00:00
[2026-06-09T00:52:29.424+0000] {processor.py:183} INFO - Processing /home/airflow/.local/lib/python3.12/site-packages/airflow/example_dags/tutorial.py took 0.077 seconds
[2026-06-09T00:52:59.728+0000] {processor.py:161} INFO - Started process (PID=135794) to work on /home/airflow/.local/lib/python3.12/site-packages/airflow/example_dags/tutorial.py
[2026-06-09T00:52:59.729+0000] {processor.py:830} INFO - Processing file /home/airflow/.local/lib/python3.12/site-packages/airflow/example_dags/tutorial.py for tasks to queue
[2026-06-09T00:52:59.731+0000] {logging_mixin.py:188} INFO - [2026-06-09T00:52:59.731+0000] {dagbag.py:545} INFO - Filling up the DagBag from /home/airflow/.local/lib/python3.12/site-packages/airflow/example_dags/tutorial.py
[2026-06-09T00:52:59.738+0000] {processor.py:840} INFO - DAG(s) 'tutorial' retrieved from /home/airflow/.local/lib/python3.12/site-packages/airflow/example_dags/tutorial.py
[2026-06-09T00:52:59.766+0000] {logging_mixin.py:188} INFO - [2026-06-09T00:52:59.765+0000] {dag.py:3096} INFO - Sync 1 DAGs
[2026-06-09T00:52:59.791+0000] {logging_mixin.py:188} INFO - [2026-06-09T00:52:59.791+0000] {dag.py:3954} INFO - Setting next_dagrun for tutorial to 2026-06-08 00:00:00+00:00, run_after=2026-06-09 00:00:00+00:00
[2026-06-09T00:52:59.815+0000] {processor.py:183} INFO - Processing /home/airflow/.local/lib/python3.12/site-packages/airflow/example_dags/tutorial.py took 0.093 seconds
[2026-06-09T00:53:30.067+0000] {processor.py:161} INFO - Started process (PID=136056) to work on /home/airflow/.local/lib/python3.12/site-packages/airflow/example_dags/tutorial.py
[2026-06-09T00:53:30.068+0000] {processor.py:830} INFO - Processing file /home/airflow/.local/lib/python3.12/site-packages/airflow/example_dags/tutorial.py for tasks to queue
[2026-06-09T00:53:30.070+0000] {logging_mixin.py:188} INFO - [2026-06-09T00:53:30.070+0000] {dagbag.py:545} INFO - Filling up the DagBag from /home/airflow/.local/lib/python3.12/site-packages/airflow/example_dags/tutorial.py
[2026-06-09T00:53:30.074+0000] {processor.py:840} INFO - DAG(s) 'tutorial' retrieved from /home/airflow/.local/lib/python3.12/site-packages/airflow/example_dags/tutorial.py
[2026-06-09T00:53:30.094+0000] {logging_mixin.py:188} INFO - [2026-06-09T00:53:30.094+0000] {dag.py:3096} INFO - Sync 1 DAGs
[2026-06-09T00:53:30.114+0000] {logging_mixin.py:188} INFO - [2026-06-09T00:53:30.114+0000] {dag.py:3954} INFO - Setting next_dagrun for tutorial to 2026-06-08 00:00:00+00:00, run_after=2026-06-09 00:00:00+00:00
[2026-06-09T00:53:30.139+0000] {processor.py:183} INFO - Processing /home/airflow/.local/lib/python3.12/site-packages/airflow/example_dags/tutorial.py took 0.079 seconds
[2026-06-09T00:54:00.445+0000] {processor.py:161} INFO - Started process (PID=136318) to work on /home/airflow/.local/lib/python3.12/site-packages/airflow/example_dags/tutorial.py
[2026-06-09T00:54:00.446+0000] {processor.py:830} INFO - Processing file /home/airflow/.local/lib/python3.12/site-packages/airflow/example_dags/tutorial.py for tasks to queue
[2026-06-09T00:54:00.448+0000] {logging_mixin.py:188} INFO - [2026-06-09T00:54:00.448+0000] {dagbag.py:545} INFO - Filling up the DagBag from /home/airflow/.local/lib/python3.12/site-packages/airflow/example_dags/tutorial.py
[2026-06-09T00:54:00.452+0000] {processor.py:840} INFO - DAG(s) 'tutorial' retrieved from /home/airflow/.local/lib/python3.12/site-packages/airflow/example_dags/tutorial.py
[2026-06-09T00:54:00.473+0000] {logging_mixin.py:188} INFO - [2026-06-09T00:54:00.473+0000] {dag.py:3096} INFO - Sync 1 DAGs
[2026-06-09T00:54:00.492+0000] {logging_mixin.py:188} INFO - [2026-06-09T00:54:00.492+0000] {dag.py:3954} INFO - Setting next_dagrun for tutorial to 2026-06-08 00:00:00+00:00, run_after=2026-06-09 00:00:00+00:00
[2026-06-09T00:54:00.515+0000] {processor.py:183} INFO - Processing /home/airflow/.local/lib/python3.12/site-packages/airflow/example_dags/tutorial.py took 0.075 seconds
[2026-06-09T00:54:30.599+0000] {processor.py:161} INFO - Started process (PID=136580) to work on /home/airflow/.local/lib/python3.12/site-packages/airflow/example_dags/tutorial.py
[2026-06-09T00:54:30.600+0000] {processor.py:830} INFO - Processing file /home/airflow/.local/lib/python3.12/site-packages/airflow/example_dags/tutorial.py for tasks to queue
[2026-06-09T00:54:30.603+0000] {logging_mixin.py:188} INFO - [2026-06-09T00:54:30.602+0000] {dagbag.py:545} INFO - Filling up the DagBag from /home/airflow/.local/lib/python3.12/site-packages/airflow/example_dags/tutorial.py
[2026-06-09T00:54:30.608+0000] {processor.py:840} INFO - DAG(s) 'tutorial' retrieved from /home/airflow/.local/lib/python3.12/site-packages/airflow/example_dags/tutorial.py
[2026-06-09T00:54:30.627+0000] {logging_mixin.py:188} INFO - [2026-06-09T00:54:30.627+0000] {dag.py:3096} INFO - Sync 1 DAGs
[2026-06-09T00:54:30.644+0000] {logging_mixin.py:188} INFO - [2026-06-09T00:54:30.644+0000] {dag.py:3954} INFO - Setting next_dagrun for tutorial to 2026-06-08 00:00:00+00:00, run_after=2026-06-09 00:00:00+00:00
[2026-06-09T00:54:30.663+0000] {processor.py:183} INFO - Processing /home/airflow/.local/lib/python3.12/site-packages/airflow/example_dags/tutorial.py took 0.069 seconds
[2026-06-09T00:55:00.939+0000] {processor.py:161} INFO - Started process (PID=136842) to work on /home/airflow/.local/lib/python3.12/site-packages/airflow/example_dags/tutorial.py
[2026-06-09T00:55:00.940+0000] {processor.py:830} INFO - Processing file /home/airflow/.local/lib/python3.12/site-packages/airflow/example_dags/tutorial.py for tasks to queue
[2026-06-09T00:55:00.943+0000] {logging_mixin.py:188} INFO - [2026-06-09T00:55:00.942+0000] {dagbag.py:545} INFO - Filling up the DagBag from /home/airflow/.local/lib/python3.12/site-packages/airflow/example_dags/tutorial.py
[2026-06-09T00:55:00.948+0000] {processor.py:840} INFO - DAG(s) 'tutorial' retrieved from /home/airflow/.local/lib/python3.12/site-packages/airflow/example_dags/tutorial.py
[2026-06-09T00:55:00.968+0000] {logging_mixin.py:188} INFO - [2026-06-09T00:55:00.968+0000] {dag.py:3096} INFO - Sync 1 DAGs
[2026-06-09T00:55:00.989+0000] {logging_mixin.py:188} INFO - [2026-06-09T00:55:00.989+0000] {dag.py:3954} INFO - Setting next_dagrun for tutorial to 2026-06-08 00:00:00+00:00, run_after=2026-06-09 00:00:00+00:00
[2026-06-09T00:55:01.010+0000] {processor.py:183} INFO - Processing /home/airflow/.local/lib/python3.12/site-packages/airflow/example_dags/tutorial.py took 0.075 seconds
[2026-06-09T00:55:31.415+0000] {processor.py:161} INFO - Started process (PID=137104) to work on /home/airflow/.local/lib/python3.12/site-packages/airflow/example_dags/tutorial.py
[2026-06-09T00:55:31.417+0000] {processor.py:830} INFO - Processing file /home/airflow/.local/lib/python3.12/site-packages/airflow/example_dags/tutorial.py for tasks to queue
[2026-06-09T00:55:31.418+0000] {logging_mixin.py:188} INFO - [2026-06-09T00:55:31.418+0000] {dagbag.py:545} INFO - Filling up the DagBag from /home/airflow/.local/lib/python3.12/site-packages/airflow/example_dags/tutorial.py
[2026-06-09T00:55:31.423+0000] {processor.py:840} INFO - DAG(s) 'tutorial' retrieved from /home/airflow/.local/lib/python3.12/site-packages/airflow/example_dags/tutorial.py
[2026-06-09T00:55:31.444+0000] {logging_mixin.py:188} INFO - [2026-06-09T00:55:31.444+0000] {dag.py:3096} INFO - Sync 1 DAGs
[2026-06-09T00:55:31.467+0000] {logging_mixin.py:188} INFO - [2026-06-09T00:55:31.466+0000] {dag.py:3954} INFO - Setting next_dagrun for tutorial to 2026-06-08 00:00:00+00:00, run_after=2026-06-09 00:00:00+00:00
[2026-06-09T00:55:31.487+0000] {processor.py:183} INFO - Processing /home/airflow/.local/lib/python3.12/site-packages/airflow/example_dags/tutorial.py took 0.078 seconds
[2026-06-09T00:56:01.842+0000] {processor.py:161} INFO - Started process (PID=137372) to work on /home/airflow/.local/lib/python3.12/site-packages/airflow/example_dags/tutorial.py
[2026-06-09T00:56:01.843+0000] {processor.py:830} INFO - Processing file /home/airflow/.local/lib/python3.12/site-packages/airflow/example_dags/tutorial.py for tasks to queue
[2026-06-09T00:56:01.844+0000] {logging_mixin.py:188} INFO - [2026-06-09T00:56:01.844+0000] {dagbag.py:545} INFO - Filling up the DagBag from /home/airflow/.local/lib/python3.12/site-packages/airflow/example_dags/tutorial.py
[2026-06-09T00:56:01.849+0000] {processor.py:840} INFO - DAG(s) 'tutorial' retrieved from /home/airflow/.local/lib/python3.12/site-packages/airflow/example_dags/tutorial.py
[2026-06-09T00:56:01.871+0000] {logging_mixin.py:188} INFO - [2026-06-09T00:56:01.871+0000] {dag.py:3096} INFO - Sync 1 DAGs
[2026-06-09T00:56:01.895+0000] {logging_mixin.py:188} INFO - [2026-06-09T00:56:01.894+0000] {dag.py:3954} INFO - Setting next_dagrun for tutorial to 2026-06-08 00:00:00+00:00, run_after=2026-06-09 00:00:00+00:00
[2026-06-09T00:56:01.915+0000] {processor.py:183} INFO - Processing /home/airflow/.local/lib/python3.12/site-packages/airflow/example_dags/tutorial.py took 0.079 seconds
[2026-06-09T00:56:32.070+0000] {processor.py:161} INFO - Started process (PID=137634) to work on /home/airflow/.local/lib/python3.12/site-packages/airflow/example_dags/tutorial.py
[2026-06-09T00:56:32.071+0000] {processor.py:830} INFO - Processing file /home/airflow/.local/lib/python3.12/site-packages/airflow/example_dags/tutorial.py for tasks to queue
[2026-06-09T00:56:32.073+0000] {logging_mixin.py:188} INFO - [2026-06-09T00:56:32.073+0000] {dagbag.py:545} INFO - Filling up the DagBag from /home/airflow/.local/lib/python3.12/site-packages/airflow/example_dags/tutorial.py
[2026-06-09T00:56:32.081+0000] {processor.py:840} INFO - DAG(s) 'tutorial' retrieved from /home/airflow/.local/lib/python3.12/site-packages/airflow/example_dags/tutorial.py
[2026-06-09T00:56:32.101+0000] {logging_mixin.py:188} INFO - [2026-06-09T00:56:32.101+0000] {dag.py:3096} INFO - Sync 1 DAGs
[2026-06-09T00:56:32.121+0000] {logging_mixin.py:188} INFO - [2026-06-09T00:56:32.121+0000] {dag.py:3954} INFO - Setting next_dagrun for tutorial to 2026-06-08 00:00:00+00:00, run_after=2026-06-09 00:00:00+00:00
[2026-06-09T00:56:32.150+0000] {processor.py:183} INFO - Processing /home/airflow/.local/lib/python3.12/site-packages/airflow/example_dags/tutorial.py took 0.085 seconds
[2026-06-09T00:57:02.337+0000] {processor.py:161} INFO - Started process (PID=137896) to work on /home/airflow/.local/lib/python3.12/site-packages/airflow/example_dags/tutorial.py
[2026-06-09T00:57:02.338+0000] {processor.py:830} INFO - Processing file /home/airflow/.local/lib/python3.12/site-packages/airflow/example_dags/tutorial.py for tasks to queue
[2026-06-09T00:57:02.339+0000] {logging_mixin.py:188} INFO - [2026-06-09T00:57:02.339+0000] {dagbag.py:545} INFO - Filling up the DagBag from /home/airflow/.local/lib/python3.12/site-packages/airflow/example_dags/tutorial.py
[2026-06-09T00:57:02.344+0000] {processor.py:840} INFO - DAG(s) 'tutorial' retrieved from /home/airflow/.local/lib/python3.12/site-packages/airflow/example_dags/tutorial.py
[2026-06-09T00:57:02.366+0000] {logging_mixin.py:188} INFO - [2026-06-09T00:57:02.365+0000] {dag.py:3096} INFO - Sync 1 DAGs
[2026-06-09T00:57:02.388+0000] {logging_mixin.py:188} INFO - [2026-06-09T00:57:02.388+0000] {dag.py:3954} INFO - Setting next_dagrun for tutorial to 2026-06-08 00:00:00+00:00, run_after=2026-06-09 00:00:00+00:00
[2026-06-09T00:57:02.409+0000] {processor.py:183} INFO - Processing /home/airflow/.local/lib/python3.12/site-packages/airflow/example_dags/tutorial.py took 0.078 seconds
[2026-06-09T00:57:32.633+0000] {processor.py:161} INFO - Started process (PID=138158) to work on /home/airflow/.local/lib/python3.12/site-packages/airflow/example_dags/tutorial.py
[2026-06-09T00:57:32.634+0000] {processor.py:830} INFO - Processing file /home/airflow/.local/lib/python3.12/site-packages/airflow/example_dags/tutorial.py for tasks to queue
[2026-06-09T00:57:32.635+0000] {logging_mixin.py:188} INFO - [2026-06-09T00:57:32.635+0000] {dagbag.py:545} INFO - Filling up the DagBag from /home/airflow/.local/lib/python3.12/site-packages/airflow/example_dags/tutorial.py
[2026-06-09T00:57:32.640+0000] {processor.py:840} INFO - DAG(s) 'tutorial' retrieved from /home/airflow/.local/lib/python3.12/site-packages/airflow/example_dags/tutorial.py
[2026-06-09T00:57:32.660+0000] {logging_mixin.py:188} INFO - [2026-06-09T00:57:32.660+0000] {dag.py:3096} INFO - Sync 1 DAGs
[2026-06-09T00:57:32.680+0000] {logging_mixin.py:188} INFO - [2026-06-09T00:57:32.680+0000] {dag.py:3954} INFO - Setting next_dagrun for tutorial to 2026-06-08 00:00:00+00:00, run_after=2026-06-09 00:00:00+00:00
[2026-06-09T00:57:32.706+0000] {processor.py:183} INFO - Processing /home/airflow/.local/lib/python3.12/site-packages/airflow/example_dags/tutorial.py took 0.081 seconds
[2026-06-09T00:58:02.840+0000] {processor.py:161} INFO - Started process (PID=138420) to work on /home/airflow/.local/lib/python3.12/site-packages/airflow/example_dags/tutorial.py
[2026-06-09T00:58:02.841+0000] {processor.py:830} INFO - Processing file /home/airflow/.local/lib/python3.12/site-packages/airflow/example_dags/tutorial.py for tasks to queue
[2026-06-09T00:58:02.843+0000] {logging_mixin.py:188} INFO - [2026-06-09T00:58:02.842+0000] {dagbag.py:545} INFO - Filling up the DagBag from /home/airflow/.local/lib/python3.12/site-packages/airflow/example_dags/tutorial.py
[2026-06-09T00:58:02.847+0000] {processor.py:840} INFO - DAG(s) 'tutorial' retrieved from /home/airflow/.local/lib/python3.12/site-packages/airflow/example_dags/tutorial.py
[2026-06-09T00:58:02.867+0000] {logging_mixin.py:188} INFO - [2026-06-09T00:58:02.867+0000] {dag.py:3096} INFO - Sync 1 DAGs
[2026-06-09T00:58:02.891+0000] {logging_mixin.py:188} INFO - [2026-06-09T00:58:02.891+0000] {dag.py:3954} INFO - Setting next_dagrun for tutorial to 2026-06-08 00:00:00+00:00, run_after=2026-06-09 00:00:00+00:00
[2026-06-09T00:58:02.915+0000] {processor.py:183} INFO - Processing /home/airflow/.local/lib/python3.12/site-packages/airflow/example_dags/tutorial.py took 0.082 seconds
[2026-06-09T00:58:33.067+0000] {processor.py:161} INFO - Started process (PID=138682) to work on /home/airflow/.local/lib/python3.12/site-packages/airflow/example_dags/tutorial.py
[2026-06-09T00:58:33.068+0000] {processor.py:830} INFO - Processing file /home/airflow/.local/lib/python3.12/site-packages/airflow/example_dags/tutorial.py for tasks to queue
[2026-06-09T00:58:33.069+0000] {logging_mixin.py:188} INFO - [2026-06-09T00:58:33.069+0000] {dagbag.py:545} INFO - Filling up the DagBag from /home/airflow/.local/lib/python3.12/site-packages/airflow/example_dags/tutorial.py
[2026-06-09T00:58:33.074+0000] {processor.py:840} INFO - DAG(s) 'tutorial' retrieved from /home/airflow/.local/lib/python3.12/site-packages/airflow/example_dags/tutorial.py
[2026-06-09T00:58:33.094+0000] {logging_mixin.py:188} INFO - [2026-06-09T00:58:33.094+0000] {dag.py:3096} INFO - Sync 1 DAGs
[2026-06-09T00:58:33.114+0000] {logging_mixin.py:188} INFO - [2026-06-09T00:58:33.114+0000] {dag.py:3954} INFO - Setting next_dagrun for tutorial to 2026-06-08 00:00:00+00:00, run_after=2026-06-09 00:00:00+00:00
[2026-06-09T00:58:33.137+0000] {processor.py:183} INFO - Processing /home/airflow/.local/lib/python3.12/site-packages/airflow/example_dags/tutorial.py took 0.077 seconds
[2026-06-09T00:59:03.361+0000] {processor.py:161} INFO - Started process (PID=138944) to work on /home/airflow/.local/lib/python3.12/site-packages/airflow/example_dags/tutorial.py
[2026-06-09T00:59:03.362+0000] {processor.py:830} INFO - Processing file /home/airflow/.local/lib/python3.12/site-packages/airflow/example_dags/tutorial.py for tasks to queue
[2026-06-09T00:59:03.364+0000] {logging_mixin.py:188} INFO - [2026-06-09T00:59:03.364+0000] {dagbag.py:545} INFO - Filling up the DagBag from /home/airflow/.local/lib/python3.12/site-packages/airflow/example_dags/tutorial.py
[2026-06-09T00:59:03.369+0000] {processor.py:840} INFO - DAG(s) 'tutorial' retrieved from /home/airflow/.local/lib/python3.12/site-packages/airflow/example_dags/tutorial.py
[2026-06-09T00:59:03.389+0000] {logging_mixin.py:188} INFO - [2026-06-09T00:59:03.388+0000] {dag.py:3096} INFO - Sync 1 DAGs
[2026-06-09T00:59:03.410+0000] {logging_mixin.py:188} INFO - [2026-06-09T00:59:03.409+0000] {dag.py:3954} INFO - Setting next_dagrun for tutorial to 2026-06-08 00:00:00+00:00, run_after=2026-06-09 00:00:00+00:00
[2026-06-09T00:59:03.433+0000] {processor.py:183} INFO - Processing /home/airflow/.local/lib/python3.12/site-packages/airflow/example_dags/tutorial.py took 0.079 seconds
[2026-06-09T00:59:33.872+0000] {processor.py:161} INFO - Started process (PID=139206) to work on /home/airflow/.local/lib/python3.12/site-packages/airflow/example_dags/tutorial.py
[2026-06-09T00:59:33.873+0000] {processor.py:830} INFO - Processing file /home/airflow/.local/lib/python3.12/site-packages/airflow/example_dags/tutorial.py for tasks to queue
[2026-06-09T00:59:33.875+0000] {logging_mixin.py:188} INFO - [2026-06-09T00:59:33.875+0000] {dagbag.py:545} INFO - Filling up the DagBag from /home/airflow/.local/lib/python3.12/site-packages/airflow/example_dags/tutorial.py
[2026-06-09T00:59:33.885+0000] {processor.py:840} INFO - DAG(s) 'tutorial' retrieved from /home/airflow/.local/lib/python3.12/site-packages/airflow/example_dags/tutorial.py
[2026-06-09T00:59:33.909+0000] {logging_mixin.py:188} INFO - [2026-06-09T00:59:33.908+0000] {dag.py:3096} INFO - Sync 1 DAGs
[2026-06-09T00:59:33.937+0000] {logging_mixin.py:188} INFO - [2026-06-09T00:59:33.937+0000] {dag.py:3954} INFO - Setting next_dagrun for tutorial to 2026-06-08 00:00:00+00:00, run_after=2026-06-09 00:00:00+00:00
[2026-06-09T00:59:33.956+0000] {processor.py:183} INFO - Processing /home/airflow/.local/lib/python3.12/site-packages/airflow/example_dags/tutorial.py took 0.090 seconds
[2026-06-09T01:00:04.149+0000] {processor.py:161} INFO - Started process (PID=139468) to work on /home/airflow/.local/lib/python3.12/site-packages/airflow/example_dags/tutorial.py
[2026-06-09T01:00:04.150+0000] {processor.py:830} INFO - Processing file /home/airflow/.local/lib/python3.12/site-packages/airflow/example_dags/tutorial.py for tasks to queue
[2026-06-09T01:00:04.152+0000] {logging_mixin.py:188} INFO - [2026-06-09T01:00:04.152+0000] {dagbag.py:545} INFO - Filling up the DagBag from /home/airflow/.local/lib/python3.12/site-packages/airflow/example_dags/tutorial.py
[2026-06-09T01:00:04.159+0000] {processor.py:840} INFO - DAG(s) 'tutorial' retrieved from /home/airflow/.local/lib/python3.12/site-packages/airflow/example_dags/tutorial.py
[2026-06-09T01:00:04.182+0000] {logging_mixin.py:188} INFO - [2026-06-09T01:00:04.181+0000] {dag.py:3096} INFO - Sync 1 DAGs
[2026-06-09T01:00:04.209+0000] {logging_mixin.py:188} INFO - [2026-06-09T01:00:04.208+0000] {dag.py:3954} INFO - Setting next_dagrun for tutorial to 2026-06-08 00:00:00+00:00, run_after=2026-06-09 00:00:00+00:00
[2026-06-09T01:00:04.234+0000] {processor.py:183} INFO - Processing /home/airflow/.local/lib/python3.12/site-packages/airflow/example_dags/tutorial.py took 0.089 seconds
[2026-06-09T01:00:34.815+0000] {processor.py:161} INFO - Started process (PID=139730) to work on /home/airflow/.local/lib/python3.12/site-packages/airflow/example_dags/tutorial.py
[2026-06-09T01:00:34.816+0000] {processor.py:830} INFO - Processing file /home/airflow/.local/lib/python3.12/site-packages/airflow/example_dags/tutorial.py for tasks to queue
[2026-06-09T01:00:34.818+0000] {logging_mixin.py:188} INFO - [2026-06-09T01:00:34.818+0000] {dagbag.py:545} INFO - Filling up the DagBag from /home/airflow/.local/lib/python3.12/site-packages/airflow/example_dags/tutorial.py
[2026-06-09T01:00:34.824+0000] {processor.py:840} INFO - DAG(s) 'tutorial' retrieved from /home/airflow/.local/lib/python3.12/site-packages/airflow/example_dags/tutorial.py
[2026-06-09T01:00:34.846+0000] {logging_mixin.py:188} INFO - [2026-06-09T01:00:34.846+0000] {dag.py:3096} INFO - Sync 1 DAGs
[2026-06-09T01:00:34.868+0000] {logging_mixin.py:188} INFO - [2026-06-09T01:00:34.868+0000] {dag.py:3954} INFO - Setting next_dagrun for tutorial to 2026-06-08 00:00:00+00:00, run_after=2026-06-09 00:00:00+00:00
[2026-06-09T01:00:34.888+0000] {processor.py:183} INFO - Processing /home/airflow/.local/lib/python3.12/site-packages/airflow/example_dags/tutorial.py took 0.077 seconds
[2026-06-09T01:01:05.426+0000] {processor.py:161} INFO - Started process (PID=139992) to work on /home/airflow/.local/lib/python3.12/site-packages/airflow/example_dags/tutorial.py
[2026-06-09T01:01:05.427+0000] {processor.py:830} INFO - Processing file /home/airflow/.local/lib/python3.12/site-packages/airflow/example_dags/tutorial.py for tasks to queue
[2026-06-09T01:01:05.429+0000] {logging_mixin.py:188} INFO - [2026-06-09T01:01:05.428+0000] {dagbag.py:545} INFO - Filling up the DagBag from /home/airflow/.local/lib/python3.12/site-packages/airflow/example_dags/tutorial.py
[2026-06-09T01:01:05.434+0000] {processor.py:840} INFO - DAG(s) 'tutorial' retrieved from /home/airflow/.local/lib/python3.12/site-packages/airflow/example_dags/tutorial.py
[2026-06-09T01:01:05.456+0000] {logging_mixin.py:188} INFO - [2026-06-09T01:01:05.456+0000] {dag.py:3096} INFO - Sync 1 DAGs
[2026-06-09T01:01:05.479+0000] {logging_mixin.py:188} INFO - [2026-06-09T01:01:05.479+0000] {dag.py:3954} INFO - Setting next_dagrun for tutorial to 2026-06-08 00:00:00+00:00, run_after=2026-06-09 00:00:00+00:00
[2026-06-09T01:01:05.498+0000] {processor.py:183} INFO - Processing /home/airflow/.local/lib/python3.12/site-packages/airflow/example_dags/tutorial.py took 0.080 seconds
[2026-06-09T01:01:35.583+0000] {processor.py:161} INFO - Started process (PID=140254) to work on /home/airflow/.local/lib/python3.12/site-packages/airflow/example_dags/tutorial.py
[2026-06-09T01:01:35.584+0000] {processor.py:830} INFO - Processing file /home/airflow/.local/lib/python3.12/site-packages/airflow/example_dags/tutorial.py for tasks to queue
[2026-06-09T01:01:35.586+0000] {logging_mixin.py:188} INFO - [2026-06-09T01:01:35.586+0000] {dagbag.py:545} INFO - Filling up the DagBag from /home/airflow/.local/lib/python3.12/site-packages/airflow/example_dags/tutorial.py
[2026-06-09T01:01:35.591+0000] {processor.py:840} INFO - DAG(s) 'tutorial' retrieved from /home/airflow/.local/lib/python3.12/site-packages/airflow/example_dags/tutorial.py
[2026-06-09T01:01:35.614+0000] {logging_mixin.py:188} INFO - [2026-06-09T01:01:35.614+0000] {dag.py:3096} INFO - Sync 1 DAGs
[2026-06-09T01:01:35.644+0000] {logging_mixin.py:188} INFO - [2026-06-09T01:01:35.644+0000] {dag.py:3954} INFO - Setting next_dagrun for tutorial to 2026-06-08 00:00:00+00:00, run_after=2026-06-09 00:00:00+00:00
[2026-06-09T01:01:35.678+0000] {processor.py:183} INFO - Processing /home/airflow/.local/lib/python3.12/site-packages/airflow/example_dags/tutorial.py took 0.102 seconds
[2026-06-09T01:02:06.526+0000] {processor.py:161} INFO - Started process (PID=140516) to work on /home/airflow/.local/lib/python3.12/site-packages/airflow/example_dags/tutorial.py
[2026-06-09T01:02:06.527+0000] {processor.py:830} INFO - Processing file /home/airflow/.local/lib/python3.12/site-packages/airflow/example_dags/tutorial.py for tasks to queue
[2026-06-09T01:02:06.530+0000] {logging_mixin.py:188} INFO - [2026-06-09T01:02:06.530+0000] {dagbag.py:545} INFO - Filling up the DagBag from /home/airflow/.local/lib/python3.12/site-packages/airflow/example_dags/tutorial.py
[2026-06-09T01:02:06.535+0000] {processor.py:840} INFO - DAG(s) 'tutorial' retrieved from /home/airflow/.local/lib/python3.12/site-packages/airflow/example_dags/tutorial.py
[2026-06-09T01:02:06.555+0000] {logging_mixin.py:188} INFO - [2026-06-09T01:02:06.554+0000] {dag.py:3096} INFO - Sync 1 DAGs
[2026-06-09T01:02:06.577+0000] {logging_mixin.py:188} INFO - [2026-06-09T01:02:06.577+0000] {dag.py:3954} INFO - Setting next_dagrun for tutorial to 2026-06-08 00:00:00+00:00, run_after=2026-06-09 00:00:00+00:00
[2026-06-09T01:02:06.602+0000] {processor.py:183} INFO - Processing /home/airflow/.local/lib/python3.12/site-packages/airflow/example_dags/tutorial.py took 0.082 seconds
[2026-06-09T01:02:36.793+0000] {processor.py:161} INFO - Started process (PID=140778) to work on /home/airflow/.local/lib/python3.12/site-packages/airflow/example_dags/tutorial.py
[2026-06-09T01:02:36.796+0000] {processor.py:830} INFO - Processing file /home/airflow/.local/lib/python3.12/site-packages/airflow/example_dags/tutorial.py for tasks to queue
[2026-06-09T01:02:36.797+0000] {logging_mixin.py:188} INFO - [2026-06-09T01:02:36.797+0000] {dagbag.py:545} INFO - Filling up the DagBag from /home/airflow/.local/lib/python3.12/site-packages/airflow/example_dags/tutorial.py
[2026-06-09T01:02:36.802+0000] {processor.py:840} INFO - DAG(s) 'tutorial' retrieved from /home/airflow/.local/lib/python3.12/site-packages/airflow/example_dags/tutorial.py
[2026-06-09T01:02:36.821+0000] {logging_mixin.py:188} INFO - [2026-06-09T01:02:36.821+0000] {dag.py:3096} INFO - Sync 1 DAGs
[2026-06-09T01:02:36.842+0000] {logging_mixin.py:188} INFO - [2026-06-09T01:02:36.842+0000] {dag.py:3954} INFO - Setting next_dagrun for tutorial to 2026-06-08 00:00:00+00:00, run_after=2026-06-09 00:00:00+00:00
[2026-06-09T01:02:36.864+0000] {processor.py:183} INFO - Processing /home/airflow/.local/lib/python3.12/site-packages/airflow/example_dags/tutorial.py took 0.077 seconds
[2026-06-09T01:03:07.023+0000] {processor.py:161} INFO - Started process (PID=141040) to work on /home/airflow/.local/lib/python3.12/site-packages/airflow/example_dags/tutorial.py
[2026-06-09T01:03:07.024+0000] {processor.py:830} INFO - Processing file /home/airflow/.local/lib/python3.12/site-packages/airflow/example_dags/tutorial.py for tasks to queue
[2026-06-09T01:03:07.026+0000] {logging_mixin.py:188} INFO - [2026-06-09T01:03:07.026+0000] {dagbag.py:545} INFO - Filling up the DagBag from /home/airflow/.local/lib/python3.12/site-packages/airflow/example_dags/tutorial.py
[2026-06-09T01:03:07.033+0000] {processor.py:840} INFO - DAG(s) 'tutorial' retrieved from /home/airflow/.local/lib/python3.12/site-packages/airflow/example_dags/tutorial.py
[2026-06-09T01:03:07.053+0000] {logging_mixin.py:188} INFO - [2026-06-09T01:03:07.053+0000] {dag.py:3096} INFO - Sync 1 DAGs
[2026-06-09T01:03:07.075+0000] {logging_mixin.py:188} INFO - [2026-06-09T01:03:07.074+0000] {dag.py:3954} INFO - Setting next_dagrun for tutorial to 2026-06-08 00:00:00+00:00, run_after=2026-06-09 00:00:00+00:00
[2026-06-09T01:03:07.093+0000] {processor.py:183} INFO - Processing /home/airflow/.local/lib/python3.12/site-packages/airflow/example_dags/tutorial.py took 0.075 seconds
[2026-06-09T01:03:37.532+0000] {processor.py:161} INFO - Started process (PID=141302) to work on /home/airflow/.local/lib/python3.12/site-packages/airflow/example_dags/tutorial.py
[2026-06-09T01:03:37.533+0000] {processor.py:830} INFO - Processing file /home/airflow/.local/lib/python3.12/site-packages/airflow/example_dags/tutorial.py for tasks to queue
[2026-06-09T01:03:37.534+0000] {logging_mixin.py:188} INFO - [2026-06-09T01:03:37.534+0000] {dagbag.py:545} INFO - Filling up the DagBag from /home/airflow/.local/lib/python3.12/site-packages/airflow/example_dags/tutorial.py
[2026-06-09T01:03:37.539+0000] {processor.py:840} INFO - DAG(s) 'tutorial' retrieved from /home/airflow/.local/lib/python3.12/site-packages/airflow/example_dags/tutorial.py
[2026-06-09T01:03:37.560+0000] {logging_mixin.py:188} INFO - [2026-06-09T01:03:37.559+0000] {dag.py:3096} INFO - Sync 1 DAGs
[2026-06-09T01:03:37.583+0000] {logging_mixin.py:188} INFO - [2026-06-09T01:03:37.583+0000] {dag.py:3954} INFO - Setting next_dagrun for tutorial to 2026-06-08 00:00:00+00:00, run_after=2026-06-09 00:00:00+00:00
[2026-06-09T01:03:37.606+0000] {processor.py:183} INFO - Processing /home/airflow/.local/lib/python3.12/site-packages/airflow/example_dags/tutorial.py took 0.082 seconds
[2026-06-09T01:04:07.808+0000] {processor.py:161} INFO - Started process (PID=141564) to work on /home/airflow/.local/lib/python3.12/site-packages/airflow/example_dags/tutorial.py
[2026-06-09T01:04:07.810+0000] {processor.py:830} INFO - Processing file /home/airflow/.local/lib/python3.12/site-packages/airflow/example_dags/tutorial.py for tasks to queue
[2026-06-09T01:04:07.811+0000] {logging_mixin.py:188} INFO - [2026-06-09T01:04:07.811+0000] {dagbag.py:545} INFO - Filling up the DagBag from /home/airflow/.local/lib/python3.12/site-packages/airflow/example_dags/tutorial.py
[2026-06-09T01:04:07.816+0000] {processor.py:840} INFO - DAG(s) 'tutorial' retrieved from /home/airflow/.local/lib/python3.12/site-packages/airflow/example_dags/tutorial.py
[2026-06-09T01:04:07.839+0000] {logging_mixin.py:188} INFO - [2026-06-09T01:04:07.838+0000] {dag.py:3096} INFO - Sync 1 DAGs
[2026-06-09T01:04:07.860+0000] {logging_mixin.py:188} INFO - [2026-06-09T01:04:07.860+0000] {dag.py:3954} INFO - Setting next_dagrun for tutorial to 2026-06-08 00:00:00+00:00, run_after=2026-06-09 00:00:00+00:00
[2026-06-09T01:04:07.886+0000] {processor.py:183} INFO - Processing /home/airflow/.local/lib/python3.12/site-packages/airflow/example_dags/tutorial.py took 0.083 seconds
[2026-06-09T01:04:38.067+0000] {processor.py:161} INFO - Started process (PID=141826) to work on /home/airflow/.local/lib/python3.12/site-packages/airflow/example_dags/tutorial.py
[2026-06-09T01:04:38.068+0000] {processor.py:830} INFO - Processing file /home/airflow/.local/lib/python3.12/site-packages/airflow/example_dags/tutorial.py for tasks to queue
[2026-06-09T01:04:38.069+0000] {logging_mixin.py:188} INFO - [2026-06-09T01:04:38.069+0000] {dagbag.py:545} INFO - Filling up the DagBag from /home/airflow/.local/lib/python3.12/site-packages/airflow/example_dags/tutorial.py
[2026-06-09T01:04:38.075+0000] {processor.py:840} INFO - DAG(s) 'tutorial' retrieved from /home/airflow/.local/lib/python3.12/site-packages/airflow/example_dags/tutorial.py
[2026-06-09T01:04:38.096+0000] {logging_mixin.py:188} INFO - [2026-06-09T01:04:38.096+0000] {dag.py:3096} INFO - Sync 1 DAGs
[2026-06-09T01:04:38.117+0000] {logging_mixin.py:188} INFO - [2026-06-09T01:04:38.116+0000] {dag.py:3954} INFO - Setting next_dagrun for tutorial to 2026-06-08 00:00:00+00:00, run_after=2026-06-09 00:00:00+00:00
[2026-06-09T01:04:38.136+0000] {processor.py:183} INFO - Processing /home/airflow/.local/lib/python3.12/site-packages/airflow/example_dags/tutorial.py took 0.075 seconds
[2026-06-09T01:05:08.413+0000] {processor.py:161} INFO - Started process (PID=142088) to work on /home/airflow/.local/lib/python3.12/site-packages/airflow/example_dags/tutorial.py
[2026-06-09T01:05:08.415+0000] {processor.py:830} INFO - Processing file /home/airflow/.local/lib/python3.12/site-packages/airflow/example_dags/tutorial.py for tasks to queue
[2026-06-09T01:05:08.417+0000] {logging_mixin.py:188} INFO - [2026-06-09T01:05:08.417+0000] {dagbag.py:545} INFO - Filling up the DagBag from /home/airflow/.local/lib/python3.12/site-packages/airflow/example_dags/tutorial.py
[2026-06-09T01:05:08.425+0000] {processor.py:840} INFO - DAG(s) 'tutorial' retrieved from /home/airflow/.local/lib/python3.12/site-packages/airflow/example_dags/tutorial.py
[2026-06-09T01:05:08.446+0000] {logging_mixin.py:188} INFO - [2026-06-09T01:05:08.446+0000] {dag.py:3096} INFO - Sync 1 DAGs
[2026-06-09T01:05:08.468+0000] {logging_mixin.py:188} INFO - [2026-06-09T01:05:08.467+0000] {dag.py:3954} INFO - Setting next_dagrun for tutorial to 2026-06-08 00:00:00+00:00, run_after=2026-06-09 00:00:00+00:00
[2026-06-09T01:05:08.488+0000] {processor.py:183} INFO - Processing /home/airflow/.local/lib/python3.12/site-packages/airflow/example_dags/tutorial.py took 0.080 seconds
[2026-06-09T01:05:38.624+0000] {processor.py:161} INFO - Started process (PID=142350) to work on /home/airflow/.local/lib/python3.12/site-packages/airflow/example_dags/tutorial.py
[2026-06-09T01:05:38.626+0000] {processor.py:830} INFO - Processing file /home/airflow/.local/lib/python3.12/site-packages/airflow/example_dags/tutorial.py for tasks to queue
[2026-06-09T01:05:38.628+0000] {logging_mixin.py:188} INFO - [2026-06-09T01:05:38.627+0000] {dagbag.py:545} INFO - Filling up the DagBag from /home/airflow/.local/lib/python3.12/site-packages/airflow/example_dags/tutorial.py
[2026-06-09T01:05:38.632+0000] {processor.py:840} INFO - DAG(s) 'tutorial' retrieved from /home/airflow/.local/lib/python3.12/site-packages/airflow/example_dags/tutorial.py
[2026-06-09T01:05:38.655+0000] {logging_mixin.py:188} INFO - [2026-06-09T01:05:38.654+0000] {dag.py:3096} INFO - Sync 1 DAGs
[2026-06-09T01:05:38.678+0000] {logging_mixin.py:188} INFO - [2026-06-09T01:05:38.678+0000] {dag.py:3954} INFO - Setting next_dagrun for tutorial to 2026-06-08 00:00:00+00:00, run_after=2026-06-09 00:00:00+00:00
[2026-06-09T01:05:38.698+0000] {processor.py:183} INFO - Processing /home/airflow/.local/lib/python3.12/site-packages/airflow/example_dags/tutorial.py took 0.079 seconds
[2026-06-09T01:06:09.060+0000] {processor.py:161} INFO - Started process (PID=142612) to work on /home/airflow/.local/lib/python3.12/site-packages/airflow/example_dags/tutorial.py
[2026-06-09T01:06:09.062+0000] {processor.py:830} INFO - Processing file /home/airflow/.local/lib/python3.12/site-packages/airflow/example_dags/tutorial.py for tasks to queue
[2026-06-09T01:06:09.064+0000] {logging_mixin.py:188} INFO - [2026-06-09T01:06:09.063+0000] {dagbag.py:545} INFO - Filling up the DagBag from /home/airflow/.local/lib/python3.12/site-packages/airflow/example_dags/tutorial.py
[2026-06-09T01:06:09.070+0000] {processor.py:840} INFO - DAG(s) 'tutorial' retrieved from /home/airflow/.local/lib/python3.12/site-packages/airflow/example_dags/tutorial.py
[2026-06-09T01:06:09.094+0000] {logging_mixin.py:188} INFO - [2026-06-09T01:06:09.094+0000] {dag.py:3096} INFO - Sync 1 DAGs
[2026-06-09T01:06:09.115+0000] {logging_mixin.py:188} INFO - [2026-06-09T01:06:09.115+0000] {dag.py:3954} INFO - Setting next_dagrun for tutorial to 2026-06-08 00:00:00+00:00, run_after=2026-06-09 00:00:00+00:00
[2026-06-09T01:06:09.140+0000] {processor.py:183} INFO - Processing /home/airflow/.local/lib/python3.12/site-packages/airflow/example_dags/tutorial.py took 0.085 seconds
[2026-06-09T01:06:39.314+0000] {processor.py:161} INFO - Started process (PID=142874) to work on /home/airflow/.local/lib/python3.12/site-packages/airflow/example_dags/tutorial.py
[2026-06-09T01:06:39.316+0000] {processor.py:830} INFO - Processing file /home/airflow/.local/lib/python3.12/site-packages/airflow/example_dags/tutorial.py for tasks to queue
[2026-06-09T01:06:39.318+0000] {logging_mixin.py:188} INFO - [2026-06-09T01:06:39.318+0000] {dagbag.py:545} INFO - Filling up the DagBag from /home/airflow/.local/lib/python3.12/site-packages/airflow/example_dags/tutorial.py
[2026-06-09T01:06:39.323+0000] {processor.py:840} INFO - DAG(s) 'tutorial' retrieved from /home/airflow/.local/lib/python3.12/site-packages/airflow/example_dags/tutorial.py
[2026-06-09T01:06:39.357+0000] {logging_mixin.py:188} INFO - [2026-06-09T01:06:39.356+0000] {dag.py:3096} INFO - Sync 1 DAGs
[2026-06-09T01:06:39.393+0000] {logging_mixin.py:188} INFO - [2026-06-09T01:06:39.393+0000] {dag.py:3954} INFO - Setting next_dagrun for tutorial to 2026-06-08 00:00:00+00:00, run_after=2026-06-09 00:00:00+00:00
[2026-06-09T01:06:39.427+0000] {processor.py:183} INFO - Processing /home/airflow/.local/lib/python3.12/site-packages/airflow/example_dags/tutorial.py took 0.118 seconds
[2026-06-09T01:07:09.663+0000] {processor.py:161} INFO - Started process (PID=143136) to work on /home/airflow/.local/lib/python3.12/site-packages/airflow/example_dags/tutorial.py
[2026-06-09T01:07:09.664+0000] {processor.py:830} INFO - Processing file /home/airflow/.local/lib/python3.12/site-packages/airflow/example_dags/tutorial.py for tasks to queue
[2026-06-09T01:07:09.667+0000] {logging_mixin.py:188} INFO - [2026-06-09T01:07:09.666+0000] {dagbag.py:545} INFO - Filling up the DagBag from /home/airflow/.local/lib/python3.12/site-packages/airflow/example_dags/tutorial.py
[2026-06-09T01:07:09.673+0000] {processor.py:840} INFO - DAG(s) 'tutorial' retrieved from /home/airflow/.local/lib/python3.12/site-packages/airflow/example_dags/tutorial.py
[2026-06-09T01:07:09.696+0000] {logging_mixin.py:188} INFO - [2026-06-09T01:07:09.695+0000] {dag.py:3096} INFO - Sync 1 DAGs
[2026-06-09T01:07:09.722+0000] {logging_mixin.py:188} INFO - [2026-06-09T01:07:09.721+0000] {dag.py:3954} INFO - Setting next_dagrun for tutorial to 2026-06-08 00:00:00+00:00, run_after=2026-06-09 00:00:00+00:00
[2026-06-09T01:07:09.745+0000] {processor.py:183} INFO - Processing /home/airflow/.local/lib/python3.12/site-packages/airflow/example_dags/tutorial.py took 0.087 seconds
[2026-06-09T01:07:39.910+0000] {processor.py:161} INFO - Started process (PID=143398) to work on /home/airflow/.local/lib/python3.12/site-packages/airflow/example_dags/tutorial.py
[2026-06-09T01:07:39.911+0000] {processor.py:830} INFO - Processing file /home/airflow/.local/lib/python3.12/site-packages/airflow/example_dags/tutorial.py for tasks to queue
[2026-06-09T01:07:39.912+0000] {logging_mixin.py:188} INFO - [2026-06-09T01:07:39.912+0000] {dagbag.py:545} INFO - Filling up the DagBag from /home/airflow/.local/lib/python3.12/site-packages/airflow/example_dags/tutorial.py
[2026-06-09T01:07:39.918+0000] {processor.py:840} INFO - DAG(s) 'tutorial' retrieved from /home/airflow/.local/lib/python3.12/site-packages/airflow/example_dags/tutorial.py
[2026-06-09T01:07:39.941+0000] {logging_mixin.py:188} INFO - [2026-06-09T01:07:39.941+0000] {dag.py:3096} INFO - Sync 1 DAGs
[2026-06-09T01:07:39.963+0000] {logging_mixin.py:188} INFO - [2026-06-09T01:07:39.963+0000] {dag.py:3954} INFO - Setting next_dagrun for tutorial to 2026-06-08 00:00:00+00:00, run_after=2026-06-09 00:00:00+00:00
[2026-06-09T01:07:39.984+0000] {processor.py:183} INFO - Processing /home/airflow/.local/lib/python3.12/site-packages/airflow/example_dags/tutorial.py took 0.079 seconds
[2026-06-09T01:08:10.185+0000] {processor.py:161} INFO - Started process (PID=143660) to work on /home/airflow/.local/lib/python3.12/site-packages/airflow/example_dags/tutorial.py
[2026-06-09T01:08:10.186+0000] {processor.py:830} INFO - Processing file /home/airflow/.local/lib/python3.12/site-packages/airflow/example_dags/tutorial.py for tasks to queue
[2026-06-09T01:08:10.188+0000] {logging_mixin.py:188} INFO - [2026-06-09T01:08:10.187+0000] {dagbag.py:545} INFO - Filling up the DagBag from /home/airflow/.local/lib/python3.12/site-packages/airflow/example_dags/tutorial.py
[2026-06-09T01:08:10.193+0000] {processor.py:840} INFO - DAG(s) 'tutorial' retrieved from /home/airflow/.local/lib/python3.12/site-packages/airflow/example_dags/tutorial.py
[2026-06-09T01:08:10.215+0000] {logging_mixin.py:188} INFO - [2026-06-09T01:08:10.214+0000] {dag.py:3096} INFO - Sync 1 DAGs
[2026-06-09T01:08:10.236+0000] {logging_mixin.py:188} INFO - [2026-06-09T01:08:10.236+0000] {dag.py:3954} INFO - Setting next_dagrun for tutorial to 2026-06-08 00:00:00+00:00, run_after=2026-06-09 00:00:00+00:00
[2026-06-09T01:08:10.259+0000] {processor.py:183} INFO - Processing /home/airflow/.local/lib/python3.12/site-packages/airflow/example_dags/tutorial.py took 0.081 seconds
[2026-06-09T01:08:40.787+0000] {processor.py:161} INFO - Started process (PID=143928) to work on /home/airflow/.local/lib/python3.12/site-packages/airflow/example_dags/tutorial.py
[2026-06-09T01:08:40.788+0000] {processor.py:830} INFO - Processing file /home/airflow/.local/lib/python3.12/site-packages/airflow/example_dags/tutorial.py for tasks to queue
[2026-06-09T01:08:40.791+0000] {logging_mixin.py:188} INFO - [2026-06-09T01:08:40.791+0000] {dagbag.py:545} INFO - Filling up the DagBag from /home/airflow/.local/lib/python3.12/site-packages/airflow/example_dags/tutorial.py
[2026-06-09T01:08:40.797+0000] {processor.py:840} INFO - DAG(s) 'tutorial' retrieved from /home/airflow/.local/lib/python3.12/site-packages/airflow/example_dags/tutorial.py
[2026-06-09T01:08:40.817+0000] {logging_mixin.py:188} INFO - [2026-06-09T01:08:40.817+0000] {dag.py:3096} INFO - Sync 1 DAGs
[2026-06-09T01:08:40.839+0000] {logging_mixin.py:188} INFO - [2026-06-09T01:08:40.839+0000] {dag.py:3954} INFO - Setting next_dagrun for tutorial to 2026-06-08 00:00:00+00:00, run_after=2026-06-09 00:00:00+00:00
[2026-06-09T01:08:40.867+0000] {processor.py:183} INFO - Processing /home/airflow/.local/lib/python3.12/site-packages/airflow/example_dags/tutorial.py took 0.085 seconds
[2026-06-09T01:09:11.095+0000] {processor.py:161} INFO - Started process (PID=144190) to work on /home/airflow/.local/lib/python3.12/site-packages/airflow/example_dags/tutorial.py
[2026-06-09T01:09:11.096+0000] {processor.py:830} INFO - Processing file /home/airflow/.local/lib/python3.12/site-packages/airflow/example_dags/tutorial.py for tasks to queue
[2026-06-09T01:09:11.097+0000] {logging_mixin.py:188} INFO - [2026-06-09T01:09:11.097+0000] {dagbag.py:545} INFO - Filling up the DagBag from /home/airflow/.local/lib/python3.12/site-packages/airflow/example_dags/tutorial.py
[2026-06-09T01:09:11.103+0000] {processor.py:840} INFO - DAG(s) 'tutorial' retrieved from /home/airflow/.local/lib/python3.12/site-packages/airflow/example_dags/tutorial.py
[2026-06-09T01:09:11.125+0000] {logging_mixin.py:188} INFO - [2026-06-09T01:09:11.125+0000] {dag.py:3096} INFO - Sync 1 DAGs
[2026-06-09T01:09:11.145+0000] {logging_mixin.py:188} INFO - [2026-06-09T01:09:11.145+0000] {dag.py:3954} INFO - Setting next_dagrun for tutorial to 2026-06-08 00:00:00+00:00, run_after=2026-06-09 00:00:00+00:00
[2026-06-09T01:09:11.165+0000] {processor.py:183} INFO - Processing /home/airflow/.local/lib/python3.12/site-packages/airflow/example_dags/tutorial.py took 0.075 seconds
[2026-06-09T01:09:41.492+0000] {processor.py:161} INFO - Started process (PID=144452) to work on /home/airflow/.local/lib/python3.12/site-packages/airflow/example_dags/tutorial.py
[2026-06-09T01:09:41.493+0000] {processor.py:830} INFO - Processing file /home/airflow/.local/lib/python3.12/site-packages/airflow/example_dags/tutorial.py for tasks to queue
[2026-06-09T01:09:41.497+0000] {logging_mixin.py:188} INFO - [2026-06-09T01:09:41.496+0000] {dagbag.py:545} INFO - Filling up the DagBag from /home/airflow/.local/lib/python3.12/site-packages/airflow/example_dags/tutorial.py
[2026-06-09T01:09:41.502+0000] {processor.py:840} INFO - DAG(s) 'tutorial' retrieved from /home/airflow/.local/lib/python3.12/site-packages/airflow/example_dags/tutorial.py
[2026-06-09T01:09:41.522+0000] {logging_mixin.py:188} INFO - [2026-06-09T01:09:41.521+0000] {dag.py:3096} INFO - Sync 1 DAGs
[2026-06-09T01:09:41.542+0000] {logging_mixin.py:188} INFO - [2026-06-09T01:09:41.542+0000] {dag.py:3954} INFO - Setting next_dagrun for tutorial to 2026-06-08 00:00:00+00:00, run_after=2026-06-09 00:00:00+00:00
[2026-06-09T01:09:41.563+0000] {processor.py:183} INFO - Processing /home/airflow/.local/lib/python3.12/site-packages/airflow/example_dags/tutorial.py took 0.075 seconds
[2026-06-09T01:10:11.677+0000] {processor.py:161} INFO - Started process (PID=144714) to work on /home/airflow/.local/lib/python3.12/site-packages/airflow/example_dags/tutorial.py
[2026-06-09T01:10:11.677+0000] {processor.py:830} INFO - Processing file /home/airflow/.local/lib/python3.12/site-packages/airflow/example_dags/tutorial.py for tasks to queue
[2026-06-09T01:10:11.679+0000] {logging_mixin.py:188} INFO - [2026-06-09T01:10:11.679+0000] {dagbag.py:545} INFO - Filling up the DagBag from /home/airflow/.local/lib/python3.12/site-packages/airflow/example_dags/tutorial.py
[2026-06-09T01:10:11.685+0000] {processor.py:840} INFO - DAG(s) 'tutorial' retrieved from /home/airflow/.local/lib/python3.12/site-packages/airflow/example_dags/tutorial.py
[2026-06-09T01:10:11.706+0000] {logging_mixin.py:188} INFO - [2026-06-09T01:10:11.706+0000] {dag.py:3096} INFO - Sync 1 DAGs
[2026-06-09T01:10:11.729+0000] {logging_mixin.py:188} INFO - [2026-06-09T01:10:11.729+0000] {dag.py:3954} INFO - Setting next_dagrun for tutorial to 2026-06-08 00:00:00+00:00, run_after=2026-06-09 00:00:00+00:00
[2026-06-09T01:10:11.754+0000] {processor.py:183} INFO - Processing /home/airflow/.local/lib/python3.12/site-packages/airflow/example_dags/tutorial.py took 0.082 seconds
[2026-06-09T01:10:41.992+0000] {processor.py:161} INFO - Started process (PID=144970) to work on /home/airflow/.local/lib/python3.12/site-packages/airflow/example_dags/tutorial.py
[2026-06-09T01:10:41.994+0000] {processor.py:830} INFO - Processing file /home/airflow/.local/lib/python3.12/site-packages/airflow/example_dags/tutorial.py for tasks to queue
[2026-06-09T01:10:41.997+0000] {logging_mixin.py:188} INFO - [2026-06-09T01:10:41.997+0000] {dagbag.py:545} INFO - Filling up the DagBag from /home/airflow/.local/lib/python3.12/site-packages/airflow/example_dags/tutorial.py
[2026-06-09T01:10:42.002+0000] {processor.py:840} INFO - DAG(s) 'tutorial' retrieved from /home/airflow/.local/lib/python3.12/site-packages/airflow/example_dags/tutorial.py
[2026-06-09T01:10:42.024+0000] {logging_mixin.py:188} INFO - [2026-06-09T01:10:42.023+0000] {dag.py:3096} INFO - Sync 1 DAGs
[2026-06-09T01:10:42.046+0000] {logging_mixin.py:188} INFO - [2026-06-09T01:10:42.046+0000] {dag.py:3954} INFO - Setting next_dagrun for tutorial to 2026-06-08 00:00:00+00:00, run_after=2026-06-09 00:00:00+00:00
[2026-06-09T01:10:42.070+0000] {processor.py:183} INFO - Processing /home/airflow/.local/lib/python3.12/site-packages/airflow/example_dags/tutorial.py took 0.085 seconds
[2026-06-09T01:11:12.337+0000] {processor.py:161} INFO - Started process (PID=145232) to work on /home/airflow/.local/lib/python3.12/site-packages/airflow/example_dags/tutorial.py
[2026-06-09T01:11:12.337+0000] {processor.py:830} INFO - Processing file /home/airflow/.local/lib/python3.12/site-packages/airflow/example_dags/tutorial.py for tasks to queue
[2026-06-09T01:11:12.339+0000] {logging_mixin.py:188} INFO - [2026-06-09T01:11:12.339+0000] {dagbag.py:545} INFO - Filling up the DagBag from /home/airflow/.local/lib/python3.12/site-packages/airflow/example_dags/tutorial.py
[2026-06-09T01:11:12.345+0000] {processor.py:840} INFO - DAG(s) 'tutorial' retrieved from /home/airflow/.local/lib/python3.12/site-packages/airflow/example_dags/tutorial.py
[2026-06-09T01:11:12.369+0000] {logging_mixin.py:188} INFO - [2026-06-09T01:11:12.369+0000] {dag.py:3096} INFO - Sync 1 DAGs
[2026-06-09T01:11:12.391+0000] {logging_mixin.py:188} INFO - [2026-06-09T01:11:12.391+0000] {dag.py:3954} INFO - Setting next_dagrun for tutorial to 2026-06-08 00:00:00+00:00, run_after=2026-06-09 00:00:00+00:00
[2026-06-09T01:11:12.419+0000] {processor.py:183} INFO - Processing /home/airflow/.local/lib/python3.12/site-packages/airflow/example_dags/tutorial.py took 0.089 seconds
[2026-06-09T01:11:42.806+0000] {processor.py:161} INFO - Started process (PID=145494) to work on /home/airflow/.local/lib/python3.12/site-packages/airflow/example_dags/tutorial.py
[2026-06-09T01:11:42.807+0000] {processor.py:830} INFO - Processing file /home/airflow/.local/lib/python3.12/site-packages/airflow/example_dags/tutorial.py for tasks to queue
[2026-06-09T01:11:42.809+0000] {logging_mixin.py:188} INFO - [2026-06-09T01:11:42.809+0000] {dagbag.py:545} INFO - Filling up the DagBag from /home/airflow/.local/lib/python3.12/site-packages/airflow/example_dags/tutorial.py
[2026-06-09T01:11:42.814+0000] {processor.py:840} INFO - DAG(s) 'tutorial' retrieved from /home/airflow/.local/lib/python3.12/site-packages/airflow/example_dags/tutorial.py
[2026-06-09T01:11:42.834+0000] {logging_mixin.py:188} INFO - [2026-06-09T01:11:42.834+0000] {dag.py:3096} INFO - Sync 1 DAGs
[2026-06-09T01:11:42.860+0000] {logging_mixin.py:188} INFO - [2026-06-09T01:11:42.859+0000] {dag.py:3954} INFO - Setting next_dagrun for tutorial to 2026-06-08 00:00:00+00:00, run_after=2026-06-09 00:00:00+00:00
[2026-06-09T01:11:42.884+0000] {processor.py:183} INFO - Processing /home/airflow/.local/lib/python3.12/site-packages/airflow/example_dags/tutorial.py took 0.085 seconds
[2026-06-09T01:12:13.156+0000] {processor.py:161} INFO - Started process (PID=145756) to work on /home/airflow/.local/lib/python3.12/site-packages/airflow/example_dags/tutorial.py
[2026-06-09T01:12:13.157+0000] {processor.py:830} INFO - Processing file /home/airflow/.local/lib/python3.12/site-packages/airflow/example_dags/tutorial.py for tasks to queue
[2026-06-09T01:12:13.158+0000] {logging_mixin.py:188} INFO - [2026-06-09T01:12:13.158+0000] {dagbag.py:545} INFO - Filling up the DagBag from /home/airflow/.local/lib/python3.12/site-packages/airflow/example_dags/tutorial.py
[2026-06-09T01:12:13.165+0000] {processor.py:840} INFO - DAG(s) 'tutorial' retrieved from /home/airflow/.local/lib/python3.12/site-packages/airflow/example_dags/tutorial.py
[2026-06-09T01:12:13.186+0000] {logging_mixin.py:188} INFO - [2026-06-09T01:12:13.185+0000] {dag.py:3096} INFO - Sync 1 DAGs
[2026-06-09T01:12:13.207+0000] {logging_mixin.py:188} INFO - [2026-06-09T01:12:13.207+0000] {dag.py:3954} INFO - Setting next_dagrun for tutorial to 2026-06-08 00:00:00+00:00, run_after=2026-06-09 00:00:00+00:00
[2026-06-09T01:12:13.228+0000] {processor.py:183} INFO - Processing /home/airflow/.local/lib/python3.12/site-packages/airflow/example_dags/tutorial.py took 0.077 seconds
[2026-06-09T01:12:43.922+0000] {processor.py:161} INFO - Started process (PID=146018) to work on /home/airflow/.local/lib/python3.12/site-packages/airflow/example_dags/tutorial.py
[2026-06-09T01:12:43.923+0000] {processor.py:830} INFO - Processing file /home/airflow/.local/lib/python3.12/site-packages/airflow/example_dags/tutorial.py for tasks to queue
[2026-06-09T01:12:43.925+0000] {logging_mixin.py:188} INFO - [2026-06-09T01:12:43.925+0000] {dagbag.py:545} INFO - Filling up the DagBag from /home/airflow/.local/lib/python3.12/site-packages/airflow/example_dags/tutorial.py
[2026-06-09T01:12:43.930+0000] {processor.py:840} INFO - DAG(s) 'tutorial' retrieved from /home/airflow/.local/lib/python3.12/site-packages/airflow/example_dags/tutorial.py
[2026-06-09T01:12:43.955+0000] {logging_mixin.py:188} INFO - [2026-06-09T01:12:43.955+0000] {dag.py:3096} INFO - Sync 1 DAGs
[2026-06-09T01:12:43.980+0000] {logging_mixin.py:188} INFO - [2026-06-09T01:12:43.979+0000] {dag.py:3954} INFO - Setting next_dagrun for tutorial to 2026-06-08 00:00:00+00:00, run_after=2026-06-09 00:00:00+00:00
[2026-06-09T01:12:44.000+0000] {processor.py:183} INFO - Processing /home/airflow/.local/lib/python3.12/site-packages/airflow/example_dags/tutorial.py took 0.086 seconds
[2026-06-09T01:13:14.206+0000] {processor.py:161} INFO - Started process (PID=146280) to work on /home/airflow/.local/lib/python3.12/site-packages/airflow/example_dags/tutorial.py
[2026-06-09T01:13:14.207+0000] {processor.py:830} INFO - Processing file /home/airflow/.local/lib/python3.12/site-packages/airflow/example_dags/tutorial.py for tasks to queue
[2026-06-09T01:13:14.209+0000] {logging_mixin.py:188} INFO - [2026-06-09T01:13:14.208+0000] {dagbag.py:545} INFO - Filling up the DagBag from /home/airflow/.local/lib/python3.12/site-packages/airflow/example_dags/tutorial.py
[2026-06-09T01:13:14.214+0000] {processor.py:840} INFO - DAG(s) 'tutorial' retrieved from /home/airflow/.local/lib/python3.12/site-packages/airflow/example_dags/tutorial.py
[2026-06-09T01:13:14.236+0000] {logging_mixin.py:188} INFO - [2026-06-09T01:13:14.236+0000] {dag.py:3096} INFO - Sync 1 DAGs
[2026-06-09T01:13:14.258+0000] {logging_mixin.py:188} INFO - [2026-06-09T01:13:14.257+0000] {dag.py:3954} INFO - Setting next_dagrun for tutorial to 2026-06-08 00:00:00+00:00, run_after=2026-06-09 00:00:00+00:00
[2026-06-09T01:13:14.278+0000] {processor.py:183} INFO - Processing /home/airflow/.local/lib/python3.12/site-packages/airflow/example_dags/tutorial.py took 0.078 seconds
[2026-06-09T01:13:44.668+0000] {processor.py:161} INFO - Started process (PID=146542) to work on /home/airflow/.local/lib/python3.12/site-packages/airflow/example_dags/tutorial.py
[2026-06-09T01:13:44.669+0000] {processor.py:830} INFO - Processing file /home/airflow/.local/lib/python3.12/site-packages/airflow/example_dags/tutorial.py for tasks to queue
[2026-06-09T01:13:44.671+0000] {logging_mixin.py:188} INFO - [2026-06-09T01:13:44.671+0000] {dagbag.py:545} INFO - Filling up the DagBag from /home/airflow/.local/lib/python3.12/site-packages/airflow/example_dags/tutorial.py
[2026-06-09T01:13:44.676+0000] {processor.py:840} INFO - DAG(s) 'tutorial' retrieved from /home/airflow/.local/lib/python3.12/site-packages/airflow/example_dags/tutorial.py
[2026-06-09T01:13:44.698+0000] {logging_mixin.py:188} INFO - [2026-06-09T01:13:44.697+0000] {dag.py:3096} INFO - Sync 1 DAGs
[2026-06-09T01:13:44.720+0000] {logging_mixin.py:188} INFO - [2026-06-09T01:13:44.720+0000] {dag.py:3954} INFO - Setting next_dagrun for tutorial to 2026-06-08 00:00:00+00:00, run_after=2026-06-09 00:00:00+00:00
[2026-06-09T01:13:44.741+0000] {processor.py:183} INFO - Processing /home/airflow/.local/lib/python3.12/site-packages/airflow/example_dags/tutorial.py took 0.080 seconds
[2026-06-09T01:14:14.900+0000] {processor.py:161} INFO - Started process (PID=146804) to work on /home/airflow/.local/lib/python3.12/site-packages/airflow/example_dags/tutorial.py
[2026-06-09T01:14:14.901+0000] {processor.py:830} INFO - Processing file /home/airflow/.local/lib/python3.12/site-packages/airflow/example_dags/tutorial.py for tasks to queue
[2026-06-09T01:14:14.903+0000] {logging_mixin.py:188} INFO - [2026-06-09T01:14:14.902+0000] {dagbag.py:545} INFO - Filling up the DagBag from /home/airflow/.local/lib/python3.12/site-packages/airflow/example_dags/tutorial.py
[2026-06-09T01:14:14.907+0000] {processor.py:840} INFO - DAG(s) 'tutorial' retrieved from /home/airflow/.local/lib/python3.12/site-packages/airflow/example_dags/tutorial.py
[2026-06-09T01:14:14.929+0000] {logging_mixin.py:188} INFO - [2026-06-09T01:14:14.929+0000] {dag.py:3096} INFO - Sync 1 DAGs
[2026-06-09T01:14:14.951+0000] {logging_mixin.py:188} INFO - [2026-06-09T01:14:14.951+0000] {dag.py:3954} INFO - Setting next_dagrun for tutorial to 2026-06-08 00:00:00+00:00, run_after=2026-06-09 00:00:00+00:00
[2026-06-09T01:14:14.972+0000] {processor.py:183} INFO - Processing /home/airflow/.local/lib/python3.12/site-packages/airflow/example_dags/tutorial.py took 0.080 seconds
[2026-06-09T01:14:45.134+0000] {processor.py:161} INFO - Started process (PID=147066) to work on /home/airflow/.local/lib/python3.12/site-packages/airflow/example_dags/tutorial.py
[2026-06-09T01:14:45.135+0000] {processor.py:830} INFO - Processing file /home/airflow/.local/lib/python3.12/site-packages/airflow/example_dags/tutorial.py for tasks to queue
[2026-06-09T01:14:45.137+0000] {logging_mixin.py:188} INFO - [2026-06-09T01:14:45.137+0000] {dagbag.py:545} INFO - Filling up the DagBag from /home/airflow/.local/lib/python3.12/site-packages/airflow/example_dags/tutorial.py
[2026-06-09T01:14:45.144+0000] {processor.py:840} INFO - DAG(s) 'tutorial' retrieved from /home/airflow/.local/lib/python3.12/site-packages/airflow/example_dags/tutorial.py
[2026-06-09T01:14:45.163+0000] {logging_mixin.py:188} INFO - [2026-06-09T01:14:45.163+0000] {dag.py:3096} INFO - Sync 1 DAGs
[2026-06-09T01:14:45.184+0000] {logging_mixin.py:188} INFO - [2026-06-09T01:14:45.183+0000] {dag.py:3954} INFO - Setting next_dagrun for tutorial to 2026-06-08 00:00:00+00:00, run_after=2026-06-09 00:00:00+00:00
[2026-06-09T01:14:45.204+0000] {processor.py:183} INFO - Processing /home/airflow/.local/lib/python3.12/site-packages/airflow/example_dags/tutorial.py took 0.075 seconds
[2026-06-09T01:15:15.362+0000] {processor.py:161} INFO - Started process (PID=147329) to work on /home/airflow/.local/lib/python3.12/site-packages/airflow/example_dags/tutorial.py
[2026-06-09T01:15:15.363+0000] {processor.py:830} INFO - Processing file /home/airflow/.local/lib/python3.12/site-packages/airflow/example_dags/tutorial.py for tasks to queue
[2026-06-09T01:15:15.365+0000] {logging_mixin.py:188} INFO - [2026-06-09T01:15:15.365+0000] {dagbag.py:545} INFO - Filling up the DagBag from /home/airflow/.local/lib/python3.12/site-packages/airflow/example_dags/tutorial.py
[2026-06-09T01:15:15.371+0000] {processor.py:840} INFO - DAG(s) 'tutorial' retrieved from /home/airflow/.local/lib/python3.12/site-packages/airflow/example_dags/tutorial.py
[2026-06-09T01:15:15.397+0000] {logging_mixin.py:188} INFO - [2026-06-09T01:15:15.396+0000] {dag.py:3096} INFO - Sync 1 DAGs
[2026-06-09T01:15:15.422+0000] {logging_mixin.py:188} INFO - [2026-06-09T01:15:15.422+0000] {dag.py:3954} INFO - Setting next_dagrun for tutorial to 2026-06-08 00:00:00+00:00, run_after=2026-06-09 00:00:00+00:00
[2026-06-09T01:15:15.446+0000] {processor.py:183} INFO - Processing /home/airflow/.local/lib/python3.12/site-packages/airflow/example_dags/tutorial.py took 0.090 seconds
[2026-06-09T01:15:45.576+0000] {processor.py:161} INFO - Started process (PID=147591) to work on /home/airflow/.local/lib/python3.12/site-packages/airflow/example_dags/tutorial.py
[2026-06-09T01:15:45.577+0000] {processor.py:830} INFO - Processing file /home/airflow/.local/lib/python3.12/site-packages/airflow/example_dags/tutorial.py for tasks to queue
[2026-06-09T01:15:45.580+0000] {logging_mixin.py:188} INFO - [2026-06-09T01:15:45.580+0000] {dagbag.py:545} INFO - Filling up the DagBag from /home/airflow/.local/lib/python3.12/site-packages/airflow/example_dags/tutorial.py
[2026-06-09T01:15:45.587+0000] {processor.py:840} INFO - DAG(s) 'tutorial' retrieved from /home/airflow/.local/lib/python3.12/site-packages/airflow/example_dags/tutorial.py
[2026-06-09T01:15:45.606+0000] {logging_mixin.py:188} INFO - [2026-06-09T01:15:45.606+0000] {dag.py:3096} INFO - Sync 1 DAGs
[2026-06-09T01:15:45.625+0000] {logging_mixin.py:188} INFO - [2026-06-09T01:15:45.625+0000] {dag.py:3954} INFO - Setting next_dagrun for tutorial to 2026-06-08 00:00:00+00:00, run_after=2026-06-09 00:00:00+00:00
[2026-06-09T01:15:45.644+0000] {processor.py:183} INFO - Processing /home/airflow/.local/lib/python3.12/site-packages/airflow/example_dags/tutorial.py took 0.073 seconds
[2026-06-09T01:16:15.701+0000] {processor.py:161} INFO - Started process (PID=147851) to work on /home/airflow/.local/lib/python3.12/site-packages/airflow/example_dags/tutorial.py
[2026-06-09T01:16:15.702+0000] {processor.py:830} INFO - Processing file /home/airflow/.local/lib/python3.12/site-packages/airflow/example_dags/tutorial.py for tasks to queue
[2026-06-09T01:16:15.704+0000] {logging_mixin.py:188} INFO - [2026-06-09T01:16:15.703+0000] {dagbag.py:545} INFO - Filling up the DagBag from /home/airflow/.local/lib/python3.12/site-packages/airflow/example_dags/tutorial.py
[2026-06-09T01:16:15.709+0000] {processor.py:840} INFO - DAG(s) 'tutorial' retrieved from /home/airflow/.local/lib/python3.12/site-packages/airflow/example_dags/tutorial.py
[2026-06-09T01:16:15.730+0000] {logging_mixin.py:188} INFO - [2026-06-09T01:16:15.730+0000] {dag.py:3096} INFO - Sync 1 DAGs
[2026-06-09T01:16:15.753+0000] {logging_mixin.py:188} INFO - [2026-06-09T01:16:15.752+0000] {dag.py:3954} INFO - Setting next_dagrun for tutorial to 2026-06-08 00:00:00+00:00, run_after=2026-06-09 00:00:00+00:00
[2026-06-09T01:16:15.774+0000] {processor.py:183} INFO - Processing /home/airflow/.local/lib/python3.12/site-packages/airflow/example_dags/tutorial.py took 0.078 seconds
[2026-06-09T01:16:45.926+0000] {processor.py:161} INFO - Started process (PID=148113) to work on /home/airflow/.local/lib/python3.12/site-packages/airflow/example_dags/tutorial.py
[2026-06-09T01:16:45.927+0000] {processor.py:830} INFO - Processing file /home/airflow/.local/lib/python3.12/site-packages/airflow/example_dags/tutorial.py for tasks to queue
[2026-06-09T01:16:45.929+0000] {logging_mixin.py:188} INFO - [2026-06-09T01:16:45.928+0000] {dagbag.py:545} INFO - Filling up the DagBag from /home/airflow/.local/lib/python3.12/site-packages/airflow/example_dags/tutorial.py
[2026-06-09T01:16:45.934+0000] {processor.py:840} INFO - DAG(s) 'tutorial' retrieved from /home/airflow/.local/lib/python3.12/site-packages/airflow/example_dags/tutorial.py
[2026-06-09T01:16:45.955+0000] {logging_mixin.py:188} INFO - [2026-06-09T01:16:45.954+0000] {dag.py:3096} INFO - Sync 1 DAGs
[2026-06-09T01:16:45.976+0000] {logging_mixin.py:188} INFO - [2026-06-09T01:16:45.976+0000] {dag.py:3954} INFO - Setting next_dagrun for tutorial to 2026-06-08 00:00:00+00:00, run_after=2026-06-09 00:00:00+00:00
[2026-06-09T01:16:46.000+0000] {processor.py:183} INFO - Processing /home/airflow/.local/lib/python3.12/site-packages/airflow/example_dags/tutorial.py took 0.079 seconds
[2026-06-09T01:17:16.544+0000] {processor.py:161} INFO - Started process (PID=148375) to work on /home/airflow/.local/lib/python3.12/site-packages/airflow/example_dags/tutorial.py
[2026-06-09T01:17:16.545+0000] {processor.py:830} INFO - Processing file /home/airflow/.local/lib/python3.12/site-packages/airflow/example_dags/tutorial.py for tasks to queue
[2026-06-09T01:17:16.547+0000] {logging_mixin.py:188} INFO - [2026-06-09T01:17:16.547+0000] {dagbag.py:545} INFO - Filling up the DagBag from /home/airflow/.local/lib/python3.12/site-packages/airflow/example_dags/tutorial.py
[2026-06-09T01:17:16.555+0000] {processor.py:840} INFO - DAG(s) 'tutorial' retrieved from /home/airflow/.local/lib/python3.12/site-packages/airflow/example_dags/tutorial.py
[2026-06-09T01:17:16.575+0000] {logging_mixin.py:188} INFO - [2026-06-09T01:17:16.574+0000] {dag.py:3096} INFO - Sync 1 DAGs
[2026-06-09T01:17:16.596+0000] {logging_mixin.py:188} INFO - [2026-06-09T01:17:16.596+0000] {dag.py:3954} INFO - Setting next_dagrun for tutorial to 2026-06-08 00:00:00+00:00, run_after=2026-06-09 00:00:00+00:00
[2026-06-09T01:17:16.617+0000] {processor.py:183} INFO - Processing /home/airflow/.local/lib/python3.12/site-packages/airflow/example_dags/tutorial.py took 0.077 seconds
[2026-06-09T01:17:46.894+0000] {processor.py:161} INFO - Started process (PID=148637) to work on /home/airflow/.local/lib/python3.12/site-packages/airflow/example_dags/tutorial.py
[2026-06-09T01:17:46.896+0000] {processor.py:830} INFO - Processing file /home/airflow/.local/lib/python3.12/site-packages/airflow/example_dags/tutorial.py for tasks to queue
[2026-06-09T01:17:46.898+0000] {logging_mixin.py:188} INFO - [2026-06-09T01:17:46.898+0000] {dagbag.py:545} INFO - Filling up the DagBag from /home/airflow/.local/lib/python3.12/site-packages/airflow/example_dags/tutorial.py
[2026-06-09T01:17:46.904+0000] {processor.py:840} INFO - DAG(s) 'tutorial' retrieved from /home/airflow/.local/lib/python3.12/site-packages/airflow/example_dags/tutorial.py
[2026-06-09T01:17:46.928+0000] {logging_mixin.py:188} INFO - [2026-06-09T01:17:46.927+0000] {dag.py:3096} INFO - Sync 1 DAGs
[2026-06-09T01:17:46.957+0000] {logging_mixin.py:188} INFO - [2026-06-09T01:17:46.956+0000] {dag.py:3954} INFO - Setting next_dagrun for tutorial to 2026-06-08 00:00:00+00:00, run_after=2026-06-09 00:00:00+00:00
[2026-06-09T01:17:46.979+0000] {processor.py:183} INFO - Processing /home/airflow/.local/lib/python3.12/site-packages/airflow/example_dags/tutorial.py took 0.090 seconds
[2026-06-09T01:18:17.720+0000] {processor.py:161} INFO - Started process (PID=148899) to work on /home/airflow/.local/lib/python3.12/site-packages/airflow/example_dags/tutorial.py
[2026-06-09T01:18:17.721+0000] {processor.py:830} INFO - Processing file /home/airflow/.local/lib/python3.12/site-packages/airflow/example_dags/tutorial.py for tasks to queue
[2026-06-09T01:18:17.724+0000] {logging_mixin.py:188} INFO - [2026-06-09T01:18:17.724+0000] {dagbag.py:545} INFO - Filling up the DagBag from /home/airflow/.local/lib/python3.12/site-packages/airflow/example_dags/tutorial.py
[2026-06-09T01:18:17.729+0000] {processor.py:840} INFO - DAG(s) 'tutorial' retrieved from /home/airflow/.local/lib/python3.12/site-packages/airflow/example_dags/tutorial.py
[2026-06-09T01:18:17.751+0000] {logging_mixin.py:188} INFO - [2026-06-09T01:18:17.750+0000] {dag.py:3096} INFO - Sync 1 DAGs
[2026-06-09T01:18:17.774+0000] {logging_mixin.py:188} INFO - [2026-06-09T01:18:17.774+0000] {dag.py:3954} INFO - Setting next_dagrun for tutorial to 2026-06-08 00:00:00+00:00, run_after=2026-06-09 00:00:00+00:00
[2026-06-09T01:18:17.795+0000] {processor.py:183} INFO - Processing /home/airflow/.local/lib/python3.12/site-packages/airflow/example_dags/tutorial.py took 0.084 seconds
[2026-06-09T01:18:48.035+0000] {processor.py:161} INFO - Started process (PID=149161) to work on /home/airflow/.local/lib/python3.12/site-packages/airflow/example_dags/tutorial.py
[2026-06-09T01:18:48.036+0000] {processor.py:830} INFO - Processing file /home/airflow/.local/lib/python3.12/site-packages/airflow/example_dags/tutorial.py for tasks to queue
[2026-06-09T01:18:48.038+0000] {logging_mixin.py:188} INFO - [2026-06-09T01:18:48.038+0000] {dagbag.py:545} INFO - Filling up the DagBag from /home/airflow/.local/lib/python3.12/site-packages/airflow/example_dags/tutorial.py
[2026-06-09T01:18:48.043+0000] {processor.py:840} INFO - DAG(s) 'tutorial' retrieved from /home/airflow/.local/lib/python3.12/site-packages/airflow/example_dags/tutorial.py
[2026-06-09T01:18:48.069+0000] {logging_mixin.py:188} INFO - [2026-06-09T01:18:48.068+0000] {dag.py:3096} INFO - Sync 1 DAGs
[2026-06-09T01:18:48.091+0000] {logging_mixin.py:188} INFO - [2026-06-09T01:18:48.091+0000] {dag.py:3954} INFO - Setting next_dagrun for tutorial to 2026-06-08 00:00:00+00:00, run_after=2026-06-09 00:00:00+00:00
[2026-06-09T01:18:48.112+0000] {processor.py:183} INFO - Processing /home/airflow/.local/lib/python3.12/site-packages/airflow/example_dags/tutorial.py took 0.083 seconds
[2026-06-09T01:19:18.601+0000] {processor.py:161} INFO - Started process (PID=149423) to work on /home/airflow/.local/lib/python3.12/site-packages/airflow/example_dags/tutorial.py
[2026-06-09T01:19:18.602+0000] {processor.py:830} INFO - Processing file /home/airflow/.local/lib/python3.12/site-packages/airflow/example_dags/tutorial.py for tasks to queue
[2026-06-09T01:19:18.604+0000] {logging_mixin.py:188} INFO - [2026-06-09T01:19:18.604+0000] {dagbag.py:545} INFO - Filling up the DagBag from /home/airflow/.local/lib/python3.12/site-packages/airflow/example_dags/tutorial.py
[2026-06-09T01:19:18.610+0000] {processor.py:840} INFO - DAG(s) 'tutorial' retrieved from /home/airflow/.local/lib/python3.12/site-packages/airflow/example_dags/tutorial.py
[2026-06-09T01:19:18.632+0000] {logging_mixin.py:188} INFO - [2026-06-09T01:19:18.631+0000] {dag.py:3096} INFO - Sync 1 DAGs
[2026-06-09T01:19:18.651+0000] {logging_mixin.py:188} INFO - [2026-06-09T01:19:18.651+0000] {dag.py:3954} INFO - Setting next_dagrun for tutorial to 2026-06-08 00:00:00+00:00, run_after=2026-06-09 00:00:00+00:00
[2026-06-09T01:19:18.672+0000] {processor.py:183} INFO - Processing /home/airflow/.local/lib/python3.12/site-packages/airflow/example_dags/tutorial.py took 0.076 seconds
[2026-06-09T01:19:48.859+0000] {processor.py:161} INFO - Started process (PID=149685) to work on /home/airflow/.local/lib/python3.12/site-packages/airflow/example_dags/tutorial.py
[2026-06-09T01:19:48.861+0000] {processor.py:830} INFO - Processing file /home/airflow/.local/lib/python3.12/site-packages/airflow/example_dags/tutorial.py for tasks to queue
[2026-06-09T01:19:48.863+0000] {logging_mixin.py:188} INFO - [2026-06-09T01:19:48.862+0000] {dagbag.py:545} INFO - Filling up the DagBag from /home/airflow/.local/lib/python3.12/site-packages/airflow/example_dags/tutorial.py
[2026-06-09T01:19:48.867+0000] {processor.py:840} INFO - DAG(s) 'tutorial' retrieved from /home/airflow/.local/lib/python3.12/site-packages/airflow/example_dags/tutorial.py
[2026-06-09T01:19:48.887+0000] {logging_mixin.py:188} INFO - [2026-06-09T01:19:48.887+0000] {dag.py:3096} INFO - Sync 1 DAGs
[2026-06-09T01:19:48.909+0000] {logging_mixin.py:188} INFO - [2026-06-09T01:19:48.909+0000] {dag.py:3954} INFO - Setting next_dagrun for tutorial to 2026-06-08 00:00:00+00:00, run_after=2026-06-09 00:00:00+00:00
[2026-06-09T01:19:48.929+0000] {processor.py:183} INFO - Processing /home/airflow/.local/lib/python3.12/site-packages/airflow/example_dags/tutorial.py took 0.076 seconds
[2026-06-09T01:20:19.137+0000] {processor.py:161} INFO - Started process (PID=149953) to work on /home/airflow/.local/lib/python3.12/site-packages/airflow/example_dags/tutorial.py
[2026-06-09T01:20:19.138+0000] {processor.py:830} INFO - Processing file /home/airflow/.local/lib/python3.12/site-packages/airflow/example_dags/tutorial.py for tasks to queue
[2026-06-09T01:20:19.140+0000] {logging_mixin.py:188} INFO - [2026-06-09T01:20:19.140+0000] {dagbag.py:545} INFO - Filling up the DagBag from /home/airflow/.local/lib/python3.12/site-packages/airflow/example_dags/tutorial.py
[2026-06-09T01:20:19.145+0000] {processor.py:840} INFO - DAG(s) 'tutorial' retrieved from /home/airflow/.local/lib/python3.12/site-packages/airflow/example_dags/tutorial.py
[2026-06-09T01:20:19.167+0000] {logging_mixin.py:188} INFO - [2026-06-09T01:20:19.166+0000] {dag.py:3096} INFO - Sync 1 DAGs
[2026-06-09T01:20:19.189+0000] {logging_mixin.py:188} INFO - [2026-06-09T01:20:19.189+0000] {dag.py:3954} INFO - Setting next_dagrun for tutorial to 2026-06-08 00:00:00+00:00, run_after=2026-06-09 00:00:00+00:00
[2026-06-09T01:20:19.211+0000] {processor.py:183} INFO - Processing /home/airflow/.local/lib/python3.12/site-packages/airflow/example_dags/tutorial.py took 0.080 seconds
[2026-06-09T01:20:49.371+0000] {processor.py:161} INFO - Started process (PID=150215) to work on /home/airflow/.local/lib/python3.12/site-packages/airflow/example_dags/tutorial.py
[2026-06-09T01:20:49.372+0000] {processor.py:830} INFO - Processing file /home/airflow/.local/lib/python3.12/site-packages/airflow/example_dags/tutorial.py for tasks to queue
[2026-06-09T01:20:49.373+0000] {logging_mixin.py:188} INFO - [2026-06-09T01:20:49.373+0000] {dagbag.py:545} INFO - Filling up the DagBag from /home/airflow/.local/lib/python3.12/site-packages/airflow/example_dags/tutorial.py
[2026-06-09T01:20:49.377+0000] {processor.py:840} INFO - DAG(s) 'tutorial' retrieved from /home/airflow/.local/lib/python3.12/site-packages/airflow/example_dags/tutorial.py
[2026-06-09T01:20:49.398+0000] {logging_mixin.py:188} INFO - [2026-06-09T01:20:49.398+0000] {dag.py:3096} INFO - Sync 1 DAGs
[2026-06-09T01:20:49.421+0000] {logging_mixin.py:188} INFO - [2026-06-09T01:20:49.421+0000] {dag.py:3954} INFO - Setting next_dagrun for tutorial to 2026-06-08 00:00:00+00:00, run_after=2026-06-09 00:00:00+00:00
[2026-06-09T01:20:49.442+0000] {processor.py:183} INFO - Processing /home/airflow/.local/lib/python3.12/site-packages/airflow/example_dags/tutorial.py took 0.076 seconds
[2026-06-09T01:21:19.559+0000] {processor.py:161} INFO - Started process (PID=150474) to work on /home/airflow/.local/lib/python3.12/site-packages/airflow/example_dags/tutorial.py
[2026-06-09T01:21:19.560+0000] {processor.py:830} INFO - Processing file /home/airflow/.local/lib/python3.12/site-packages/airflow/example_dags/tutorial.py for tasks to queue
[2026-06-09T01:21:19.561+0000] {logging_mixin.py:188} INFO - [2026-06-09T01:21:19.561+0000] {dagbag.py:545} INFO - Filling up the DagBag from /home/airflow/.local/lib/python3.12/site-packages/airflow/example_dags/tutorial.py
[2026-06-09T01:21:19.566+0000] {processor.py:840} INFO - DAG(s) 'tutorial' retrieved from /home/airflow/.local/lib/python3.12/site-packages/airflow/example_dags/tutorial.py
[2026-06-09T01:21:19.592+0000] {logging_mixin.py:188} INFO - [2026-06-09T01:21:19.592+0000] {dag.py:3096} INFO - Sync 1 DAGs
[2026-06-09T01:21:19.619+0000] {logging_mixin.py:188} INFO - [2026-06-09T01:21:19.618+0000] {dag.py:3954} INFO - Setting next_dagrun for tutorial to 2026-06-08 00:00:00+00:00, run_after=2026-06-09 00:00:00+00:00
[2026-06-09T01:21:19.648+0000] {processor.py:183} INFO - Processing /home/airflow/.local/lib/python3.12/site-packages/airflow/example_dags/tutorial.py took 0.097 seconds
[2026-06-09T01:21:50.047+0000] {processor.py:161} INFO - Started process (PID=150739) to work on /home/airflow/.local/lib/python3.12/site-packages/airflow/example_dags/tutorial.py
[2026-06-09T01:21:50.047+0000] {processor.py:830} INFO - Processing file /home/airflow/.local/lib/python3.12/site-packages/airflow/example_dags/tutorial.py for tasks to queue
[2026-06-09T01:21:50.049+0000] {logging_mixin.py:188} INFO - [2026-06-09T01:21:50.049+0000] {dagbag.py:545} INFO - Filling up the DagBag from /home/airflow/.local/lib/python3.12/site-packages/airflow/example_dags/tutorial.py
[2026-06-09T01:21:50.053+0000] {processor.py:840} INFO - DAG(s) 'tutorial' retrieved from /home/airflow/.local/lib/python3.12/site-packages/airflow/example_dags/tutorial.py
[2026-06-09T01:21:50.076+0000] {logging_mixin.py:188} INFO - [2026-06-09T01:21:50.075+0000] {dag.py:3096} INFO - Sync 1 DAGs
[2026-06-09T01:21:50.098+0000] {logging_mixin.py:188} INFO - [2026-06-09T01:21:50.098+0000] {dag.py:3954} INFO - Setting next_dagrun for tutorial to 2026-06-08 00:00:00+00:00, run_after=2026-06-09 00:00:00+00:00
[2026-06-09T01:21:50.119+0000] {processor.py:183} INFO - Processing /home/airflow/.local/lib/python3.12/site-packages/airflow/example_dags/tutorial.py took 0.077 seconds
[2026-06-09T01:22:20.193+0000] {processor.py:161} INFO - Started process (PID=150993) to work on /home/airflow/.local/lib/python3.12/site-packages/airflow/example_dags/tutorial.py
[2026-06-09T01:22:20.194+0000] {processor.py:830} INFO - Processing file /home/airflow/.local/lib/python3.12/site-packages/airflow/example_dags/tutorial.py for tasks to queue
[2026-06-09T01:22:20.196+0000] {logging_mixin.py:188} INFO - [2026-06-09T01:22:20.196+0000] {dagbag.py:545} INFO - Filling up the DagBag from /home/airflow/.local/lib/python3.12/site-packages/airflow/example_dags/tutorial.py
[2026-06-09T01:22:20.201+0000] {processor.py:840} INFO - DAG(s) 'tutorial' retrieved from /home/airflow/.local/lib/python3.12/site-packages/airflow/example_dags/tutorial.py
[2026-06-09T01:22:20.225+0000] {logging_mixin.py:188} INFO - [2026-06-09T01:22:20.225+0000] {dag.py:3096} INFO - Sync 1 DAGs
[2026-06-09T01:22:20.248+0000] {logging_mixin.py:188} INFO - [2026-06-09T01:22:20.248+0000] {dag.py:3954} INFO - Setting next_dagrun for tutorial to 2026-06-08 00:00:00+00:00, run_after=2026-06-09 00:00:00+00:00
[2026-06-09T01:22:20.273+0000] {processor.py:183} INFO - Processing /home/airflow/.local/lib/python3.12/site-packages/airflow/example_dags/tutorial.py took 0.087 seconds
[2026-06-09T01:22:50.599+0000] {processor.py:161} INFO - Started process (PID=151258) to work on /home/airflow/.local/lib/python3.12/site-packages/airflow/example_dags/tutorial.py
[2026-06-09T01:22:50.600+0000] {processor.py:830} INFO - Processing file /home/airflow/.local/lib/python3.12/site-packages/airflow/example_dags/tutorial.py for tasks to queue
[2026-06-09T01:22:50.602+0000] {logging_mixin.py:188} INFO - [2026-06-09T01:22:50.602+0000] {dagbag.py:545} INFO - Filling up the DagBag from /home/airflow/.local/lib/python3.12/site-packages/airflow/example_dags/tutorial.py
[2026-06-09T01:22:50.609+0000] {processor.py:840} INFO - DAG(s) 'tutorial' retrieved from /home/airflow/.local/lib/python3.12/site-packages/airflow/example_dags/tutorial.py
[2026-06-09T01:22:50.637+0000] {logging_mixin.py:188} INFO - [2026-06-09T01:22:50.637+0000] {dag.py:3096} INFO - Sync 1 DAGs
[2026-06-09T01:22:50.662+0000] {logging_mixin.py:188} INFO - [2026-06-09T01:22:50.662+0000] {dag.py:3954} INFO - Setting next_dagrun for tutorial to 2026-06-08 00:00:00+00:00, run_after=2026-06-09 00:00:00+00:00
[2026-06-09T01:22:50.684+0000] {processor.py:183} INFO - Processing /home/airflow/.local/lib/python3.12/site-packages/airflow/example_dags/tutorial.py took 0.091 seconds
[2026-06-09T01:23:20.959+0000] {processor.py:161} INFO - Started process (PID=151520) to work on /home/airflow/.local/lib/python3.12/site-packages/airflow/example_dags/tutorial.py
[2026-06-09T01:23:20.960+0000] {processor.py:830} INFO - Processing file /home/airflow/.local/lib/python3.12/site-packages/airflow/example_dags/tutorial.py for tasks to queue
[2026-06-09T01:23:20.962+0000] {logging_mixin.py:188} INFO - [2026-06-09T01:23:20.962+0000] {dagbag.py:545} INFO - Filling up the DagBag from /home/airflow/.local/lib/python3.12/site-packages/airflow/example_dags/tutorial.py
[2026-06-09T01:23:20.969+0000] {processor.py:840} INFO - DAG(s) 'tutorial' retrieved from /home/airflow/.local/lib/python3.12/site-packages/airflow/example_dags/tutorial.py
[2026-06-09T01:23:20.992+0000] {logging_mixin.py:188} INFO - [2026-06-09T01:23:20.991+0000] {dag.py:3096} INFO - Sync 1 DAGs
[2026-06-09T01:23:21.013+0000] {logging_mixin.py:188} INFO - [2026-06-09T01:23:21.013+0000] {dag.py:3954} INFO - Setting next_dagrun for tutorial to 2026-06-08 00:00:00+00:00, run_after=2026-06-09 00:00:00+00:00
[2026-06-09T01:23:21.034+0000] {processor.py:183} INFO - Processing /home/airflow/.local/lib/python3.12/site-packages/airflow/example_dags/tutorial.py took 0.079 seconds
[2026-06-09T01:23:51.249+0000] {processor.py:161} INFO - Started process (PID=151782) to work on /home/airflow/.local/lib/python3.12/site-packages/airflow/example_dags/tutorial.py
[2026-06-09T01:23:51.250+0000] {processor.py:830} INFO - Processing file /home/airflow/.local/lib/python3.12/site-packages/airflow/example_dags/tutorial.py for tasks to queue
[2026-06-09T01:23:51.252+0000] {logging_mixin.py:188} INFO - [2026-06-09T01:23:51.252+0000] {dagbag.py:545} INFO - Filling up the DagBag from /home/airflow/.local/lib/python3.12/site-packages/airflow/example_dags/tutorial.py
[2026-06-09T01:23:51.257+0000] {processor.py:840} INFO - DAG(s) 'tutorial' retrieved from /home/airflow/.local/lib/python3.12/site-packages/airflow/example_dags/tutorial.py
[2026-06-09T01:23:51.284+0000] {logging_mixin.py:188} INFO - [2026-06-09T01:23:51.284+0000] {dag.py:3096} INFO - Sync 1 DAGs
[2026-06-09T01:23:51.307+0000] {logging_mixin.py:188} INFO - [2026-06-09T01:23:51.307+0000] {dag.py:3954} INFO - Setting next_dagrun for tutorial to 2026-06-08 00:00:00+00:00, run_after=2026-06-09 00:00:00+00:00
[2026-06-09T01:23:51.328+0000] {processor.py:183} INFO - Processing /home/airflow/.local/lib/python3.12/site-packages/airflow/example_dags/tutorial.py took 0.086 seconds
[2026-06-09T01:24:21.785+0000] {processor.py:161} INFO - Started process (PID=152044) to work on /home/airflow/.local/lib/python3.12/site-packages/airflow/example_dags/tutorial.py
[2026-06-09T01:24:21.786+0000] {processor.py:830} INFO - Processing file /home/airflow/.local/lib/python3.12/site-packages/airflow/example_dags/tutorial.py for tasks to queue
[2026-06-09T01:24:21.788+0000] {logging_mixin.py:188} INFO - [2026-06-09T01:24:21.788+0000] {dagbag.py:545} INFO - Filling up the DagBag from /home/airflow/.local/lib/python3.12/site-packages/airflow/example_dags/tutorial.py
[2026-06-09T01:24:21.794+0000] {processor.py:840} INFO - DAG(s) 'tutorial' retrieved from /home/airflow/.local/lib/python3.12/site-packages/airflow/example_dags/tutorial.py
[2026-06-09T01:24:21.814+0000] {logging_mixin.py:188} INFO - [2026-06-09T01:24:21.814+0000] {dag.py:3096} INFO - Sync 1 DAGs
[2026-06-09T01:24:21.835+0000] {logging_mixin.py:188} INFO - [2026-06-09T01:24:21.835+0000] {dag.py:3954} INFO - Setting next_dagrun for tutorial to 2026-06-08 00:00:00+00:00, run_after=2026-06-09 00:00:00+00:00
[2026-06-09T01:24:21.855+0000] {processor.py:183} INFO - Processing /home/airflow/.local/lib/python3.12/site-packages/airflow/example_dags/tutorial.py took 0.075 seconds
[2026-06-09T01:24:52.244+0000] {processor.py:161} INFO - Started process (PID=152306) to work on /home/airflow/.local/lib/python3.12/site-packages/airflow/example_dags/tutorial.py
[2026-06-09T01:24:52.245+0000] {processor.py:830} INFO - Processing file /home/airflow/.local/lib/python3.12/site-packages/airflow/example_dags/tutorial.py for tasks to queue
[2026-06-09T01:24:52.246+0000] {logging_mixin.py:188} INFO - [2026-06-09T01:24:52.246+0000] {dagbag.py:545} INFO - Filling up the DagBag from /home/airflow/.local/lib/python3.12/site-packages/airflow/example_dags/tutorial.py
[2026-06-09T01:24:52.251+0000] {processor.py:840} INFO - DAG(s) 'tutorial' retrieved from /home/airflow/.local/lib/python3.12/site-packages/airflow/example_dags/tutorial.py
[2026-06-09T01:24:52.272+0000] {logging_mixin.py:188} INFO - [2026-06-09T01:24:52.272+0000] {dag.py:3096} INFO - Sync 1 DAGs
[2026-06-09T01:24:52.299+0000] {logging_mixin.py:188} INFO - [2026-06-09T01:24:52.299+0000] {dag.py:3954} INFO - Setting next_dagrun for tutorial to 2026-06-08 00:00:00+00:00, run_after=2026-06-09 00:00:00+00:00
[2026-06-09T01:24:52.318+0000] {processor.py:183} INFO - Processing /home/airflow/.local/lib/python3.12/site-packages/airflow/example_dags/tutorial.py took 0.083 seconds
[2026-06-09T01:25:22.889+0000] {processor.py:161} INFO - Started process (PID=152568) to work on /home/airflow/.local/lib/python3.12/site-packages/airflow/example_dags/tutorial.py
[2026-06-09T01:25:22.890+0000] {processor.py:830} INFO - Processing file /home/airflow/.local/lib/python3.12/site-packages/airflow/example_dags/tutorial.py for tasks to queue
[2026-06-09T01:25:22.892+0000] {logging_mixin.py:188} INFO - [2026-06-09T01:25:22.892+0000] {dagbag.py:545} INFO - Filling up the DagBag from /home/airflow/.local/lib/python3.12/site-packages/airflow/example_dags/tutorial.py
[2026-06-09T01:25:22.897+0000] {processor.py:840} INFO - DAG(s) 'tutorial' retrieved from /home/airflow/.local/lib/python3.12/site-packages/airflow/example_dags/tutorial.py
[2026-06-09T01:25:22.919+0000] {logging_mixin.py:188} INFO - [2026-06-09T01:25:22.919+0000] {dag.py:3096} INFO - Sync 1 DAGs
[2026-06-09T01:25:22.942+0000] {logging_mixin.py:188} INFO - [2026-06-09T01:25:22.942+0000] {dag.py:3954} INFO - Setting next_dagrun for tutorial to 2026-06-08 00:00:00+00:00, run_after=2026-06-09 00:00:00+00:00
[2026-06-09T01:25:22.964+0000] {processor.py:183} INFO - Processing /home/airflow/.local/lib/python3.12/site-packages/airflow/example_dags/tutorial.py took 0.081 seconds
[2026-06-09T01:25:53.386+0000] {processor.py:161} INFO - Started process (PID=152830) to work on /home/airflow/.local/lib/python3.12/site-packages/airflow/example_dags/tutorial.py
[2026-06-09T01:25:53.386+0000] {processor.py:830} INFO - Processing file /home/airflow/.local/lib/python3.12/site-packages/airflow/example_dags/tutorial.py for tasks to queue
[2026-06-09T01:25:53.389+0000] {logging_mixin.py:188} INFO - [2026-06-09T01:25:53.388+0000] {dagbag.py:545} INFO - Filling up the DagBag from /home/airflow/.local/lib/python3.12/site-packages/airflow/example_dags/tutorial.py
[2026-06-09T01:25:53.396+0000] {processor.py:840} INFO - DAG(s) 'tutorial' retrieved from /home/airflow/.local/lib/python3.12/site-packages/airflow/example_dags/tutorial.py
[2026-06-09T01:25:53.418+0000] {logging_mixin.py:188} INFO - [2026-06-09T01:25:53.418+0000] {dag.py:3096} INFO - Sync 1 DAGs
[2026-06-09T01:25:53.439+0000] {logging_mixin.py:188} INFO - [2026-06-09T01:25:53.439+0000] {dag.py:3954} INFO - Setting next_dagrun for tutorial to 2026-06-08 00:00:00+00:00, run_after=2026-06-09 00:00:00+00:00
[2026-06-09T01:25:53.468+0000] {processor.py:183} INFO - Processing /home/airflow/.local/lib/python3.12/site-packages/airflow/example_dags/tutorial.py took 0.087 seconds
[2026-06-09T01:26:23.797+0000] {processor.py:161} INFO - Started process (PID=153092) to work on /home/airflow/.local/lib/python3.12/site-packages/airflow/example_dags/tutorial.py
[2026-06-09T01:26:23.798+0000] {processor.py:830} INFO - Processing file /home/airflow/.local/lib/python3.12/site-packages/airflow/example_dags/tutorial.py for tasks to queue
[2026-06-09T01:26:23.799+0000] {logging_mixin.py:188} INFO - [2026-06-09T01:26:23.799+0000] {dagbag.py:545} INFO - Filling up the DagBag from /home/airflow/.local/lib/python3.12/site-packages/airflow/example_dags/tutorial.py
[2026-06-09T01:26:23.806+0000] {processor.py:840} INFO - DAG(s) 'tutorial' retrieved from /home/airflow/.local/lib/python3.12/site-packages/airflow/example_dags/tutorial.py
[2026-06-09T01:26:23.829+0000] {logging_mixin.py:188} INFO - [2026-06-09T01:26:23.828+0000] {dag.py:3096} INFO - Sync 1 DAGs
[2026-06-09T01:26:23.850+0000] {logging_mixin.py:188} INFO - [2026-06-09T01:26:23.850+0000] {dag.py:3954} INFO - Setting next_dagrun for tutorial to 2026-06-08 00:00:00+00:00, run_after=2026-06-09 00:00:00+00:00
[2026-06-09T01:26:23.876+0000] {processor.py:183} INFO - Processing /home/airflow/.local/lib/python3.12/site-packages/airflow/example_dags/tutorial.py took 0.083 seconds
[2026-06-09T01:26:54.023+0000] {processor.py:161} INFO - Started process (PID=153354) to work on /home/airflow/.local/lib/python3.12/site-packages/airflow/example_dags/tutorial.py
[2026-06-09T01:26:54.024+0000] {processor.py:830} INFO - Processing file /home/airflow/.local/lib/python3.12/site-packages/airflow/example_dags/tutorial.py for tasks to queue
[2026-06-09T01:26:54.026+0000] {logging_mixin.py:188} INFO - [2026-06-09T01:26:54.026+0000] {dagbag.py:545} INFO - Filling up the DagBag from /home/airflow/.local/lib/python3.12/site-packages/airflow/example_dags/tutorial.py
[2026-06-09T01:26:54.030+0000] {processor.py:840} INFO - DAG(s) 'tutorial' retrieved from /home/airflow/.local/lib/python3.12/site-packages/airflow/example_dags/tutorial.py
[2026-06-09T01:26:54.050+0000] {logging_mixin.py:188} INFO - [2026-06-09T01:26:54.049+0000] {dag.py:3096} INFO - Sync 1 DAGs
[2026-06-09T01:26:54.072+0000] {logging_mixin.py:188} INFO - [2026-06-09T01:26:54.072+0000] {dag.py:3954} INFO - Setting next_dagrun for tutorial to 2026-06-08 00:00:00+00:00, run_after=2026-06-09 00:00:00+00:00
[2026-06-09T01:26:54.095+0000] {processor.py:183} INFO - Processing /home/airflow/.local/lib/python3.12/site-packages/airflow/example_dags/tutorial.py took 0.077 seconds
[2026-06-09T01:27:24.148+0000] {processor.py:161} INFO - Started process (PID=153613) to work on /home/airflow/.local/lib/python3.12/site-packages/airflow/example_dags/tutorial.py
[2026-06-09T01:27:24.149+0000] {processor.py:830} INFO - Processing file /home/airflow/.local/lib/python3.12/site-packages/airflow/example_dags/tutorial.py for tasks to queue
[2026-06-09T01:27:24.151+0000] {logging_mixin.py:188} INFO - [2026-06-09T01:27:24.151+0000] {dagbag.py:545} INFO - Filling up the DagBag from /home/airflow/.local/lib/python3.12/site-packages/airflow/example_dags/tutorial.py
[2026-06-09T01:27:24.158+0000] {processor.py:840} INFO - DAG(s) 'tutorial' retrieved from /home/airflow/.local/lib/python3.12/site-packages/airflow/example_dags/tutorial.py
[2026-06-09T01:27:24.182+0000] {logging_mixin.py:188} INFO - [2026-06-09T01:27:24.181+0000] {dag.py:3096} INFO - Sync 1 DAGs
[2026-06-09T01:27:24.205+0000] {logging_mixin.py:188} INFO - [2026-06-09T01:27:24.204+0000] {dag.py:3954} INFO - Setting next_dagrun for tutorial to 2026-06-08 00:00:00+00:00, run_after=2026-06-09 00:00:00+00:00
[2026-06-09T01:27:24.230+0000] {processor.py:183} INFO - Processing /home/airflow/.local/lib/python3.12/site-packages/airflow/example_dags/tutorial.py took 0.087 seconds
[2026-06-09T01:27:54.419+0000] {processor.py:161} INFO - Started process (PID=153875) to work on /home/airflow/.local/lib/python3.12/site-packages/airflow/example_dags/tutorial.py
[2026-06-09T01:27:54.420+0000] {processor.py:830} INFO - Processing file /home/airflow/.local/lib/python3.12/site-packages/airflow/example_dags/tutorial.py for tasks to queue
[2026-06-09T01:27:54.424+0000] {logging_mixin.py:188} INFO - [2026-06-09T01:27:54.423+0000] {dagbag.py:545} INFO - Filling up the DagBag from /home/airflow/.local/lib/python3.12/site-packages/airflow/example_dags/tutorial.py
[2026-06-09T01:27:54.430+0000] {processor.py:840} INFO - DAG(s) 'tutorial' retrieved from /home/airflow/.local/lib/python3.12/site-packages/airflow/example_dags/tutorial.py
[2026-06-09T01:27:54.453+0000] {logging_mixin.py:188} INFO - [2026-06-09T01:27:54.452+0000] {dag.py:3096} INFO - Sync 1 DAGs
[2026-06-09T01:27:54.476+0000] {logging_mixin.py:188} INFO - [2026-06-09T01:27:54.476+0000] {dag.py:3954} INFO - Setting next_dagrun for tutorial to 2026-06-08 00:00:00+00:00, run_after=2026-06-09 00:00:00+00:00
[2026-06-09T01:27:54.497+0000] {processor.py:183} INFO - Processing /home/airflow/.local/lib/python3.12/site-packages/airflow/example_dags/tutorial.py took 0.086 seconds
[2026-06-09T01:28:25.538+0000] {processor.py:161} INFO - Started process (PID=154140) to work on /home/airflow/.local/lib/python3.12/site-packages/airflow/example_dags/tutorial.py
[2026-06-09T01:28:25.538+0000] {processor.py:830} INFO - Processing file /home/airflow/.local/lib/python3.12/site-packages/airflow/example_dags/tutorial.py for tasks to queue
[2026-06-09T01:28:25.540+0000] {logging_mixin.py:188} INFO - [2026-06-09T01:28:25.540+0000] {dagbag.py:545} INFO - Filling up the DagBag from /home/airflow/.local/lib/python3.12/site-packages/airflow/example_dags/tutorial.py
[2026-06-09T01:28:25.544+0000] {processor.py:840} INFO - DAG(s) 'tutorial' retrieved from /home/airflow/.local/lib/python3.12/site-packages/airflow/example_dags/tutorial.py
[2026-06-09T01:28:25.561+0000] {logging_mixin.py:188} INFO - [2026-06-09T01:28:25.561+0000] {dag.py:3096} INFO - Sync 1 DAGs
[2026-06-09T01:28:25.580+0000] {logging_mixin.py:188} INFO - [2026-06-09T01:28:25.580+0000] {dag.py:3954} INFO - Setting next_dagrun for tutorial to 2026-06-08 00:00:00+00:00, run_after=2026-06-09 00:00:00+00:00
[2026-06-09T01:28:25.598+0000] {processor.py:183} INFO - Processing /home/airflow/.local/lib/python3.12/site-packages/airflow/example_dags/tutorial.py took 0.065 seconds
[2026-06-09T01:28:55.767+0000] {processor.py:161} INFO - Started process (PID=154402) to work on /home/airflow/.local/lib/python3.12/site-packages/airflow/example_dags/tutorial.py
[2026-06-09T01:28:55.768+0000] {processor.py:830} INFO - Processing file /home/airflow/.local/lib/python3.12/site-packages/airflow/example_dags/tutorial.py for tasks to queue
[2026-06-09T01:28:55.769+0000] {logging_mixin.py:188} INFO - [2026-06-09T01:28:55.769+0000] {dagbag.py:545} INFO - Filling up the DagBag from /home/airflow/.local/lib/python3.12/site-packages/airflow/example_dags/tutorial.py
[2026-06-09T01:28:55.774+0000] {processor.py:840} INFO - DAG(s) 'tutorial' retrieved from /home/airflow/.local/lib/python3.12/site-packages/airflow/example_dags/tutorial.py
[2026-06-09T01:28:55.794+0000] {logging_mixin.py:188} INFO - [2026-06-09T01:28:55.794+0000] {dag.py:3096} INFO - Sync 1 DAGs
[2026-06-09T01:28:55.815+0000] {logging_mixin.py:188} INFO - [2026-06-09T01:28:55.815+0000] {dag.py:3954} INFO - Setting next_dagrun for tutorial to 2026-06-08 00:00:00+00:00, run_after=2026-06-09 00:00:00+00:00
[2026-06-09T01:28:55.837+0000] {processor.py:183} INFO - Processing /home/airflow/.local/lib/python3.12/site-packages/airflow/example_dags/tutorial.py took 0.074 seconds
[2026-06-09T01:29:26.036+0000] {processor.py:161} INFO - Started process (PID=154664) to work on /home/airflow/.local/lib/python3.12/site-packages/airflow/example_dags/tutorial.py
[2026-06-09T01:29:26.037+0000] {processor.py:830} INFO - Processing file /home/airflow/.local/lib/python3.12/site-packages/airflow/example_dags/tutorial.py for tasks to queue
[2026-06-09T01:29:26.039+0000] {logging_mixin.py:188} INFO - [2026-06-09T01:29:26.039+0000] {dagbag.py:545} INFO - Filling up the DagBag from /home/airflow/.local/lib/python3.12/site-packages/airflow/example_dags/tutorial.py
[2026-06-09T01:29:26.045+0000] {processor.py:840} INFO - DAG(s) 'tutorial' retrieved from /home/airflow/.local/lib/python3.12/site-packages/airflow/example_dags/tutorial.py
[2026-06-09T01:29:26.066+0000] {logging_mixin.py:188} INFO - [2026-06-09T01:29:26.066+0000] {dag.py:3096} INFO - Sync 1 DAGs
[2026-06-09T01:29:26.090+0000] {logging_mixin.py:188} INFO - [2026-06-09T01:29:26.090+0000] {dag.py:3954} INFO - Setting next_dagrun for tutorial to 2026-06-08 00:00:00+00:00, run_after=2026-06-09 00:00:00+00:00
[2026-06-09T01:29:26.112+0000] {processor.py:183} INFO - Processing /home/airflow/.local/lib/python3.12/site-packages/airflow/example_dags/tutorial.py took 0.081 seconds
[2026-06-09T01:29:56.166+0000] {processor.py:161} INFO - Started process (PID=154923) to work on /home/airflow/.local/lib/python3.12/site-packages/airflow/example_dags/tutorial.py
[2026-06-09T01:29:56.167+0000] {processor.py:830} INFO - Processing file /home/airflow/.local/lib/python3.12/site-packages/airflow/example_dags/tutorial.py for tasks to queue
[2026-06-09T01:29:56.170+0000] {logging_mixin.py:188} INFO - [2026-06-09T01:29:56.170+0000] {dagbag.py:545} INFO - Filling up the DagBag from /home/airflow/.local/lib/python3.12/site-packages/airflow/example_dags/tutorial.py
[2026-06-09T01:29:56.178+0000] {processor.py:840} INFO - DAG(s) 'tutorial' retrieved from /home/airflow/.local/lib/python3.12/site-packages/airflow/example_dags/tutorial.py
[2026-06-09T01:29:56.203+0000] {logging_mixin.py:188} INFO - [2026-06-09T01:29:56.203+0000] {dag.py:3096} INFO - Sync 1 DAGs
[2026-06-09T01:29:56.227+0000] {logging_mixin.py:188} INFO - [2026-06-09T01:29:56.226+0000] {dag.py:3954} INFO - Setting next_dagrun for tutorial to 2026-06-08 00:00:00+00:00, run_after=2026-06-09 00:00:00+00:00
[2026-06-09T01:29:56.249+0000] {processor.py:183} INFO - Processing /home/airflow/.local/lib/python3.12/site-packages/airflow/example_dags/tutorial.py took 0.090 seconds
[2026-06-09T01:30:26.571+0000] {processor.py:161} INFO - Started process (PID=155188) to work on /home/airflow/.local/lib/python3.12/site-packages/airflow/example_dags/tutorial.py
[2026-06-09T01:30:26.572+0000] {processor.py:830} INFO - Processing file /home/airflow/.local/lib/python3.12/site-packages/airflow/example_dags/tutorial.py for tasks to queue
[2026-06-09T01:30:26.574+0000] {logging_mixin.py:188} INFO - [2026-06-09T01:30:26.573+0000] {dagbag.py:545} INFO - Filling up the DagBag from /home/airflow/.local/lib/python3.12/site-packages/airflow/example_dags/tutorial.py
[2026-06-09T01:30:26.579+0000] {processor.py:840} INFO - DAG(s) 'tutorial' retrieved from /home/airflow/.local/lib/python3.12/site-packages/airflow/example_dags/tutorial.py
[2026-06-09T01:30:26.600+0000] {logging_mixin.py:188} INFO - [2026-06-09T01:30:26.600+0000] {dag.py:3096} INFO - Sync 1 DAGs
[2026-06-09T01:30:26.621+0000] {logging_mixin.py:188} INFO - [2026-06-09T01:30:26.621+0000] {dag.py:3954} INFO - Setting next_dagrun for tutorial to 2026-06-08 00:00:00+00:00, run_after=2026-06-09 00:00:00+00:00
[2026-06-09T01:30:26.642+0000] {processor.py:183} INFO - Processing /home/airflow/.local/lib/python3.12/site-packages/airflow/example_dags/tutorial.py took 0.077 seconds
