[2026-06-08T08:33:52.488+0000] {processor.py:161} INFO - Started process (PID=299) to work on /home/airflow/.local/lib/python3.12/site-packages/airflow/example_dags/example_sensor_decorator.py
[2026-06-08T08:33:52.489+0000] {processor.py:830} INFO - Processing file /home/airflow/.local/lib/python3.12/site-packages/airflow/example_dags/example_sensor_decorator.py for tasks to queue
[2026-06-08T08:33:52.491+0000] {logging_mixin.py:188} INFO - [2026-06-08T08:33:52.490+0000] {dagbag.py:545} INFO - Filling up the DagBag from /home/airflow/.local/lib/python3.12/site-packages/airflow/example_dags/example_sensor_decorator.py
[2026-06-08T08:33:52.498+0000] {processor.py:840} INFO - DAG(s) 'example_sensor_decorator' retrieved from /home/airflow/.local/lib/python3.12/site-packages/airflow/example_dags/example_sensor_decorator.py
[2026-06-08T08:33:52.508+0000] {logging_mixin.py:188} INFO - [2026-06-08T08:33:52.508+0000] {dag.py:3096} INFO - Sync 1 DAGs
[2026-06-08T08:33:52.520+0000] {logging_mixin.py:188} INFO - [2026-06-08T08:33:52.520+0000] {dag.py:3954} INFO - Setting next_dagrun for example_sensor_decorator to None, run_after=None
[2026-06-08T08:33:52.538+0000] {processor.py:183} INFO - Processing /home/airflow/.local/lib/python3.12/site-packages/airflow/example_dags/example_sensor_decorator.py took 0.055 seconds
[2026-06-08T08:34:23.855+0000] {processor.py:161} INFO - Started process (PID=568) to work on /home/airflow/.local/lib/python3.12/site-packages/airflow/example_dags/example_sensor_decorator.py
[2026-06-08T08:34:23.856+0000] {processor.py:830} INFO - Processing file /home/airflow/.local/lib/python3.12/site-packages/airflow/example_dags/example_sensor_decorator.py for tasks to queue
[2026-06-08T08:34:23.858+0000] {logging_mixin.py:188} INFO - [2026-06-08T08:34:23.858+0000] {dagbag.py:545} INFO - Filling up the DagBag from /home/airflow/.local/lib/python3.12/site-packages/airflow/example_dags/example_sensor_decorator.py
[2026-06-08T08:34:23.863+0000] {processor.py:840} INFO - DAG(s) 'example_sensor_decorator' retrieved from /home/airflow/.local/lib/python3.12/site-packages/airflow/example_dags/example_sensor_decorator.py
[2026-06-08T08:34:23.950+0000] {logging_mixin.py:188} INFO - [2026-06-08T08:34:23.950+0000] {dag.py:3096} INFO - Sync 1 DAGs
[2026-06-08T08:34:23.959+0000] {logging_mixin.py:188} INFO - [2026-06-08T08:34:23.959+0000] {dag.py:3954} INFO - Setting next_dagrun for example_sensor_decorator to None, run_after=None
[2026-06-08T08:34:23.979+0000] {processor.py:183} INFO - Processing /home/airflow/.local/lib/python3.12/site-packages/airflow/example_dags/example_sensor_decorator.py took 0.128 seconds
[2026-06-08T08:35:35.857+0000] {processor.py:161} INFO - Started process (PID=301) to work on /home/airflow/.local/lib/python3.12/site-packages/airflow/example_dags/example_sensor_decorator.py
[2026-06-08T08:35:35.858+0000] {processor.py:830} INFO - Processing file /home/airflow/.local/lib/python3.12/site-packages/airflow/example_dags/example_sensor_decorator.py for tasks to queue
[2026-06-08T08:35:35.860+0000] {logging_mixin.py:188} INFO - [2026-06-08T08:35:35.859+0000] {dagbag.py:545} INFO - Filling up the DagBag from /home/airflow/.local/lib/python3.12/site-packages/airflow/example_dags/example_sensor_decorator.py
[2026-06-08T08:35:35.865+0000] {processor.py:840} INFO - DAG(s) 'example_sensor_decorator' retrieved from /home/airflow/.local/lib/python3.12/site-packages/airflow/example_dags/example_sensor_decorator.py
[2026-06-08T08:35:35.876+0000] {logging_mixin.py:188} INFO - [2026-06-08T08:35:35.876+0000] {dag.py:3096} INFO - Sync 1 DAGs
[2026-06-08T08:35:35.888+0000] {logging_mixin.py:188} INFO - [2026-06-08T08:35:35.887+0000] {dag.py:3954} INFO - Setting next_dagrun for example_sensor_decorator to None, run_after=None
[2026-06-08T08:35:35.908+0000] {processor.py:183} INFO - Processing /home/airflow/.local/lib/python3.12/site-packages/airflow/example_dags/example_sensor_decorator.py took 0.054 seconds
[2026-06-08T08:36:07.056+0000] {processor.py:161} INFO - Started process (PID=561) to work on /home/airflow/.local/lib/python3.12/site-packages/airflow/example_dags/example_sensor_decorator.py
[2026-06-08T08:36:07.057+0000] {processor.py:830} INFO - Processing file /home/airflow/.local/lib/python3.12/site-packages/airflow/example_dags/example_sensor_decorator.py for tasks to queue
[2026-06-08T08:36:07.059+0000] {logging_mixin.py:188} INFO - [2026-06-08T08:36:07.059+0000] {dagbag.py:545} INFO - Filling up the DagBag from /home/airflow/.local/lib/python3.12/site-packages/airflow/example_dags/example_sensor_decorator.py
[2026-06-08T08:36:07.064+0000] {processor.py:840} INFO - DAG(s) 'example_sensor_decorator' retrieved from /home/airflow/.local/lib/python3.12/site-packages/airflow/example_dags/example_sensor_decorator.py
[2026-06-08T08:36:07.138+0000] {logging_mixin.py:188} INFO - [2026-06-08T08:36:07.137+0000] {dag.py:3096} INFO - Sync 1 DAGs
[2026-06-08T08:36:07.148+0000] {logging_mixin.py:188} INFO - [2026-06-08T08:36:07.148+0000] {dag.py:3954} INFO - Setting next_dagrun for example_sensor_decorator to None, run_after=None
[2026-06-08T08:36:07.164+0000] {processor.py:183} INFO - Processing /home/airflow/.local/lib/python3.12/site-packages/airflow/example_dags/example_sensor_decorator.py took 0.113 seconds
[2026-06-08T08:36:37.809+0000] {processor.py:161} INFO - Started process (PID=823) to work on /home/airflow/.local/lib/python3.12/site-packages/airflow/example_dags/example_sensor_decorator.py
[2026-06-08T08:36:37.810+0000] {processor.py:830} INFO - Processing file /home/airflow/.local/lib/python3.12/site-packages/airflow/example_dags/example_sensor_decorator.py for tasks to queue
[2026-06-08T08:36:37.811+0000] {logging_mixin.py:188} INFO - [2026-06-08T08:36:37.811+0000] {dagbag.py:545} INFO - Filling up the DagBag from /home/airflow/.local/lib/python3.12/site-packages/airflow/example_dags/example_sensor_decorator.py
[2026-06-08T08:36:37.816+0000] {processor.py:840} INFO - DAG(s) 'example_sensor_decorator' retrieved from /home/airflow/.local/lib/python3.12/site-packages/airflow/example_dags/example_sensor_decorator.py
[2026-06-08T08:36:37.833+0000] {logging_mixin.py:188} INFO - [2026-06-08T08:36:37.833+0000] {dag.py:3096} INFO - Sync 1 DAGs
[2026-06-08T08:36:37.844+0000] {logging_mixin.py:188} INFO - [2026-06-08T08:36:37.844+0000] {dag.py:3954} INFO - Setting next_dagrun for example_sensor_decorator to None, run_after=None
[2026-06-08T08:36:37.864+0000] {processor.py:183} INFO - Processing /home/airflow/.local/lib/python3.12/site-packages/airflow/example_dags/example_sensor_decorator.py took 0.061 seconds
[2026-06-08T08:37:08.196+0000] {processor.py:161} INFO - Started process (PID=1087) to work on /home/airflow/.local/lib/python3.12/site-packages/airflow/example_dags/example_sensor_decorator.py
[2026-06-08T08:37:08.197+0000] {processor.py:830} INFO - Processing file /home/airflow/.local/lib/python3.12/site-packages/airflow/example_dags/example_sensor_decorator.py for tasks to queue
[2026-06-08T08:37:08.199+0000] {logging_mixin.py:188} INFO - [2026-06-08T08:37:08.199+0000] {dagbag.py:545} INFO - Filling up the DagBag from /home/airflow/.local/lib/python3.12/site-packages/airflow/example_dags/example_sensor_decorator.py
[2026-06-08T08:37:08.203+0000] {processor.py:840} INFO - DAG(s) 'example_sensor_decorator' retrieved from /home/airflow/.local/lib/python3.12/site-packages/airflow/example_dags/example_sensor_decorator.py
[2026-06-08T08:37:08.220+0000] {logging_mixin.py:188} INFO - [2026-06-08T08:37:08.220+0000] {dag.py:3096} INFO - Sync 1 DAGs
[2026-06-08T08:37:08.230+0000] {logging_mixin.py:188} INFO - [2026-06-08T08:37:08.230+0000] {dag.py:3954} INFO - Setting next_dagrun for example_sensor_decorator to None, run_after=None
[2026-06-08T08:37:08.247+0000] {processor.py:183} INFO - Processing /home/airflow/.local/lib/python3.12/site-packages/airflow/example_dags/example_sensor_decorator.py took 0.055 seconds
[2026-06-08T08:37:38.427+0000] {processor.py:161} INFO - Started process (PID=1349) to work on /home/airflow/.local/lib/python3.12/site-packages/airflow/example_dags/example_sensor_decorator.py
[2026-06-08T08:37:38.428+0000] {processor.py:830} INFO - Processing file /home/airflow/.local/lib/python3.12/site-packages/airflow/example_dags/example_sensor_decorator.py for tasks to queue
[2026-06-08T08:37:38.429+0000] {logging_mixin.py:188} INFO - [2026-06-08T08:37:38.429+0000] {dagbag.py:545} INFO - Filling up the DagBag from /home/airflow/.local/lib/python3.12/site-packages/airflow/example_dags/example_sensor_decorator.py
[2026-06-08T08:37:38.433+0000] {processor.py:840} INFO - DAG(s) 'example_sensor_decorator' retrieved from /home/airflow/.local/lib/python3.12/site-packages/airflow/example_dags/example_sensor_decorator.py
[2026-06-08T08:37:38.452+0000] {logging_mixin.py:188} INFO - [2026-06-08T08:37:38.452+0000] {dag.py:3096} INFO - Sync 1 DAGs
[2026-06-08T08:37:38.464+0000] {logging_mixin.py:188} INFO - [2026-06-08T08:37:38.463+0000] {dag.py:3954} INFO - Setting next_dagrun for example_sensor_decorator to None, run_after=None
[2026-06-08T08:37:38.485+0000] {processor.py:183} INFO - Processing /home/airflow/.local/lib/python3.12/site-packages/airflow/example_dags/example_sensor_decorator.py took 0.062 seconds
[2026-06-08T08:38:09.056+0000] {processor.py:161} INFO - Started process (PID=1609) to work on /home/airflow/.local/lib/python3.12/site-packages/airflow/example_dags/example_sensor_decorator.py
[2026-06-08T08:38:09.057+0000] {processor.py:830} INFO - Processing file /home/airflow/.local/lib/python3.12/site-packages/airflow/example_dags/example_sensor_decorator.py for tasks to queue
[2026-06-08T08:38:09.059+0000] {logging_mixin.py:188} INFO - [2026-06-08T08:38:09.059+0000] {dagbag.py:545} INFO - Filling up the DagBag from /home/airflow/.local/lib/python3.12/site-packages/airflow/example_dags/example_sensor_decorator.py
[2026-06-08T08:38:09.064+0000] {processor.py:840} INFO - DAG(s) 'example_sensor_decorator' retrieved from /home/airflow/.local/lib/python3.12/site-packages/airflow/example_dags/example_sensor_decorator.py
[2026-06-08T08:38:09.084+0000] {logging_mixin.py:188} INFO - [2026-06-08T08:38:09.083+0000] {dag.py:3096} INFO - Sync 1 DAGs
[2026-06-08T08:38:09.095+0000] {logging_mixin.py:188} INFO - [2026-06-08T08:38:09.095+0000] {dag.py:3954} INFO - Setting next_dagrun for example_sensor_decorator to None, run_after=None
[2026-06-08T08:38:09.117+0000] {processor.py:183} INFO - Processing /home/airflow/.local/lib/python3.12/site-packages/airflow/example_dags/example_sensor_decorator.py took 0.066 seconds
[2026-06-08T08:38:39.368+0000] {processor.py:161} INFO - Started process (PID=1877) to work on /home/airflow/.local/lib/python3.12/site-packages/airflow/example_dags/example_sensor_decorator.py
[2026-06-08T08:38:39.369+0000] {processor.py:830} INFO - Processing file /home/airflow/.local/lib/python3.12/site-packages/airflow/example_dags/example_sensor_decorator.py for tasks to queue
[2026-06-08T08:38:39.371+0000] {logging_mixin.py:188} INFO - [2026-06-08T08:38:39.371+0000] {dagbag.py:545} INFO - Filling up the DagBag from /home/airflow/.local/lib/python3.12/site-packages/airflow/example_dags/example_sensor_decorator.py
[2026-06-08T08:38:39.376+0000] {processor.py:840} INFO - DAG(s) 'example_sensor_decorator' retrieved from /home/airflow/.local/lib/python3.12/site-packages/airflow/example_dags/example_sensor_decorator.py
[2026-06-08T08:38:39.394+0000] {logging_mixin.py:188} INFO - [2026-06-08T08:38:39.394+0000] {dag.py:3096} INFO - Sync 1 DAGs
[2026-06-08T08:38:39.403+0000] {logging_mixin.py:188} INFO - [2026-06-08T08:38:39.403+0000] {dag.py:3954} INFO - Setting next_dagrun for example_sensor_decorator to None, run_after=None
[2026-06-08T08:38:39.419+0000] {processor.py:183} INFO - Processing /home/airflow/.local/lib/python3.12/site-packages/airflow/example_dags/example_sensor_decorator.py took 0.055 seconds
[2026-06-08T08:39:09.598+0000] {processor.py:161} INFO - Started process (PID=2139) to work on /home/airflow/.local/lib/python3.12/site-packages/airflow/example_dags/example_sensor_decorator.py
[2026-06-08T08:39:09.599+0000] {processor.py:830} INFO - Processing file /home/airflow/.local/lib/python3.12/site-packages/airflow/example_dags/example_sensor_decorator.py for tasks to queue
[2026-06-08T08:39:09.601+0000] {logging_mixin.py:188} INFO - [2026-06-08T08:39:09.601+0000] {dagbag.py:545} INFO - Filling up the DagBag from /home/airflow/.local/lib/python3.12/site-packages/airflow/example_dags/example_sensor_decorator.py
[2026-06-08T08:39:09.607+0000] {processor.py:840} INFO - DAG(s) 'example_sensor_decorator' retrieved from /home/airflow/.local/lib/python3.12/site-packages/airflow/example_dags/example_sensor_decorator.py
[2026-06-08T08:39:09.626+0000] {logging_mixin.py:188} INFO - [2026-06-08T08:39:09.626+0000] {dag.py:3096} INFO - Sync 1 DAGs
[2026-06-08T08:39:09.639+0000] {logging_mixin.py:188} INFO - [2026-06-08T08:39:09.639+0000] {dag.py:3954} INFO - Setting next_dagrun for example_sensor_decorator to None, run_after=None
[2026-06-08T08:39:09.657+0000] {processor.py:183} INFO - Processing /home/airflow/.local/lib/python3.12/site-packages/airflow/example_dags/example_sensor_decorator.py took 0.064 seconds
[2026-06-08T08:39:40.851+0000] {processor.py:161} INFO - Started process (PID=2401) to work on /home/airflow/.local/lib/python3.12/site-packages/airflow/example_dags/example_sensor_decorator.py
[2026-06-08T08:39:40.852+0000] {processor.py:830} INFO - Processing file /home/airflow/.local/lib/python3.12/site-packages/airflow/example_dags/example_sensor_decorator.py for tasks to queue
[2026-06-08T08:39:40.854+0000] {logging_mixin.py:188} INFO - [2026-06-08T08:39:40.854+0000] {dagbag.py:545} INFO - Filling up the DagBag from /home/airflow/.local/lib/python3.12/site-packages/airflow/example_dags/example_sensor_decorator.py
[2026-06-08T08:39:40.859+0000] {processor.py:840} INFO - DAG(s) 'example_sensor_decorator' retrieved from /home/airflow/.local/lib/python3.12/site-packages/airflow/example_dags/example_sensor_decorator.py
[2026-06-08T08:39:40.878+0000] {logging_mixin.py:188} INFO - [2026-06-08T08:39:40.877+0000] {dag.py:3096} INFO - Sync 1 DAGs
[2026-06-08T08:39:40.889+0000] {logging_mixin.py:188} INFO - [2026-06-08T08:39:40.889+0000] {dag.py:3954} INFO - Setting next_dagrun for example_sensor_decorator to None, run_after=None
[2026-06-08T08:39:40.909+0000] {processor.py:183} INFO - Processing /home/airflow/.local/lib/python3.12/site-packages/airflow/example_dags/example_sensor_decorator.py took 0.062 seconds
[2026-06-08T08:40:11.436+0000] {processor.py:161} INFO - Started process (PID=2663) to work on /home/airflow/.local/lib/python3.12/site-packages/airflow/example_dags/example_sensor_decorator.py
[2026-06-08T08:40:11.437+0000] {processor.py:830} INFO - Processing file /home/airflow/.local/lib/python3.12/site-packages/airflow/example_dags/example_sensor_decorator.py for tasks to queue
[2026-06-08T08:40:11.439+0000] {logging_mixin.py:188} INFO - [2026-06-08T08:40:11.439+0000] {dagbag.py:545} INFO - Filling up the DagBag from /home/airflow/.local/lib/python3.12/site-packages/airflow/example_dags/example_sensor_decorator.py
[2026-06-08T08:40:11.443+0000] {processor.py:840} INFO - DAG(s) 'example_sensor_decorator' retrieved from /home/airflow/.local/lib/python3.12/site-packages/airflow/example_dags/example_sensor_decorator.py
[2026-06-08T08:40:11.466+0000] {logging_mixin.py:188} INFO - [2026-06-08T08:40:11.466+0000] {dag.py:3096} INFO - Sync 1 DAGs
[2026-06-08T08:40:11.476+0000] {logging_mixin.py:188} INFO - [2026-06-08T08:40:11.476+0000] {dag.py:3954} INFO - Setting next_dagrun for example_sensor_decorator to None, run_after=None
[2026-06-08T08:40:11.495+0000] {processor.py:183} INFO - Processing /home/airflow/.local/lib/python3.12/site-packages/airflow/example_dags/example_sensor_decorator.py took 0.065 seconds
[2026-06-08T08:40:42.060+0000] {processor.py:161} INFO - Started process (PID=2925) to work on /home/airflow/.local/lib/python3.12/site-packages/airflow/example_dags/example_sensor_decorator.py
[2026-06-08T08:40:42.061+0000] {processor.py:830} INFO - Processing file /home/airflow/.local/lib/python3.12/site-packages/airflow/example_dags/example_sensor_decorator.py for tasks to queue
[2026-06-08T08:40:42.063+0000] {logging_mixin.py:188} INFO - [2026-06-08T08:40:42.063+0000] {dagbag.py:545} INFO - Filling up the DagBag from /home/airflow/.local/lib/python3.12/site-packages/airflow/example_dags/example_sensor_decorator.py
[2026-06-08T08:40:42.069+0000] {processor.py:840} INFO - DAG(s) 'example_sensor_decorator' retrieved from /home/airflow/.local/lib/python3.12/site-packages/airflow/example_dags/example_sensor_decorator.py
[2026-06-08T08:40:42.090+0000] {logging_mixin.py:188} INFO - [2026-06-08T08:40:42.090+0000] {dag.py:3096} INFO - Sync 1 DAGs
[2026-06-08T08:40:42.102+0000] {logging_mixin.py:188} INFO - [2026-06-08T08:40:42.102+0000] {dag.py:3954} INFO - Setting next_dagrun for example_sensor_decorator to None, run_after=None
[2026-06-08T08:40:42.123+0000] {processor.py:183} INFO - Processing /home/airflow/.local/lib/python3.12/site-packages/airflow/example_dags/example_sensor_decorator.py took 0.069 seconds
[2026-06-08T08:41:12.561+0000] {processor.py:161} INFO - Started process (PID=3187) to work on /home/airflow/.local/lib/python3.12/site-packages/airflow/example_dags/example_sensor_decorator.py
[2026-06-08T08:41:12.562+0000] {processor.py:830} INFO - Processing file /home/airflow/.local/lib/python3.12/site-packages/airflow/example_dags/example_sensor_decorator.py for tasks to queue
[2026-06-08T08:41:12.564+0000] {logging_mixin.py:188} INFO - [2026-06-08T08:41:12.564+0000] {dagbag.py:545} INFO - Filling up the DagBag from /home/airflow/.local/lib/python3.12/site-packages/airflow/example_dags/example_sensor_decorator.py
[2026-06-08T08:41:12.569+0000] {processor.py:840} INFO - DAG(s) 'example_sensor_decorator' retrieved from /home/airflow/.local/lib/python3.12/site-packages/airflow/example_dags/example_sensor_decorator.py
[2026-06-08T08:41:12.589+0000] {logging_mixin.py:188} INFO - [2026-06-08T08:41:12.588+0000] {dag.py:3096} INFO - Sync 1 DAGs
[2026-06-08T08:41:12.603+0000] {logging_mixin.py:188} INFO - [2026-06-08T08:41:12.602+0000] {dag.py:3954} INFO - Setting next_dagrun for example_sensor_decorator to None, run_after=None
[2026-06-08T08:41:12.622+0000] {processor.py:183} INFO - Processing /home/airflow/.local/lib/python3.12/site-packages/airflow/example_dags/example_sensor_decorator.py took 0.066 seconds
[2026-06-08T08:41:42.979+0000] {processor.py:161} INFO - Started process (PID=3449) to work on /home/airflow/.local/lib/python3.12/site-packages/airflow/example_dags/example_sensor_decorator.py
[2026-06-08T08:41:42.980+0000] {processor.py:830} INFO - Processing file /home/airflow/.local/lib/python3.12/site-packages/airflow/example_dags/example_sensor_decorator.py for tasks to queue
[2026-06-08T08:41:42.982+0000] {logging_mixin.py:188} INFO - [2026-06-08T08:41:42.981+0000] {dagbag.py:545} INFO - Filling up the DagBag from /home/airflow/.local/lib/python3.12/site-packages/airflow/example_dags/example_sensor_decorator.py
[2026-06-08T08:41:42.987+0000] {processor.py:840} INFO - DAG(s) 'example_sensor_decorator' retrieved from /home/airflow/.local/lib/python3.12/site-packages/airflow/example_dags/example_sensor_decorator.py
[2026-06-08T08:41:43.013+0000] {logging_mixin.py:188} INFO - [2026-06-08T08:41:43.013+0000] {dag.py:3096} INFO - Sync 1 DAGs
[2026-06-08T08:41:43.027+0000] {logging_mixin.py:188} INFO - [2026-06-08T08:41:43.027+0000] {dag.py:3954} INFO - Setting next_dagrun for example_sensor_decorator to None, run_after=None
[2026-06-08T08:41:43.053+0000] {processor.py:183} INFO - Processing /home/airflow/.local/lib/python3.12/site-packages/airflow/example_dags/example_sensor_decorator.py took 0.082 seconds
[2026-06-08T08:42:13.332+0000] {processor.py:161} INFO - Started process (PID=3711) to work on /home/airflow/.local/lib/python3.12/site-packages/airflow/example_dags/example_sensor_decorator.py
[2026-06-08T08:42:13.333+0000] {processor.py:830} INFO - Processing file /home/airflow/.local/lib/python3.12/site-packages/airflow/example_dags/example_sensor_decorator.py for tasks to queue
[2026-06-08T08:42:13.335+0000] {logging_mixin.py:188} INFO - [2026-06-08T08:42:13.335+0000] {dagbag.py:545} INFO - Filling up the DagBag from /home/airflow/.local/lib/python3.12/site-packages/airflow/example_dags/example_sensor_decorator.py
[2026-06-08T08:42:13.341+0000] {processor.py:840} INFO - DAG(s) 'example_sensor_decorator' retrieved from /home/airflow/.local/lib/python3.12/site-packages/airflow/example_dags/example_sensor_decorator.py
[2026-06-08T08:42:13.359+0000] {logging_mixin.py:188} INFO - [2026-06-08T08:42:13.359+0000] {dag.py:3096} INFO - Sync 1 DAGs
[2026-06-08T08:42:13.372+0000] {logging_mixin.py:188} INFO - [2026-06-08T08:42:13.372+0000] {dag.py:3954} INFO - Setting next_dagrun for example_sensor_decorator to None, run_after=None
[2026-06-08T08:42:13.390+0000] {processor.py:183} INFO - Processing /home/airflow/.local/lib/python3.12/site-packages/airflow/example_dags/example_sensor_decorator.py took 0.063 seconds
[2026-06-08T08:42:43.494+0000] {processor.py:161} INFO - Started process (PID=3973) to work on /home/airflow/.local/lib/python3.12/site-packages/airflow/example_dags/example_sensor_decorator.py
[2026-06-08T08:42:43.495+0000] {processor.py:830} INFO - Processing file /home/airflow/.local/lib/python3.12/site-packages/airflow/example_dags/example_sensor_decorator.py for tasks to queue
[2026-06-08T08:42:43.498+0000] {logging_mixin.py:188} INFO - [2026-06-08T08:42:43.498+0000] {dagbag.py:545} INFO - Filling up the DagBag from /home/airflow/.local/lib/python3.12/site-packages/airflow/example_dags/example_sensor_decorator.py
[2026-06-08T08:42:43.503+0000] {processor.py:840} INFO - DAG(s) 'example_sensor_decorator' retrieved from /home/airflow/.local/lib/python3.12/site-packages/airflow/example_dags/example_sensor_decorator.py
[2026-06-08T08:42:43.521+0000] {logging_mixin.py:188} INFO - [2026-06-08T08:42:43.521+0000] {dag.py:3096} INFO - Sync 1 DAGs
[2026-06-08T08:42:43.534+0000] {logging_mixin.py:188} INFO - [2026-06-08T08:42:43.534+0000] {dag.py:3954} INFO - Setting next_dagrun for example_sensor_decorator to None, run_after=None
[2026-06-08T08:42:43.552+0000] {processor.py:183} INFO - Processing /home/airflow/.local/lib/python3.12/site-packages/airflow/example_dags/example_sensor_decorator.py took 0.063 seconds
[2026-06-08T08:43:13.629+0000] {processor.py:161} INFO - Started process (PID=4235) to work on /home/airflow/.local/lib/python3.12/site-packages/airflow/example_dags/example_sensor_decorator.py
[2026-06-08T08:43:13.630+0000] {processor.py:830} INFO - Processing file /home/airflow/.local/lib/python3.12/site-packages/airflow/example_dags/example_sensor_decorator.py for tasks to queue
[2026-06-08T08:43:13.632+0000] {logging_mixin.py:188} INFO - [2026-06-08T08:43:13.632+0000] {dagbag.py:545} INFO - Filling up the DagBag from /home/airflow/.local/lib/python3.12/site-packages/airflow/example_dags/example_sensor_decorator.py
[2026-06-08T08:43:13.637+0000] {processor.py:840} INFO - DAG(s) 'example_sensor_decorator' retrieved from /home/airflow/.local/lib/python3.12/site-packages/airflow/example_dags/example_sensor_decorator.py
[2026-06-08T08:43:13.656+0000] {logging_mixin.py:188} INFO - [2026-06-08T08:43:13.656+0000] {dag.py:3096} INFO - Sync 1 DAGs
[2026-06-08T08:43:13.667+0000] {logging_mixin.py:188} INFO - [2026-06-08T08:43:13.666+0000] {dag.py:3954} INFO - Setting next_dagrun for example_sensor_decorator to None, run_after=None
[2026-06-08T08:43:13.685+0000] {processor.py:183} INFO - Processing /home/airflow/.local/lib/python3.12/site-packages/airflow/example_dags/example_sensor_decorator.py took 0.062 seconds
[2026-06-08T08:43:43.906+0000] {processor.py:161} INFO - Started process (PID=4497) to work on /home/airflow/.local/lib/python3.12/site-packages/airflow/example_dags/example_sensor_decorator.py
[2026-06-08T08:43:43.907+0000] {processor.py:830} INFO - Processing file /home/airflow/.local/lib/python3.12/site-packages/airflow/example_dags/example_sensor_decorator.py for tasks to queue
[2026-06-08T08:43:43.909+0000] {logging_mixin.py:188} INFO - [2026-06-08T08:43:43.909+0000] {dagbag.py:545} INFO - Filling up the DagBag from /home/airflow/.local/lib/python3.12/site-packages/airflow/example_dags/example_sensor_decorator.py
[2026-06-08T08:43:43.914+0000] {processor.py:840} INFO - DAG(s) 'example_sensor_decorator' retrieved from /home/airflow/.local/lib/python3.12/site-packages/airflow/example_dags/example_sensor_decorator.py
[2026-06-08T08:43:43.931+0000] {logging_mixin.py:188} INFO - [2026-06-08T08:43:43.931+0000] {dag.py:3096} INFO - Sync 1 DAGs
[2026-06-08T08:43:43.943+0000] {logging_mixin.py:188} INFO - [2026-06-08T08:43:43.942+0000] {dag.py:3954} INFO - Setting next_dagrun for example_sensor_decorator to None, run_after=None
[2026-06-08T08:43:43.963+0000] {processor.py:183} INFO - Processing /home/airflow/.local/lib/python3.12/site-packages/airflow/example_dags/example_sensor_decorator.py took 0.062 seconds
[2026-06-08T08:44:14.193+0000] {processor.py:161} INFO - Started process (PID=4759) to work on /home/airflow/.local/lib/python3.12/site-packages/airflow/example_dags/example_sensor_decorator.py
[2026-06-08T08:44:14.194+0000] {processor.py:830} INFO - Processing file /home/airflow/.local/lib/python3.12/site-packages/airflow/example_dags/example_sensor_decorator.py for tasks to queue
[2026-06-08T08:44:14.195+0000] {logging_mixin.py:188} INFO - [2026-06-08T08:44:14.195+0000] {dagbag.py:545} INFO - Filling up the DagBag from /home/airflow/.local/lib/python3.12/site-packages/airflow/example_dags/example_sensor_decorator.py
[2026-06-08T08:44:14.200+0000] {processor.py:840} INFO - DAG(s) 'example_sensor_decorator' retrieved from /home/airflow/.local/lib/python3.12/site-packages/airflow/example_dags/example_sensor_decorator.py
[2026-06-08T08:44:14.218+0000] {logging_mixin.py:188} INFO - [2026-06-08T08:44:14.217+0000] {dag.py:3096} INFO - Sync 1 DAGs
[2026-06-08T08:44:14.229+0000] {logging_mixin.py:188} INFO - [2026-06-08T08:44:14.229+0000] {dag.py:3954} INFO - Setting next_dagrun for example_sensor_decorator to None, run_after=None
[2026-06-08T08:44:14.248+0000] {processor.py:183} INFO - Processing /home/airflow/.local/lib/python3.12/site-packages/airflow/example_dags/example_sensor_decorator.py took 0.060 seconds
[2026-06-08T08:44:44.661+0000] {processor.py:161} INFO - Started process (PID=5021) to work on /home/airflow/.local/lib/python3.12/site-packages/airflow/example_dags/example_sensor_decorator.py
[2026-06-08T08:44:44.662+0000] {processor.py:830} INFO - Processing file /home/airflow/.local/lib/python3.12/site-packages/airflow/example_dags/example_sensor_decorator.py for tasks to queue
[2026-06-08T08:44:44.663+0000] {logging_mixin.py:188} INFO - [2026-06-08T08:44:44.663+0000] {dagbag.py:545} INFO - Filling up the DagBag from /home/airflow/.local/lib/python3.12/site-packages/airflow/example_dags/example_sensor_decorator.py
[2026-06-08T08:44:44.669+0000] {processor.py:840} INFO - DAG(s) 'example_sensor_decorator' retrieved from /home/airflow/.local/lib/python3.12/site-packages/airflow/example_dags/example_sensor_decorator.py
[2026-06-08T08:44:44.687+0000] {logging_mixin.py:188} INFO - [2026-06-08T08:44:44.687+0000] {dag.py:3096} INFO - Sync 1 DAGs
[2026-06-08T08:44:44.700+0000] {logging_mixin.py:188} INFO - [2026-06-08T08:44:44.700+0000] {dag.py:3954} INFO - Setting next_dagrun for example_sensor_decorator to None, run_after=None
[2026-06-08T08:44:44.722+0000] {processor.py:183} INFO - Processing /home/airflow/.local/lib/python3.12/site-packages/airflow/example_dags/example_sensor_decorator.py took 0.067 seconds
[2026-06-08T08:45:15.022+0000] {processor.py:161} INFO - Started process (PID=5283) to work on /home/airflow/.local/lib/python3.12/site-packages/airflow/example_dags/example_sensor_decorator.py
[2026-06-08T08:45:15.023+0000] {processor.py:830} INFO - Processing file /home/airflow/.local/lib/python3.12/site-packages/airflow/example_dags/example_sensor_decorator.py for tasks to queue
[2026-06-08T08:45:15.024+0000] {logging_mixin.py:188} INFO - [2026-06-08T08:45:15.024+0000] {dagbag.py:545} INFO - Filling up the DagBag from /home/airflow/.local/lib/python3.12/site-packages/airflow/example_dags/example_sensor_decorator.py
[2026-06-08T08:45:15.029+0000] {processor.py:840} INFO - DAG(s) 'example_sensor_decorator' retrieved from /home/airflow/.local/lib/python3.12/site-packages/airflow/example_dags/example_sensor_decorator.py
[2026-06-08T08:45:15.045+0000] {logging_mixin.py:188} INFO - [2026-06-08T08:45:15.045+0000] {dag.py:3096} INFO - Sync 1 DAGs
[2026-06-08T08:45:15.056+0000] {logging_mixin.py:188} INFO - [2026-06-08T08:45:15.055+0000] {dag.py:3954} INFO - Setting next_dagrun for example_sensor_decorator to None, run_after=None
[2026-06-08T08:45:15.074+0000] {processor.py:183} INFO - Processing /home/airflow/.local/lib/python3.12/site-packages/airflow/example_dags/example_sensor_decorator.py took 0.057 seconds
[2026-06-08T08:45:45.437+0000] {processor.py:161} INFO - Started process (PID=5545) to work on /home/airflow/.local/lib/python3.12/site-packages/airflow/example_dags/example_sensor_decorator.py
[2026-06-08T08:45:45.437+0000] {processor.py:830} INFO - Processing file /home/airflow/.local/lib/python3.12/site-packages/airflow/example_dags/example_sensor_decorator.py for tasks to queue
[2026-06-08T08:45:45.439+0000] {logging_mixin.py:188} INFO - [2026-06-08T08:45:45.439+0000] {dagbag.py:545} INFO - Filling up the DagBag from /home/airflow/.local/lib/python3.12/site-packages/airflow/example_dags/example_sensor_decorator.py
[2026-06-08T08:45:45.443+0000] {processor.py:840} INFO - DAG(s) 'example_sensor_decorator' retrieved from /home/airflow/.local/lib/python3.12/site-packages/airflow/example_dags/example_sensor_decorator.py
[2026-06-08T08:45:45.460+0000] {logging_mixin.py:188} INFO - [2026-06-08T08:45:45.459+0000] {dag.py:3096} INFO - Sync 1 DAGs
[2026-06-08T08:45:45.469+0000] {logging_mixin.py:188} INFO - [2026-06-08T08:45:45.469+0000] {dag.py:3954} INFO - Setting next_dagrun for example_sensor_decorator to None, run_after=None
[2026-06-08T08:45:45.487+0000] {processor.py:183} INFO - Processing /home/airflow/.local/lib/python3.12/site-packages/airflow/example_dags/example_sensor_decorator.py took 0.054 seconds
[2026-06-08T08:46:15.765+0000] {processor.py:161} INFO - Started process (PID=5807) to work on /home/airflow/.local/lib/python3.12/site-packages/airflow/example_dags/example_sensor_decorator.py
[2026-06-08T08:46:15.766+0000] {processor.py:830} INFO - Processing file /home/airflow/.local/lib/python3.12/site-packages/airflow/example_dags/example_sensor_decorator.py for tasks to queue
[2026-06-08T08:46:15.768+0000] {logging_mixin.py:188} INFO - [2026-06-08T08:46:15.768+0000] {dagbag.py:545} INFO - Filling up the DagBag from /home/airflow/.local/lib/python3.12/site-packages/airflow/example_dags/example_sensor_decorator.py
[2026-06-08T08:46:15.773+0000] {processor.py:840} INFO - DAG(s) 'example_sensor_decorator' retrieved from /home/airflow/.local/lib/python3.12/site-packages/airflow/example_dags/example_sensor_decorator.py
[2026-06-08T08:46:15.791+0000] {logging_mixin.py:188} INFO - [2026-06-08T08:46:15.790+0000] {dag.py:3096} INFO - Sync 1 DAGs
[2026-06-08T08:46:15.800+0000] {logging_mixin.py:188} INFO - [2026-06-08T08:46:15.800+0000] {dag.py:3954} INFO - Setting next_dagrun for example_sensor_decorator to None, run_after=None
[2026-06-08T08:46:15.817+0000] {processor.py:183} INFO - Processing /home/airflow/.local/lib/python3.12/site-packages/airflow/example_dags/example_sensor_decorator.py took 0.057 seconds
[2026-06-08T08:46:46.205+0000] {processor.py:161} INFO - Started process (PID=6069) to work on /home/airflow/.local/lib/python3.12/site-packages/airflow/example_dags/example_sensor_decorator.py
[2026-06-08T08:46:46.206+0000] {processor.py:830} INFO - Processing file /home/airflow/.local/lib/python3.12/site-packages/airflow/example_dags/example_sensor_decorator.py for tasks to queue
[2026-06-08T08:46:46.208+0000] {logging_mixin.py:188} INFO - [2026-06-08T08:46:46.208+0000] {dagbag.py:545} INFO - Filling up the DagBag from /home/airflow/.local/lib/python3.12/site-packages/airflow/example_dags/example_sensor_decorator.py
[2026-06-08T08:46:46.215+0000] {processor.py:840} INFO - DAG(s) 'example_sensor_decorator' retrieved from /home/airflow/.local/lib/python3.12/site-packages/airflow/example_dags/example_sensor_decorator.py
[2026-06-08T08:46:46.234+0000] {logging_mixin.py:188} INFO - [2026-06-08T08:46:46.234+0000] {dag.py:3096} INFO - Sync 1 DAGs
[2026-06-08T08:46:46.247+0000] {logging_mixin.py:188} INFO - [2026-06-08T08:46:46.247+0000] {dag.py:3954} INFO - Setting next_dagrun for example_sensor_decorator to None, run_after=None
[2026-06-08T08:46:46.268+0000] {processor.py:183} INFO - Processing /home/airflow/.local/lib/python3.12/site-packages/airflow/example_dags/example_sensor_decorator.py took 0.068 seconds
[2026-06-08T08:47:16.421+0000] {processor.py:161} INFO - Started process (PID=6331) to work on /home/airflow/.local/lib/python3.12/site-packages/airflow/example_dags/example_sensor_decorator.py
[2026-06-08T08:47:16.422+0000] {processor.py:830} INFO - Processing file /home/airflow/.local/lib/python3.12/site-packages/airflow/example_dags/example_sensor_decorator.py for tasks to queue
[2026-06-08T08:47:16.424+0000] {logging_mixin.py:188} INFO - [2026-06-08T08:47:16.424+0000] {dagbag.py:545} INFO - Filling up the DagBag from /home/airflow/.local/lib/python3.12/site-packages/airflow/example_dags/example_sensor_decorator.py
[2026-06-08T08:47:16.428+0000] {processor.py:840} INFO - DAG(s) 'example_sensor_decorator' retrieved from /home/airflow/.local/lib/python3.12/site-packages/airflow/example_dags/example_sensor_decorator.py
[2026-06-08T08:47:16.446+0000] {logging_mixin.py:188} INFO - [2026-06-08T08:47:16.445+0000] {dag.py:3096} INFO - Sync 1 DAGs
[2026-06-08T08:47:16.457+0000] {logging_mixin.py:188} INFO - [2026-06-08T08:47:16.457+0000] {dag.py:3954} INFO - Setting next_dagrun for example_sensor_decorator to None, run_after=None
[2026-06-08T08:47:16.475+0000] {processor.py:183} INFO - Processing /home/airflow/.local/lib/python3.12/site-packages/airflow/example_dags/example_sensor_decorator.py took 0.058 seconds
[2026-06-08T08:47:46.617+0000] {processor.py:161} INFO - Started process (PID=6593) to work on /home/airflow/.local/lib/python3.12/site-packages/airflow/example_dags/example_sensor_decorator.py
[2026-06-08T08:47:46.618+0000] {processor.py:830} INFO - Processing file /home/airflow/.local/lib/python3.12/site-packages/airflow/example_dags/example_sensor_decorator.py for tasks to queue
[2026-06-08T08:47:46.620+0000] {logging_mixin.py:188} INFO - [2026-06-08T08:47:46.620+0000] {dagbag.py:545} INFO - Filling up the DagBag from /home/airflow/.local/lib/python3.12/site-packages/airflow/example_dags/example_sensor_decorator.py
[2026-06-08T08:47:46.625+0000] {processor.py:840} INFO - DAG(s) 'example_sensor_decorator' retrieved from /home/airflow/.local/lib/python3.12/site-packages/airflow/example_dags/example_sensor_decorator.py
[2026-06-08T08:47:46.644+0000] {logging_mixin.py:188} INFO - [2026-06-08T08:47:46.644+0000] {dag.py:3096} INFO - Sync 1 DAGs
[2026-06-08T08:47:46.656+0000] {logging_mixin.py:188} INFO - [2026-06-08T08:47:46.656+0000] {dag.py:3954} INFO - Setting next_dagrun for example_sensor_decorator to None, run_after=None
[2026-06-08T08:47:46.673+0000] {processor.py:183} INFO - Processing /home/airflow/.local/lib/python3.12/site-packages/airflow/example_dags/example_sensor_decorator.py took 0.060 seconds
[2026-06-08T08:48:16.801+0000] {processor.py:161} INFO - Started process (PID=6855) to work on /home/airflow/.local/lib/python3.12/site-packages/airflow/example_dags/example_sensor_decorator.py
[2026-06-08T08:48:16.802+0000] {processor.py:830} INFO - Processing file /home/airflow/.local/lib/python3.12/site-packages/airflow/example_dags/example_sensor_decorator.py for tasks to queue
[2026-06-08T08:48:16.804+0000] {logging_mixin.py:188} INFO - [2026-06-08T08:48:16.803+0000] {dagbag.py:545} INFO - Filling up the DagBag from /home/airflow/.local/lib/python3.12/site-packages/airflow/example_dags/example_sensor_decorator.py
[2026-06-08T08:48:16.808+0000] {processor.py:840} INFO - DAG(s) 'example_sensor_decorator' retrieved from /home/airflow/.local/lib/python3.12/site-packages/airflow/example_dags/example_sensor_decorator.py
[2026-06-08T08:48:16.825+0000] {logging_mixin.py:188} INFO - [2026-06-08T08:48:16.824+0000] {dag.py:3096} INFO - Sync 1 DAGs
[2026-06-08T08:48:16.834+0000] {logging_mixin.py:188} INFO - [2026-06-08T08:48:16.834+0000] {dag.py:3954} INFO - Setting next_dagrun for example_sensor_decorator to None, run_after=None
[2026-06-08T08:48:16.851+0000] {processor.py:183} INFO - Processing /home/airflow/.local/lib/python3.12/site-packages/airflow/example_dags/example_sensor_decorator.py took 0.054 seconds
[2026-06-08T08:48:47.001+0000] {processor.py:161} INFO - Started process (PID=7117) to work on /home/airflow/.local/lib/python3.12/site-packages/airflow/example_dags/example_sensor_decorator.py
[2026-06-08T08:48:47.002+0000] {processor.py:830} INFO - Processing file /home/airflow/.local/lib/python3.12/site-packages/airflow/example_dags/example_sensor_decorator.py for tasks to queue
[2026-06-08T08:48:47.003+0000] {logging_mixin.py:188} INFO - [2026-06-08T08:48:47.003+0000] {dagbag.py:545} INFO - Filling up the DagBag from /home/airflow/.local/lib/python3.12/site-packages/airflow/example_dags/example_sensor_decorator.py
[2026-06-08T08:48:47.009+0000] {processor.py:840} INFO - DAG(s) 'example_sensor_decorator' retrieved from /home/airflow/.local/lib/python3.12/site-packages/airflow/example_dags/example_sensor_decorator.py
[2026-06-08T08:48:47.025+0000] {logging_mixin.py:188} INFO - [2026-06-08T08:48:47.025+0000] {dag.py:3096} INFO - Sync 1 DAGs
[2026-06-08T08:48:47.041+0000] {logging_mixin.py:188} INFO - [2026-06-08T08:48:47.040+0000] {dag.py:3954} INFO - Setting next_dagrun for example_sensor_decorator to None, run_after=None
[2026-06-08T08:48:47.061+0000] {processor.py:183} INFO - Processing /home/airflow/.local/lib/python3.12/site-packages/airflow/example_dags/example_sensor_decorator.py took 0.066 seconds
[2026-06-08T08:49:17.365+0000] {processor.py:161} INFO - Started process (PID=7379) to work on /home/airflow/.local/lib/python3.12/site-packages/airflow/example_dags/example_sensor_decorator.py
[2026-06-08T08:49:17.366+0000] {processor.py:830} INFO - Processing file /home/airflow/.local/lib/python3.12/site-packages/airflow/example_dags/example_sensor_decorator.py for tasks to queue
[2026-06-08T08:49:17.368+0000] {logging_mixin.py:188} INFO - [2026-06-08T08:49:17.367+0000] {dagbag.py:545} INFO - Filling up the DagBag from /home/airflow/.local/lib/python3.12/site-packages/airflow/example_dags/example_sensor_decorator.py
[2026-06-08T08:49:17.373+0000] {processor.py:840} INFO - DAG(s) 'example_sensor_decorator' retrieved from /home/airflow/.local/lib/python3.12/site-packages/airflow/example_dags/example_sensor_decorator.py
[2026-06-08T08:49:17.392+0000] {logging_mixin.py:188} INFO - [2026-06-08T08:49:17.392+0000] {dag.py:3096} INFO - Sync 1 DAGs
[2026-06-08T08:49:17.403+0000] {logging_mixin.py:188} INFO - [2026-06-08T08:49:17.403+0000] {dag.py:3954} INFO - Setting next_dagrun for example_sensor_decorator to None, run_after=None
[2026-06-08T08:49:17.425+0000] {processor.py:183} INFO - Processing /home/airflow/.local/lib/python3.12/site-packages/airflow/example_dags/example_sensor_decorator.py took 0.066 seconds
[2026-06-08T08:49:47.553+0000] {processor.py:161} INFO - Started process (PID=7641) to work on /home/airflow/.local/lib/python3.12/site-packages/airflow/example_dags/example_sensor_decorator.py
[2026-06-08T08:49:47.554+0000] {processor.py:830} INFO - Processing file /home/airflow/.local/lib/python3.12/site-packages/airflow/example_dags/example_sensor_decorator.py for tasks to queue
[2026-06-08T08:49:47.557+0000] {logging_mixin.py:188} INFO - [2026-06-08T08:49:47.556+0000] {dagbag.py:545} INFO - Filling up the DagBag from /home/airflow/.local/lib/python3.12/site-packages/airflow/example_dags/example_sensor_decorator.py
[2026-06-08T08:49:47.563+0000] {processor.py:840} INFO - DAG(s) 'example_sensor_decorator' retrieved from /home/airflow/.local/lib/python3.12/site-packages/airflow/example_dags/example_sensor_decorator.py
[2026-06-08T08:49:47.581+0000] {logging_mixin.py:188} INFO - [2026-06-08T08:49:47.581+0000] {dag.py:3096} INFO - Sync 1 DAGs
[2026-06-08T08:49:47.592+0000] {logging_mixin.py:188} INFO - [2026-06-08T08:49:47.592+0000] {dag.py:3954} INFO - Setting next_dagrun for example_sensor_decorator to None, run_after=None
[2026-06-08T08:49:47.612+0000] {processor.py:183} INFO - Processing /home/airflow/.local/lib/python3.12/site-packages/airflow/example_dags/example_sensor_decorator.py took 0.064 seconds
[2026-06-08T08:50:17.820+0000] {processor.py:161} INFO - Started process (PID=7903) to work on /home/airflow/.local/lib/python3.12/site-packages/airflow/example_dags/example_sensor_decorator.py
[2026-06-08T08:50:17.821+0000] {processor.py:830} INFO - Processing file /home/airflow/.local/lib/python3.12/site-packages/airflow/example_dags/example_sensor_decorator.py for tasks to queue
[2026-06-08T08:50:17.823+0000] {logging_mixin.py:188} INFO - [2026-06-08T08:50:17.822+0000] {dagbag.py:545} INFO - Filling up the DagBag from /home/airflow/.local/lib/python3.12/site-packages/airflow/example_dags/example_sensor_decorator.py
[2026-06-08T08:50:17.827+0000] {processor.py:840} INFO - DAG(s) 'example_sensor_decorator' retrieved from /home/airflow/.local/lib/python3.12/site-packages/airflow/example_dags/example_sensor_decorator.py
[2026-06-08T08:50:17.846+0000] {logging_mixin.py:188} INFO - [2026-06-08T08:50:17.846+0000] {dag.py:3096} INFO - Sync 1 DAGs
[2026-06-08T08:50:17.859+0000] {logging_mixin.py:188} INFO - [2026-06-08T08:50:17.859+0000] {dag.py:3954} INFO - Setting next_dagrun for example_sensor_decorator to None, run_after=None
[2026-06-08T08:50:17.878+0000] {processor.py:183} INFO - Processing /home/airflow/.local/lib/python3.12/site-packages/airflow/example_dags/example_sensor_decorator.py took 0.064 seconds
[2026-06-08T08:50:48.285+0000] {processor.py:161} INFO - Started process (PID=8165) to work on /home/airflow/.local/lib/python3.12/site-packages/airflow/example_dags/example_sensor_decorator.py
[2026-06-08T08:50:48.286+0000] {processor.py:830} INFO - Processing file /home/airflow/.local/lib/python3.12/site-packages/airflow/example_dags/example_sensor_decorator.py for tasks to queue
[2026-06-08T08:50:48.288+0000] {logging_mixin.py:188} INFO - [2026-06-08T08:50:48.288+0000] {dagbag.py:545} INFO - Filling up the DagBag from /home/airflow/.local/lib/python3.12/site-packages/airflow/example_dags/example_sensor_decorator.py
[2026-06-08T08:50:48.293+0000] {processor.py:840} INFO - DAG(s) 'example_sensor_decorator' retrieved from /home/airflow/.local/lib/python3.12/site-packages/airflow/example_dags/example_sensor_decorator.py
[2026-06-08T08:50:48.316+0000] {logging_mixin.py:188} INFO - [2026-06-08T08:50:48.316+0000] {dag.py:3096} INFO - Sync 1 DAGs
[2026-06-08T08:50:48.329+0000] {logging_mixin.py:188} INFO - [2026-06-08T08:50:48.328+0000] {dag.py:3954} INFO - Setting next_dagrun for example_sensor_decorator to None, run_after=None
[2026-06-08T08:50:48.353+0000] {processor.py:183} INFO - Processing /home/airflow/.local/lib/python3.12/site-packages/airflow/example_dags/example_sensor_decorator.py took 0.073 seconds
[2026-06-08T08:51:18.659+0000] {processor.py:161} INFO - Started process (PID=8427) to work on /home/airflow/.local/lib/python3.12/site-packages/airflow/example_dags/example_sensor_decorator.py
[2026-06-08T08:51:18.661+0000] {processor.py:830} INFO - Processing file /home/airflow/.local/lib/python3.12/site-packages/airflow/example_dags/example_sensor_decorator.py for tasks to queue
[2026-06-08T08:51:18.663+0000] {logging_mixin.py:188} INFO - [2026-06-08T08:51:18.662+0000] {dagbag.py:545} INFO - Filling up the DagBag from /home/airflow/.local/lib/python3.12/site-packages/airflow/example_dags/example_sensor_decorator.py
[2026-06-08T08:51:18.667+0000] {processor.py:840} INFO - DAG(s) 'example_sensor_decorator' retrieved from /home/airflow/.local/lib/python3.12/site-packages/airflow/example_dags/example_sensor_decorator.py
[2026-06-08T08:51:18.686+0000] {logging_mixin.py:188} INFO - [2026-06-08T08:51:18.685+0000] {dag.py:3096} INFO - Sync 1 DAGs
[2026-06-08T08:51:18.698+0000] {logging_mixin.py:188} INFO - [2026-06-08T08:51:18.697+0000] {dag.py:3954} INFO - Setting next_dagrun for example_sensor_decorator to None, run_after=None
[2026-06-08T08:51:18.716+0000] {processor.py:183} INFO - Processing /home/airflow/.local/lib/python3.12/site-packages/airflow/example_dags/example_sensor_decorator.py took 0.062 seconds
[2026-06-08T08:51:49.347+0000] {processor.py:161} INFO - Started process (PID=8690) to work on /home/airflow/.local/lib/python3.12/site-packages/airflow/example_dags/example_sensor_decorator.py
[2026-06-08T08:51:49.348+0000] {processor.py:830} INFO - Processing file /home/airflow/.local/lib/python3.12/site-packages/airflow/example_dags/example_sensor_decorator.py for tasks to queue
[2026-06-08T08:51:49.350+0000] {logging_mixin.py:188} INFO - [2026-06-08T08:51:49.350+0000] {dagbag.py:545} INFO - Filling up the DagBag from /home/airflow/.local/lib/python3.12/site-packages/airflow/example_dags/example_sensor_decorator.py
[2026-06-08T08:51:49.356+0000] {processor.py:840} INFO - DAG(s) 'example_sensor_decorator' retrieved from /home/airflow/.local/lib/python3.12/site-packages/airflow/example_dags/example_sensor_decorator.py
[2026-06-08T08:51:49.375+0000] {logging_mixin.py:188} INFO - [2026-06-08T08:51:49.374+0000] {dag.py:3096} INFO - Sync 1 DAGs
[2026-06-08T08:51:49.386+0000] {logging_mixin.py:188} INFO - [2026-06-08T08:51:49.386+0000] {dag.py:3954} INFO - Setting next_dagrun for example_sensor_decorator to None, run_after=None
[2026-06-08T08:51:49.406+0000] {processor.py:183} INFO - Processing /home/airflow/.local/lib/python3.12/site-packages/airflow/example_dags/example_sensor_decorator.py took 0.064 seconds
[2026-06-08T08:52:20.253+0000] {processor.py:161} INFO - Started process (PID=8952) to work on /home/airflow/.local/lib/python3.12/site-packages/airflow/example_dags/example_sensor_decorator.py
[2026-06-08T08:52:20.254+0000] {processor.py:830} INFO - Processing file /home/airflow/.local/lib/python3.12/site-packages/airflow/example_dags/example_sensor_decorator.py for tasks to queue
[2026-06-08T08:52:20.255+0000] {logging_mixin.py:188} INFO - [2026-06-08T08:52:20.255+0000] {dagbag.py:545} INFO - Filling up the DagBag from /home/airflow/.local/lib/python3.12/site-packages/airflow/example_dags/example_sensor_decorator.py
[2026-06-08T08:52:20.259+0000] {processor.py:840} INFO - DAG(s) 'example_sensor_decorator' retrieved from /home/airflow/.local/lib/python3.12/site-packages/airflow/example_dags/example_sensor_decorator.py
[2026-06-08T08:52:20.278+0000] {logging_mixin.py:188} INFO - [2026-06-08T08:52:20.278+0000] {dag.py:3096} INFO - Sync 1 DAGs
[2026-06-08T08:52:20.291+0000] {logging_mixin.py:188} INFO - [2026-06-08T08:52:20.291+0000] {dag.py:3954} INFO - Setting next_dagrun for example_sensor_decorator to None, run_after=None
[2026-06-08T08:52:20.312+0000] {processor.py:183} INFO - Processing /home/airflow/.local/lib/python3.12/site-packages/airflow/example_dags/example_sensor_decorator.py took 0.065 seconds
[2026-06-08T08:52:50.670+0000] {processor.py:161} INFO - Started process (PID=9214) to work on /home/airflow/.local/lib/python3.12/site-packages/airflow/example_dags/example_sensor_decorator.py
[2026-06-08T08:52:50.671+0000] {processor.py:830} INFO - Processing file /home/airflow/.local/lib/python3.12/site-packages/airflow/example_dags/example_sensor_decorator.py for tasks to queue
[2026-06-08T08:52:50.673+0000] {logging_mixin.py:188} INFO - [2026-06-08T08:52:50.673+0000] {dagbag.py:545} INFO - Filling up the DagBag from /home/airflow/.local/lib/python3.12/site-packages/airflow/example_dags/example_sensor_decorator.py
[2026-06-08T08:52:50.678+0000] {processor.py:840} INFO - DAG(s) 'example_sensor_decorator' retrieved from /home/airflow/.local/lib/python3.12/site-packages/airflow/example_dags/example_sensor_decorator.py
[2026-06-08T08:52:50.701+0000] {logging_mixin.py:188} INFO - [2026-06-08T08:52:50.701+0000] {dag.py:3096} INFO - Sync 1 DAGs
[2026-06-08T08:52:50.712+0000] {logging_mixin.py:188} INFO - [2026-06-08T08:52:50.712+0000] {dag.py:3954} INFO - Setting next_dagrun for example_sensor_decorator to None, run_after=None
[2026-06-08T08:52:50.732+0000] {processor.py:183} INFO - Processing /home/airflow/.local/lib/python3.12/site-packages/airflow/example_dags/example_sensor_decorator.py took 0.068 seconds
[2026-06-08T08:53:21.681+0000] {processor.py:161} INFO - Started process (PID=9478) to work on /home/airflow/.local/lib/python3.12/site-packages/airflow/example_dags/example_sensor_decorator.py
[2026-06-08T08:53:21.682+0000] {processor.py:830} INFO - Processing file /home/airflow/.local/lib/python3.12/site-packages/airflow/example_dags/example_sensor_decorator.py for tasks to queue
[2026-06-08T08:53:21.684+0000] {logging_mixin.py:188} INFO - [2026-06-08T08:53:21.684+0000] {dagbag.py:545} INFO - Filling up the DagBag from /home/airflow/.local/lib/python3.12/site-packages/airflow/example_dags/example_sensor_decorator.py
[2026-06-08T08:53:21.689+0000] {processor.py:840} INFO - DAG(s) 'example_sensor_decorator' retrieved from /home/airflow/.local/lib/python3.12/site-packages/airflow/example_dags/example_sensor_decorator.py
[2026-06-08T08:53:21.715+0000] {logging_mixin.py:188} INFO - [2026-06-08T08:53:21.715+0000] {dag.py:3096} INFO - Sync 1 DAGs
[2026-06-08T08:53:21.729+0000] {logging_mixin.py:188} INFO - [2026-06-08T08:53:21.729+0000] {dag.py:3954} INFO - Setting next_dagrun for example_sensor_decorator to None, run_after=None
[2026-06-08T08:53:21.748+0000] {processor.py:183} INFO - Processing /home/airflow/.local/lib/python3.12/site-packages/airflow/example_dags/example_sensor_decorator.py took 0.071 seconds
[2026-06-08T08:53:52.105+0000] {processor.py:161} INFO - Started process (PID=9738) to work on /home/airflow/.local/lib/python3.12/site-packages/airflow/example_dags/example_sensor_decorator.py
[2026-06-08T08:53:52.106+0000] {processor.py:830} INFO - Processing file /home/airflow/.local/lib/python3.12/site-packages/airflow/example_dags/example_sensor_decorator.py for tasks to queue
[2026-06-08T08:53:52.107+0000] {logging_mixin.py:188} INFO - [2026-06-08T08:53:52.107+0000] {dagbag.py:545} INFO - Filling up the DagBag from /home/airflow/.local/lib/python3.12/site-packages/airflow/example_dags/example_sensor_decorator.py
[2026-06-08T08:53:52.112+0000] {processor.py:840} INFO - DAG(s) 'example_sensor_decorator' retrieved from /home/airflow/.local/lib/python3.12/site-packages/airflow/example_dags/example_sensor_decorator.py
[2026-06-08T08:53:52.131+0000] {logging_mixin.py:188} INFO - [2026-06-08T08:53:52.130+0000] {dag.py:3096} INFO - Sync 1 DAGs
[2026-06-08T08:53:52.144+0000] {logging_mixin.py:188} INFO - [2026-06-08T08:53:52.144+0000] {dag.py:3954} INFO - Setting next_dagrun for example_sensor_decorator to None, run_after=None
[2026-06-08T08:53:52.164+0000] {processor.py:183} INFO - Processing /home/airflow/.local/lib/python3.12/site-packages/airflow/example_dags/example_sensor_decorator.py took 0.066 seconds
[2026-06-08T08:54:22.320+0000] {processor.py:161} INFO - Started process (PID=10000) to work on /home/airflow/.local/lib/python3.12/site-packages/airflow/example_dags/example_sensor_decorator.py
[2026-06-08T08:54:22.321+0000] {processor.py:830} INFO - Processing file /home/airflow/.local/lib/python3.12/site-packages/airflow/example_dags/example_sensor_decorator.py for tasks to queue
[2026-06-08T08:54:22.322+0000] {logging_mixin.py:188} INFO - [2026-06-08T08:54:22.322+0000] {dagbag.py:545} INFO - Filling up the DagBag from /home/airflow/.local/lib/python3.12/site-packages/airflow/example_dags/example_sensor_decorator.py
[2026-06-08T08:54:22.328+0000] {processor.py:840} INFO - DAG(s) 'example_sensor_decorator' retrieved from /home/airflow/.local/lib/python3.12/site-packages/airflow/example_dags/example_sensor_decorator.py
[2026-06-08T08:54:22.345+0000] {logging_mixin.py:188} INFO - [2026-06-08T08:54:22.345+0000] {dag.py:3096} INFO - Sync 1 DAGs
[2026-06-08T08:54:22.361+0000] {logging_mixin.py:188} INFO - [2026-06-08T08:54:22.361+0000] {dag.py:3954} INFO - Setting next_dagrun for example_sensor_decorator to None, run_after=None
[2026-06-08T08:54:22.383+0000] {processor.py:183} INFO - Processing /home/airflow/.local/lib/python3.12/site-packages/airflow/example_dags/example_sensor_decorator.py took 0.068 seconds
[2026-06-08T08:54:52.586+0000] {processor.py:161} INFO - Started process (PID=10262) to work on /home/airflow/.local/lib/python3.12/site-packages/airflow/example_dags/example_sensor_decorator.py
[2026-06-08T08:54:52.587+0000] {processor.py:830} INFO - Processing file /home/airflow/.local/lib/python3.12/site-packages/airflow/example_dags/example_sensor_decorator.py for tasks to queue
[2026-06-08T08:54:52.589+0000] {logging_mixin.py:188} INFO - [2026-06-08T08:54:52.589+0000] {dagbag.py:545} INFO - Filling up the DagBag from /home/airflow/.local/lib/python3.12/site-packages/airflow/example_dags/example_sensor_decorator.py
[2026-06-08T08:54:52.594+0000] {processor.py:840} INFO - DAG(s) 'example_sensor_decorator' retrieved from /home/airflow/.local/lib/python3.12/site-packages/airflow/example_dags/example_sensor_decorator.py
[2026-06-08T08:54:52.613+0000] {logging_mixin.py:188} INFO - [2026-06-08T08:54:52.613+0000] {dag.py:3096} INFO - Sync 1 DAGs
[2026-06-08T08:54:52.625+0000] {logging_mixin.py:188} INFO - [2026-06-08T08:54:52.625+0000] {dag.py:3954} INFO - Setting next_dagrun for example_sensor_decorator to None, run_after=None
[2026-06-08T08:54:52.647+0000] {processor.py:183} INFO - Processing /home/airflow/.local/lib/python3.12/site-packages/airflow/example_dags/example_sensor_decorator.py took 0.066 seconds
[2026-06-08T08:55:22.941+0000] {processor.py:161} INFO - Started process (PID=10524) to work on /home/airflow/.local/lib/python3.12/site-packages/airflow/example_dags/example_sensor_decorator.py
[2026-06-08T08:55:22.942+0000] {processor.py:830} INFO - Processing file /home/airflow/.local/lib/python3.12/site-packages/airflow/example_dags/example_sensor_decorator.py for tasks to queue
[2026-06-08T08:55:22.944+0000] {logging_mixin.py:188} INFO - [2026-06-08T08:55:22.943+0000] {dagbag.py:545} INFO - Filling up the DagBag from /home/airflow/.local/lib/python3.12/site-packages/airflow/example_dags/example_sensor_decorator.py
[2026-06-08T08:55:22.949+0000] {processor.py:840} INFO - DAG(s) 'example_sensor_decorator' retrieved from /home/airflow/.local/lib/python3.12/site-packages/airflow/example_dags/example_sensor_decorator.py
[2026-06-08T08:55:22.967+0000] {logging_mixin.py:188} INFO - [2026-06-08T08:55:22.967+0000] {dag.py:3096} INFO - Sync 1 DAGs
[2026-06-08T08:55:22.978+0000] {logging_mixin.py:188} INFO - [2026-06-08T08:55:22.978+0000] {dag.py:3954} INFO - Setting next_dagrun for example_sensor_decorator to None, run_after=None
[2026-06-08T08:55:22.997+0000] {processor.py:183} INFO - Processing /home/airflow/.local/lib/python3.12/site-packages/airflow/example_dags/example_sensor_decorator.py took 0.060 seconds
[2026-06-08T08:55:53.115+0000] {processor.py:161} INFO - Started process (PID=10786) to work on /home/airflow/.local/lib/python3.12/site-packages/airflow/example_dags/example_sensor_decorator.py
[2026-06-08T08:55:53.116+0000] {processor.py:830} INFO - Processing file /home/airflow/.local/lib/python3.12/site-packages/airflow/example_dags/example_sensor_decorator.py for tasks to queue
[2026-06-08T08:55:53.117+0000] {logging_mixin.py:188} INFO - [2026-06-08T08:55:53.117+0000] {dagbag.py:545} INFO - Filling up the DagBag from /home/airflow/.local/lib/python3.12/site-packages/airflow/example_dags/example_sensor_decorator.py
[2026-06-08T08:55:53.122+0000] {processor.py:840} INFO - DAG(s) 'example_sensor_decorator' retrieved from /home/airflow/.local/lib/python3.12/site-packages/airflow/example_dags/example_sensor_decorator.py
[2026-06-08T08:55:53.141+0000] {logging_mixin.py:188} INFO - [2026-06-08T08:55:53.141+0000] {dag.py:3096} INFO - Sync 1 DAGs
[2026-06-08T08:55:53.153+0000] {logging_mixin.py:188} INFO - [2026-06-08T08:55:53.153+0000] {dag.py:3954} INFO - Setting next_dagrun for example_sensor_decorator to None, run_after=None
[2026-06-08T08:55:53.172+0000] {processor.py:183} INFO - Processing /home/airflow/.local/lib/python3.12/site-packages/airflow/example_dags/example_sensor_decorator.py took 0.065 seconds
[2026-06-08T08:56:23.469+0000] {processor.py:161} INFO - Started process (PID=11048) to work on /home/airflow/.local/lib/python3.12/site-packages/airflow/example_dags/example_sensor_decorator.py
[2026-06-08T08:56:23.470+0000] {processor.py:830} INFO - Processing file /home/airflow/.local/lib/python3.12/site-packages/airflow/example_dags/example_sensor_decorator.py for tasks to queue
[2026-06-08T08:56:23.472+0000] {logging_mixin.py:188} INFO - [2026-06-08T08:56:23.471+0000] {dagbag.py:545} INFO - Filling up the DagBag from /home/airflow/.local/lib/python3.12/site-packages/airflow/example_dags/example_sensor_decorator.py
[2026-06-08T08:56:23.478+0000] {processor.py:840} INFO - DAG(s) 'example_sensor_decorator' retrieved from /home/airflow/.local/lib/python3.12/site-packages/airflow/example_dags/example_sensor_decorator.py
[2026-06-08T08:56:23.499+0000] {logging_mixin.py:188} INFO - [2026-06-08T08:56:23.498+0000] {dag.py:3096} INFO - Sync 1 DAGs
[2026-06-08T08:56:23.512+0000] {logging_mixin.py:188} INFO - [2026-06-08T08:56:23.511+0000] {dag.py:3954} INFO - Setting next_dagrun for example_sensor_decorator to None, run_after=None
[2026-06-08T08:56:23.535+0000] {processor.py:183} INFO - Processing /home/airflow/.local/lib/python3.12/site-packages/airflow/example_dags/example_sensor_decorator.py took 0.072 seconds
[2026-06-08T08:56:53.661+0000] {processor.py:161} INFO - Started process (PID=11310) to work on /home/airflow/.local/lib/python3.12/site-packages/airflow/example_dags/example_sensor_decorator.py
[2026-06-08T08:56:53.662+0000] {processor.py:830} INFO - Processing file /home/airflow/.local/lib/python3.12/site-packages/airflow/example_dags/example_sensor_decorator.py for tasks to queue
[2026-06-08T08:56:53.665+0000] {logging_mixin.py:188} INFO - [2026-06-08T08:56:53.664+0000] {dagbag.py:545} INFO - Filling up the DagBag from /home/airflow/.local/lib/python3.12/site-packages/airflow/example_dags/example_sensor_decorator.py
[2026-06-08T08:56:53.670+0000] {processor.py:840} INFO - DAG(s) 'example_sensor_decorator' retrieved from /home/airflow/.local/lib/python3.12/site-packages/airflow/example_dags/example_sensor_decorator.py
[2026-06-08T08:56:53.687+0000] {logging_mixin.py:188} INFO - [2026-06-08T08:56:53.687+0000] {dag.py:3096} INFO - Sync 1 DAGs
[2026-06-08T08:56:53.699+0000] {logging_mixin.py:188} INFO - [2026-06-08T08:56:53.699+0000] {dag.py:3954} INFO - Setting next_dagrun for example_sensor_decorator to None, run_after=None
[2026-06-08T08:56:53.719+0000] {processor.py:183} INFO - Processing /home/airflow/.local/lib/python3.12/site-packages/airflow/example_dags/example_sensor_decorator.py took 0.064 seconds
[2026-06-08T08:57:23.967+0000] {processor.py:161} INFO - Started process (PID=11572) to work on /home/airflow/.local/lib/python3.12/site-packages/airflow/example_dags/example_sensor_decorator.py
[2026-06-08T08:57:23.969+0000] {processor.py:830} INFO - Processing file /home/airflow/.local/lib/python3.12/site-packages/airflow/example_dags/example_sensor_decorator.py for tasks to queue
[2026-06-08T08:57:23.970+0000] {logging_mixin.py:188} INFO - [2026-06-08T08:57:23.970+0000] {dagbag.py:545} INFO - Filling up the DagBag from /home/airflow/.local/lib/python3.12/site-packages/airflow/example_dags/example_sensor_decorator.py
[2026-06-08T08:57:23.976+0000] {processor.py:840} INFO - DAG(s) 'example_sensor_decorator' retrieved from /home/airflow/.local/lib/python3.12/site-packages/airflow/example_dags/example_sensor_decorator.py
[2026-06-08T08:57:23.994+0000] {logging_mixin.py:188} INFO - [2026-06-08T08:57:23.994+0000] {dag.py:3096} INFO - Sync 1 DAGs
[2026-06-08T08:57:24.004+0000] {logging_mixin.py:188} INFO - [2026-06-08T08:57:24.004+0000] {dag.py:3954} INFO - Setting next_dagrun for example_sensor_decorator to None, run_after=None
[2026-06-08T08:57:24.024+0000] {processor.py:183} INFO - Processing /home/airflow/.local/lib/python3.12/site-packages/airflow/example_dags/example_sensor_decorator.py took 0.063 seconds
[2026-06-08T08:57:54.283+0000] {processor.py:161} INFO - Started process (PID=11834) to work on /home/airflow/.local/lib/python3.12/site-packages/airflow/example_dags/example_sensor_decorator.py
[2026-06-08T08:57:54.284+0000] {processor.py:830} INFO - Processing file /home/airflow/.local/lib/python3.12/site-packages/airflow/example_dags/example_sensor_decorator.py for tasks to queue
[2026-06-08T08:57:54.287+0000] {logging_mixin.py:188} INFO - [2026-06-08T08:57:54.286+0000] {dagbag.py:545} INFO - Filling up the DagBag from /home/airflow/.local/lib/python3.12/site-packages/airflow/example_dags/example_sensor_decorator.py
[2026-06-08T08:57:54.291+0000] {processor.py:840} INFO - DAG(s) 'example_sensor_decorator' retrieved from /home/airflow/.local/lib/python3.12/site-packages/airflow/example_dags/example_sensor_decorator.py
[2026-06-08T08:57:54.310+0000] {logging_mixin.py:188} INFO - [2026-06-08T08:57:54.309+0000] {dag.py:3096} INFO - Sync 1 DAGs
[2026-06-08T08:57:54.323+0000] {logging_mixin.py:188} INFO - [2026-06-08T08:57:54.323+0000] {dag.py:3954} INFO - Setting next_dagrun for example_sensor_decorator to None, run_after=None
[2026-06-08T08:57:54.344+0000] {processor.py:183} INFO - Processing /home/airflow/.local/lib/python3.12/site-packages/airflow/example_dags/example_sensor_decorator.py took 0.064 seconds
[2026-06-08T08:58:24.518+0000] {processor.py:161} INFO - Started process (PID=12097) to work on /home/airflow/.local/lib/python3.12/site-packages/airflow/example_dags/example_sensor_decorator.py
[2026-06-08T08:58:24.519+0000] {processor.py:830} INFO - Processing file /home/airflow/.local/lib/python3.12/site-packages/airflow/example_dags/example_sensor_decorator.py for tasks to queue
[2026-06-08T08:58:24.521+0000] {logging_mixin.py:188} INFO - [2026-06-08T08:58:24.521+0000] {dagbag.py:545} INFO - Filling up the DagBag from /home/airflow/.local/lib/python3.12/site-packages/airflow/example_dags/example_sensor_decorator.py
[2026-06-08T08:58:24.526+0000] {processor.py:840} INFO - DAG(s) 'example_sensor_decorator' retrieved from /home/airflow/.local/lib/python3.12/site-packages/airflow/example_dags/example_sensor_decorator.py
[2026-06-08T08:58:24.545+0000] {logging_mixin.py:188} INFO - [2026-06-08T08:58:24.544+0000] {dag.py:3096} INFO - Sync 1 DAGs
[2026-06-08T08:58:24.558+0000] {logging_mixin.py:188} INFO - [2026-06-08T08:58:24.558+0000] {dag.py:3954} INFO - Setting next_dagrun for example_sensor_decorator to None, run_after=None
[2026-06-08T08:58:24.578+0000] {processor.py:183} INFO - Processing /home/airflow/.local/lib/python3.12/site-packages/airflow/example_dags/example_sensor_decorator.py took 0.065 seconds
[2026-06-08T08:58:54.694+0000] {processor.py:161} INFO - Started process (PID=12359) to work on /home/airflow/.local/lib/python3.12/site-packages/airflow/example_dags/example_sensor_decorator.py
[2026-06-08T08:58:54.694+0000] {processor.py:830} INFO - Processing file /home/airflow/.local/lib/python3.12/site-packages/airflow/example_dags/example_sensor_decorator.py for tasks to queue
[2026-06-08T08:58:54.696+0000] {logging_mixin.py:188} INFO - [2026-06-08T08:58:54.696+0000] {dagbag.py:545} INFO - Filling up the DagBag from /home/airflow/.local/lib/python3.12/site-packages/airflow/example_dags/example_sensor_decorator.py
[2026-06-08T08:58:54.701+0000] {processor.py:840} INFO - DAG(s) 'example_sensor_decorator' retrieved from /home/airflow/.local/lib/python3.12/site-packages/airflow/example_dags/example_sensor_decorator.py
[2026-06-08T08:58:54.719+0000] {logging_mixin.py:188} INFO - [2026-06-08T08:58:54.719+0000] {dag.py:3096} INFO - Sync 1 DAGs
[2026-06-08T08:58:54.730+0000] {logging_mixin.py:188} INFO - [2026-06-08T08:58:54.730+0000] {dag.py:3954} INFO - Setting next_dagrun for example_sensor_decorator to None, run_after=None
[2026-06-08T08:58:54.752+0000] {processor.py:183} INFO - Processing /home/airflow/.local/lib/python3.12/site-packages/airflow/example_dags/example_sensor_decorator.py took 0.063 seconds
[2026-06-08T08:59:24.878+0000] {processor.py:161} INFO - Started process (PID=12621) to work on /home/airflow/.local/lib/python3.12/site-packages/airflow/example_dags/example_sensor_decorator.py
[2026-06-08T08:59:24.878+0000] {processor.py:830} INFO - Processing file /home/airflow/.local/lib/python3.12/site-packages/airflow/example_dags/example_sensor_decorator.py for tasks to queue
[2026-06-08T08:59:24.880+0000] {logging_mixin.py:188} INFO - [2026-06-08T08:59:24.879+0000] {dagbag.py:545} INFO - Filling up the DagBag from /home/airflow/.local/lib/python3.12/site-packages/airflow/example_dags/example_sensor_decorator.py
[2026-06-08T08:59:24.884+0000] {processor.py:840} INFO - DAG(s) 'example_sensor_decorator' retrieved from /home/airflow/.local/lib/python3.12/site-packages/airflow/example_dags/example_sensor_decorator.py
[2026-06-08T08:59:24.900+0000] {logging_mixin.py:188} INFO - [2026-06-08T08:59:24.900+0000] {dag.py:3096} INFO - Sync 1 DAGs
[2026-06-08T08:59:24.910+0000] {logging_mixin.py:188} INFO - [2026-06-08T08:59:24.910+0000] {dag.py:3954} INFO - Setting next_dagrun for example_sensor_decorator to None, run_after=None
[2026-06-08T08:59:24.928+0000] {processor.py:183} INFO - Processing /home/airflow/.local/lib/python3.12/site-packages/airflow/example_dags/example_sensor_decorator.py took 0.055 seconds
[2026-06-08T08:59:55.730+0000] {processor.py:161} INFO - Started process (PID=12883) to work on /home/airflow/.local/lib/python3.12/site-packages/airflow/example_dags/example_sensor_decorator.py
[2026-06-08T08:59:55.731+0000] {processor.py:830} INFO - Processing file /home/airflow/.local/lib/python3.12/site-packages/airflow/example_dags/example_sensor_decorator.py for tasks to queue
[2026-06-08T08:59:55.733+0000] {logging_mixin.py:188} INFO - [2026-06-08T08:59:55.733+0000] {dagbag.py:545} INFO - Filling up the DagBag from /home/airflow/.local/lib/python3.12/site-packages/airflow/example_dags/example_sensor_decorator.py
[2026-06-08T08:59:55.738+0000] {processor.py:840} INFO - DAG(s) 'example_sensor_decorator' retrieved from /home/airflow/.local/lib/python3.12/site-packages/airflow/example_dags/example_sensor_decorator.py
[2026-06-08T08:59:55.757+0000] {logging_mixin.py:188} INFO - [2026-06-08T08:59:55.757+0000] {dag.py:3096} INFO - Sync 1 DAGs
[2026-06-08T08:59:55.770+0000] {logging_mixin.py:188} INFO - [2026-06-08T08:59:55.770+0000] {dag.py:3954} INFO - Setting next_dagrun for example_sensor_decorator to None, run_after=None
[2026-06-08T08:59:55.789+0000] {processor.py:183} INFO - Processing /home/airflow/.local/lib/python3.12/site-packages/airflow/example_dags/example_sensor_decorator.py took 0.063 seconds
[2026-06-08T09:00:25.991+0000] {processor.py:161} INFO - Started process (PID=13145) to work on /home/airflow/.local/lib/python3.12/site-packages/airflow/example_dags/example_sensor_decorator.py
[2026-06-08T09:00:25.991+0000] {processor.py:830} INFO - Processing file /home/airflow/.local/lib/python3.12/site-packages/airflow/example_dags/example_sensor_decorator.py for tasks to queue
[2026-06-08T09:00:25.993+0000] {logging_mixin.py:188} INFO - [2026-06-08T09:00:25.993+0000] {dagbag.py:545} INFO - Filling up the DagBag from /home/airflow/.local/lib/python3.12/site-packages/airflow/example_dags/example_sensor_decorator.py
[2026-06-08T09:00:25.997+0000] {processor.py:840} INFO - DAG(s) 'example_sensor_decorator' retrieved from /home/airflow/.local/lib/python3.12/site-packages/airflow/example_dags/example_sensor_decorator.py
[2026-06-08T09:00:26.018+0000] {logging_mixin.py:188} INFO - [2026-06-08T09:00:26.017+0000] {dag.py:3096} INFO - Sync 1 DAGs
[2026-06-08T09:00:26.028+0000] {logging_mixin.py:188} INFO - [2026-06-08T09:00:26.027+0000] {dag.py:3954} INFO - Setting next_dagrun for example_sensor_decorator to None, run_after=None
[2026-06-08T09:00:26.044+0000] {processor.py:183} INFO - Processing /home/airflow/.local/lib/python3.12/site-packages/airflow/example_dags/example_sensor_decorator.py took 0.058 seconds
[2026-06-08T09:00:56.005+0000] {processor.py:161} INFO - Started process (PID=13392) to work on /home/airflow/.local/lib/python3.12/site-packages/airflow/example_dags/example_sensor_decorator.py
[2026-06-08T09:00:56.006+0000] {processor.py:830} INFO - Processing file /home/airflow/.local/lib/python3.12/site-packages/airflow/example_dags/example_sensor_decorator.py for tasks to queue
[2026-06-08T09:00:56.008+0000] {logging_mixin.py:188} INFO - [2026-06-08T09:00:56.007+0000] {dagbag.py:545} INFO - Filling up the DagBag from /home/airflow/.local/lib/python3.12/site-packages/airflow/example_dags/example_sensor_decorator.py
[2026-06-08T09:00:56.012+0000] {processor.py:840} INFO - DAG(s) 'example_sensor_decorator' retrieved from /home/airflow/.local/lib/python3.12/site-packages/airflow/example_dags/example_sensor_decorator.py
[2026-06-08T09:00:56.029+0000] {logging_mixin.py:188} INFO - [2026-06-08T09:00:56.028+0000] {dag.py:3096} INFO - Sync 1 DAGs
[2026-06-08T09:00:56.039+0000] {logging_mixin.py:188} INFO - [2026-06-08T09:00:56.039+0000] {dag.py:3954} INFO - Setting next_dagrun for example_sensor_decorator to None, run_after=None
[2026-06-08T09:00:56.055+0000] {processor.py:183} INFO - Processing /home/airflow/.local/lib/python3.12/site-packages/airflow/example_dags/example_sensor_decorator.py took 0.054 seconds
[2026-06-08T09:16:20.181+0000] {processor.py:161} INFO - Started process (PID=13657) to work on /home/airflow/.local/lib/python3.12/site-packages/airflow/example_dags/example_sensor_decorator.py
[2026-06-08T09:16:20.183+0000] {processor.py:830} INFO - Processing file /home/airflow/.local/lib/python3.12/site-packages/airflow/example_dags/example_sensor_decorator.py for tasks to queue
[2026-06-08T09:16:20.185+0000] {logging_mixin.py:188} INFO - [2026-06-08T09:16:20.184+0000] {dagbag.py:545} INFO - Filling up the DagBag from /home/airflow/.local/lib/python3.12/site-packages/airflow/example_dags/example_sensor_decorator.py
[2026-06-08T09:16:20.193+0000] {processor.py:840} INFO - DAG(s) 'example_sensor_decorator' retrieved from /home/airflow/.local/lib/python3.12/site-packages/airflow/example_dags/example_sensor_decorator.py
[2026-06-08T09:16:20.214+0000] {logging_mixin.py:188} INFO - [2026-06-08T09:16:20.213+0000] {dag.py:3096} INFO - Sync 1 DAGs
[2026-06-08T09:16:20.226+0000] {logging_mixin.py:188} INFO - [2026-06-08T09:16:20.226+0000] {dag.py:3954} INFO - Setting next_dagrun for example_sensor_decorator to None, run_after=None
[2026-06-08T09:16:20.246+0000] {processor.py:183} INFO - Processing /home/airflow/.local/lib/python3.12/site-packages/airflow/example_dags/example_sensor_decorator.py took 0.071 seconds
[2026-06-08T10:50:47.077+0000] {processor.py:161} INFO - Started process (PID=13919) to work on /home/airflow/.local/lib/python3.12/site-packages/airflow/example_dags/example_sensor_decorator.py
[2026-06-08T10:50:47.084+0000] {processor.py:830} INFO - Processing file /home/airflow/.local/lib/python3.12/site-packages/airflow/example_dags/example_sensor_decorator.py for tasks to queue
[2026-06-08T10:50:47.088+0000] {logging_mixin.py:188} INFO - [2026-06-08T10:50:47.087+0000] {dagbag.py:545} INFO - Filling up the DagBag from /home/airflow/.local/lib/python3.12/site-packages/airflow/example_dags/example_sensor_decorator.py
[2026-06-08T10:50:47.109+0000] {processor.py:840} INFO - DAG(s) 'example_sensor_decorator' retrieved from /home/airflow/.local/lib/python3.12/site-packages/airflow/example_dags/example_sensor_decorator.py
[2026-06-08T10:50:47.286+0000] {logging_mixin.py:188} INFO - [2026-06-08T10:50:47.286+0000] {dag.py:3096} INFO - Sync 1 DAGs
[2026-06-08T10:50:47.345+0000] {logging_mixin.py:188} INFO - [2026-06-08T10:50:47.345+0000] {dag.py:3954} INFO - Setting next_dagrun for example_sensor_decorator to None, run_after=None
[2026-06-08T10:50:47.455+0000] {processor.py:183} INFO - Processing /home/airflow/.local/lib/python3.12/site-packages/airflow/example_dags/example_sensor_decorator.py took 0.306 seconds
[2026-06-08T10:51:17.674+0000] {processor.py:161} INFO - Started process (PID=14194) to work on /home/airflow/.local/lib/python3.12/site-packages/airflow/example_dags/example_sensor_decorator.py
[2026-06-08T10:51:17.675+0000] {processor.py:830} INFO - Processing file /home/airflow/.local/lib/python3.12/site-packages/airflow/example_dags/example_sensor_decorator.py for tasks to queue
[2026-06-08T10:51:17.677+0000] {logging_mixin.py:188} INFO - [2026-06-08T10:51:17.677+0000] {dagbag.py:545} INFO - Filling up the DagBag from /home/airflow/.local/lib/python3.12/site-packages/airflow/example_dags/example_sensor_decorator.py
[2026-06-08T10:51:17.684+0000] {processor.py:840} INFO - DAG(s) 'example_sensor_decorator' retrieved from /home/airflow/.local/lib/python3.12/site-packages/airflow/example_dags/example_sensor_decorator.py
[2026-06-08T10:51:17.707+0000] {logging_mixin.py:188} INFO - [2026-06-08T10:51:17.707+0000] {dag.py:3096} INFO - Sync 1 DAGs
[2026-06-08T10:51:17.720+0000] {logging_mixin.py:188} INFO - [2026-06-08T10:51:17.719+0000] {dag.py:3954} INFO - Setting next_dagrun for example_sensor_decorator to None, run_after=None
[2026-06-08T10:51:17.736+0000] {processor.py:183} INFO - Processing /home/airflow/.local/lib/python3.12/site-packages/airflow/example_dags/example_sensor_decorator.py took 0.070 seconds
[2026-06-08T10:51:47.991+0000] {processor.py:161} INFO - Started process (PID=14446) to work on /home/airflow/.local/lib/python3.12/site-packages/airflow/example_dags/example_sensor_decorator.py
[2026-06-08T10:51:47.992+0000] {processor.py:830} INFO - Processing file /home/airflow/.local/lib/python3.12/site-packages/airflow/example_dags/example_sensor_decorator.py for tasks to queue
[2026-06-08T10:51:47.995+0000] {logging_mixin.py:188} INFO - [2026-06-08T10:51:47.994+0000] {dagbag.py:545} INFO - Filling up the DagBag from /home/airflow/.local/lib/python3.12/site-packages/airflow/example_dags/example_sensor_decorator.py
[2026-06-08T10:51:48.004+0000] {processor.py:840} INFO - DAG(s) 'example_sensor_decorator' retrieved from /home/airflow/.local/lib/python3.12/site-packages/airflow/example_dags/example_sensor_decorator.py
[2026-06-08T10:51:48.027+0000] {logging_mixin.py:188} INFO - [2026-06-08T10:51:48.026+0000] {dag.py:3096} INFO - Sync 1 DAGs
[2026-06-08T10:51:48.044+0000] {logging_mixin.py:188} INFO - [2026-06-08T10:51:48.044+0000] {dag.py:3954} INFO - Setting next_dagrun for example_sensor_decorator to None, run_after=None
[2026-06-08T10:51:48.073+0000] {processor.py:183} INFO - Processing /home/airflow/.local/lib/python3.12/site-packages/airflow/example_dags/example_sensor_decorator.py took 0.088 seconds
[2026-06-08T10:52:18.761+0000] {processor.py:161} INFO - Started process (PID=14708) to work on /home/airflow/.local/lib/python3.12/site-packages/airflow/example_dags/example_sensor_decorator.py
[2026-06-08T10:52:18.763+0000] {processor.py:830} INFO - Processing file /home/airflow/.local/lib/python3.12/site-packages/airflow/example_dags/example_sensor_decorator.py for tasks to queue
[2026-06-08T10:52:18.766+0000] {logging_mixin.py:188} INFO - [2026-06-08T10:52:18.766+0000] {dagbag.py:545} INFO - Filling up the DagBag from /home/airflow/.local/lib/python3.12/site-packages/airflow/example_dags/example_sensor_decorator.py
[2026-06-08T10:52:18.772+0000] {processor.py:840} INFO - DAG(s) 'example_sensor_decorator' retrieved from /home/airflow/.local/lib/python3.12/site-packages/airflow/example_dags/example_sensor_decorator.py
[2026-06-08T10:52:18.794+0000] {logging_mixin.py:188} INFO - [2026-06-08T10:52:18.793+0000] {dag.py:3096} INFO - Sync 1 DAGs
[2026-06-08T10:52:18.809+0000] {logging_mixin.py:188} INFO - [2026-06-08T10:52:18.809+0000] {dag.py:3954} INFO - Setting next_dagrun for example_sensor_decorator to None, run_after=None
[2026-06-08T10:52:18.836+0000] {processor.py:183} INFO - Processing /home/airflow/.local/lib/python3.12/site-packages/airflow/example_dags/example_sensor_decorator.py took 0.081 seconds
[2026-06-08T10:52:49.346+0000] {processor.py:161} INFO - Started process (PID=14970) to work on /home/airflow/.local/lib/python3.12/site-packages/airflow/example_dags/example_sensor_decorator.py
[2026-06-08T10:52:49.347+0000] {processor.py:830} INFO - Processing file /home/airflow/.local/lib/python3.12/site-packages/airflow/example_dags/example_sensor_decorator.py for tasks to queue
[2026-06-08T10:52:49.349+0000] {logging_mixin.py:188} INFO - [2026-06-08T10:52:49.349+0000] {dagbag.py:545} INFO - Filling up the DagBag from /home/airflow/.local/lib/python3.12/site-packages/airflow/example_dags/example_sensor_decorator.py
[2026-06-08T10:52:49.354+0000] {processor.py:840} INFO - DAG(s) 'example_sensor_decorator' retrieved from /home/airflow/.local/lib/python3.12/site-packages/airflow/example_dags/example_sensor_decorator.py
[2026-06-08T10:52:49.375+0000] {logging_mixin.py:188} INFO - [2026-06-08T10:52:49.375+0000] {dag.py:3096} INFO - Sync 1 DAGs
[2026-06-08T10:52:49.388+0000] {logging_mixin.py:188} INFO - [2026-06-08T10:52:49.388+0000] {dag.py:3954} INFO - Setting next_dagrun for example_sensor_decorator to None, run_after=None
[2026-06-08T10:52:49.409+0000] {processor.py:183} INFO - Processing /home/airflow/.local/lib/python3.12/site-packages/airflow/example_dags/example_sensor_decorator.py took 0.068 seconds
[2026-06-08T10:53:19.947+0000] {processor.py:161} INFO - Started process (PID=15232) to work on /home/airflow/.local/lib/python3.12/site-packages/airflow/example_dags/example_sensor_decorator.py
[2026-06-08T10:53:19.948+0000] {processor.py:830} INFO - Processing file /home/airflow/.local/lib/python3.12/site-packages/airflow/example_dags/example_sensor_decorator.py for tasks to queue
[2026-06-08T10:53:19.950+0000] {logging_mixin.py:188} INFO - [2026-06-08T10:53:19.950+0000] {dagbag.py:545} INFO - Filling up the DagBag from /home/airflow/.local/lib/python3.12/site-packages/airflow/example_dags/example_sensor_decorator.py
[2026-06-08T10:53:19.955+0000] {processor.py:840} INFO - DAG(s) 'example_sensor_decorator' retrieved from /home/airflow/.local/lib/python3.12/site-packages/airflow/example_dags/example_sensor_decorator.py
[2026-06-08T10:53:19.976+0000] {logging_mixin.py:188} INFO - [2026-06-08T10:53:19.975+0000] {dag.py:3096} INFO - Sync 1 DAGs
[2026-06-08T10:53:19.987+0000] {logging_mixin.py:188} INFO - [2026-06-08T10:53:19.987+0000] {dag.py:3954} INFO - Setting next_dagrun for example_sensor_decorator to None, run_after=None
[2026-06-08T10:53:20.008+0000] {processor.py:183} INFO - Processing /home/airflow/.local/lib/python3.12/site-packages/airflow/example_dags/example_sensor_decorator.py took 0.065 seconds
[2026-06-08T10:53:50.320+0000] {processor.py:161} INFO - Started process (PID=15494) to work on /home/airflow/.local/lib/python3.12/site-packages/airflow/example_dags/example_sensor_decorator.py
[2026-06-08T10:53:50.321+0000] {processor.py:830} INFO - Processing file /home/airflow/.local/lib/python3.12/site-packages/airflow/example_dags/example_sensor_decorator.py for tasks to queue
[2026-06-08T10:53:50.323+0000] {logging_mixin.py:188} INFO - [2026-06-08T10:53:50.323+0000] {dagbag.py:545} INFO - Filling up the DagBag from /home/airflow/.local/lib/python3.12/site-packages/airflow/example_dags/example_sensor_decorator.py
[2026-06-08T10:53:50.330+0000] {processor.py:840} INFO - DAG(s) 'example_sensor_decorator' retrieved from /home/airflow/.local/lib/python3.12/site-packages/airflow/example_dags/example_sensor_decorator.py
[2026-06-08T10:53:50.354+0000] {logging_mixin.py:188} INFO - [2026-06-08T10:53:50.354+0000] {dag.py:3096} INFO - Sync 1 DAGs
[2026-06-08T10:53:50.367+0000] {logging_mixin.py:188} INFO - [2026-06-08T10:53:50.366+0000] {dag.py:3954} INFO - Setting next_dagrun for example_sensor_decorator to None, run_after=None
[2026-06-08T10:53:50.389+0000] {processor.py:183} INFO - Processing /home/airflow/.local/lib/python3.12/site-packages/airflow/example_dags/example_sensor_decorator.py took 0.076 seconds
[2026-06-08T10:54:21.031+0000] {processor.py:161} INFO - Started process (PID=15750) to work on /home/airflow/.local/lib/python3.12/site-packages/airflow/example_dags/example_sensor_decorator.py
[2026-06-08T10:54:21.032+0000] {processor.py:830} INFO - Processing file /home/airflow/.local/lib/python3.12/site-packages/airflow/example_dags/example_sensor_decorator.py for tasks to queue
[2026-06-08T10:54:21.034+0000] {logging_mixin.py:188} INFO - [2026-06-08T10:54:21.033+0000] {dagbag.py:545} INFO - Filling up the DagBag from /home/airflow/.local/lib/python3.12/site-packages/airflow/example_dags/example_sensor_decorator.py
[2026-06-08T10:54:21.041+0000] {processor.py:840} INFO - DAG(s) 'example_sensor_decorator' retrieved from /home/airflow/.local/lib/python3.12/site-packages/airflow/example_dags/example_sensor_decorator.py
[2026-06-08T10:54:21.060+0000] {logging_mixin.py:188} INFO - [2026-06-08T10:54:21.060+0000] {dag.py:3096} INFO - Sync 1 DAGs
[2026-06-08T10:54:21.073+0000] {logging_mixin.py:188} INFO - [2026-06-08T10:54:21.073+0000] {dag.py:3954} INFO - Setting next_dagrun for example_sensor_decorator to None, run_after=None
[2026-06-08T10:54:21.097+0000] {processor.py:183} INFO - Processing /home/airflow/.local/lib/python3.12/site-packages/airflow/example_dags/example_sensor_decorator.py took 0.072 seconds
[2026-06-08T10:54:51.203+0000] {processor.py:161} INFO - Started process (PID=16012) to work on /home/airflow/.local/lib/python3.12/site-packages/airflow/example_dags/example_sensor_decorator.py
[2026-06-08T10:54:51.203+0000] {processor.py:830} INFO - Processing file /home/airflow/.local/lib/python3.12/site-packages/airflow/example_dags/example_sensor_decorator.py for tasks to queue
[2026-06-08T10:54:51.205+0000] {logging_mixin.py:188} INFO - [2026-06-08T10:54:51.204+0000] {dagbag.py:545} INFO - Filling up the DagBag from /home/airflow/.local/lib/python3.12/site-packages/airflow/example_dags/example_sensor_decorator.py
[2026-06-08T10:54:51.209+0000] {processor.py:840} INFO - DAG(s) 'example_sensor_decorator' retrieved from /home/airflow/.local/lib/python3.12/site-packages/airflow/example_dags/example_sensor_decorator.py
[2026-06-08T10:54:51.229+0000] {logging_mixin.py:188} INFO - [2026-06-08T10:54:51.229+0000] {dag.py:3096} INFO - Sync 1 DAGs
[2026-06-08T10:54:51.241+0000] {logging_mixin.py:188} INFO - [2026-06-08T10:54:51.241+0000] {dag.py:3954} INFO - Setting next_dagrun for example_sensor_decorator to None, run_after=None
[2026-06-08T10:54:51.260+0000] {processor.py:183} INFO - Processing /home/airflow/.local/lib/python3.12/site-packages/airflow/example_dags/example_sensor_decorator.py took 0.062 seconds
[2026-06-08T10:55:21.392+0000] {processor.py:161} INFO - Started process (PID=16274) to work on /home/airflow/.local/lib/python3.12/site-packages/airflow/example_dags/example_sensor_decorator.py
[2026-06-08T10:55:21.394+0000] {processor.py:830} INFO - Processing file /home/airflow/.local/lib/python3.12/site-packages/airflow/example_dags/example_sensor_decorator.py for tasks to queue
[2026-06-08T10:55:21.396+0000] {logging_mixin.py:188} INFO - [2026-06-08T10:55:21.396+0000] {dagbag.py:545} INFO - Filling up the DagBag from /home/airflow/.local/lib/python3.12/site-packages/airflow/example_dags/example_sensor_decorator.py
[2026-06-08T10:55:21.403+0000] {processor.py:840} INFO - DAG(s) 'example_sensor_decorator' retrieved from /home/airflow/.local/lib/python3.12/site-packages/airflow/example_dags/example_sensor_decorator.py
[2026-06-08T10:55:21.431+0000] {logging_mixin.py:188} INFO - [2026-06-08T10:55:21.431+0000] {dag.py:3096} INFO - Sync 1 DAGs
[2026-06-08T10:55:21.447+0000] {logging_mixin.py:188} INFO - [2026-06-08T10:55:21.447+0000] {dag.py:3954} INFO - Setting next_dagrun for example_sensor_decorator to None, run_after=None
[2026-06-08T10:55:21.474+0000] {processor.py:183} INFO - Processing /home/airflow/.local/lib/python3.12/site-packages/airflow/example_dags/example_sensor_decorator.py took 0.090 seconds
[2026-06-08T10:55:51.617+0000] {processor.py:161} INFO - Started process (PID=16534) to work on /home/airflow/.local/lib/python3.12/site-packages/airflow/example_dags/example_sensor_decorator.py
[2026-06-08T10:55:51.619+0000] {processor.py:830} INFO - Processing file /home/airflow/.local/lib/python3.12/site-packages/airflow/example_dags/example_sensor_decorator.py for tasks to queue
[2026-06-08T10:55:51.622+0000] {logging_mixin.py:188} INFO - [2026-06-08T10:55:51.622+0000] {dagbag.py:545} INFO - Filling up the DagBag from /home/airflow/.local/lib/python3.12/site-packages/airflow/example_dags/example_sensor_decorator.py
[2026-06-08T10:55:51.629+0000] {processor.py:840} INFO - DAG(s) 'example_sensor_decorator' retrieved from /home/airflow/.local/lib/python3.12/site-packages/airflow/example_dags/example_sensor_decorator.py
[2026-06-08T10:55:51.654+0000] {logging_mixin.py:188} INFO - [2026-06-08T10:55:51.654+0000] {dag.py:3096} INFO - Sync 1 DAGs
[2026-06-08T10:55:51.669+0000] {logging_mixin.py:188} INFO - [2026-06-08T10:55:51.669+0000] {dag.py:3954} INFO - Setting next_dagrun for example_sensor_decorator to None, run_after=None
[2026-06-08T10:55:51.696+0000] {processor.py:183} INFO - Processing /home/airflow/.local/lib/python3.12/site-packages/airflow/example_dags/example_sensor_decorator.py took 0.086 seconds
[2026-06-08T10:56:22.161+0000] {processor.py:161} INFO - Started process (PID=16798) to work on /home/airflow/.local/lib/python3.12/site-packages/airflow/example_dags/example_sensor_decorator.py
[2026-06-08T10:56:22.162+0000] {processor.py:830} INFO - Processing file /home/airflow/.local/lib/python3.12/site-packages/airflow/example_dags/example_sensor_decorator.py for tasks to queue
[2026-06-08T10:56:22.164+0000] {logging_mixin.py:188} INFO - [2026-06-08T10:56:22.163+0000] {dagbag.py:545} INFO - Filling up the DagBag from /home/airflow/.local/lib/python3.12/site-packages/airflow/example_dags/example_sensor_decorator.py
[2026-06-08T10:56:22.170+0000] {processor.py:840} INFO - DAG(s) 'example_sensor_decorator' retrieved from /home/airflow/.local/lib/python3.12/site-packages/airflow/example_dags/example_sensor_decorator.py
[2026-06-08T10:56:22.189+0000] {logging_mixin.py:188} INFO - [2026-06-08T10:56:22.189+0000] {dag.py:3096} INFO - Sync 1 DAGs
[2026-06-08T10:56:22.202+0000] {logging_mixin.py:188} INFO - [2026-06-08T10:56:22.202+0000] {dag.py:3954} INFO - Setting next_dagrun for example_sensor_decorator to None, run_after=None
[2026-06-08T10:56:22.224+0000] {processor.py:183} INFO - Processing /home/airflow/.local/lib/python3.12/site-packages/airflow/example_dags/example_sensor_decorator.py took 0.068 seconds
[2026-06-08T10:56:52.736+0000] {processor.py:161} INFO - Started process (PID=17058) to work on /home/airflow/.local/lib/python3.12/site-packages/airflow/example_dags/example_sensor_decorator.py
[2026-06-08T10:56:52.737+0000] {processor.py:830} INFO - Processing file /home/airflow/.local/lib/python3.12/site-packages/airflow/example_dags/example_sensor_decorator.py for tasks to queue
[2026-06-08T10:56:52.739+0000] {logging_mixin.py:188} INFO - [2026-06-08T10:56:52.739+0000] {dagbag.py:545} INFO - Filling up the DagBag from /home/airflow/.local/lib/python3.12/site-packages/airflow/example_dags/example_sensor_decorator.py
[2026-06-08T10:56:52.746+0000] {processor.py:840} INFO - DAG(s) 'example_sensor_decorator' retrieved from /home/airflow/.local/lib/python3.12/site-packages/airflow/example_dags/example_sensor_decorator.py
[2026-06-08T10:56:52.767+0000] {logging_mixin.py:188} INFO - [2026-06-08T10:56:52.766+0000] {dag.py:3096} INFO - Sync 1 DAGs
[2026-06-08T10:56:52.780+0000] {logging_mixin.py:188} INFO - [2026-06-08T10:56:52.779+0000] {dag.py:3954} INFO - Setting next_dagrun for example_sensor_decorator to None, run_after=None
[2026-06-08T10:56:52.801+0000] {processor.py:183} INFO - Processing /home/airflow/.local/lib/python3.12/site-packages/airflow/example_dags/example_sensor_decorator.py took 0.071 seconds
[2026-06-08T10:57:23.069+0000] {processor.py:161} INFO - Started process (PID=17321) to work on /home/airflow/.local/lib/python3.12/site-packages/airflow/example_dags/example_sensor_decorator.py
[2026-06-08T10:57:23.070+0000] {processor.py:830} INFO - Processing file /home/airflow/.local/lib/python3.12/site-packages/airflow/example_dags/example_sensor_decorator.py for tasks to queue
[2026-06-08T10:57:23.072+0000] {logging_mixin.py:188} INFO - [2026-06-08T10:57:23.071+0000] {dagbag.py:545} INFO - Filling up the DagBag from /home/airflow/.local/lib/python3.12/site-packages/airflow/example_dags/example_sensor_decorator.py
[2026-06-08T10:57:23.079+0000] {processor.py:840} INFO - DAG(s) 'example_sensor_decorator' retrieved from /home/airflow/.local/lib/python3.12/site-packages/airflow/example_dags/example_sensor_decorator.py
[2026-06-08T10:57:23.100+0000] {logging_mixin.py:188} INFO - [2026-06-08T10:57:23.100+0000] {dag.py:3096} INFO - Sync 1 DAGs
[2026-06-08T10:57:23.113+0000] {logging_mixin.py:188} INFO - [2026-06-08T10:57:23.113+0000] {dag.py:3954} INFO - Setting next_dagrun for example_sensor_decorator to None, run_after=None
[2026-06-08T10:57:23.133+0000] {processor.py:183} INFO - Processing /home/airflow/.local/lib/python3.12/site-packages/airflow/example_dags/example_sensor_decorator.py took 0.070 seconds
[2026-06-08T10:57:53.567+0000] {processor.py:161} INFO - Started process (PID=17583) to work on /home/airflow/.local/lib/python3.12/site-packages/airflow/example_dags/example_sensor_decorator.py
[2026-06-08T10:57:53.568+0000] {processor.py:830} INFO - Processing file /home/airflow/.local/lib/python3.12/site-packages/airflow/example_dags/example_sensor_decorator.py for tasks to queue
[2026-06-08T10:57:53.570+0000] {logging_mixin.py:188} INFO - [2026-06-08T10:57:53.570+0000] {dagbag.py:545} INFO - Filling up the DagBag from /home/airflow/.local/lib/python3.12/site-packages/airflow/example_dags/example_sensor_decorator.py
[2026-06-08T10:57:53.577+0000] {processor.py:840} INFO - DAG(s) 'example_sensor_decorator' retrieved from /home/airflow/.local/lib/python3.12/site-packages/airflow/example_dags/example_sensor_decorator.py
[2026-06-08T10:57:53.595+0000] {logging_mixin.py:188} INFO - [2026-06-08T10:57:53.594+0000] {dag.py:3096} INFO - Sync 1 DAGs
[2026-06-08T10:57:53.608+0000] {logging_mixin.py:188} INFO - [2026-06-08T10:57:53.607+0000] {dag.py:3954} INFO - Setting next_dagrun for example_sensor_decorator to None, run_after=None
[2026-06-08T10:57:53.627+0000] {processor.py:183} INFO - Processing /home/airflow/.local/lib/python3.12/site-packages/airflow/example_dags/example_sensor_decorator.py took 0.064 seconds
[2026-06-08T10:58:23.959+0000] {processor.py:161} INFO - Started process (PID=17845) to work on /home/airflow/.local/lib/python3.12/site-packages/airflow/example_dags/example_sensor_decorator.py
[2026-06-08T10:58:23.960+0000] {processor.py:830} INFO - Processing file /home/airflow/.local/lib/python3.12/site-packages/airflow/example_dags/example_sensor_decorator.py for tasks to queue
[2026-06-08T10:58:23.962+0000] {logging_mixin.py:188} INFO - [2026-06-08T10:58:23.962+0000] {dagbag.py:545} INFO - Filling up the DagBag from /home/airflow/.local/lib/python3.12/site-packages/airflow/example_dags/example_sensor_decorator.py
[2026-06-08T10:58:23.969+0000] {processor.py:840} INFO - DAG(s) 'example_sensor_decorator' retrieved from /home/airflow/.local/lib/python3.12/site-packages/airflow/example_dags/example_sensor_decorator.py
[2026-06-08T10:58:23.989+0000] {logging_mixin.py:188} INFO - [2026-06-08T10:58:23.989+0000] {dag.py:3096} INFO - Sync 1 DAGs
[2026-06-08T10:58:24.004+0000] {logging_mixin.py:188} INFO - [2026-06-08T10:58:24.003+0000] {dag.py:3954} INFO - Setting next_dagrun for example_sensor_decorator to None, run_after=None
[2026-06-08T10:58:24.024+0000] {processor.py:183} INFO - Processing /home/airflow/.local/lib/python3.12/site-packages/airflow/example_dags/example_sensor_decorator.py took 0.071 seconds
[2026-06-08T10:58:54.558+0000] {processor.py:161} INFO - Started process (PID=18107) to work on /home/airflow/.local/lib/python3.12/site-packages/airflow/example_dags/example_sensor_decorator.py
[2026-06-08T10:58:54.559+0000] {processor.py:830} INFO - Processing file /home/airflow/.local/lib/python3.12/site-packages/airflow/example_dags/example_sensor_decorator.py for tasks to queue
[2026-06-08T10:58:54.562+0000] {logging_mixin.py:188} INFO - [2026-06-08T10:58:54.561+0000] {dagbag.py:545} INFO - Filling up the DagBag from /home/airflow/.local/lib/python3.12/site-packages/airflow/example_dags/example_sensor_decorator.py
[2026-06-08T10:58:54.567+0000] {processor.py:840} INFO - DAG(s) 'example_sensor_decorator' retrieved from /home/airflow/.local/lib/python3.12/site-packages/airflow/example_dags/example_sensor_decorator.py
[2026-06-08T10:58:54.586+0000] {logging_mixin.py:188} INFO - [2026-06-08T10:58:54.586+0000] {dag.py:3096} INFO - Sync 1 DAGs
[2026-06-08T10:58:54.598+0000] {logging_mixin.py:188} INFO - [2026-06-08T10:58:54.598+0000] {dag.py:3954} INFO - Setting next_dagrun for example_sensor_decorator to None, run_after=None
[2026-06-08T10:58:54.619+0000] {processor.py:183} INFO - Processing /home/airflow/.local/lib/python3.12/site-packages/airflow/example_dags/example_sensor_decorator.py took 0.066 seconds
[2026-06-08T10:59:24.992+0000] {processor.py:161} INFO - Started process (PID=18369) to work on /home/airflow/.local/lib/python3.12/site-packages/airflow/example_dags/example_sensor_decorator.py
[2026-06-08T10:59:24.993+0000] {processor.py:830} INFO - Processing file /home/airflow/.local/lib/python3.12/site-packages/airflow/example_dags/example_sensor_decorator.py for tasks to queue
[2026-06-08T10:59:24.995+0000] {logging_mixin.py:188} INFO - [2026-06-08T10:59:24.995+0000] {dagbag.py:545} INFO - Filling up the DagBag from /home/airflow/.local/lib/python3.12/site-packages/airflow/example_dags/example_sensor_decorator.py
[2026-06-08T10:59:25.001+0000] {processor.py:840} INFO - DAG(s) 'example_sensor_decorator' retrieved from /home/airflow/.local/lib/python3.12/site-packages/airflow/example_dags/example_sensor_decorator.py
[2026-06-08T10:59:25.021+0000] {logging_mixin.py:188} INFO - [2026-06-08T10:59:25.021+0000] {dag.py:3096} INFO - Sync 1 DAGs
[2026-06-08T10:59:25.034+0000] {logging_mixin.py:188} INFO - [2026-06-08T10:59:25.034+0000] {dag.py:3954} INFO - Setting next_dagrun for example_sensor_decorator to None, run_after=None
[2026-06-08T10:59:25.056+0000] {processor.py:183} INFO - Processing /home/airflow/.local/lib/python3.12/site-packages/airflow/example_dags/example_sensor_decorator.py took 0.070 seconds
[2026-06-08T10:59:55.363+0000] {processor.py:161} INFO - Started process (PID=18631) to work on /home/airflow/.local/lib/python3.12/site-packages/airflow/example_dags/example_sensor_decorator.py
[2026-06-08T10:59:55.364+0000] {processor.py:830} INFO - Processing file /home/airflow/.local/lib/python3.12/site-packages/airflow/example_dags/example_sensor_decorator.py for tasks to queue
[2026-06-08T10:59:55.366+0000] {logging_mixin.py:188} INFO - [2026-06-08T10:59:55.366+0000] {dagbag.py:545} INFO - Filling up the DagBag from /home/airflow/.local/lib/python3.12/site-packages/airflow/example_dags/example_sensor_decorator.py
[2026-06-08T10:59:55.372+0000] {processor.py:840} INFO - DAG(s) 'example_sensor_decorator' retrieved from /home/airflow/.local/lib/python3.12/site-packages/airflow/example_dags/example_sensor_decorator.py
[2026-06-08T10:59:55.391+0000] {logging_mixin.py:188} INFO - [2026-06-08T10:59:55.390+0000] {dag.py:3096} INFO - Sync 1 DAGs
[2026-06-08T10:59:55.404+0000] {logging_mixin.py:188} INFO - [2026-06-08T10:59:55.403+0000] {dag.py:3954} INFO - Setting next_dagrun for example_sensor_decorator to None, run_after=None
[2026-06-08T10:59:55.423+0000] {processor.py:183} INFO - Processing /home/airflow/.local/lib/python3.12/site-packages/airflow/example_dags/example_sensor_decorator.py took 0.066 seconds
[2026-06-08T11:00:25.937+0000] {processor.py:161} INFO - Started process (PID=18900) to work on /home/airflow/.local/lib/python3.12/site-packages/airflow/example_dags/example_sensor_decorator.py
[2026-06-08T11:00:25.938+0000] {processor.py:830} INFO - Processing file /home/airflow/.local/lib/python3.12/site-packages/airflow/example_dags/example_sensor_decorator.py for tasks to queue
[2026-06-08T11:00:25.940+0000] {logging_mixin.py:188} INFO - [2026-06-08T11:00:25.940+0000] {dagbag.py:545} INFO - Filling up the DagBag from /home/airflow/.local/lib/python3.12/site-packages/airflow/example_dags/example_sensor_decorator.py
[2026-06-08T11:00:25.946+0000] {processor.py:840} INFO - DAG(s) 'example_sensor_decorator' retrieved from /home/airflow/.local/lib/python3.12/site-packages/airflow/example_dags/example_sensor_decorator.py
[2026-06-08T11:00:25.967+0000] {logging_mixin.py:188} INFO - [2026-06-08T11:00:25.967+0000] {dag.py:3096} INFO - Sync 1 DAGs
[2026-06-08T11:00:25.981+0000] {logging_mixin.py:188} INFO - [2026-06-08T11:00:25.981+0000] {dag.py:3954} INFO - Setting next_dagrun for example_sensor_decorator to None, run_after=None
[2026-06-08T11:00:26.003+0000] {processor.py:183} INFO - Processing /home/airflow/.local/lib/python3.12/site-packages/airflow/example_dags/example_sensor_decorator.py took 0.070 seconds
[2026-06-08T11:00:56.796+0000] {processor.py:161} INFO - Started process (PID=19164) to work on /home/airflow/.local/lib/python3.12/site-packages/airflow/example_dags/example_sensor_decorator.py
[2026-06-08T11:00:56.796+0000] {processor.py:830} INFO - Processing file /home/airflow/.local/lib/python3.12/site-packages/airflow/example_dags/example_sensor_decorator.py for tasks to queue
[2026-06-08T11:00:56.798+0000] {logging_mixin.py:188} INFO - [2026-06-08T11:00:56.798+0000] {dagbag.py:545} INFO - Filling up the DagBag from /home/airflow/.local/lib/python3.12/site-packages/airflow/example_dags/example_sensor_decorator.py
[2026-06-08T11:00:56.803+0000] {processor.py:840} INFO - DAG(s) 'example_sensor_decorator' retrieved from /home/airflow/.local/lib/python3.12/site-packages/airflow/example_dags/example_sensor_decorator.py
[2026-06-08T11:00:56.822+0000] {logging_mixin.py:188} INFO - [2026-06-08T11:00:56.821+0000] {dag.py:3096} INFO - Sync 1 DAGs
[2026-06-08T11:00:56.834+0000] {logging_mixin.py:188} INFO - [2026-06-08T11:00:56.834+0000] {dag.py:3954} INFO - Setting next_dagrun for example_sensor_decorator to None, run_after=None
[2026-06-08T11:00:56.856+0000] {processor.py:183} INFO - Processing /home/airflow/.local/lib/python3.12/site-packages/airflow/example_dags/example_sensor_decorator.py took 0.065 seconds
[2026-06-08T11:01:27.198+0000] {processor.py:161} INFO - Started process (PID=19424) to work on /home/airflow/.local/lib/python3.12/site-packages/airflow/example_dags/example_sensor_decorator.py
[2026-06-08T11:01:27.200+0000] {processor.py:830} INFO - Processing file /home/airflow/.local/lib/python3.12/site-packages/airflow/example_dags/example_sensor_decorator.py for tasks to queue
[2026-06-08T11:01:27.202+0000] {logging_mixin.py:188} INFO - [2026-06-08T11:01:27.201+0000] {dagbag.py:545} INFO - Filling up the DagBag from /home/airflow/.local/lib/python3.12/site-packages/airflow/example_dags/example_sensor_decorator.py
[2026-06-08T11:01:27.208+0000] {processor.py:840} INFO - DAG(s) 'example_sensor_decorator' retrieved from /home/airflow/.local/lib/python3.12/site-packages/airflow/example_dags/example_sensor_decorator.py
[2026-06-08T11:01:27.232+0000] {logging_mixin.py:188} INFO - [2026-06-08T11:01:27.232+0000] {dag.py:3096} INFO - Sync 1 DAGs
[2026-06-08T11:01:27.249+0000] {logging_mixin.py:188} INFO - [2026-06-08T11:01:27.248+0000] {dag.py:3954} INFO - Setting next_dagrun for example_sensor_decorator to None, run_after=None
[2026-06-08T11:01:27.273+0000] {processor.py:183} INFO - Processing /home/airflow/.local/lib/python3.12/site-packages/airflow/example_dags/example_sensor_decorator.py took 0.083 seconds
[2026-06-08T11:01:57.332+0000] {processor.py:161} INFO - Started process (PID=19688) to work on /home/airflow/.local/lib/python3.12/site-packages/airflow/example_dags/example_sensor_decorator.py
[2026-06-08T11:01:57.333+0000] {processor.py:830} INFO - Processing file /home/airflow/.local/lib/python3.12/site-packages/airflow/example_dags/example_sensor_decorator.py for tasks to queue
[2026-06-08T11:01:57.335+0000] {logging_mixin.py:188} INFO - [2026-06-08T11:01:57.334+0000] {dagbag.py:545} INFO - Filling up the DagBag from /home/airflow/.local/lib/python3.12/site-packages/airflow/example_dags/example_sensor_decorator.py
[2026-06-08T11:01:57.340+0000] {processor.py:840} INFO - DAG(s) 'example_sensor_decorator' retrieved from /home/airflow/.local/lib/python3.12/site-packages/airflow/example_dags/example_sensor_decorator.py
[2026-06-08T11:01:57.359+0000] {logging_mixin.py:188} INFO - [2026-06-08T11:01:57.359+0000] {dag.py:3096} INFO - Sync 1 DAGs
[2026-06-08T11:01:57.370+0000] {logging_mixin.py:188} INFO - [2026-06-08T11:01:57.370+0000] {dag.py:3954} INFO - Setting next_dagrun for example_sensor_decorator to None, run_after=None
[2026-06-08T11:01:57.392+0000] {processor.py:183} INFO - Processing /home/airflow/.local/lib/python3.12/site-packages/airflow/example_dags/example_sensor_decorator.py took 0.064 seconds
[2026-06-08T11:02:27.650+0000] {processor.py:161} INFO - Started process (PID=19950) to work on /home/airflow/.local/lib/python3.12/site-packages/airflow/example_dags/example_sensor_decorator.py
[2026-06-08T11:02:27.651+0000] {processor.py:830} INFO - Processing file /home/airflow/.local/lib/python3.12/site-packages/airflow/example_dags/example_sensor_decorator.py for tasks to queue
[2026-06-08T11:02:27.653+0000] {logging_mixin.py:188} INFO - [2026-06-08T11:02:27.653+0000] {dagbag.py:545} INFO - Filling up the DagBag from /home/airflow/.local/lib/python3.12/site-packages/airflow/example_dags/example_sensor_decorator.py
[2026-06-08T11:02:27.659+0000] {processor.py:840} INFO - DAG(s) 'example_sensor_decorator' retrieved from /home/airflow/.local/lib/python3.12/site-packages/airflow/example_dags/example_sensor_decorator.py
[2026-06-08T11:02:27.677+0000] {logging_mixin.py:188} INFO - [2026-06-08T11:02:27.677+0000] {dag.py:3096} INFO - Sync 1 DAGs
[2026-06-08T11:02:27.689+0000] {logging_mixin.py:188} INFO - [2026-06-08T11:02:27.689+0000] {dag.py:3954} INFO - Setting next_dagrun for example_sensor_decorator to None, run_after=None
[2026-06-08T11:02:27.709+0000] {processor.py:183} INFO - Processing /home/airflow/.local/lib/python3.12/site-packages/airflow/example_dags/example_sensor_decorator.py took 0.066 seconds
[2026-06-08T11:02:57.787+0000] {processor.py:161} INFO - Started process (PID=20212) to work on /home/airflow/.local/lib/python3.12/site-packages/airflow/example_dags/example_sensor_decorator.py
[2026-06-08T11:02:57.788+0000] {processor.py:830} INFO - Processing file /home/airflow/.local/lib/python3.12/site-packages/airflow/example_dags/example_sensor_decorator.py for tasks to queue
[2026-06-08T11:02:57.790+0000] {logging_mixin.py:188} INFO - [2026-06-08T11:02:57.790+0000] {dagbag.py:545} INFO - Filling up the DagBag from /home/airflow/.local/lib/python3.12/site-packages/airflow/example_dags/example_sensor_decorator.py
[2026-06-08T11:02:57.796+0000] {processor.py:840} INFO - DAG(s) 'example_sensor_decorator' retrieved from /home/airflow/.local/lib/python3.12/site-packages/airflow/example_dags/example_sensor_decorator.py
[2026-06-08T11:02:57.816+0000] {logging_mixin.py:188} INFO - [2026-06-08T11:02:57.815+0000] {dag.py:3096} INFO - Sync 1 DAGs
[2026-06-08T11:02:57.828+0000] {logging_mixin.py:188} INFO - [2026-06-08T11:02:57.828+0000] {dag.py:3954} INFO - Setting next_dagrun for example_sensor_decorator to None, run_after=None
[2026-06-08T11:02:57.850+0000] {processor.py:183} INFO - Processing /home/airflow/.local/lib/python3.12/site-packages/airflow/example_dags/example_sensor_decorator.py took 0.069 seconds
[2026-06-08T11:03:28.368+0000] {processor.py:161} INFO - Started process (PID=20474) to work on /home/airflow/.local/lib/python3.12/site-packages/airflow/example_dags/example_sensor_decorator.py
[2026-06-08T11:03:28.369+0000] {processor.py:830} INFO - Processing file /home/airflow/.local/lib/python3.12/site-packages/airflow/example_dags/example_sensor_decorator.py for tasks to queue
[2026-06-08T11:03:28.371+0000] {logging_mixin.py:188} INFO - [2026-06-08T11:03:28.371+0000] {dagbag.py:545} INFO - Filling up the DagBag from /home/airflow/.local/lib/python3.12/site-packages/airflow/example_dags/example_sensor_decorator.py
[2026-06-08T11:03:28.376+0000] {processor.py:840} INFO - DAG(s) 'example_sensor_decorator' retrieved from /home/airflow/.local/lib/python3.12/site-packages/airflow/example_dags/example_sensor_decorator.py
[2026-06-08T11:03:28.397+0000] {logging_mixin.py:188} INFO - [2026-06-08T11:03:28.397+0000] {dag.py:3096} INFO - Sync 1 DAGs
[2026-06-08T11:03:28.411+0000] {logging_mixin.py:188} INFO - [2026-06-08T11:03:28.411+0000] {dag.py:3954} INFO - Setting next_dagrun for example_sensor_decorator to None, run_after=None
[2026-06-08T11:03:28.434+0000] {processor.py:183} INFO - Processing /home/airflow/.local/lib/python3.12/site-packages/airflow/example_dags/example_sensor_decorator.py took 0.072 seconds
[2026-06-08T11:03:58.788+0000] {processor.py:161} INFO - Started process (PID=20736) to work on /home/airflow/.local/lib/python3.12/site-packages/airflow/example_dags/example_sensor_decorator.py
[2026-06-08T11:03:58.790+0000] {processor.py:830} INFO - Processing file /home/airflow/.local/lib/python3.12/site-packages/airflow/example_dags/example_sensor_decorator.py for tasks to queue
[2026-06-08T11:03:58.793+0000] {logging_mixin.py:188} INFO - [2026-06-08T11:03:58.792+0000] {dagbag.py:545} INFO - Filling up the DagBag from /home/airflow/.local/lib/python3.12/site-packages/airflow/example_dags/example_sensor_decorator.py
[2026-06-08T11:03:58.803+0000] {processor.py:840} INFO - DAG(s) 'example_sensor_decorator' retrieved from /home/airflow/.local/lib/python3.12/site-packages/airflow/example_dags/example_sensor_decorator.py
[2026-06-08T11:03:58.578+0000] {logging_mixin.py:188} INFO - [2026-06-08T11:03:58.577+0000] {dag.py:3096} INFO - Sync 1 DAGs
[2026-06-08T11:03:58.600+0000] {logging_mixin.py:188} INFO - [2026-06-08T11:03:58.600+0000] {dag.py:3954} INFO - Setting next_dagrun for example_sensor_decorator to None, run_after=None
[2026-06-08T11:03:58.636+0000] {processor.py:183} INFO - Processing /home/airflow/.local/lib/python3.12/site-packages/airflow/example_dags/example_sensor_decorator.py took 0.115 seconds
[2026-06-08T11:04:29.188+0000] {processor.py:161} INFO - Started process (PID=21001) to work on /home/airflow/.local/lib/python3.12/site-packages/airflow/example_dags/example_sensor_decorator.py
[2026-06-08T11:04:29.189+0000] {processor.py:830} INFO - Processing file /home/airflow/.local/lib/python3.12/site-packages/airflow/example_dags/example_sensor_decorator.py for tasks to queue
[2026-06-08T11:04:29.191+0000] {logging_mixin.py:188} INFO - [2026-06-08T11:04:29.191+0000] {dagbag.py:545} INFO - Filling up the DagBag from /home/airflow/.local/lib/python3.12/site-packages/airflow/example_dags/example_sensor_decorator.py
[2026-06-08T11:04:29.196+0000] {processor.py:840} INFO - DAG(s) 'example_sensor_decorator' retrieved from /home/airflow/.local/lib/python3.12/site-packages/airflow/example_dags/example_sensor_decorator.py
[2026-06-08T11:04:29.215+0000] {logging_mixin.py:188} INFO - [2026-06-08T11:04:29.214+0000] {dag.py:3096} INFO - Sync 1 DAGs
[2026-06-08T11:04:29.227+0000] {logging_mixin.py:188} INFO - [2026-06-08T11:04:29.227+0000] {dag.py:3954} INFO - Setting next_dagrun for example_sensor_decorator to None, run_after=None
[2026-06-08T11:04:29.248+0000] {processor.py:183} INFO - Processing /home/airflow/.local/lib/python3.12/site-packages/airflow/example_dags/example_sensor_decorator.py took 0.064 seconds
[2026-06-08T11:04:59.438+0000] {processor.py:161} INFO - Started process (PID=21263) to work on /home/airflow/.local/lib/python3.12/site-packages/airflow/example_dags/example_sensor_decorator.py
[2026-06-08T11:04:59.439+0000] {processor.py:830} INFO - Processing file /home/airflow/.local/lib/python3.12/site-packages/airflow/example_dags/example_sensor_decorator.py for tasks to queue
[2026-06-08T11:04:59.441+0000] {logging_mixin.py:188} INFO - [2026-06-08T11:04:59.440+0000] {dagbag.py:545} INFO - Filling up the DagBag from /home/airflow/.local/lib/python3.12/site-packages/airflow/example_dags/example_sensor_decorator.py
[2026-06-08T11:04:59.446+0000] {processor.py:840} INFO - DAG(s) 'example_sensor_decorator' retrieved from /home/airflow/.local/lib/python3.12/site-packages/airflow/example_dags/example_sensor_decorator.py
[2026-06-08T11:04:59.463+0000] {logging_mixin.py:188} INFO - [2026-06-08T11:04:59.462+0000] {dag.py:3096} INFO - Sync 1 DAGs
[2026-06-08T11:04:59.475+0000] {logging_mixin.py:188} INFO - [2026-06-08T11:04:59.475+0000] {dag.py:3954} INFO - Setting next_dagrun for example_sensor_decorator to None, run_after=None
[2026-06-08T11:04:59.497+0000] {processor.py:183} INFO - Processing /home/airflow/.local/lib/python3.12/site-packages/airflow/example_dags/example_sensor_decorator.py took 0.065 seconds
[2026-06-08T11:05:29.723+0000] {processor.py:161} INFO - Started process (PID=21525) to work on /home/airflow/.local/lib/python3.12/site-packages/airflow/example_dags/example_sensor_decorator.py
[2026-06-08T11:05:29.724+0000] {processor.py:830} INFO - Processing file /home/airflow/.local/lib/python3.12/site-packages/airflow/example_dags/example_sensor_decorator.py for tasks to queue
[2026-06-08T11:05:29.727+0000] {logging_mixin.py:188} INFO - [2026-06-08T11:05:29.726+0000] {dagbag.py:545} INFO - Filling up the DagBag from /home/airflow/.local/lib/python3.12/site-packages/airflow/example_dags/example_sensor_decorator.py
[2026-06-08T11:05:29.732+0000] {processor.py:840} INFO - DAG(s) 'example_sensor_decorator' retrieved from /home/airflow/.local/lib/python3.12/site-packages/airflow/example_dags/example_sensor_decorator.py
[2026-06-08T11:05:29.752+0000] {logging_mixin.py:188} INFO - [2026-06-08T11:05:29.752+0000] {dag.py:3096} INFO - Sync 1 DAGs
[2026-06-08T11:05:29.765+0000] {logging_mixin.py:188} INFO - [2026-06-08T11:05:29.764+0000] {dag.py:3954} INFO - Setting next_dagrun for example_sensor_decorator to None, run_after=None
[2026-06-08T11:05:29.786+0000] {processor.py:183} INFO - Processing /home/airflow/.local/lib/python3.12/site-packages/airflow/example_dags/example_sensor_decorator.py took 0.068 seconds
[2026-06-08T11:06:00.129+0000] {processor.py:161} INFO - Started process (PID=21783) to work on /home/airflow/.local/lib/python3.12/site-packages/airflow/example_dags/example_sensor_decorator.py
[2026-06-08T11:06:00.131+0000] {processor.py:830} INFO - Processing file /home/airflow/.local/lib/python3.12/site-packages/airflow/example_dags/example_sensor_decorator.py for tasks to queue
[2026-06-08T11:06:00.134+0000] {logging_mixin.py:188} INFO - [2026-06-08T11:06:00.133+0000] {dagbag.py:545} INFO - Filling up the DagBag from /home/airflow/.local/lib/python3.12/site-packages/airflow/example_dags/example_sensor_decorator.py
[2026-06-08T11:06:00.142+0000] {processor.py:840} INFO - DAG(s) 'example_sensor_decorator' retrieved from /home/airflow/.local/lib/python3.12/site-packages/airflow/example_dags/example_sensor_decorator.py
[2026-06-08T11:06:00.166+0000] {logging_mixin.py:188} INFO - [2026-06-08T11:06:00.166+0000] {dag.py:3096} INFO - Sync 1 DAGs
[2026-06-08T11:06:00.180+0000] {logging_mixin.py:188} INFO - [2026-06-08T11:06:00.180+0000] {dag.py:3954} INFO - Setting next_dagrun for example_sensor_decorator to None, run_after=None
[2026-06-08T11:06:00.202+0000] {processor.py:183} INFO - Processing /home/airflow/.local/lib/python3.12/site-packages/airflow/example_dags/example_sensor_decorator.py took 0.081 seconds
[2026-06-08T11:06:30.332+0000] {processor.py:161} INFO - Started process (PID=22044) to work on /home/airflow/.local/lib/python3.12/site-packages/airflow/example_dags/example_sensor_decorator.py
[2026-06-08T11:06:30.333+0000] {processor.py:830} INFO - Processing file /home/airflow/.local/lib/python3.12/site-packages/airflow/example_dags/example_sensor_decorator.py for tasks to queue
[2026-06-08T11:06:30.336+0000] {logging_mixin.py:188} INFO - [2026-06-08T11:06:30.335+0000] {dagbag.py:545} INFO - Filling up the DagBag from /home/airflow/.local/lib/python3.12/site-packages/airflow/example_dags/example_sensor_decorator.py
[2026-06-08T11:06:30.341+0000] {processor.py:840} INFO - DAG(s) 'example_sensor_decorator' retrieved from /home/airflow/.local/lib/python3.12/site-packages/airflow/example_dags/example_sensor_decorator.py
[2026-06-08T11:06:30.361+0000] {logging_mixin.py:188} INFO - [2026-06-08T11:06:30.361+0000] {dag.py:3096} INFO - Sync 1 DAGs
[2026-06-08T11:06:30.375+0000] {logging_mixin.py:188} INFO - [2026-06-08T11:06:30.375+0000] {dag.py:3954} INFO - Setting next_dagrun for example_sensor_decorator to None, run_after=None
[2026-06-08T11:06:30.394+0000] {processor.py:183} INFO - Processing /home/airflow/.local/lib/python3.12/site-packages/airflow/example_dags/example_sensor_decorator.py took 0.067 seconds
[2026-06-08T11:07:00.701+0000] {processor.py:161} INFO - Started process (PID=22306) to work on /home/airflow/.local/lib/python3.12/site-packages/airflow/example_dags/example_sensor_decorator.py
[2026-06-08T11:07:00.702+0000] {processor.py:830} INFO - Processing file /home/airflow/.local/lib/python3.12/site-packages/airflow/example_dags/example_sensor_decorator.py for tasks to queue
[2026-06-08T11:07:00.705+0000] {logging_mixin.py:188} INFO - [2026-06-08T11:07:00.705+0000] {dagbag.py:545} INFO - Filling up the DagBag from /home/airflow/.local/lib/python3.12/site-packages/airflow/example_dags/example_sensor_decorator.py
[2026-06-08T11:07:00.711+0000] {processor.py:840} INFO - DAG(s) 'example_sensor_decorator' retrieved from /home/airflow/.local/lib/python3.12/site-packages/airflow/example_dags/example_sensor_decorator.py
[2026-06-08T11:07:00.733+0000] {logging_mixin.py:188} INFO - [2026-06-08T11:07:00.732+0000] {dag.py:3096} INFO - Sync 1 DAGs
[2026-06-08T11:07:00.746+0000] {logging_mixin.py:188} INFO - [2026-06-08T11:07:00.745+0000] {dag.py:3954} INFO - Setting next_dagrun for example_sensor_decorator to None, run_after=None
[2026-06-08T11:07:00.766+0000] {processor.py:183} INFO - Processing /home/airflow/.local/lib/python3.12/site-packages/airflow/example_dags/example_sensor_decorator.py took 0.072 seconds
[2026-06-08T11:07:31.010+0000] {processor.py:161} INFO - Started process (PID=22569) to work on /home/airflow/.local/lib/python3.12/site-packages/airflow/example_dags/example_sensor_decorator.py
[2026-06-08T11:07:31.011+0000] {processor.py:830} INFO - Processing file /home/airflow/.local/lib/python3.12/site-packages/airflow/example_dags/example_sensor_decorator.py for tasks to queue
[2026-06-08T11:07:31.014+0000] {logging_mixin.py:188} INFO - [2026-06-08T11:07:31.013+0000] {dagbag.py:545} INFO - Filling up the DagBag from /home/airflow/.local/lib/python3.12/site-packages/airflow/example_dags/example_sensor_decorator.py
[2026-06-08T11:07:31.020+0000] {processor.py:840} INFO - DAG(s) 'example_sensor_decorator' retrieved from /home/airflow/.local/lib/python3.12/site-packages/airflow/example_dags/example_sensor_decorator.py
[2026-06-08T11:07:31.047+0000] {logging_mixin.py:188} INFO - [2026-06-08T11:07:31.046+0000] {dag.py:3096} INFO - Sync 1 DAGs
[2026-06-08T11:07:31.060+0000] {logging_mixin.py:188} INFO - [2026-06-08T11:07:31.060+0000] {dag.py:3954} INFO - Setting next_dagrun for example_sensor_decorator to None, run_after=None
[2026-06-08T11:07:31.089+0000] {processor.py:183} INFO - Processing /home/airflow/.local/lib/python3.12/site-packages/airflow/example_dags/example_sensor_decorator.py took 0.085 seconds
[2026-06-08T11:08:01.334+0000] {processor.py:161} INFO - Started process (PID=22833) to work on /home/airflow/.local/lib/python3.12/site-packages/airflow/example_dags/example_sensor_decorator.py
[2026-06-08T11:08:01.335+0000] {processor.py:830} INFO - Processing file /home/airflow/.local/lib/python3.12/site-packages/airflow/example_dags/example_sensor_decorator.py for tasks to queue
[2026-06-08T11:08:01.338+0000] {logging_mixin.py:188} INFO - [2026-06-08T11:08:01.337+0000] {dagbag.py:545} INFO - Filling up the DagBag from /home/airflow/.local/lib/python3.12/site-packages/airflow/example_dags/example_sensor_decorator.py
[2026-06-08T11:08:01.343+0000] {processor.py:840} INFO - DAG(s) 'example_sensor_decorator' retrieved from /home/airflow/.local/lib/python3.12/site-packages/airflow/example_dags/example_sensor_decorator.py
[2026-06-08T11:08:01.363+0000] {logging_mixin.py:188} INFO - [2026-06-08T11:08:01.363+0000] {dag.py:3096} INFO - Sync 1 DAGs
[2026-06-08T11:08:01.376+0000] {logging_mixin.py:188} INFO - [2026-06-08T11:08:01.376+0000] {dag.py:3954} INFO - Setting next_dagrun for example_sensor_decorator to None, run_after=None
[2026-06-08T11:08:01.397+0000] {processor.py:183} INFO - Processing /home/airflow/.local/lib/python3.12/site-packages/airflow/example_dags/example_sensor_decorator.py took 0.068 seconds
[2026-06-08T11:08:31.560+0000] {processor.py:161} INFO - Started process (PID=23095) to work on /home/airflow/.local/lib/python3.12/site-packages/airflow/example_dags/example_sensor_decorator.py
[2026-06-08T11:08:31.562+0000] {processor.py:830} INFO - Processing file /home/airflow/.local/lib/python3.12/site-packages/airflow/example_dags/example_sensor_decorator.py for tasks to queue
[2026-06-08T11:08:31.564+0000] {logging_mixin.py:188} INFO - [2026-06-08T11:08:31.563+0000] {dagbag.py:545} INFO - Filling up the DagBag from /home/airflow/.local/lib/python3.12/site-packages/airflow/example_dags/example_sensor_decorator.py
[2026-06-08T11:08:31.569+0000] {processor.py:840} INFO - DAG(s) 'example_sensor_decorator' retrieved from /home/airflow/.local/lib/python3.12/site-packages/airflow/example_dags/example_sensor_decorator.py
[2026-06-08T11:08:31.588+0000] {logging_mixin.py:188} INFO - [2026-06-08T11:08:31.588+0000] {dag.py:3096} INFO - Sync 1 DAGs
[2026-06-08T11:08:31.599+0000] {logging_mixin.py:188} INFO - [2026-06-08T11:08:31.598+0000] {dag.py:3954} INFO - Setting next_dagrun for example_sensor_decorator to None, run_after=None
[2026-06-08T11:08:31.619+0000] {processor.py:183} INFO - Processing /home/airflow/.local/lib/python3.12/site-packages/airflow/example_dags/example_sensor_decorator.py took 0.064 seconds
[2026-06-08T11:09:02.048+0000] {processor.py:161} INFO - Started process (PID=23355) to work on /home/airflow/.local/lib/python3.12/site-packages/airflow/example_dags/example_sensor_decorator.py
[2026-06-08T11:09:02.049+0000] {processor.py:830} INFO - Processing file /home/airflow/.local/lib/python3.12/site-packages/airflow/example_dags/example_sensor_decorator.py for tasks to queue
[2026-06-08T11:09:02.051+0000] {logging_mixin.py:188} INFO - [2026-06-08T11:09:02.051+0000] {dagbag.py:545} INFO - Filling up the DagBag from /home/airflow/.local/lib/python3.12/site-packages/airflow/example_dags/example_sensor_decorator.py
[2026-06-08T11:09:02.057+0000] {processor.py:840} INFO - DAG(s) 'example_sensor_decorator' retrieved from /home/airflow/.local/lib/python3.12/site-packages/airflow/example_dags/example_sensor_decorator.py
[2026-06-08T11:09:02.077+0000] {logging_mixin.py:188} INFO - [2026-06-08T11:09:02.077+0000] {dag.py:3096} INFO - Sync 1 DAGs
[2026-06-08T11:09:02.089+0000] {logging_mixin.py:188} INFO - [2026-06-08T11:09:02.089+0000] {dag.py:3954} INFO - Setting next_dagrun for example_sensor_decorator to None, run_after=None
[2026-06-08T11:09:02.111+0000] {processor.py:183} INFO - Processing /home/airflow/.local/lib/python3.12/site-packages/airflow/example_dags/example_sensor_decorator.py took 0.069 seconds
[2026-06-08T11:09:32.351+0000] {processor.py:161} INFO - Started process (PID=23617) to work on /home/airflow/.local/lib/python3.12/site-packages/airflow/example_dags/example_sensor_decorator.py
[2026-06-08T11:09:32.352+0000] {processor.py:830} INFO - Processing file /home/airflow/.local/lib/python3.12/site-packages/airflow/example_dags/example_sensor_decorator.py for tasks to queue
[2026-06-08T11:09:32.353+0000] {logging_mixin.py:188} INFO - [2026-06-08T11:09:32.353+0000] {dagbag.py:545} INFO - Filling up the DagBag from /home/airflow/.local/lib/python3.12/site-packages/airflow/example_dags/example_sensor_decorator.py
[2026-06-08T11:09:32.360+0000] {processor.py:840} INFO - DAG(s) 'example_sensor_decorator' retrieved from /home/airflow/.local/lib/python3.12/site-packages/airflow/example_dags/example_sensor_decorator.py
[2026-06-08T11:09:32.379+0000] {logging_mixin.py:188} INFO - [2026-06-08T11:09:32.379+0000] {dag.py:3096} INFO - Sync 1 DAGs
[2026-06-08T11:09:32.391+0000] {logging_mixin.py:188} INFO - [2026-06-08T11:09:32.391+0000] {dag.py:3954} INFO - Setting next_dagrun for example_sensor_decorator to None, run_after=None
[2026-06-08T11:09:32.416+0000] {processor.py:183} INFO - Processing /home/airflow/.local/lib/python3.12/site-packages/airflow/example_dags/example_sensor_decorator.py took 0.071 seconds
[2026-06-08T11:10:02.844+0000] {processor.py:161} INFO - Started process (PID=23881) to work on /home/airflow/.local/lib/python3.12/site-packages/airflow/example_dags/example_sensor_decorator.py
[2026-06-08T11:10:02.845+0000] {processor.py:830} INFO - Processing file /home/airflow/.local/lib/python3.12/site-packages/airflow/example_dags/example_sensor_decorator.py for tasks to queue
[2026-06-08T11:10:02.847+0000] {logging_mixin.py:188} INFO - [2026-06-08T11:10:02.847+0000] {dagbag.py:545} INFO - Filling up the DagBag from /home/airflow/.local/lib/python3.12/site-packages/airflow/example_dags/example_sensor_decorator.py
[2026-06-08T11:10:02.853+0000] {processor.py:840} INFO - DAG(s) 'example_sensor_decorator' retrieved from /home/airflow/.local/lib/python3.12/site-packages/airflow/example_dags/example_sensor_decorator.py
[2026-06-08T11:10:02.873+0000] {logging_mixin.py:188} INFO - [2026-06-08T11:10:02.873+0000] {dag.py:3096} INFO - Sync 1 DAGs
[2026-06-08T11:10:02.885+0000] {logging_mixin.py:188} INFO - [2026-06-08T11:10:02.885+0000] {dag.py:3954} INFO - Setting next_dagrun for example_sensor_decorator to None, run_after=None
[2026-06-08T11:10:02.905+0000] {processor.py:183} INFO - Processing /home/airflow/.local/lib/python3.12/site-packages/airflow/example_dags/example_sensor_decorator.py took 0.065 seconds
[2026-06-08T11:10:33.706+0000] {processor.py:161} INFO - Started process (PID=24143) to work on /home/airflow/.local/lib/python3.12/site-packages/airflow/example_dags/example_sensor_decorator.py
[2026-06-08T11:10:33.707+0000] {processor.py:830} INFO - Processing file /home/airflow/.local/lib/python3.12/site-packages/airflow/example_dags/example_sensor_decorator.py for tasks to queue
[2026-06-08T11:10:33.709+0000] {logging_mixin.py:188} INFO - [2026-06-08T11:10:33.708+0000] {dagbag.py:545} INFO - Filling up the DagBag from /home/airflow/.local/lib/python3.12/site-packages/airflow/example_dags/example_sensor_decorator.py
[2026-06-08T11:10:33.714+0000] {processor.py:840} INFO - DAG(s) 'example_sensor_decorator' retrieved from /home/airflow/.local/lib/python3.12/site-packages/airflow/example_dags/example_sensor_decorator.py
[2026-06-08T11:10:33.732+0000] {logging_mixin.py:188} INFO - [2026-06-08T11:10:33.732+0000] {dag.py:3096} INFO - Sync 1 DAGs
[2026-06-08T11:10:33.745+0000] {logging_mixin.py:188} INFO - [2026-06-08T11:10:33.744+0000] {dag.py:3954} INFO - Setting next_dagrun for example_sensor_decorator to None, run_after=None
[2026-06-08T11:10:33.765+0000] {processor.py:183} INFO - Processing /home/airflow/.local/lib/python3.12/site-packages/airflow/example_dags/example_sensor_decorator.py took 0.065 seconds
[2026-06-08T11:11:04.072+0000] {processor.py:161} INFO - Started process (PID=24405) to work on /home/airflow/.local/lib/python3.12/site-packages/airflow/example_dags/example_sensor_decorator.py
[2026-06-08T11:11:04.073+0000] {processor.py:830} INFO - Processing file /home/airflow/.local/lib/python3.12/site-packages/airflow/example_dags/example_sensor_decorator.py for tasks to queue
[2026-06-08T11:11:04.075+0000] {logging_mixin.py:188} INFO - [2026-06-08T11:11:04.075+0000] {dagbag.py:545} INFO - Filling up the DagBag from /home/airflow/.local/lib/python3.12/site-packages/airflow/example_dags/example_sensor_decorator.py
[2026-06-08T11:11:04.081+0000] {processor.py:840} INFO - DAG(s) 'example_sensor_decorator' retrieved from /home/airflow/.local/lib/python3.12/site-packages/airflow/example_dags/example_sensor_decorator.py
[2026-06-08T11:11:04.100+0000] {logging_mixin.py:188} INFO - [2026-06-08T11:11:04.099+0000] {dag.py:3096} INFO - Sync 1 DAGs
[2026-06-08T11:11:04.111+0000] {logging_mixin.py:188} INFO - [2026-06-08T11:11:04.110+0000] {dag.py:3954} INFO - Setting next_dagrun for example_sensor_decorator to None, run_after=None
[2026-06-08T11:11:04.132+0000] {processor.py:183} INFO - Processing /home/airflow/.local/lib/python3.12/site-packages/airflow/example_dags/example_sensor_decorator.py took 0.065 seconds
[2026-06-08T11:11:34.429+0000] {processor.py:161} INFO - Started process (PID=24667) to work on /home/airflow/.local/lib/python3.12/site-packages/airflow/example_dags/example_sensor_decorator.py
[2026-06-08T11:11:34.430+0000] {processor.py:830} INFO - Processing file /home/airflow/.local/lib/python3.12/site-packages/airflow/example_dags/example_sensor_decorator.py for tasks to queue
[2026-06-08T11:11:34.432+0000] {logging_mixin.py:188} INFO - [2026-06-08T11:11:34.431+0000] {dagbag.py:545} INFO - Filling up the DagBag from /home/airflow/.local/lib/python3.12/site-packages/airflow/example_dags/example_sensor_decorator.py
[2026-06-08T11:11:34.437+0000] {processor.py:840} INFO - DAG(s) 'example_sensor_decorator' retrieved from /home/airflow/.local/lib/python3.12/site-packages/airflow/example_dags/example_sensor_decorator.py
[2026-06-08T11:11:34.458+0000] {logging_mixin.py:188} INFO - [2026-06-08T11:11:34.458+0000] {dag.py:3096} INFO - Sync 1 DAGs
[2026-06-08T11:11:34.471+0000] {logging_mixin.py:188} INFO - [2026-06-08T11:11:34.471+0000] {dag.py:3954} INFO - Setting next_dagrun for example_sensor_decorator to None, run_after=None
[2026-06-08T11:11:34.494+0000] {processor.py:183} INFO - Processing /home/airflow/.local/lib/python3.12/site-packages/airflow/example_dags/example_sensor_decorator.py took 0.070 seconds
[2026-06-08T11:12:04.933+0000] {processor.py:161} INFO - Started process (PID=24927) to work on /home/airflow/.local/lib/python3.12/site-packages/airflow/example_dags/example_sensor_decorator.py
[2026-06-08T11:12:04.934+0000] {processor.py:830} INFO - Processing file /home/airflow/.local/lib/python3.12/site-packages/airflow/example_dags/example_sensor_decorator.py for tasks to queue
[2026-06-08T11:12:04.936+0000] {logging_mixin.py:188} INFO - [2026-06-08T11:12:04.935+0000] {dagbag.py:545} INFO - Filling up the DagBag from /home/airflow/.local/lib/python3.12/site-packages/airflow/example_dags/example_sensor_decorator.py
[2026-06-08T11:12:04.942+0000] {processor.py:840} INFO - DAG(s) 'example_sensor_decorator' retrieved from /home/airflow/.local/lib/python3.12/site-packages/airflow/example_dags/example_sensor_decorator.py
[2026-06-08T11:12:04.968+0000] {logging_mixin.py:188} INFO - [2026-06-08T11:12:04.968+0000] {dag.py:3096} INFO - Sync 1 DAGs
[2026-06-08T11:12:04.984+0000] {logging_mixin.py:188} INFO - [2026-06-08T11:12:04.983+0000] {dag.py:3954} INFO - Setting next_dagrun for example_sensor_decorator to None, run_after=None
[2026-06-08T11:12:05.010+0000] {processor.py:183} INFO - Processing /home/airflow/.local/lib/python3.12/site-packages/airflow/example_dags/example_sensor_decorator.py took 0.084 seconds
[2026-06-08T11:12:35.249+0000] {processor.py:161} INFO - Started process (PID=25197) to work on /home/airflow/.local/lib/python3.12/site-packages/airflow/example_dags/example_sensor_decorator.py
[2026-06-08T11:12:35.250+0000] {processor.py:830} INFO - Processing file /home/airflow/.local/lib/python3.12/site-packages/airflow/example_dags/example_sensor_decorator.py for tasks to queue
[2026-06-08T11:12:35.252+0000] {logging_mixin.py:188} INFO - [2026-06-08T11:12:35.252+0000] {dagbag.py:545} INFO - Filling up the DagBag from /home/airflow/.local/lib/python3.12/site-packages/airflow/example_dags/example_sensor_decorator.py
[2026-06-08T11:12:35.258+0000] {processor.py:840} INFO - DAG(s) 'example_sensor_decorator' retrieved from /home/airflow/.local/lib/python3.12/site-packages/airflow/example_dags/example_sensor_decorator.py
[2026-06-08T11:12:35.281+0000] {logging_mixin.py:188} INFO - [2026-06-08T11:12:35.281+0000] {dag.py:3096} INFO - Sync 1 DAGs
[2026-06-08T11:12:35.293+0000] {logging_mixin.py:188} INFO - [2026-06-08T11:12:35.293+0000] {dag.py:3954} INFO - Setting next_dagrun for example_sensor_decorator to None, run_after=None
[2026-06-08T11:12:35.320+0000] {processor.py:183} INFO - Processing /home/airflow/.local/lib/python3.12/site-packages/airflow/example_dags/example_sensor_decorator.py took 0.077 seconds
[2026-06-08T11:13:05.611+0000] {processor.py:161} INFO - Started process (PID=25457) to work on /home/airflow/.local/lib/python3.12/site-packages/airflow/example_dags/example_sensor_decorator.py
[2026-06-08T11:13:05.612+0000] {processor.py:830} INFO - Processing file /home/airflow/.local/lib/python3.12/site-packages/airflow/example_dags/example_sensor_decorator.py for tasks to queue
[2026-06-08T11:13:05.614+0000] {logging_mixin.py:188} INFO - [2026-06-08T11:13:05.614+0000] {dagbag.py:545} INFO - Filling up the DagBag from /home/airflow/.local/lib/python3.12/site-packages/airflow/example_dags/example_sensor_decorator.py
[2026-06-08T11:13:05.620+0000] {processor.py:840} INFO - DAG(s) 'example_sensor_decorator' retrieved from /home/airflow/.local/lib/python3.12/site-packages/airflow/example_dags/example_sensor_decorator.py
[2026-06-08T11:13:05.642+0000] {logging_mixin.py:188} INFO - [2026-06-08T11:13:05.641+0000] {dag.py:3096} INFO - Sync 1 DAGs
[2026-06-08T11:13:05.653+0000] {logging_mixin.py:188} INFO - [2026-06-08T11:13:05.653+0000] {dag.py:3954} INFO - Setting next_dagrun for example_sensor_decorator to None, run_after=None
[2026-06-08T11:13:05.677+0000] {processor.py:183} INFO - Processing /home/airflow/.local/lib/python3.12/site-packages/airflow/example_dags/example_sensor_decorator.py took 0.072 seconds
[2026-06-08T11:13:36.049+0000] {processor.py:161} INFO - Started process (PID=25719) to work on /home/airflow/.local/lib/python3.12/site-packages/airflow/example_dags/example_sensor_decorator.py
[2026-06-08T11:13:36.050+0000] {processor.py:830} INFO - Processing file /home/airflow/.local/lib/python3.12/site-packages/airflow/example_dags/example_sensor_decorator.py for tasks to queue
[2026-06-08T11:13:36.052+0000] {logging_mixin.py:188} INFO - [2026-06-08T11:13:36.052+0000] {dagbag.py:545} INFO - Filling up the DagBag from /home/airflow/.local/lib/python3.12/site-packages/airflow/example_dags/example_sensor_decorator.py
[2026-06-08T11:13:36.058+0000] {processor.py:840} INFO - DAG(s) 'example_sensor_decorator' retrieved from /home/airflow/.local/lib/python3.12/site-packages/airflow/example_dags/example_sensor_decorator.py
[2026-06-08T11:13:36.078+0000] {logging_mixin.py:188} INFO - [2026-06-08T11:13:36.078+0000] {dag.py:3096} INFO - Sync 1 DAGs
[2026-06-08T11:13:36.091+0000] {logging_mixin.py:188} INFO - [2026-06-08T11:13:36.091+0000] {dag.py:3954} INFO - Setting next_dagrun for example_sensor_decorator to None, run_after=None
[2026-06-08T11:13:36.116+0000] {processor.py:183} INFO - Processing /home/airflow/.local/lib/python3.12/site-packages/airflow/example_dags/example_sensor_decorator.py took 0.073 seconds
[2026-06-08T11:14:06.849+0000] {processor.py:161} INFO - Started process (PID=25981) to work on /home/airflow/.local/lib/python3.12/site-packages/airflow/example_dags/example_sensor_decorator.py
[2026-06-08T11:14:06.851+0000] {processor.py:830} INFO - Processing file /home/airflow/.local/lib/python3.12/site-packages/airflow/example_dags/example_sensor_decorator.py for tasks to queue
[2026-06-08T11:14:06.853+0000] {logging_mixin.py:188} INFO - [2026-06-08T11:14:06.853+0000] {dagbag.py:545} INFO - Filling up the DagBag from /home/airflow/.local/lib/python3.12/site-packages/airflow/example_dags/example_sensor_decorator.py
[2026-06-08T11:14:06.860+0000] {processor.py:840} INFO - DAG(s) 'example_sensor_decorator' retrieved from /home/airflow/.local/lib/python3.12/site-packages/airflow/example_dags/example_sensor_decorator.py
[2026-06-08T11:14:06.891+0000] {logging_mixin.py:188} INFO - [2026-06-08T11:14:06.891+0000] {dag.py:3096} INFO - Sync 1 DAGs
[2026-06-08T11:14:06.910+0000] {logging_mixin.py:188} INFO - [2026-06-08T11:14:06.910+0000] {dag.py:3954} INFO - Setting next_dagrun for example_sensor_decorator to None, run_after=None
[2026-06-08T11:14:06.937+0000] {processor.py:183} INFO - Processing /home/airflow/.local/lib/python3.12/site-packages/airflow/example_dags/example_sensor_decorator.py took 0.098 seconds
[2026-06-08T11:14:37.032+0000] {processor.py:161} INFO - Started process (PID=26243) to work on /home/airflow/.local/lib/python3.12/site-packages/airflow/example_dags/example_sensor_decorator.py
[2026-06-08T11:14:37.034+0000] {processor.py:830} INFO - Processing file /home/airflow/.local/lib/python3.12/site-packages/airflow/example_dags/example_sensor_decorator.py for tasks to queue
[2026-06-08T11:14:37.036+0000] {logging_mixin.py:188} INFO - [2026-06-08T11:14:37.036+0000] {dagbag.py:545} INFO - Filling up the DagBag from /home/airflow/.local/lib/python3.12/site-packages/airflow/example_dags/example_sensor_decorator.py
[2026-06-08T11:14:37.044+0000] {processor.py:840} INFO - DAG(s) 'example_sensor_decorator' retrieved from /home/airflow/.local/lib/python3.12/site-packages/airflow/example_dags/example_sensor_decorator.py
[2026-06-08T11:14:37.072+0000] {logging_mixin.py:188} INFO - [2026-06-08T11:14:37.072+0000] {dag.py:3096} INFO - Sync 1 DAGs
[2026-06-08T11:14:37.091+0000] {logging_mixin.py:188} INFO - [2026-06-08T11:14:37.090+0000] {dag.py:3954} INFO - Setting next_dagrun for example_sensor_decorator to None, run_after=None
[2026-06-08T11:14:37.121+0000] {processor.py:183} INFO - Processing /home/airflow/.local/lib/python3.12/site-packages/airflow/example_dags/example_sensor_decorator.py took 0.096 seconds
[2026-06-08T11:15:07.510+0000] {processor.py:161} INFO - Started process (PID=26505) to work on /home/airflow/.local/lib/python3.12/site-packages/airflow/example_dags/example_sensor_decorator.py
[2026-06-08T11:15:07.511+0000] {processor.py:830} INFO - Processing file /home/airflow/.local/lib/python3.12/site-packages/airflow/example_dags/example_sensor_decorator.py for tasks to queue
[2026-06-08T11:15:07.514+0000] {logging_mixin.py:188} INFO - [2026-06-08T11:15:07.513+0000] {dagbag.py:545} INFO - Filling up the DagBag from /home/airflow/.local/lib/python3.12/site-packages/airflow/example_dags/example_sensor_decorator.py
[2026-06-08T11:15:07.520+0000] {processor.py:840} INFO - DAG(s) 'example_sensor_decorator' retrieved from /home/airflow/.local/lib/python3.12/site-packages/airflow/example_dags/example_sensor_decorator.py
[2026-06-08T11:15:07.542+0000] {logging_mixin.py:188} INFO - [2026-06-08T11:15:07.542+0000] {dag.py:3096} INFO - Sync 1 DAGs
[2026-06-08T11:15:07.556+0000] {logging_mixin.py:188} INFO - [2026-06-08T11:15:07.556+0000] {dag.py:3954} INFO - Setting next_dagrun for example_sensor_decorator to None, run_after=None
[2026-06-08T11:15:07.580+0000] {processor.py:183} INFO - Processing /home/airflow/.local/lib/python3.12/site-packages/airflow/example_dags/example_sensor_decorator.py took 0.075 seconds
[2026-06-08T11:15:37.833+0000] {processor.py:161} INFO - Started process (PID=26768) to work on /home/airflow/.local/lib/python3.12/site-packages/airflow/example_dags/example_sensor_decorator.py
[2026-06-08T11:15:37.834+0000] {processor.py:830} INFO - Processing file /home/airflow/.local/lib/python3.12/site-packages/airflow/example_dags/example_sensor_decorator.py for tasks to queue
[2026-06-08T11:15:37.836+0000] {logging_mixin.py:188} INFO - [2026-06-08T11:15:37.836+0000] {dagbag.py:545} INFO - Filling up the DagBag from /home/airflow/.local/lib/python3.12/site-packages/airflow/example_dags/example_sensor_decorator.py
[2026-06-08T11:15:37.842+0000] {processor.py:840} INFO - DAG(s) 'example_sensor_decorator' retrieved from /home/airflow/.local/lib/python3.12/site-packages/airflow/example_dags/example_sensor_decorator.py
[2026-06-08T11:15:37.864+0000] {logging_mixin.py:188} INFO - [2026-06-08T11:15:37.864+0000] {dag.py:3096} INFO - Sync 1 DAGs
[2026-06-08T11:15:37.878+0000] {logging_mixin.py:188} INFO - [2026-06-08T11:15:37.878+0000] {dag.py:3954} INFO - Setting next_dagrun for example_sensor_decorator to None, run_after=None
[2026-06-08T11:15:37.899+0000] {processor.py:183} INFO - Processing /home/airflow/.local/lib/python3.12/site-packages/airflow/example_dags/example_sensor_decorator.py took 0.071 seconds
[2026-06-08T11:16:08.736+0000] {processor.py:161} INFO - Started process (PID=27029) to work on /home/airflow/.local/lib/python3.12/site-packages/airflow/example_dags/example_sensor_decorator.py
[2026-06-08T11:16:08.739+0000] {processor.py:830} INFO - Processing file /home/airflow/.local/lib/python3.12/site-packages/airflow/example_dags/example_sensor_decorator.py for tasks to queue
[2026-06-08T11:16:08.753+0000] {logging_mixin.py:188} INFO - [2026-06-08T11:16:08.752+0000] {dagbag.py:545} INFO - Filling up the DagBag from /home/airflow/.local/lib/python3.12/site-packages/airflow/example_dags/example_sensor_decorator.py
[2026-06-08T11:16:08.789+0000] {processor.py:840} INFO - DAG(s) 'example_sensor_decorator' retrieved from /home/airflow/.local/lib/python3.12/site-packages/airflow/example_dags/example_sensor_decorator.py
[2026-06-08T11:16:08.819+0000] {logging_mixin.py:188} INFO - [2026-06-08T11:16:08.819+0000] {dag.py:3096} INFO - Sync 1 DAGs
[2026-06-08T11:16:08.838+0000] {logging_mixin.py:188} INFO - [2026-06-08T11:16:08.838+0000] {dag.py:3954} INFO - Setting next_dagrun for example_sensor_decorator to None, run_after=None
[2026-06-08T11:16:08.860+0000] {processor.py:183} INFO - Processing /home/airflow/.local/lib/python3.12/site-packages/airflow/example_dags/example_sensor_decorator.py took 0.138 seconds
[2026-06-08T11:16:39.521+0000] {processor.py:161} INFO - Started process (PID=27286) to work on /home/airflow/.local/lib/python3.12/site-packages/airflow/example_dags/example_sensor_decorator.py
[2026-06-08T11:16:39.522+0000] {processor.py:830} INFO - Processing file /home/airflow/.local/lib/python3.12/site-packages/airflow/example_dags/example_sensor_decorator.py for tasks to queue
[2026-06-08T11:16:39.524+0000] {logging_mixin.py:188} INFO - [2026-06-08T11:16:39.523+0000] {dagbag.py:545} INFO - Filling up the DagBag from /home/airflow/.local/lib/python3.12/site-packages/airflow/example_dags/example_sensor_decorator.py
[2026-06-08T11:16:39.528+0000] {processor.py:840} INFO - DAG(s) 'example_sensor_decorator' retrieved from /home/airflow/.local/lib/python3.12/site-packages/airflow/example_dags/example_sensor_decorator.py
[2026-06-08T11:16:39.549+0000] {logging_mixin.py:188} INFO - [2026-06-08T11:16:39.549+0000] {dag.py:3096} INFO - Sync 1 DAGs
[2026-06-08T11:16:39.564+0000] {logging_mixin.py:188} INFO - [2026-06-08T11:16:39.564+0000] {dag.py:3954} INFO - Setting next_dagrun for example_sensor_decorator to None, run_after=None
[2026-06-08T11:16:39.585+0000] {processor.py:183} INFO - Processing /home/airflow/.local/lib/python3.12/site-packages/airflow/example_dags/example_sensor_decorator.py took 0.070 seconds
[2026-06-08T11:17:10.026+0000] {processor.py:161} INFO - Started process (PID=27548) to work on /home/airflow/.local/lib/python3.12/site-packages/airflow/example_dags/example_sensor_decorator.py
[2026-06-08T11:17:10.028+0000] {processor.py:830} INFO - Processing file /home/airflow/.local/lib/python3.12/site-packages/airflow/example_dags/example_sensor_decorator.py for tasks to queue
[2026-06-08T11:17:10.029+0000] {logging_mixin.py:188} INFO - [2026-06-08T11:17:10.029+0000] {dagbag.py:545} INFO - Filling up the DagBag from /home/airflow/.local/lib/python3.12/site-packages/airflow/example_dags/example_sensor_decorator.py
[2026-06-08T11:17:10.036+0000] {processor.py:840} INFO - DAG(s) 'example_sensor_decorator' retrieved from /home/airflow/.local/lib/python3.12/site-packages/airflow/example_dags/example_sensor_decorator.py
[2026-06-08T11:17:10.057+0000] {logging_mixin.py:188} INFO - [2026-06-08T11:17:10.057+0000] {dag.py:3096} INFO - Sync 1 DAGs
[2026-06-08T11:17:10.071+0000] {logging_mixin.py:188} INFO - [2026-06-08T11:17:10.071+0000] {dag.py:3954} INFO - Setting next_dagrun for example_sensor_decorator to None, run_after=None
[2026-06-08T11:17:10.097+0000] {processor.py:183} INFO - Processing /home/airflow/.local/lib/python3.12/site-packages/airflow/example_dags/example_sensor_decorator.py took 0.077 seconds
[2026-06-08T11:17:40.552+0000] {processor.py:161} INFO - Started process (PID=27810) to work on /home/airflow/.local/lib/python3.12/site-packages/airflow/example_dags/example_sensor_decorator.py
[2026-06-08T11:17:40.553+0000] {processor.py:830} INFO - Processing file /home/airflow/.local/lib/python3.12/site-packages/airflow/example_dags/example_sensor_decorator.py for tasks to queue
[2026-06-08T11:17:40.555+0000] {logging_mixin.py:188} INFO - [2026-06-08T11:17:40.555+0000] {dagbag.py:545} INFO - Filling up the DagBag from /home/airflow/.local/lib/python3.12/site-packages/airflow/example_dags/example_sensor_decorator.py
[2026-06-08T11:17:40.562+0000] {processor.py:840} INFO - DAG(s) 'example_sensor_decorator' retrieved from /home/airflow/.local/lib/python3.12/site-packages/airflow/example_dags/example_sensor_decorator.py
[2026-06-08T11:17:40.587+0000] {logging_mixin.py:188} INFO - [2026-06-08T11:17:40.587+0000] {dag.py:3096} INFO - Sync 1 DAGs
[2026-06-08T11:17:40.602+0000] {logging_mixin.py:188} INFO - [2026-06-08T11:17:40.601+0000] {dag.py:3954} INFO - Setting next_dagrun for example_sensor_decorator to None, run_after=None
[2026-06-08T11:17:40.632+0000] {processor.py:183} INFO - Processing /home/airflow/.local/lib/python3.12/site-packages/airflow/example_dags/example_sensor_decorator.py took 0.086 seconds
[2026-06-08T11:18:11.111+0000] {processor.py:161} INFO - Started process (PID=28072) to work on /home/airflow/.local/lib/python3.12/site-packages/airflow/example_dags/example_sensor_decorator.py
[2026-06-08T11:18:11.113+0000] {processor.py:830} INFO - Processing file /home/airflow/.local/lib/python3.12/site-packages/airflow/example_dags/example_sensor_decorator.py for tasks to queue
[2026-06-08T11:18:11.115+0000] {logging_mixin.py:188} INFO - [2026-06-08T11:18:11.115+0000] {dagbag.py:545} INFO - Filling up the DagBag from /home/airflow/.local/lib/python3.12/site-packages/airflow/example_dags/example_sensor_decorator.py
[2026-06-08T11:18:11.121+0000] {processor.py:840} INFO - DAG(s) 'example_sensor_decorator' retrieved from /home/airflow/.local/lib/python3.12/site-packages/airflow/example_dags/example_sensor_decorator.py
[2026-06-08T11:18:11.144+0000] {logging_mixin.py:188} INFO - [2026-06-08T11:18:11.144+0000] {dag.py:3096} INFO - Sync 1 DAGs
[2026-06-08T11:18:11.160+0000] {logging_mixin.py:188} INFO - [2026-06-08T11:18:11.160+0000] {dag.py:3954} INFO - Setting next_dagrun for example_sensor_decorator to None, run_after=None
[2026-06-08T11:18:11.194+0000] {processor.py:183} INFO - Processing /home/airflow/.local/lib/python3.12/site-packages/airflow/example_dags/example_sensor_decorator.py took 0.088 seconds
[2026-06-08T11:18:41.313+0000] {processor.py:161} INFO - Started process (PID=28334) to work on /home/airflow/.local/lib/python3.12/site-packages/airflow/example_dags/example_sensor_decorator.py
[2026-06-08T11:18:41.315+0000] {processor.py:830} INFO - Processing file /home/airflow/.local/lib/python3.12/site-packages/airflow/example_dags/example_sensor_decorator.py for tasks to queue
[2026-06-08T11:18:41.317+0000] {logging_mixin.py:188} INFO - [2026-06-08T11:18:41.317+0000] {dagbag.py:545} INFO - Filling up the DagBag from /home/airflow/.local/lib/python3.12/site-packages/airflow/example_dags/example_sensor_decorator.py
[2026-06-08T11:18:41.323+0000] {processor.py:840} INFO - DAG(s) 'example_sensor_decorator' retrieved from /home/airflow/.local/lib/python3.12/site-packages/airflow/example_dags/example_sensor_decorator.py
[2026-06-08T11:18:41.349+0000] {logging_mixin.py:188} INFO - [2026-06-08T11:18:41.348+0000] {dag.py:3096} INFO - Sync 1 DAGs
[2026-06-08T11:18:41.363+0000] {logging_mixin.py:188} INFO - [2026-06-08T11:18:41.363+0000] {dag.py:3954} INFO - Setting next_dagrun for example_sensor_decorator to None, run_after=None
[2026-06-08T11:18:41.393+0000] {processor.py:183} INFO - Processing /home/airflow/.local/lib/python3.12/site-packages/airflow/example_dags/example_sensor_decorator.py took 0.087 seconds
[2026-06-08T11:19:11.938+0000] {processor.py:161} INFO - Started process (PID=28596) to work on /home/airflow/.local/lib/python3.12/site-packages/airflow/example_dags/example_sensor_decorator.py
[2026-06-08T11:19:11.940+0000] {processor.py:830} INFO - Processing file /home/airflow/.local/lib/python3.12/site-packages/airflow/example_dags/example_sensor_decorator.py for tasks to queue
[2026-06-08T11:19:11.942+0000] {logging_mixin.py:188} INFO - [2026-06-08T11:19:11.942+0000] {dagbag.py:545} INFO - Filling up the DagBag from /home/airflow/.local/lib/python3.12/site-packages/airflow/example_dags/example_sensor_decorator.py
[2026-06-08T11:19:11.948+0000] {processor.py:840} INFO - DAG(s) 'example_sensor_decorator' retrieved from /home/airflow/.local/lib/python3.12/site-packages/airflow/example_dags/example_sensor_decorator.py
[2026-06-08T11:19:11.972+0000] {logging_mixin.py:188} INFO - [2026-06-08T11:19:11.972+0000] {dag.py:3096} INFO - Sync 1 DAGs
[2026-06-08T11:19:11.988+0000] {logging_mixin.py:188} INFO - [2026-06-08T11:19:11.987+0000] {dag.py:3954} INFO - Setting next_dagrun for example_sensor_decorator to None, run_after=None
[2026-06-08T11:19:12.018+0000] {processor.py:183} INFO - Processing /home/airflow/.local/lib/python3.12/site-packages/airflow/example_dags/example_sensor_decorator.py took 0.085 seconds
[2026-06-08T11:19:42.362+0000] {processor.py:161} INFO - Started process (PID=28858) to work on /home/airflow/.local/lib/python3.12/site-packages/airflow/example_dags/example_sensor_decorator.py
[2026-06-08T11:19:42.363+0000] {processor.py:830} INFO - Processing file /home/airflow/.local/lib/python3.12/site-packages/airflow/example_dags/example_sensor_decorator.py for tasks to queue
[2026-06-08T11:19:42.365+0000] {logging_mixin.py:188} INFO - [2026-06-08T11:19:42.365+0000] {dagbag.py:545} INFO - Filling up the DagBag from /home/airflow/.local/lib/python3.12/site-packages/airflow/example_dags/example_sensor_decorator.py
[2026-06-08T11:19:42.372+0000] {processor.py:840} INFO - DAG(s) 'example_sensor_decorator' retrieved from /home/airflow/.local/lib/python3.12/site-packages/airflow/example_dags/example_sensor_decorator.py
[2026-06-08T11:19:42.396+0000] {logging_mixin.py:188} INFO - [2026-06-08T11:19:42.396+0000] {dag.py:3096} INFO - Sync 1 DAGs
[2026-06-08T11:19:42.412+0000] {logging_mixin.py:188} INFO - [2026-06-08T11:19:42.412+0000] {dag.py:3954} INFO - Setting next_dagrun for example_sensor_decorator to None, run_after=None
[2026-06-08T11:19:42.440+0000] {processor.py:183} INFO - Processing /home/airflow/.local/lib/python3.12/site-packages/airflow/example_dags/example_sensor_decorator.py took 0.083 seconds
[2026-06-08T11:20:12.769+0000] {processor.py:161} INFO - Started process (PID=29120) to work on /home/airflow/.local/lib/python3.12/site-packages/airflow/example_dags/example_sensor_decorator.py
[2026-06-08T11:20:12.770+0000] {processor.py:830} INFO - Processing file /home/airflow/.local/lib/python3.12/site-packages/airflow/example_dags/example_sensor_decorator.py for tasks to queue
[2026-06-08T11:20:12.772+0000] {logging_mixin.py:188} INFO - [2026-06-08T11:20:12.772+0000] {dagbag.py:545} INFO - Filling up the DagBag from /home/airflow/.local/lib/python3.12/site-packages/airflow/example_dags/example_sensor_decorator.py
[2026-06-08T11:20:12.779+0000] {processor.py:840} INFO - DAG(s) 'example_sensor_decorator' retrieved from /home/airflow/.local/lib/python3.12/site-packages/airflow/example_dags/example_sensor_decorator.py
[2026-06-08T11:20:12.803+0000] {logging_mixin.py:188} INFO - [2026-06-08T11:20:12.802+0000] {dag.py:3096} INFO - Sync 1 DAGs
[2026-06-08T11:20:12.818+0000] {logging_mixin.py:188} INFO - [2026-06-08T11:20:12.818+0000] {dag.py:3954} INFO - Setting next_dagrun for example_sensor_decorator to None, run_after=None
[2026-06-08T11:20:12.843+0000] {processor.py:183} INFO - Processing /home/airflow/.local/lib/python3.12/site-packages/airflow/example_dags/example_sensor_decorator.py took 0.081 seconds
[2026-06-08T11:20:43.201+0000] {processor.py:161} INFO - Started process (PID=29383) to work on /home/airflow/.local/lib/python3.12/site-packages/airflow/example_dags/example_sensor_decorator.py
[2026-06-08T11:20:43.202+0000] {processor.py:830} INFO - Processing file /home/airflow/.local/lib/python3.12/site-packages/airflow/example_dags/example_sensor_decorator.py for tasks to queue
[2026-06-08T11:20:43.204+0000] {logging_mixin.py:188} INFO - [2026-06-08T11:20:43.204+0000] {dagbag.py:545} INFO - Filling up the DagBag from /home/airflow/.local/lib/python3.12/site-packages/airflow/example_dags/example_sensor_decorator.py
[2026-06-08T11:20:43.211+0000] {processor.py:840} INFO - DAG(s) 'example_sensor_decorator' retrieved from /home/airflow/.local/lib/python3.12/site-packages/airflow/example_dags/example_sensor_decorator.py
[2026-06-08T11:20:43.237+0000] {logging_mixin.py:188} INFO - [2026-06-08T11:20:43.236+0000] {dag.py:3096} INFO - Sync 1 DAGs
[2026-06-08T11:20:43.252+0000] {logging_mixin.py:188} INFO - [2026-06-08T11:20:43.251+0000] {dag.py:3954} INFO - Setting next_dagrun for example_sensor_decorator to None, run_after=None
[2026-06-08T11:20:43.277+0000] {processor.py:183} INFO - Processing /home/airflow/.local/lib/python3.12/site-packages/airflow/example_dags/example_sensor_decorator.py took 0.083 seconds
[2026-06-08T11:21:13.731+0000] {processor.py:161} INFO - Started process (PID=29645) to work on /home/airflow/.local/lib/python3.12/site-packages/airflow/example_dags/example_sensor_decorator.py
[2026-06-08T11:21:13.732+0000] {processor.py:830} INFO - Processing file /home/airflow/.local/lib/python3.12/site-packages/airflow/example_dags/example_sensor_decorator.py for tasks to queue
[2026-06-08T11:21:13.734+0000] {logging_mixin.py:188} INFO - [2026-06-08T11:21:13.734+0000] {dagbag.py:545} INFO - Filling up the DagBag from /home/airflow/.local/lib/python3.12/site-packages/airflow/example_dags/example_sensor_decorator.py
[2026-06-08T11:21:13.739+0000] {processor.py:840} INFO - DAG(s) 'example_sensor_decorator' retrieved from /home/airflow/.local/lib/python3.12/site-packages/airflow/example_dags/example_sensor_decorator.py
[2026-06-08T11:21:13.762+0000] {logging_mixin.py:188} INFO - [2026-06-08T11:21:13.762+0000] {dag.py:3096} INFO - Sync 1 DAGs
[2026-06-08T11:21:13.778+0000] {logging_mixin.py:188} INFO - [2026-06-08T11:21:13.778+0000] {dag.py:3954} INFO - Setting next_dagrun for example_sensor_decorator to None, run_after=None
[2026-06-08T11:21:13.808+0000] {processor.py:183} INFO - Processing /home/airflow/.local/lib/python3.12/site-packages/airflow/example_dags/example_sensor_decorator.py took 0.083 seconds
[2026-06-08T11:21:44.601+0000] {processor.py:161} INFO - Started process (PID=29907) to work on /home/airflow/.local/lib/python3.12/site-packages/airflow/example_dags/example_sensor_decorator.py
[2026-06-08T11:21:44.602+0000] {processor.py:830} INFO - Processing file /home/airflow/.local/lib/python3.12/site-packages/airflow/example_dags/example_sensor_decorator.py for tasks to queue
[2026-06-08T11:21:44.604+0000] {logging_mixin.py:188} INFO - [2026-06-08T11:21:44.603+0000] {dagbag.py:545} INFO - Filling up the DagBag from /home/airflow/.local/lib/python3.12/site-packages/airflow/example_dags/example_sensor_decorator.py
[2026-06-08T11:21:44.609+0000] {processor.py:840} INFO - DAG(s) 'example_sensor_decorator' retrieved from /home/airflow/.local/lib/python3.12/site-packages/airflow/example_dags/example_sensor_decorator.py
[2026-06-08T11:21:44.636+0000] {logging_mixin.py:188} INFO - [2026-06-08T11:21:44.636+0000] {dag.py:3096} INFO - Sync 1 DAGs
[2026-06-08T11:21:44.650+0000] {logging_mixin.py:188} INFO - [2026-06-08T11:21:44.650+0000] {dag.py:3954} INFO - Setting next_dagrun for example_sensor_decorator to None, run_after=None
[2026-06-08T11:21:44.678+0000] {processor.py:183} INFO - Processing /home/airflow/.local/lib/python3.12/site-packages/airflow/example_dags/example_sensor_decorator.py took 0.083 seconds
[2026-06-08T11:22:15.362+0000] {processor.py:161} INFO - Started process (PID=30169) to work on /home/airflow/.local/lib/python3.12/site-packages/airflow/example_dags/example_sensor_decorator.py
[2026-06-08T11:22:15.363+0000] {processor.py:830} INFO - Processing file /home/airflow/.local/lib/python3.12/site-packages/airflow/example_dags/example_sensor_decorator.py for tasks to queue
[2026-06-08T11:22:15.365+0000] {logging_mixin.py:188} INFO - [2026-06-08T11:22:15.365+0000] {dagbag.py:545} INFO - Filling up the DagBag from /home/airflow/.local/lib/python3.12/site-packages/airflow/example_dags/example_sensor_decorator.py
[2026-06-08T11:22:15.371+0000] {processor.py:840} INFO - DAG(s) 'example_sensor_decorator' retrieved from /home/airflow/.local/lib/python3.12/site-packages/airflow/example_dags/example_sensor_decorator.py
[2026-06-08T11:22:15.392+0000] {logging_mixin.py:188} INFO - [2026-06-08T11:22:15.392+0000] {dag.py:3096} INFO - Sync 1 DAGs
[2026-06-08T11:22:15.405+0000] {logging_mixin.py:188} INFO - [2026-06-08T11:22:15.405+0000] {dag.py:3954} INFO - Setting next_dagrun for example_sensor_decorator to None, run_after=None
[2026-06-08T11:22:15.429+0000] {processor.py:183} INFO - Processing /home/airflow/.local/lib/python3.12/site-packages/airflow/example_dags/example_sensor_decorator.py took 0.073 seconds
[2026-06-08T11:22:45.850+0000] {processor.py:161} INFO - Started process (PID=30433) to work on /home/airflow/.local/lib/python3.12/site-packages/airflow/example_dags/example_sensor_decorator.py
[2026-06-08T11:22:45.853+0000] {processor.py:830} INFO - Processing file /home/airflow/.local/lib/python3.12/site-packages/airflow/example_dags/example_sensor_decorator.py for tasks to queue
[2026-06-08T11:22:45.856+0000] {logging_mixin.py:188} INFO - [2026-06-08T11:22:45.856+0000] {dagbag.py:545} INFO - Filling up the DagBag from /home/airflow/.local/lib/python3.12/site-packages/airflow/example_dags/example_sensor_decorator.py
[2026-06-08T11:22:45.866+0000] {processor.py:840} INFO - DAG(s) 'example_sensor_decorator' retrieved from /home/airflow/.local/lib/python3.12/site-packages/airflow/example_dags/example_sensor_decorator.py
[2026-06-08T11:22:45.905+0000] {logging_mixin.py:188} INFO - [2026-06-08T11:22:45.905+0000] {dag.py:3096} INFO - Sync 1 DAGs
[2026-06-08T11:22:45.925+0000] {logging_mixin.py:188} INFO - [2026-06-08T11:22:45.925+0000] {dag.py:3954} INFO - Setting next_dagrun for example_sensor_decorator to None, run_after=None
[2026-06-08T11:22:45.970+0000] {processor.py:183} INFO - Processing /home/airflow/.local/lib/python3.12/site-packages/airflow/example_dags/example_sensor_decorator.py took 0.135 seconds
[2026-06-08T11:23:17.761+0000] {processor.py:161} INFO - Started process (PID=30699) to work on /home/airflow/.local/lib/python3.12/site-packages/airflow/example_dags/example_sensor_decorator.py
[2026-06-08T11:23:17.763+0000] {processor.py:830} INFO - Processing file /home/airflow/.local/lib/python3.12/site-packages/airflow/example_dags/example_sensor_decorator.py for tasks to queue
[2026-06-08T11:23:17.766+0000] {logging_mixin.py:188} INFO - [2026-06-08T11:23:17.766+0000] {dagbag.py:545} INFO - Filling up the DagBag from /home/airflow/.local/lib/python3.12/site-packages/airflow/example_dags/example_sensor_decorator.py
[2026-06-08T11:23:17.777+0000] {processor.py:840} INFO - DAG(s) 'example_sensor_decorator' retrieved from /home/airflow/.local/lib/python3.12/site-packages/airflow/example_dags/example_sensor_decorator.py
[2026-06-08T11:23:17.808+0000] {logging_mixin.py:188} INFO - [2026-06-08T11:23:17.808+0000] {dag.py:3096} INFO - Sync 1 DAGs
[2026-06-08T11:23:17.829+0000] {logging_mixin.py:188} INFO - [2026-06-08T11:23:17.829+0000] {dag.py:3954} INFO - Setting next_dagrun for example_sensor_decorator to None, run_after=None
[2026-06-08T11:23:17.860+0000] {processor.py:183} INFO - Processing /home/airflow/.local/lib/python3.12/site-packages/airflow/example_dags/example_sensor_decorator.py took 0.110 seconds
[2026-06-08T11:23:48.474+0000] {processor.py:161} INFO - Started process (PID=30963) to work on /home/airflow/.local/lib/python3.12/site-packages/airflow/example_dags/example_sensor_decorator.py
[2026-06-08T11:23:48.475+0000] {processor.py:830} INFO - Processing file /home/airflow/.local/lib/python3.12/site-packages/airflow/example_dags/example_sensor_decorator.py for tasks to queue
[2026-06-08T11:23:48.478+0000] {logging_mixin.py:188} INFO - [2026-06-08T11:23:48.477+0000] {dagbag.py:545} INFO - Filling up the DagBag from /home/airflow/.local/lib/python3.12/site-packages/airflow/example_dags/example_sensor_decorator.py
[2026-06-08T11:23:48.484+0000] {processor.py:840} INFO - DAG(s) 'example_sensor_decorator' retrieved from /home/airflow/.local/lib/python3.12/site-packages/airflow/example_dags/example_sensor_decorator.py
[2026-06-08T11:23:48.508+0000] {logging_mixin.py:188} INFO - [2026-06-08T11:23:48.508+0000] {dag.py:3096} INFO - Sync 1 DAGs
[2026-06-08T11:23:48.687+0000] {logging_mixin.py:188} INFO - [2026-06-08T11:23:48.687+0000] {dag.py:3954} INFO - Setting next_dagrun for example_sensor_decorator to None, run_after=None
[2026-06-08T11:23:48.711+0000] {processor.py:183} INFO - Processing /home/airflow/.local/lib/python3.12/site-packages/airflow/example_dags/example_sensor_decorator.py took 0.244 seconds
[2026-06-08T11:24:19.508+0000] {processor.py:161} INFO - Started process (PID=31225) to work on /home/airflow/.local/lib/python3.12/site-packages/airflow/example_dags/example_sensor_decorator.py
[2026-06-08T11:24:19.509+0000] {processor.py:830} INFO - Processing file /home/airflow/.local/lib/python3.12/site-packages/airflow/example_dags/example_sensor_decorator.py for tasks to queue
[2026-06-08T11:24:19.511+0000] {logging_mixin.py:188} INFO - [2026-06-08T11:24:19.510+0000] {dagbag.py:545} INFO - Filling up the DagBag from /home/airflow/.local/lib/python3.12/site-packages/airflow/example_dags/example_sensor_decorator.py
[2026-06-08T11:24:19.520+0000] {processor.py:840} INFO - DAG(s) 'example_sensor_decorator' retrieved from /home/airflow/.local/lib/python3.12/site-packages/airflow/example_dags/example_sensor_decorator.py
[2026-06-08T11:24:19.544+0000] {logging_mixin.py:188} INFO - [2026-06-08T11:24:19.543+0000] {dag.py:3096} INFO - Sync 1 DAGs
[2026-06-08T11:24:19.565+0000] {logging_mixin.py:188} INFO - [2026-06-08T11:24:19.564+0000] {dag.py:3954} INFO - Setting next_dagrun for example_sensor_decorator to None, run_after=None
[2026-06-08T11:24:19.782+0000] {processor.py:183} INFO - Processing /home/airflow/.local/lib/python3.12/site-packages/airflow/example_dags/example_sensor_decorator.py took 0.281 seconds
[2026-06-08T11:24:50.759+0000] {processor.py:161} INFO - Started process (PID=31487) to work on /home/airflow/.local/lib/python3.12/site-packages/airflow/example_dags/example_sensor_decorator.py
[2026-06-08T11:24:50.759+0000] {processor.py:830} INFO - Processing file /home/airflow/.local/lib/python3.12/site-packages/airflow/example_dags/example_sensor_decorator.py for tasks to queue
[2026-06-08T11:24:50.761+0000] {logging_mixin.py:188} INFO - [2026-06-08T11:24:50.761+0000] {dagbag.py:545} INFO - Filling up the DagBag from /home/airflow/.local/lib/python3.12/site-packages/airflow/example_dags/example_sensor_decorator.py
[2026-06-08T11:24:50.767+0000] {processor.py:840} INFO - DAG(s) 'example_sensor_decorator' retrieved from /home/airflow/.local/lib/python3.12/site-packages/airflow/example_dags/example_sensor_decorator.py
[2026-06-08T11:24:50.791+0000] {logging_mixin.py:188} INFO - [2026-06-08T11:24:50.790+0000] {dag.py:3096} INFO - Sync 1 DAGs
[2026-06-08T11:24:50.807+0000] {logging_mixin.py:188} INFO - [2026-06-08T11:24:50.806+0000] {dag.py:3954} INFO - Setting next_dagrun for example_sensor_decorator to None, run_after=None
[2026-06-08T11:24:50.991+0000] {processor.py:183} INFO - Processing /home/airflow/.local/lib/python3.12/site-packages/airflow/example_dags/example_sensor_decorator.py took 0.239 seconds
[2026-06-08T11:25:21.507+0000] {processor.py:161} INFO - Started process (PID=31749) to work on /home/airflow/.local/lib/python3.12/site-packages/airflow/example_dags/example_sensor_decorator.py
[2026-06-08T11:25:21.509+0000] {processor.py:830} INFO - Processing file /home/airflow/.local/lib/python3.12/site-packages/airflow/example_dags/example_sensor_decorator.py for tasks to queue
[2026-06-08T11:25:21.511+0000] {logging_mixin.py:188} INFO - [2026-06-08T11:25:21.511+0000] {dagbag.py:545} INFO - Filling up the DagBag from /home/airflow/.local/lib/python3.12/site-packages/airflow/example_dags/example_sensor_decorator.py
[2026-06-08T11:25:21.518+0000] {processor.py:840} INFO - DAG(s) 'example_sensor_decorator' retrieved from /home/airflow/.local/lib/python3.12/site-packages/airflow/example_dags/example_sensor_decorator.py
[2026-06-08T11:25:21.544+0000] {logging_mixin.py:188} INFO - [2026-06-08T11:25:21.543+0000] {dag.py:3096} INFO - Sync 1 DAGs
[2026-06-08T11:25:21.559+0000] {logging_mixin.py:188} INFO - [2026-06-08T11:25:21.558+0000] {dag.py:3954} INFO - Setting next_dagrun for example_sensor_decorator to None, run_after=None
[2026-06-08T11:25:21.586+0000] {processor.py:183} INFO - Processing /home/airflow/.local/lib/python3.12/site-packages/airflow/example_dags/example_sensor_decorator.py took 0.086 seconds
[2026-06-08T11:25:52.483+0000] {processor.py:161} INFO - Started process (PID=32011) to work on /home/airflow/.local/lib/python3.12/site-packages/airflow/example_dags/example_sensor_decorator.py
[2026-06-08T11:25:52.484+0000] {processor.py:830} INFO - Processing file /home/airflow/.local/lib/python3.12/site-packages/airflow/example_dags/example_sensor_decorator.py for tasks to queue
[2026-06-08T11:25:52.486+0000] {logging_mixin.py:188} INFO - [2026-06-08T11:25:52.486+0000] {dagbag.py:545} INFO - Filling up the DagBag from /home/airflow/.local/lib/python3.12/site-packages/airflow/example_dags/example_sensor_decorator.py
[2026-06-08T11:25:52.493+0000] {processor.py:840} INFO - DAG(s) 'example_sensor_decorator' retrieved from /home/airflow/.local/lib/python3.12/site-packages/airflow/example_dags/example_sensor_decorator.py
[2026-06-08T11:25:52.517+0000] {logging_mixin.py:188} INFO - [2026-06-08T11:25:52.516+0000] {dag.py:3096} INFO - Sync 1 DAGs
[2026-06-08T11:25:52.531+0000] {logging_mixin.py:188} INFO - [2026-06-08T11:25:52.531+0000] {dag.py:3954} INFO - Setting next_dagrun for example_sensor_decorator to None, run_after=None
[2026-06-08T11:25:52.558+0000] {processor.py:183} INFO - Processing /home/airflow/.local/lib/python3.12/site-packages/airflow/example_dags/example_sensor_decorator.py took 0.081 seconds
[2026-06-08T11:26:22.744+0000] {processor.py:161} INFO - Started process (PID=32273) to work on /home/airflow/.local/lib/python3.12/site-packages/airflow/example_dags/example_sensor_decorator.py
[2026-06-08T11:26:22.745+0000] {processor.py:830} INFO - Processing file /home/airflow/.local/lib/python3.12/site-packages/airflow/example_dags/example_sensor_decorator.py for tasks to queue
[2026-06-08T11:26:22.747+0000] {logging_mixin.py:188} INFO - [2026-06-08T11:26:22.746+0000] {dagbag.py:545} INFO - Filling up the DagBag from /home/airflow/.local/lib/python3.12/site-packages/airflow/example_dags/example_sensor_decorator.py
[2026-06-08T11:26:22.752+0000] {processor.py:840} INFO - DAG(s) 'example_sensor_decorator' retrieved from /home/airflow/.local/lib/python3.12/site-packages/airflow/example_dags/example_sensor_decorator.py
[2026-06-08T11:26:22.777+0000] {logging_mixin.py:188} INFO - [2026-06-08T11:26:22.776+0000] {dag.py:3096} INFO - Sync 1 DAGs
[2026-06-08T11:26:22.791+0000] {logging_mixin.py:188} INFO - [2026-06-08T11:26:22.791+0000] {dag.py:3954} INFO - Setting next_dagrun for example_sensor_decorator to None, run_after=None
[2026-06-08T11:26:22.819+0000] {processor.py:183} INFO - Processing /home/airflow/.local/lib/python3.12/site-packages/airflow/example_dags/example_sensor_decorator.py took 0.081 seconds
[2026-06-08T11:26:52.984+0000] {processor.py:161} INFO - Started process (PID=32535) to work on /home/airflow/.local/lib/python3.12/site-packages/airflow/example_dags/example_sensor_decorator.py
[2026-06-08T11:26:52.985+0000] {processor.py:830} INFO - Processing file /home/airflow/.local/lib/python3.12/site-packages/airflow/example_dags/example_sensor_decorator.py for tasks to queue
[2026-06-08T11:26:52.988+0000] {logging_mixin.py:188} INFO - [2026-06-08T11:26:52.987+0000] {dagbag.py:545} INFO - Filling up the DagBag from /home/airflow/.local/lib/python3.12/site-packages/airflow/example_dags/example_sensor_decorator.py
[2026-06-08T11:26:52.993+0000] {processor.py:840} INFO - DAG(s) 'example_sensor_decorator' retrieved from /home/airflow/.local/lib/python3.12/site-packages/airflow/example_dags/example_sensor_decorator.py
[2026-06-08T11:26:53.018+0000] {logging_mixin.py:188} INFO - [2026-06-08T11:26:53.018+0000] {dag.py:3096} INFO - Sync 1 DAGs
[2026-06-08T11:26:53.036+0000] {logging_mixin.py:188} INFO - [2026-06-08T11:26:53.035+0000] {dag.py:3954} INFO - Setting next_dagrun for example_sensor_decorator to None, run_after=None
[2026-06-08T11:26:53.064+0000] {processor.py:183} INFO - Processing /home/airflow/.local/lib/python3.12/site-packages/airflow/example_dags/example_sensor_decorator.py took 0.087 seconds
[2026-06-08T11:27:23.203+0000] {processor.py:161} INFO - Started process (PID=32797) to work on /home/airflow/.local/lib/python3.12/site-packages/airflow/example_dags/example_sensor_decorator.py
[2026-06-08T11:27:23.205+0000] {processor.py:830} INFO - Processing file /home/airflow/.local/lib/python3.12/site-packages/airflow/example_dags/example_sensor_decorator.py for tasks to queue
[2026-06-08T11:27:23.207+0000] {logging_mixin.py:188} INFO - [2026-06-08T11:27:23.206+0000] {dagbag.py:545} INFO - Filling up the DagBag from /home/airflow/.local/lib/python3.12/site-packages/airflow/example_dags/example_sensor_decorator.py
[2026-06-08T11:27:23.213+0000] {processor.py:840} INFO - DAG(s) 'example_sensor_decorator' retrieved from /home/airflow/.local/lib/python3.12/site-packages/airflow/example_dags/example_sensor_decorator.py
[2026-06-08T11:27:23.242+0000] {logging_mixin.py:188} INFO - [2026-06-08T11:27:23.241+0000] {dag.py:3096} INFO - Sync 1 DAGs
[2026-06-08T11:27:23.260+0000] {logging_mixin.py:188} INFO - [2026-06-08T11:27:23.259+0000] {dag.py:3954} INFO - Setting next_dagrun for example_sensor_decorator to None, run_after=None
[2026-06-08T11:27:23.287+0000] {processor.py:183} INFO - Processing /home/airflow/.local/lib/python3.12/site-packages/airflow/example_dags/example_sensor_decorator.py took 0.090 seconds
[2026-06-08T11:27:53.481+0000] {processor.py:161} INFO - Started process (PID=33059) to work on /home/airflow/.local/lib/python3.12/site-packages/airflow/example_dags/example_sensor_decorator.py
[2026-06-08T11:27:53.482+0000] {processor.py:830} INFO - Processing file /home/airflow/.local/lib/python3.12/site-packages/airflow/example_dags/example_sensor_decorator.py for tasks to queue
[2026-06-08T11:27:53.483+0000] {logging_mixin.py:188} INFO - [2026-06-08T11:27:53.483+0000] {dagbag.py:545} INFO - Filling up the DagBag from /home/airflow/.local/lib/python3.12/site-packages/airflow/example_dags/example_sensor_decorator.py
[2026-06-08T11:27:53.490+0000] {processor.py:840} INFO - DAG(s) 'example_sensor_decorator' retrieved from /home/airflow/.local/lib/python3.12/site-packages/airflow/example_dags/example_sensor_decorator.py
[2026-06-08T11:27:53.524+0000] {logging_mixin.py:188} INFO - [2026-06-08T11:27:53.524+0000] {dag.py:3096} INFO - Sync 1 DAGs
[2026-06-08T11:27:53.542+0000] {logging_mixin.py:188} INFO - [2026-06-08T11:27:53.542+0000] {dag.py:3954} INFO - Setting next_dagrun for example_sensor_decorator to None, run_after=None
[2026-06-08T11:27:53.572+0000] {processor.py:183} INFO - Processing /home/airflow/.local/lib/python3.12/site-packages/airflow/example_dags/example_sensor_decorator.py took 0.098 seconds
[2026-06-08T11:28:23.650+0000] {processor.py:161} INFO - Started process (PID=33321) to work on /home/airflow/.local/lib/python3.12/site-packages/airflow/example_dags/example_sensor_decorator.py
[2026-06-08T11:28:23.651+0000] {processor.py:830} INFO - Processing file /home/airflow/.local/lib/python3.12/site-packages/airflow/example_dags/example_sensor_decorator.py for tasks to queue
[2026-06-08T11:28:23.653+0000] {logging_mixin.py:188} INFO - [2026-06-08T11:28:23.653+0000] {dagbag.py:545} INFO - Filling up the DagBag from /home/airflow/.local/lib/python3.12/site-packages/airflow/example_dags/example_sensor_decorator.py
[2026-06-08T11:28:23.658+0000] {processor.py:840} INFO - DAG(s) 'example_sensor_decorator' retrieved from /home/airflow/.local/lib/python3.12/site-packages/airflow/example_dags/example_sensor_decorator.py
[2026-06-08T11:28:23.682+0000] {logging_mixin.py:188} INFO - [2026-06-08T11:28:23.682+0000] {dag.py:3096} INFO - Sync 1 DAGs
[2026-06-08T11:28:23.699+0000] {logging_mixin.py:188} INFO - [2026-06-08T11:28:23.698+0000] {dag.py:3954} INFO - Setting next_dagrun for example_sensor_decorator to None, run_after=None
[2026-06-08T11:28:23.725+0000] {processor.py:183} INFO - Processing /home/airflow/.local/lib/python3.12/site-packages/airflow/example_dags/example_sensor_decorator.py took 0.081 seconds
[2026-06-08T11:28:54.002+0000] {processor.py:161} INFO - Started process (PID=33583) to work on /home/airflow/.local/lib/python3.12/site-packages/airflow/example_dags/example_sensor_decorator.py
[2026-06-08T11:28:54.004+0000] {processor.py:830} INFO - Processing file /home/airflow/.local/lib/python3.12/site-packages/airflow/example_dags/example_sensor_decorator.py for tasks to queue
[2026-06-08T11:28:54.007+0000] {logging_mixin.py:188} INFO - [2026-06-08T11:28:54.006+0000] {dagbag.py:545} INFO - Filling up the DagBag from /home/airflow/.local/lib/python3.12/site-packages/airflow/example_dags/example_sensor_decorator.py
[2026-06-08T11:28:54.014+0000] {processor.py:840} INFO - DAG(s) 'example_sensor_decorator' retrieved from /home/airflow/.local/lib/python3.12/site-packages/airflow/example_dags/example_sensor_decorator.py
[2026-06-08T11:28:54.037+0000] {logging_mixin.py:188} INFO - [2026-06-08T11:28:54.036+0000] {dag.py:3096} INFO - Sync 1 DAGs
[2026-06-08T11:28:54.051+0000] {logging_mixin.py:188} INFO - [2026-06-08T11:28:54.051+0000] {dag.py:3954} INFO - Setting next_dagrun for example_sensor_decorator to None, run_after=None
[2026-06-08T11:28:54.079+0000] {processor.py:183} INFO - Processing /home/airflow/.local/lib/python3.12/site-packages/airflow/example_dags/example_sensor_decorator.py took 0.083 seconds
[2026-06-08T11:29:24.315+0000] {processor.py:161} INFO - Started process (PID=33845) to work on /home/airflow/.local/lib/python3.12/site-packages/airflow/example_dags/example_sensor_decorator.py
[2026-06-08T11:29:24.316+0000] {processor.py:830} INFO - Processing file /home/airflow/.local/lib/python3.12/site-packages/airflow/example_dags/example_sensor_decorator.py for tasks to queue
[2026-06-08T11:29:24.317+0000] {logging_mixin.py:188} INFO - [2026-06-08T11:29:24.317+0000] {dagbag.py:545} INFO - Filling up the DagBag from /home/airflow/.local/lib/python3.12/site-packages/airflow/example_dags/example_sensor_decorator.py
[2026-06-08T11:29:24.323+0000] {processor.py:840} INFO - DAG(s) 'example_sensor_decorator' retrieved from /home/airflow/.local/lib/python3.12/site-packages/airflow/example_dags/example_sensor_decorator.py
[2026-06-08T11:29:24.347+0000] {logging_mixin.py:188} INFO - [2026-06-08T11:29:24.347+0000] {dag.py:3096} INFO - Sync 1 DAGs
[2026-06-08T11:29:24.360+0000] {logging_mixin.py:188} INFO - [2026-06-08T11:29:24.360+0000] {dag.py:3954} INFO - Setting next_dagrun for example_sensor_decorator to None, run_after=None
[2026-06-08T11:29:24.383+0000] {processor.py:183} INFO - Processing /home/airflow/.local/lib/python3.12/site-packages/airflow/example_dags/example_sensor_decorator.py took 0.074 seconds
[2026-06-08T11:29:54.644+0000] {processor.py:161} INFO - Started process (PID=34107) to work on /home/airflow/.local/lib/python3.12/site-packages/airflow/example_dags/example_sensor_decorator.py
[2026-06-08T11:29:54.647+0000] {processor.py:830} INFO - Processing file /home/airflow/.local/lib/python3.12/site-packages/airflow/example_dags/example_sensor_decorator.py for tasks to queue
[2026-06-08T11:29:54.649+0000] {logging_mixin.py:188} INFO - [2026-06-08T11:29:54.648+0000] {dagbag.py:545} INFO - Filling up the DagBag from /home/airflow/.local/lib/python3.12/site-packages/airflow/example_dags/example_sensor_decorator.py
[2026-06-08T11:29:54.656+0000] {processor.py:840} INFO - DAG(s) 'example_sensor_decorator' retrieved from /home/airflow/.local/lib/python3.12/site-packages/airflow/example_dags/example_sensor_decorator.py
[2026-06-08T11:29:54.681+0000] {logging_mixin.py:188} INFO - [2026-06-08T11:29:54.680+0000] {dag.py:3096} INFO - Sync 1 DAGs
[2026-06-08T11:29:54.695+0000] {logging_mixin.py:188} INFO - [2026-06-08T11:29:54.695+0000] {dag.py:3954} INFO - Setting next_dagrun for example_sensor_decorator to None, run_after=None
[2026-06-08T11:29:54.720+0000] {processor.py:183} INFO - Processing /home/airflow/.local/lib/python3.12/site-packages/airflow/example_dags/example_sensor_decorator.py took 0.081 seconds
[2026-06-08T11:30:25.031+0000] {processor.py:161} INFO - Started process (PID=34369) to work on /home/airflow/.local/lib/python3.12/site-packages/airflow/example_dags/example_sensor_decorator.py
[2026-06-08T11:30:25.033+0000] {processor.py:830} INFO - Processing file /home/airflow/.local/lib/python3.12/site-packages/airflow/example_dags/example_sensor_decorator.py for tasks to queue
[2026-06-08T11:30:25.035+0000] {logging_mixin.py:188} INFO - [2026-06-08T11:30:25.034+0000] {dagbag.py:545} INFO - Filling up the DagBag from /home/airflow/.local/lib/python3.12/site-packages/airflow/example_dags/example_sensor_decorator.py
[2026-06-08T11:30:25.042+0000] {processor.py:840} INFO - DAG(s) 'example_sensor_decorator' retrieved from /home/airflow/.local/lib/python3.12/site-packages/airflow/example_dags/example_sensor_decorator.py
[2026-06-08T11:30:25.069+0000] {logging_mixin.py:188} INFO - [2026-06-08T11:30:25.069+0000] {dag.py:3096} INFO - Sync 1 DAGs
[2026-06-08T11:30:25.086+0000] {logging_mixin.py:188} INFO - [2026-06-08T11:30:25.086+0000] {dag.py:3954} INFO - Setting next_dagrun for example_sensor_decorator to None, run_after=None
[2026-06-08T11:30:25.120+0000] {processor.py:183} INFO - Processing /home/airflow/.local/lib/python3.12/site-packages/airflow/example_dags/example_sensor_decorator.py took 0.098 seconds
[2026-06-08T11:30:55.286+0000] {processor.py:161} INFO - Started process (PID=34631) to work on /home/airflow/.local/lib/python3.12/site-packages/airflow/example_dags/example_sensor_decorator.py
[2026-06-08T11:30:55.287+0000] {processor.py:830} INFO - Processing file /home/airflow/.local/lib/python3.12/site-packages/airflow/example_dags/example_sensor_decorator.py for tasks to queue
[2026-06-08T11:30:55.290+0000] {logging_mixin.py:188} INFO - [2026-06-08T11:30:55.290+0000] {dagbag.py:545} INFO - Filling up the DagBag from /home/airflow/.local/lib/python3.12/site-packages/airflow/example_dags/example_sensor_decorator.py
[2026-06-08T11:30:55.296+0000] {processor.py:840} INFO - DAG(s) 'example_sensor_decorator' retrieved from /home/airflow/.local/lib/python3.12/site-packages/airflow/example_dags/example_sensor_decorator.py
[2026-06-08T11:30:55.322+0000] {logging_mixin.py:188} INFO - [2026-06-08T11:30:55.321+0000] {dag.py:3096} INFO - Sync 1 DAGs
[2026-06-08T11:30:55.338+0000] {logging_mixin.py:188} INFO - [2026-06-08T11:30:55.337+0000] {dag.py:3954} INFO - Setting next_dagrun for example_sensor_decorator to None, run_after=None
[2026-06-08T11:30:55.365+0000] {processor.py:183} INFO - Processing /home/airflow/.local/lib/python3.12/site-packages/airflow/example_dags/example_sensor_decorator.py took 0.087 seconds
[2026-06-08T11:31:25.992+0000] {processor.py:161} INFO - Started process (PID=34894) to work on /home/airflow/.local/lib/python3.12/site-packages/airflow/example_dags/example_sensor_decorator.py
[2026-06-08T11:31:25.994+0000] {processor.py:830} INFO - Processing file /home/airflow/.local/lib/python3.12/site-packages/airflow/example_dags/example_sensor_decorator.py for tasks to queue
[2026-06-08T11:31:25.997+0000] {logging_mixin.py:188} INFO - [2026-06-08T11:31:25.996+0000] {dagbag.py:545} INFO - Filling up the DagBag from /home/airflow/.local/lib/python3.12/site-packages/airflow/example_dags/example_sensor_decorator.py
[2026-06-08T11:31:26.005+0000] {processor.py:840} INFO - DAG(s) 'example_sensor_decorator' retrieved from /home/airflow/.local/lib/python3.12/site-packages/airflow/example_dags/example_sensor_decorator.py
[2026-06-08T11:31:26.033+0000] {logging_mixin.py:188} INFO - [2026-06-08T11:31:26.032+0000] {dag.py:3096} INFO - Sync 1 DAGs
[2026-06-08T11:31:26.048+0000] {logging_mixin.py:188} INFO - [2026-06-08T11:31:26.048+0000] {dag.py:3954} INFO - Setting next_dagrun for example_sensor_decorator to None, run_after=None
[2026-06-08T11:31:26.077+0000] {processor.py:183} INFO - Processing /home/airflow/.local/lib/python3.12/site-packages/airflow/example_dags/example_sensor_decorator.py took 0.093 seconds
[2026-06-08T11:31:56.383+0000] {processor.py:161} INFO - Started process (PID=35156) to work on /home/airflow/.local/lib/python3.12/site-packages/airflow/example_dags/example_sensor_decorator.py
[2026-06-08T11:31:56.384+0000] {processor.py:830} INFO - Processing file /home/airflow/.local/lib/python3.12/site-packages/airflow/example_dags/example_sensor_decorator.py for tasks to queue
[2026-06-08T11:31:56.388+0000] {logging_mixin.py:188} INFO - [2026-06-08T11:31:56.387+0000] {dagbag.py:545} INFO - Filling up the DagBag from /home/airflow/.local/lib/python3.12/site-packages/airflow/example_dags/example_sensor_decorator.py
[2026-06-08T11:31:56.395+0000] {processor.py:840} INFO - DAG(s) 'example_sensor_decorator' retrieved from /home/airflow/.local/lib/python3.12/site-packages/airflow/example_dags/example_sensor_decorator.py
[2026-06-08T11:31:56.418+0000] {logging_mixin.py:188} INFO - [2026-06-08T11:31:56.417+0000] {dag.py:3096} INFO - Sync 1 DAGs
[2026-06-08T11:31:56.433+0000] {logging_mixin.py:188} INFO - [2026-06-08T11:31:56.432+0000] {dag.py:3954} INFO - Setting next_dagrun for example_sensor_decorator to None, run_after=None
[2026-06-08T11:31:56.457+0000] {processor.py:183} INFO - Processing /home/airflow/.local/lib/python3.12/site-packages/airflow/example_dags/example_sensor_decorator.py took 0.080 seconds
[2026-06-08T11:32:26.611+0000] {processor.py:161} INFO - Started process (PID=35418) to work on /home/airflow/.local/lib/python3.12/site-packages/airflow/example_dags/example_sensor_decorator.py
[2026-06-08T11:32:26.612+0000] {processor.py:830} INFO - Processing file /home/airflow/.local/lib/python3.12/site-packages/airflow/example_dags/example_sensor_decorator.py for tasks to queue
[2026-06-08T11:32:26.614+0000] {logging_mixin.py:188} INFO - [2026-06-08T11:32:26.613+0000] {dagbag.py:545} INFO - Filling up the DagBag from /home/airflow/.local/lib/python3.12/site-packages/airflow/example_dags/example_sensor_decorator.py
[2026-06-08T11:32:26.620+0000] {processor.py:840} INFO - DAG(s) 'example_sensor_decorator' retrieved from /home/airflow/.local/lib/python3.12/site-packages/airflow/example_dags/example_sensor_decorator.py
[2026-06-08T11:32:26.648+0000] {logging_mixin.py:188} INFO - [2026-06-08T11:32:26.648+0000] {dag.py:3096} INFO - Sync 1 DAGs
[2026-06-08T11:32:26.663+0000] {logging_mixin.py:188} INFO - [2026-06-08T11:32:26.662+0000] {dag.py:3954} INFO - Setting next_dagrun for example_sensor_decorator to None, run_after=None
[2026-06-08T11:32:26.690+0000] {processor.py:183} INFO - Processing /home/airflow/.local/lib/python3.12/site-packages/airflow/example_dags/example_sensor_decorator.py took 0.085 seconds
[2026-06-08T11:32:56.901+0000] {processor.py:161} INFO - Started process (PID=35679) to work on /home/airflow/.local/lib/python3.12/site-packages/airflow/example_dags/example_sensor_decorator.py
[2026-06-08T11:32:56.903+0000] {processor.py:830} INFO - Processing file /home/airflow/.local/lib/python3.12/site-packages/airflow/example_dags/example_sensor_decorator.py for tasks to queue
[2026-06-08T11:32:56.904+0000] {logging_mixin.py:188} INFO - [2026-06-08T11:32:56.904+0000] {dagbag.py:545} INFO - Filling up the DagBag from /home/airflow/.local/lib/python3.12/site-packages/airflow/example_dags/example_sensor_decorator.py
[2026-06-08T11:32:56.911+0000] {processor.py:840} INFO - DAG(s) 'example_sensor_decorator' retrieved from /home/airflow/.local/lib/python3.12/site-packages/airflow/example_dags/example_sensor_decorator.py
[2026-06-08T11:32:56.940+0000] {logging_mixin.py:188} INFO - [2026-06-08T11:32:56.939+0000] {dag.py:3096} INFO - Sync 1 DAGs
[2026-06-08T11:32:56.956+0000] {logging_mixin.py:188} INFO - [2026-06-08T11:32:56.956+0000] {dag.py:3954} INFO - Setting next_dagrun for example_sensor_decorator to None, run_after=None
[2026-06-08T11:32:56.983+0000] {processor.py:183} INFO - Processing /home/airflow/.local/lib/python3.12/site-packages/airflow/example_dags/example_sensor_decorator.py took 0.089 seconds
[2026-06-08T11:33:27.535+0000] {processor.py:161} INFO - Started process (PID=35948) to work on /home/airflow/.local/lib/python3.12/site-packages/airflow/example_dags/example_sensor_decorator.py
[2026-06-08T11:33:27.537+0000] {processor.py:830} INFO - Processing file /home/airflow/.local/lib/python3.12/site-packages/airflow/example_dags/example_sensor_decorator.py for tasks to queue
[2026-06-08T11:33:27.538+0000] {logging_mixin.py:188} INFO - [2026-06-08T11:33:27.538+0000] {dagbag.py:545} INFO - Filling up the DagBag from /home/airflow/.local/lib/python3.12/site-packages/airflow/example_dags/example_sensor_decorator.py
[2026-06-08T11:33:27.546+0000] {processor.py:840} INFO - DAG(s) 'example_sensor_decorator' retrieved from /home/airflow/.local/lib/python3.12/site-packages/airflow/example_dags/example_sensor_decorator.py
[2026-06-08T11:33:27.569+0000] {logging_mixin.py:188} INFO - [2026-06-08T11:33:27.569+0000] {dag.py:3096} INFO - Sync 1 DAGs
[2026-06-08T11:33:27.586+0000] {logging_mixin.py:188} INFO - [2026-06-08T11:33:27.586+0000] {dag.py:3954} INFO - Setting next_dagrun for example_sensor_decorator to None, run_after=None
[2026-06-08T11:33:27.612+0000] {processor.py:183} INFO - Processing /home/airflow/.local/lib/python3.12/site-packages/airflow/example_dags/example_sensor_decorator.py took 0.084 seconds
[2026-06-08T11:33:58.054+0000] {processor.py:161} INFO - Started process (PID=36210) to work on /home/airflow/.local/lib/python3.12/site-packages/airflow/example_dags/example_sensor_decorator.py
[2026-06-08T11:33:58.055+0000] {processor.py:830} INFO - Processing file /home/airflow/.local/lib/python3.12/site-packages/airflow/example_dags/example_sensor_decorator.py for tasks to queue
[2026-06-08T11:33:58.058+0000] {logging_mixin.py:188} INFO - [2026-06-08T11:33:58.057+0000] {dagbag.py:545} INFO - Filling up the DagBag from /home/airflow/.local/lib/python3.12/site-packages/airflow/example_dags/example_sensor_decorator.py
[2026-06-08T11:33:58.066+0000] {processor.py:840} INFO - DAG(s) 'example_sensor_decorator' retrieved from /home/airflow/.local/lib/python3.12/site-packages/airflow/example_dags/example_sensor_decorator.py
[2026-06-08T11:33:58.091+0000] {logging_mixin.py:188} INFO - [2026-06-08T11:33:58.091+0000] {dag.py:3096} INFO - Sync 1 DAGs
[2026-06-08T11:33:58.106+0000] {logging_mixin.py:188} INFO - [2026-06-08T11:33:58.106+0000] {dag.py:3954} INFO - Setting next_dagrun for example_sensor_decorator to None, run_after=None
[2026-06-08T11:33:58.132+0000] {processor.py:183} INFO - Processing /home/airflow/.local/lib/python3.12/site-packages/airflow/example_dags/example_sensor_decorator.py took 0.085 seconds
[2026-06-08T11:34:28.469+0000] {processor.py:161} INFO - Started process (PID=36472) to work on /home/airflow/.local/lib/python3.12/site-packages/airflow/example_dags/example_sensor_decorator.py
[2026-06-08T11:34:28.471+0000] {processor.py:830} INFO - Processing file /home/airflow/.local/lib/python3.12/site-packages/airflow/example_dags/example_sensor_decorator.py for tasks to queue
[2026-06-08T11:34:28.473+0000] {logging_mixin.py:188} INFO - [2026-06-08T11:34:28.472+0000] {dagbag.py:545} INFO - Filling up the DagBag from /home/airflow/.local/lib/python3.12/site-packages/airflow/example_dags/example_sensor_decorator.py
[2026-06-08T11:34:28.479+0000] {processor.py:840} INFO - DAG(s) 'example_sensor_decorator' retrieved from /home/airflow/.local/lib/python3.12/site-packages/airflow/example_dags/example_sensor_decorator.py
[2026-06-08T11:34:28.501+0000] {logging_mixin.py:188} INFO - [2026-06-08T11:34:28.501+0000] {dag.py:3096} INFO - Sync 1 DAGs
[2026-06-08T11:34:28.514+0000] {logging_mixin.py:188} INFO - [2026-06-08T11:34:28.514+0000] {dag.py:3954} INFO - Setting next_dagrun for example_sensor_decorator to None, run_after=None
[2026-06-08T11:34:28.542+0000] {processor.py:183} INFO - Processing /home/airflow/.local/lib/python3.12/site-packages/airflow/example_dags/example_sensor_decorator.py took 0.079 seconds
[2026-06-08T11:34:58.590+0000] {processor.py:161} INFO - Started process (PID=36735) to work on /home/airflow/.local/lib/python3.12/site-packages/airflow/example_dags/example_sensor_decorator.py
[2026-06-08T11:34:58.592+0000] {processor.py:830} INFO - Processing file /home/airflow/.local/lib/python3.12/site-packages/airflow/example_dags/example_sensor_decorator.py for tasks to queue
[2026-06-08T11:34:58.594+0000] {logging_mixin.py:188} INFO - [2026-06-08T11:34:58.593+0000] {dagbag.py:545} INFO - Filling up the DagBag from /home/airflow/.local/lib/python3.12/site-packages/airflow/example_dags/example_sensor_decorator.py
[2026-06-08T11:34:58.601+0000] {processor.py:840} INFO - DAG(s) 'example_sensor_decorator' retrieved from /home/airflow/.local/lib/python3.12/site-packages/airflow/example_dags/example_sensor_decorator.py
[2026-06-08T11:34:58.630+0000] {logging_mixin.py:188} INFO - [2026-06-08T11:34:58.629+0000] {dag.py:3096} INFO - Sync 1 DAGs
[2026-06-08T11:34:58.646+0000] {logging_mixin.py:188} INFO - [2026-06-08T11:34:58.646+0000] {dag.py:3954} INFO - Setting next_dagrun for example_sensor_decorator to None, run_after=None
[2026-06-08T11:34:58.673+0000] {processor.py:183} INFO - Processing /home/airflow/.local/lib/python3.12/site-packages/airflow/example_dags/example_sensor_decorator.py took 0.089 seconds
[2026-06-08T11:35:28.828+0000] {processor.py:161} INFO - Started process (PID=37005) to work on /home/airflow/.local/lib/python3.12/site-packages/airflow/example_dags/example_sensor_decorator.py
[2026-06-08T11:35:28.829+0000] {processor.py:830} INFO - Processing file /home/airflow/.local/lib/python3.12/site-packages/airflow/example_dags/example_sensor_decorator.py for tasks to queue
[2026-06-08T11:35:28.832+0000] {logging_mixin.py:188} INFO - [2026-06-08T11:35:28.832+0000] {dagbag.py:545} INFO - Filling up the DagBag from /home/airflow/.local/lib/python3.12/site-packages/airflow/example_dags/example_sensor_decorator.py
[2026-06-08T11:35:28.840+0000] {processor.py:840} INFO - DAG(s) 'example_sensor_decorator' retrieved from /home/airflow/.local/lib/python3.12/site-packages/airflow/example_dags/example_sensor_decorator.py
[2026-06-08T11:35:28.867+0000] {logging_mixin.py:188} INFO - [2026-06-08T11:35:28.866+0000] {dag.py:3096} INFO - Sync 1 DAGs
[2026-06-08T11:35:28.882+0000] {logging_mixin.py:188} INFO - [2026-06-08T11:35:28.882+0000] {dag.py:3954} INFO - Setting next_dagrun for example_sensor_decorator to None, run_after=None
[2026-06-08T11:35:28.913+0000] {processor.py:183} INFO - Processing /home/airflow/.local/lib/python3.12/site-packages/airflow/example_dags/example_sensor_decorator.py took 0.092 seconds
[2026-06-08T11:35:58.999+0000] {processor.py:161} INFO - Started process (PID=37267) to work on /home/airflow/.local/lib/python3.12/site-packages/airflow/example_dags/example_sensor_decorator.py
[2026-06-08T11:35:59.001+0000] {processor.py:830} INFO - Processing file /home/airflow/.local/lib/python3.12/site-packages/airflow/example_dags/example_sensor_decorator.py for tasks to queue
[2026-06-08T11:35:59.002+0000] {logging_mixin.py:188} INFO - [2026-06-08T11:35:59.002+0000] {dagbag.py:545} INFO - Filling up the DagBag from /home/airflow/.local/lib/python3.12/site-packages/airflow/example_dags/example_sensor_decorator.py
[2026-06-08T11:35:59.009+0000] {processor.py:840} INFO - DAG(s) 'example_sensor_decorator' retrieved from /home/airflow/.local/lib/python3.12/site-packages/airflow/example_dags/example_sensor_decorator.py
[2026-06-08T11:35:59.033+0000] {logging_mixin.py:188} INFO - [2026-06-08T11:35:59.032+0000] {dag.py:3096} INFO - Sync 1 DAGs
[2026-06-08T11:35:59.046+0000] {logging_mixin.py:188} INFO - [2026-06-08T11:35:59.046+0000] {dag.py:3954} INFO - Setting next_dagrun for example_sensor_decorator to None, run_after=None
[2026-06-08T11:35:59.072+0000] {processor.py:183} INFO - Processing /home/airflow/.local/lib/python3.12/site-packages/airflow/example_dags/example_sensor_decorator.py took 0.079 seconds
[2026-06-08T11:36:29.239+0000] {processor.py:161} INFO - Started process (PID=37530) to work on /home/airflow/.local/lib/python3.12/site-packages/airflow/example_dags/example_sensor_decorator.py
[2026-06-08T11:36:29.240+0000] {processor.py:830} INFO - Processing file /home/airflow/.local/lib/python3.12/site-packages/airflow/example_dags/example_sensor_decorator.py for tasks to queue
[2026-06-08T11:36:29.243+0000] {logging_mixin.py:188} INFO - [2026-06-08T11:36:29.242+0000] {dagbag.py:545} INFO - Filling up the DagBag from /home/airflow/.local/lib/python3.12/site-packages/airflow/example_dags/example_sensor_decorator.py
[2026-06-08T11:36:29.250+0000] {processor.py:840} INFO - DAG(s) 'example_sensor_decorator' retrieved from /home/airflow/.local/lib/python3.12/site-packages/airflow/example_dags/example_sensor_decorator.py
[2026-06-08T11:36:29.274+0000] {logging_mixin.py:188} INFO - [2026-06-08T11:36:29.274+0000] {dag.py:3096} INFO - Sync 1 DAGs
[2026-06-08T11:36:29.291+0000] {logging_mixin.py:188} INFO - [2026-06-08T11:36:29.290+0000] {dag.py:3954} INFO - Setting next_dagrun for example_sensor_decorator to None, run_after=None
[2026-06-08T11:36:29.322+0000] {processor.py:183} INFO - Processing /home/airflow/.local/lib/python3.12/site-packages/airflow/example_dags/example_sensor_decorator.py took 0.090 seconds
[2026-06-08T11:36:59.725+0000] {processor.py:161} INFO - Started process (PID=37784) to work on /home/airflow/.local/lib/python3.12/site-packages/airflow/example_dags/example_sensor_decorator.py
[2026-06-08T11:36:59.727+0000] {processor.py:830} INFO - Processing file /home/airflow/.local/lib/python3.12/site-packages/airflow/example_dags/example_sensor_decorator.py for tasks to queue
[2026-06-08T11:36:59.730+0000] {logging_mixin.py:188} INFO - [2026-06-08T11:36:59.729+0000] {dagbag.py:545} INFO - Filling up the DagBag from /home/airflow/.local/lib/python3.12/site-packages/airflow/example_dags/example_sensor_decorator.py
[2026-06-08T11:36:59.738+0000] {processor.py:840} INFO - DAG(s) 'example_sensor_decorator' retrieved from /home/airflow/.local/lib/python3.12/site-packages/airflow/example_dags/example_sensor_decorator.py
[2026-06-08T11:36:59.770+0000] {logging_mixin.py:188} INFO - [2026-06-08T11:36:59.770+0000] {dag.py:3096} INFO - Sync 1 DAGs
[2026-06-08T11:36:59.789+0000] {logging_mixin.py:188} INFO - [2026-06-08T11:36:59.788+0000] {dag.py:3954} INFO - Setting next_dagrun for example_sensor_decorator to None, run_after=None
[2026-06-08T11:36:59.816+0000] {processor.py:183} INFO - Processing /home/airflow/.local/lib/python3.12/site-packages/airflow/example_dags/example_sensor_decorator.py took 0.099 seconds
[2026-06-08T11:37:30.237+0000] {processor.py:161} INFO - Started process (PID=38046) to work on /home/airflow/.local/lib/python3.12/site-packages/airflow/example_dags/example_sensor_decorator.py
[2026-06-08T11:37:30.239+0000] {processor.py:830} INFO - Processing file /home/airflow/.local/lib/python3.12/site-packages/airflow/example_dags/example_sensor_decorator.py for tasks to queue
[2026-06-08T11:37:30.240+0000] {logging_mixin.py:188} INFO - [2026-06-08T11:37:30.240+0000] {dagbag.py:545} INFO - Filling up the DagBag from /home/airflow/.local/lib/python3.12/site-packages/airflow/example_dags/example_sensor_decorator.py
[2026-06-08T11:37:30.246+0000] {processor.py:840} INFO - DAG(s) 'example_sensor_decorator' retrieved from /home/airflow/.local/lib/python3.12/site-packages/airflow/example_dags/example_sensor_decorator.py
[2026-06-08T11:37:30.266+0000] {logging_mixin.py:188} INFO - [2026-06-08T11:37:30.266+0000] {dag.py:3096} INFO - Sync 1 DAGs
[2026-06-08T11:37:30.279+0000] {logging_mixin.py:188} INFO - [2026-06-08T11:37:30.279+0000] {dag.py:3954} INFO - Setting next_dagrun for example_sensor_decorator to None, run_after=None
[2026-06-08T11:37:30.302+0000] {processor.py:183} INFO - Processing /home/airflow/.local/lib/python3.12/site-packages/airflow/example_dags/example_sensor_decorator.py took 0.070 seconds
[2026-06-08T11:38:00.750+0000] {processor.py:161} INFO - Started process (PID=38308) to work on /home/airflow/.local/lib/python3.12/site-packages/airflow/example_dags/example_sensor_decorator.py
[2026-06-08T11:38:00.751+0000] {processor.py:830} INFO - Processing file /home/airflow/.local/lib/python3.12/site-packages/airflow/example_dags/example_sensor_decorator.py for tasks to queue
[2026-06-08T11:38:00.754+0000] {logging_mixin.py:188} INFO - [2026-06-08T11:38:00.753+0000] {dagbag.py:545} INFO - Filling up the DagBag from /home/airflow/.local/lib/python3.12/site-packages/airflow/example_dags/example_sensor_decorator.py
[2026-06-08T11:38:00.761+0000] {processor.py:840} INFO - DAG(s) 'example_sensor_decorator' retrieved from /home/airflow/.local/lib/python3.12/site-packages/airflow/example_dags/example_sensor_decorator.py
[2026-06-08T11:38:00.785+0000] {logging_mixin.py:188} INFO - [2026-06-08T11:38:00.785+0000] {dag.py:3096} INFO - Sync 1 DAGs
[2026-06-08T11:38:00.800+0000] {logging_mixin.py:188} INFO - [2026-06-08T11:38:00.800+0000] {dag.py:3954} INFO - Setting next_dagrun for example_sensor_decorator to None, run_after=None
[2026-06-08T11:38:00.826+0000] {processor.py:183} INFO - Processing /home/airflow/.local/lib/python3.12/site-packages/airflow/example_dags/example_sensor_decorator.py took 0.082 seconds
[2026-06-08T11:38:30.970+0000] {processor.py:161} INFO - Started process (PID=38570) to work on /home/airflow/.local/lib/python3.12/site-packages/airflow/example_dags/example_sensor_decorator.py
[2026-06-08T11:38:30.971+0000] {processor.py:830} INFO - Processing file /home/airflow/.local/lib/python3.12/site-packages/airflow/example_dags/example_sensor_decorator.py for tasks to queue
[2026-06-08T11:38:30.973+0000] {logging_mixin.py:188} INFO - [2026-06-08T11:38:30.973+0000] {dagbag.py:545} INFO - Filling up the DagBag from /home/airflow/.local/lib/python3.12/site-packages/airflow/example_dags/example_sensor_decorator.py
[2026-06-08T11:38:30.978+0000] {processor.py:840} INFO - DAG(s) 'example_sensor_decorator' retrieved from /home/airflow/.local/lib/python3.12/site-packages/airflow/example_dags/example_sensor_decorator.py
[2026-06-08T11:38:31.000+0000] {logging_mixin.py:188} INFO - [2026-06-08T11:38:30.999+0000] {dag.py:3096} INFO - Sync 1 DAGs
[2026-06-08T11:38:31.012+0000] {logging_mixin.py:188} INFO - [2026-06-08T11:38:31.012+0000] {dag.py:3954} INFO - Setting next_dagrun for example_sensor_decorator to None, run_after=None
[2026-06-08T11:38:31.034+0000] {processor.py:183} INFO - Processing /home/airflow/.local/lib/python3.12/site-packages/airflow/example_dags/example_sensor_decorator.py took 0.070 seconds
[2026-06-08T11:39:01.218+0000] {processor.py:161} INFO - Started process (PID=38832) to work on /home/airflow/.local/lib/python3.12/site-packages/airflow/example_dags/example_sensor_decorator.py
[2026-06-08T11:39:01.219+0000] {processor.py:830} INFO - Processing file /home/airflow/.local/lib/python3.12/site-packages/airflow/example_dags/example_sensor_decorator.py for tasks to queue
[2026-06-08T11:39:01.221+0000] {logging_mixin.py:188} INFO - [2026-06-08T11:39:01.221+0000] {dagbag.py:545} INFO - Filling up the DagBag from /home/airflow/.local/lib/python3.12/site-packages/airflow/example_dags/example_sensor_decorator.py
[2026-06-08T11:39:01.227+0000] {processor.py:840} INFO - DAG(s) 'example_sensor_decorator' retrieved from /home/airflow/.local/lib/python3.12/site-packages/airflow/example_dags/example_sensor_decorator.py
[2026-06-08T11:39:01.248+0000] {logging_mixin.py:188} INFO - [2026-06-08T11:39:01.248+0000] {dag.py:3096} INFO - Sync 1 DAGs
[2026-06-08T11:39:01.260+0000] {logging_mixin.py:188} INFO - [2026-06-08T11:39:01.260+0000] {dag.py:3954} INFO - Setting next_dagrun for example_sensor_decorator to None, run_after=None
[2026-06-08T11:39:01.279+0000] {processor.py:183} INFO - Processing /home/airflow/.local/lib/python3.12/site-packages/airflow/example_dags/example_sensor_decorator.py took 0.066 seconds
[2026-06-08T11:39:31.573+0000] {processor.py:161} INFO - Started process (PID=39094) to work on /home/airflow/.local/lib/python3.12/site-packages/airflow/example_dags/example_sensor_decorator.py
[2026-06-08T11:39:31.575+0000] {processor.py:830} INFO - Processing file /home/airflow/.local/lib/python3.12/site-packages/airflow/example_dags/example_sensor_decorator.py for tasks to queue
[2026-06-08T11:39:31.576+0000] {logging_mixin.py:188} INFO - [2026-06-08T11:39:31.576+0000] {dagbag.py:545} INFO - Filling up the DagBag from /home/airflow/.local/lib/python3.12/site-packages/airflow/example_dags/example_sensor_decorator.py
[2026-06-08T11:39:31.582+0000] {processor.py:840} INFO - DAG(s) 'example_sensor_decorator' retrieved from /home/airflow/.local/lib/python3.12/site-packages/airflow/example_dags/example_sensor_decorator.py
[2026-06-08T11:39:31.603+0000] {logging_mixin.py:188} INFO - [2026-06-08T11:39:31.603+0000] {dag.py:3096} INFO - Sync 1 DAGs
[2026-06-08T11:39:31.615+0000] {logging_mixin.py:188} INFO - [2026-06-08T11:39:31.615+0000] {dag.py:3954} INFO - Setting next_dagrun for example_sensor_decorator to None, run_after=None
[2026-06-08T11:39:31.639+0000] {processor.py:183} INFO - Processing /home/airflow/.local/lib/python3.12/site-packages/airflow/example_dags/example_sensor_decorator.py took 0.071 seconds
[2026-06-08T11:40:02.097+0000] {processor.py:161} INFO - Started process (PID=39356) to work on /home/airflow/.local/lib/python3.12/site-packages/airflow/example_dags/example_sensor_decorator.py
[2026-06-08T11:40:02.098+0000] {processor.py:830} INFO - Processing file /home/airflow/.local/lib/python3.12/site-packages/airflow/example_dags/example_sensor_decorator.py for tasks to queue
[2026-06-08T11:40:02.100+0000] {logging_mixin.py:188} INFO - [2026-06-08T11:40:02.099+0000] {dagbag.py:545} INFO - Filling up the DagBag from /home/airflow/.local/lib/python3.12/site-packages/airflow/example_dags/example_sensor_decorator.py
[2026-06-08T11:40:02.105+0000] {processor.py:840} INFO - DAG(s) 'example_sensor_decorator' retrieved from /home/airflow/.local/lib/python3.12/site-packages/airflow/example_dags/example_sensor_decorator.py
[2026-06-08T11:40:02.126+0000] {logging_mixin.py:188} INFO - [2026-06-08T11:40:02.126+0000] {dag.py:3096} INFO - Sync 1 DAGs
[2026-06-08T11:40:02.138+0000] {logging_mixin.py:188} INFO - [2026-06-08T11:40:02.138+0000] {dag.py:3954} INFO - Setting next_dagrun for example_sensor_decorator to None, run_after=None
[2026-06-08T11:40:02.161+0000] {processor.py:183} INFO - Processing /home/airflow/.local/lib/python3.12/site-packages/airflow/example_dags/example_sensor_decorator.py took 0.069 seconds
[2026-06-08T11:40:32.410+0000] {processor.py:161} INFO - Started process (PID=39618) to work on /home/airflow/.local/lib/python3.12/site-packages/airflow/example_dags/example_sensor_decorator.py
[2026-06-08T11:40:32.411+0000] {processor.py:830} INFO - Processing file /home/airflow/.local/lib/python3.12/site-packages/airflow/example_dags/example_sensor_decorator.py for tasks to queue
[2026-06-08T11:40:32.413+0000] {logging_mixin.py:188} INFO - [2026-06-08T11:40:32.413+0000] {dagbag.py:545} INFO - Filling up the DagBag from /home/airflow/.local/lib/python3.12/site-packages/airflow/example_dags/example_sensor_decorator.py
[2026-06-08T11:40:32.419+0000] {processor.py:840} INFO - DAG(s) 'example_sensor_decorator' retrieved from /home/airflow/.local/lib/python3.12/site-packages/airflow/example_dags/example_sensor_decorator.py
[2026-06-08T11:40:32.443+0000] {logging_mixin.py:188} INFO - [2026-06-08T11:40:32.443+0000] {dag.py:3096} INFO - Sync 1 DAGs
[2026-06-08T11:40:32.456+0000] {logging_mixin.py:188} INFO - [2026-06-08T11:40:32.456+0000] {dag.py:3954} INFO - Setting next_dagrun for example_sensor_decorator to None, run_after=None
[2026-06-08T11:40:32.480+0000] {processor.py:183} INFO - Processing /home/airflow/.local/lib/python3.12/site-packages/airflow/example_dags/example_sensor_decorator.py took 0.077 seconds
[2026-06-08T11:41:02.698+0000] {processor.py:161} INFO - Started process (PID=39878) to work on /home/airflow/.local/lib/python3.12/site-packages/airflow/example_dags/example_sensor_decorator.py
[2026-06-08T11:41:02.699+0000] {processor.py:830} INFO - Processing file /home/airflow/.local/lib/python3.12/site-packages/airflow/example_dags/example_sensor_decorator.py for tasks to queue
[2026-06-08T11:41:02.701+0000] {logging_mixin.py:188} INFO - [2026-06-08T11:41:02.701+0000] {dagbag.py:545} INFO - Filling up the DagBag from /home/airflow/.local/lib/python3.12/site-packages/airflow/example_dags/example_sensor_decorator.py
[2026-06-08T11:41:02.707+0000] {processor.py:840} INFO - DAG(s) 'example_sensor_decorator' retrieved from /home/airflow/.local/lib/python3.12/site-packages/airflow/example_dags/example_sensor_decorator.py
[2026-06-08T11:41:02.727+0000] {logging_mixin.py:188} INFO - [2026-06-08T11:41:02.727+0000] {dag.py:3096} INFO - Sync 1 DAGs
[2026-06-08T11:41:02.740+0000] {logging_mixin.py:188} INFO - [2026-06-08T11:41:02.740+0000] {dag.py:3954} INFO - Setting next_dagrun for example_sensor_decorator to None, run_after=None
[2026-06-08T11:41:02.761+0000] {processor.py:183} INFO - Processing /home/airflow/.local/lib/python3.12/site-packages/airflow/example_dags/example_sensor_decorator.py took 0.068 seconds
[2026-06-08T11:41:33.050+0000] {processor.py:161} INFO - Started process (PID=40143) to work on /home/airflow/.local/lib/python3.12/site-packages/airflow/example_dags/example_sensor_decorator.py
[2026-06-08T11:41:33.051+0000] {processor.py:830} INFO - Processing file /home/airflow/.local/lib/python3.12/site-packages/airflow/example_dags/example_sensor_decorator.py for tasks to queue
[2026-06-08T11:41:33.053+0000] {logging_mixin.py:188} INFO - [2026-06-08T11:41:33.053+0000] {dagbag.py:545} INFO - Filling up the DagBag from /home/airflow/.local/lib/python3.12/site-packages/airflow/example_dags/example_sensor_decorator.py
[2026-06-08T11:41:33.059+0000] {processor.py:840} INFO - DAG(s) 'example_sensor_decorator' retrieved from /home/airflow/.local/lib/python3.12/site-packages/airflow/example_dags/example_sensor_decorator.py
[2026-06-08T11:41:33.082+0000] {logging_mixin.py:188} INFO - [2026-06-08T11:41:33.082+0000] {dag.py:3096} INFO - Sync 1 DAGs
[2026-06-08T11:41:33.096+0000] {logging_mixin.py:188} INFO - [2026-06-08T11:41:33.096+0000] {dag.py:3954} INFO - Setting next_dagrun for example_sensor_decorator to None, run_after=None
[2026-06-08T11:41:33.125+0000] {processor.py:183} INFO - Processing /home/airflow/.local/lib/python3.12/site-packages/airflow/example_dags/example_sensor_decorator.py took 0.081 seconds
[2026-06-08T11:42:03.536+0000] {processor.py:161} INFO - Started process (PID=40405) to work on /home/airflow/.local/lib/python3.12/site-packages/airflow/example_dags/example_sensor_decorator.py
[2026-06-08T11:42:03.538+0000] {processor.py:830} INFO - Processing file /home/airflow/.local/lib/python3.12/site-packages/airflow/example_dags/example_sensor_decorator.py for tasks to queue
[2026-06-08T11:42:03.540+0000] {logging_mixin.py:188} INFO - [2026-06-08T11:42:03.539+0000] {dagbag.py:545} INFO - Filling up the DagBag from /home/airflow/.local/lib/python3.12/site-packages/airflow/example_dags/example_sensor_decorator.py
[2026-06-08T11:42:03.546+0000] {processor.py:840} INFO - DAG(s) 'example_sensor_decorator' retrieved from /home/airflow/.local/lib/python3.12/site-packages/airflow/example_dags/example_sensor_decorator.py
[2026-06-08T11:42:03.568+0000] {logging_mixin.py:188} INFO - [2026-06-08T11:42:03.568+0000] {dag.py:3096} INFO - Sync 1 DAGs
[2026-06-08T11:42:03.582+0000] {logging_mixin.py:188} INFO - [2026-06-08T11:42:03.582+0000] {dag.py:3954} INFO - Setting next_dagrun for example_sensor_decorator to None, run_after=None
[2026-06-08T11:42:03.607+0000] {processor.py:183} INFO - Processing /home/airflow/.local/lib/python3.12/site-packages/airflow/example_dags/example_sensor_decorator.py took 0.076 seconds
[2026-06-08T11:42:34.008+0000] {processor.py:161} INFO - Started process (PID=40667) to work on /home/airflow/.local/lib/python3.12/site-packages/airflow/example_dags/example_sensor_decorator.py
[2026-06-08T11:42:34.010+0000] {processor.py:830} INFO - Processing file /home/airflow/.local/lib/python3.12/site-packages/airflow/example_dags/example_sensor_decorator.py for tasks to queue
[2026-06-08T11:42:34.012+0000] {logging_mixin.py:188} INFO - [2026-06-08T11:42:34.012+0000] {dagbag.py:545} INFO - Filling up the DagBag from /home/airflow/.local/lib/python3.12/site-packages/airflow/example_dags/example_sensor_decorator.py
[2026-06-08T11:42:34.019+0000] {processor.py:840} INFO - DAG(s) 'example_sensor_decorator' retrieved from /home/airflow/.local/lib/python3.12/site-packages/airflow/example_dags/example_sensor_decorator.py
[2026-06-08T11:42:34.043+0000] {logging_mixin.py:188} INFO - [2026-06-08T11:42:34.043+0000] {dag.py:3096} INFO - Sync 1 DAGs
[2026-06-08T11:42:34.056+0000] {logging_mixin.py:188} INFO - [2026-06-08T11:42:34.056+0000] {dag.py:3954} INFO - Setting next_dagrun for example_sensor_decorator to None, run_after=None
[2026-06-08T11:42:34.078+0000] {processor.py:183} INFO - Processing /home/airflow/.local/lib/python3.12/site-packages/airflow/example_dags/example_sensor_decorator.py took 0.075 seconds
[2026-06-08T11:43:04.471+0000] {processor.py:161} INFO - Started process (PID=40929) to work on /home/airflow/.local/lib/python3.12/site-packages/airflow/example_dags/example_sensor_decorator.py
[2026-06-08T11:43:04.472+0000] {processor.py:830} INFO - Processing file /home/airflow/.local/lib/python3.12/site-packages/airflow/example_dags/example_sensor_decorator.py for tasks to queue
[2026-06-08T11:43:04.474+0000] {logging_mixin.py:188} INFO - [2026-06-08T11:43:04.473+0000] {dagbag.py:545} INFO - Filling up the DagBag from /home/airflow/.local/lib/python3.12/site-packages/airflow/example_dags/example_sensor_decorator.py
[2026-06-08T11:43:04.480+0000] {processor.py:840} INFO - DAG(s) 'example_sensor_decorator' retrieved from /home/airflow/.local/lib/python3.12/site-packages/airflow/example_dags/example_sensor_decorator.py
[2026-06-08T11:43:04.502+0000] {logging_mixin.py:188} INFO - [2026-06-08T11:43:04.502+0000] {dag.py:3096} INFO - Sync 1 DAGs
[2026-06-08T11:43:04.514+0000] {logging_mixin.py:188} INFO - [2026-06-08T11:43:04.513+0000] {dag.py:3954} INFO - Setting next_dagrun for example_sensor_decorator to None, run_after=None
[2026-06-08T11:43:04.535+0000] {processor.py:183} INFO - Processing /home/airflow/.local/lib/python3.12/site-packages/airflow/example_dags/example_sensor_decorator.py took 0.069 seconds
[2026-06-08T11:43:34.884+0000] {processor.py:161} INFO - Started process (PID=41191) to work on /home/airflow/.local/lib/python3.12/site-packages/airflow/example_dags/example_sensor_decorator.py
[2026-06-08T11:43:34.885+0000] {processor.py:830} INFO - Processing file /home/airflow/.local/lib/python3.12/site-packages/airflow/example_dags/example_sensor_decorator.py for tasks to queue
[2026-06-08T11:43:34.888+0000] {logging_mixin.py:188} INFO - [2026-06-08T11:43:34.887+0000] {dagbag.py:545} INFO - Filling up the DagBag from /home/airflow/.local/lib/python3.12/site-packages/airflow/example_dags/example_sensor_decorator.py
[2026-06-08T11:43:34.893+0000] {processor.py:840} INFO - DAG(s) 'example_sensor_decorator' retrieved from /home/airflow/.local/lib/python3.12/site-packages/airflow/example_dags/example_sensor_decorator.py
[2026-06-08T11:43:34.914+0000] {logging_mixin.py:188} INFO - [2026-06-08T11:43:34.914+0000] {dag.py:3096} INFO - Sync 1 DAGs
[2026-06-08T11:43:34.927+0000] {logging_mixin.py:188} INFO - [2026-06-08T11:43:34.926+0000] {dag.py:3954} INFO - Setting next_dagrun for example_sensor_decorator to None, run_after=None
[2026-06-08T11:43:34.951+0000] {processor.py:183} INFO - Processing /home/airflow/.local/lib/python3.12/site-packages/airflow/example_dags/example_sensor_decorator.py took 0.072 seconds
[2026-06-08T11:44:05.764+0000] {processor.py:161} INFO - Started process (PID=41453) to work on /home/airflow/.local/lib/python3.12/site-packages/airflow/example_dags/example_sensor_decorator.py
[2026-06-08T11:44:05.765+0000] {processor.py:830} INFO - Processing file /home/airflow/.local/lib/python3.12/site-packages/airflow/example_dags/example_sensor_decorator.py for tasks to queue
[2026-06-08T11:44:05.767+0000] {logging_mixin.py:188} INFO - [2026-06-08T11:44:05.766+0000] {dagbag.py:545} INFO - Filling up the DagBag from /home/airflow/.local/lib/python3.12/site-packages/airflow/example_dags/example_sensor_decorator.py
[2026-06-08T11:44:05.774+0000] {processor.py:840} INFO - DAG(s) 'example_sensor_decorator' retrieved from /home/airflow/.local/lib/python3.12/site-packages/airflow/example_dags/example_sensor_decorator.py
[2026-06-08T11:44:05.796+0000] {logging_mixin.py:188} INFO - [2026-06-08T11:44:05.795+0000] {dag.py:3096} INFO - Sync 1 DAGs
[2026-06-08T11:44:05.812+0000] {logging_mixin.py:188} INFO - [2026-06-08T11:44:05.812+0000] {dag.py:3954} INFO - Setting next_dagrun for example_sensor_decorator to None, run_after=None
[2026-06-08T11:44:05.839+0000] {processor.py:183} INFO - Processing /home/airflow/.local/lib/python3.12/site-packages/airflow/example_dags/example_sensor_decorator.py took 0.080 seconds
[2026-06-08T11:44:36.105+0000] {processor.py:161} INFO - Started process (PID=41721) to work on /home/airflow/.local/lib/python3.12/site-packages/airflow/example_dags/example_sensor_decorator.py
[2026-06-08T11:44:36.106+0000] {processor.py:830} INFO - Processing file /home/airflow/.local/lib/python3.12/site-packages/airflow/example_dags/example_sensor_decorator.py for tasks to queue
[2026-06-08T11:44:36.108+0000] {logging_mixin.py:188} INFO - [2026-06-08T11:44:36.107+0000] {dagbag.py:545} INFO - Filling up the DagBag from /home/airflow/.local/lib/python3.12/site-packages/airflow/example_dags/example_sensor_decorator.py
[2026-06-08T11:44:36.113+0000] {processor.py:840} INFO - DAG(s) 'example_sensor_decorator' retrieved from /home/airflow/.local/lib/python3.12/site-packages/airflow/example_dags/example_sensor_decorator.py
[2026-06-08T11:44:36.134+0000] {logging_mixin.py:188} INFO - [2026-06-08T11:44:36.134+0000] {dag.py:3096} INFO - Sync 1 DAGs
[2026-06-08T11:44:36.148+0000] {logging_mixin.py:188} INFO - [2026-06-08T11:44:36.148+0000] {dag.py:3954} INFO - Setting next_dagrun for example_sensor_decorator to None, run_after=None
[2026-06-08T11:44:36.172+0000] {processor.py:183} INFO - Processing /home/airflow/.local/lib/python3.12/site-packages/airflow/example_dags/example_sensor_decorator.py took 0.072 seconds
[2026-06-08T11:45:07.013+0000] {processor.py:161} INFO - Started process (PID=41984) to work on /home/airflow/.local/lib/python3.12/site-packages/airflow/example_dags/example_sensor_decorator.py
[2026-06-08T11:45:07.015+0000] {processor.py:830} INFO - Processing file /home/airflow/.local/lib/python3.12/site-packages/airflow/example_dags/example_sensor_decorator.py for tasks to queue
[2026-06-08T11:45:07.017+0000] {logging_mixin.py:188} INFO - [2026-06-08T11:45:07.016+0000] {dagbag.py:545} INFO - Filling up the DagBag from /home/airflow/.local/lib/python3.12/site-packages/airflow/example_dags/example_sensor_decorator.py
[2026-06-08T11:45:07.022+0000] {processor.py:840} INFO - DAG(s) 'example_sensor_decorator' retrieved from /home/airflow/.local/lib/python3.12/site-packages/airflow/example_dags/example_sensor_decorator.py
[2026-06-08T11:45:07.045+0000] {logging_mixin.py:188} INFO - [2026-06-08T11:45:07.045+0000] {dag.py:3096} INFO - Sync 1 DAGs
[2026-06-08T11:45:07.059+0000] {logging_mixin.py:188} INFO - [2026-06-08T11:45:07.059+0000] {dag.py:3954} INFO - Setting next_dagrun for example_sensor_decorator to None, run_after=None
[2026-06-08T11:45:07.083+0000] {processor.py:183} INFO - Processing /home/airflow/.local/lib/python3.12/site-packages/airflow/example_dags/example_sensor_decorator.py took 0.075 seconds
[2026-06-08T11:45:37.426+0000] {processor.py:161} INFO - Started process (PID=42244) to work on /home/airflow/.local/lib/python3.12/site-packages/airflow/example_dags/example_sensor_decorator.py
[2026-06-08T11:45:37.427+0000] {processor.py:830} INFO - Processing file /home/airflow/.local/lib/python3.12/site-packages/airflow/example_dags/example_sensor_decorator.py for tasks to queue
[2026-06-08T11:45:37.429+0000] {logging_mixin.py:188} INFO - [2026-06-08T11:45:37.429+0000] {dagbag.py:545} INFO - Filling up the DagBag from /home/airflow/.local/lib/python3.12/site-packages/airflow/example_dags/example_sensor_decorator.py
[2026-06-08T11:45:37.434+0000] {processor.py:840} INFO - DAG(s) 'example_sensor_decorator' retrieved from /home/airflow/.local/lib/python3.12/site-packages/airflow/example_dags/example_sensor_decorator.py
[2026-06-08T11:45:37.454+0000] {logging_mixin.py:188} INFO - [2026-06-08T11:45:37.453+0000] {dag.py:3096} INFO - Sync 1 DAGs
[2026-06-08T11:45:37.466+0000] {logging_mixin.py:188} INFO - [2026-06-08T11:45:37.466+0000] {dag.py:3954} INFO - Setting next_dagrun for example_sensor_decorator to None, run_after=None
[2026-06-08T11:45:37.491+0000] {processor.py:183} INFO - Processing /home/airflow/.local/lib/python3.12/site-packages/airflow/example_dags/example_sensor_decorator.py took 0.070 seconds
[2026-06-08T11:46:08.187+0000] {processor.py:161} INFO - Started process (PID=42506) to work on /home/airflow/.local/lib/python3.12/site-packages/airflow/example_dags/example_sensor_decorator.py
[2026-06-08T11:46:08.188+0000] {processor.py:830} INFO - Processing file /home/airflow/.local/lib/python3.12/site-packages/airflow/example_dags/example_sensor_decorator.py for tasks to queue
[2026-06-08T11:46:08.190+0000] {logging_mixin.py:188} INFO - [2026-06-08T11:46:08.190+0000] {dagbag.py:545} INFO - Filling up the DagBag from /home/airflow/.local/lib/python3.12/site-packages/airflow/example_dags/example_sensor_decorator.py
[2026-06-08T11:46:08.196+0000] {processor.py:840} INFO - DAG(s) 'example_sensor_decorator' retrieved from /home/airflow/.local/lib/python3.12/site-packages/airflow/example_dags/example_sensor_decorator.py
[2026-06-08T11:46:08.215+0000] {logging_mixin.py:188} INFO - [2026-06-08T11:46:08.215+0000] {dag.py:3096} INFO - Sync 1 DAGs
[2026-06-08T11:46:08.227+0000] {logging_mixin.py:188} INFO - [2026-06-08T11:46:08.227+0000] {dag.py:3954} INFO - Setting next_dagrun for example_sensor_decorator to None, run_after=None
[2026-06-08T11:46:08.250+0000] {processor.py:183} INFO - Processing /home/airflow/.local/lib/python3.12/site-packages/airflow/example_dags/example_sensor_decorator.py took 0.067 seconds
[2026-06-08T11:46:38.637+0000] {processor.py:161} INFO - Started process (PID=42768) to work on /home/airflow/.local/lib/python3.12/site-packages/airflow/example_dags/example_sensor_decorator.py
[2026-06-08T11:46:38.638+0000] {processor.py:830} INFO - Processing file /home/airflow/.local/lib/python3.12/site-packages/airflow/example_dags/example_sensor_decorator.py for tasks to queue
[2026-06-08T11:46:38.640+0000] {logging_mixin.py:188} INFO - [2026-06-08T11:46:38.640+0000] {dagbag.py:545} INFO - Filling up the DagBag from /home/airflow/.local/lib/python3.12/site-packages/airflow/example_dags/example_sensor_decorator.py
[2026-06-08T11:46:38.647+0000] {processor.py:840} INFO - DAG(s) 'example_sensor_decorator' retrieved from /home/airflow/.local/lib/python3.12/site-packages/airflow/example_dags/example_sensor_decorator.py
[2026-06-08T11:46:38.668+0000] {logging_mixin.py:188} INFO - [2026-06-08T11:46:38.668+0000] {dag.py:3096} INFO - Sync 1 DAGs
[2026-06-08T11:46:38.681+0000] {logging_mixin.py:188} INFO - [2026-06-08T11:46:38.681+0000] {dag.py:3954} INFO - Setting next_dagrun for example_sensor_decorator to None, run_after=None
[2026-06-08T11:46:38.705+0000] {processor.py:183} INFO - Processing /home/airflow/.local/lib/python3.12/site-packages/airflow/example_dags/example_sensor_decorator.py took 0.073 seconds
[2026-06-08T11:47:09.029+0000] {processor.py:161} INFO - Started process (PID=43030) to work on /home/airflow/.local/lib/python3.12/site-packages/airflow/example_dags/example_sensor_decorator.py
[2026-06-08T11:47:09.030+0000] {processor.py:830} INFO - Processing file /home/airflow/.local/lib/python3.12/site-packages/airflow/example_dags/example_sensor_decorator.py for tasks to queue
[2026-06-08T11:47:09.034+0000] {logging_mixin.py:188} INFO - [2026-06-08T11:47:09.033+0000] {dagbag.py:545} INFO - Filling up the DagBag from /home/airflow/.local/lib/python3.12/site-packages/airflow/example_dags/example_sensor_decorator.py
[2026-06-08T11:47:09.039+0000] {processor.py:840} INFO - DAG(s) 'example_sensor_decorator' retrieved from /home/airflow/.local/lib/python3.12/site-packages/airflow/example_dags/example_sensor_decorator.py
[2026-06-08T11:47:09.060+0000] {logging_mixin.py:188} INFO - [2026-06-08T11:47:09.060+0000] {dag.py:3096} INFO - Sync 1 DAGs
[2026-06-08T11:47:09.073+0000] {logging_mixin.py:188} INFO - [2026-06-08T11:47:09.073+0000] {dag.py:3954} INFO - Setting next_dagrun for example_sensor_decorator to None, run_after=None
[2026-06-08T11:47:09.095+0000] {processor.py:183} INFO - Processing /home/airflow/.local/lib/python3.12/site-packages/airflow/example_dags/example_sensor_decorator.py took 0.071 seconds
[2026-06-08T11:47:39.408+0000] {processor.py:161} INFO - Started process (PID=43292) to work on /home/airflow/.local/lib/python3.12/site-packages/airflow/example_dags/example_sensor_decorator.py
[2026-06-08T11:47:39.409+0000] {processor.py:830} INFO - Processing file /home/airflow/.local/lib/python3.12/site-packages/airflow/example_dags/example_sensor_decorator.py for tasks to queue
[2026-06-08T11:47:39.411+0000] {logging_mixin.py:188} INFO - [2026-06-08T11:47:39.411+0000] {dagbag.py:545} INFO - Filling up the DagBag from /home/airflow/.local/lib/python3.12/site-packages/airflow/example_dags/example_sensor_decorator.py
[2026-06-08T11:47:39.419+0000] {processor.py:840} INFO - DAG(s) 'example_sensor_decorator' retrieved from /home/airflow/.local/lib/python3.12/site-packages/airflow/example_dags/example_sensor_decorator.py
[2026-06-08T11:47:39.441+0000] {logging_mixin.py:188} INFO - [2026-06-08T11:47:39.440+0000] {dag.py:3096} INFO - Sync 1 DAGs
[2026-06-08T11:47:39.455+0000] {logging_mixin.py:188} INFO - [2026-06-08T11:47:39.455+0000] {dag.py:3954} INFO - Setting next_dagrun for example_sensor_decorator to None, run_after=None
[2026-06-08T11:47:39.477+0000] {processor.py:183} INFO - Processing /home/airflow/.local/lib/python3.12/site-packages/airflow/example_dags/example_sensor_decorator.py took 0.074 seconds
[2026-06-08T11:48:09.878+0000] {processor.py:161} INFO - Started process (PID=43554) to work on /home/airflow/.local/lib/python3.12/site-packages/airflow/example_dags/example_sensor_decorator.py
[2026-06-08T11:48:09.879+0000] {processor.py:830} INFO - Processing file /home/airflow/.local/lib/python3.12/site-packages/airflow/example_dags/example_sensor_decorator.py for tasks to queue
[2026-06-08T11:48:09.881+0000] {logging_mixin.py:188} INFO - [2026-06-08T11:48:09.881+0000] {dagbag.py:545} INFO - Filling up the DagBag from /home/airflow/.local/lib/python3.12/site-packages/airflow/example_dags/example_sensor_decorator.py
[2026-06-08T11:48:09.888+0000] {processor.py:840} INFO - DAG(s) 'example_sensor_decorator' retrieved from /home/airflow/.local/lib/python3.12/site-packages/airflow/example_dags/example_sensor_decorator.py
[2026-06-08T11:48:09.909+0000] {logging_mixin.py:188} INFO - [2026-06-08T11:48:09.909+0000] {dag.py:3096} INFO - Sync 1 DAGs
[2026-06-08T11:48:09.922+0000] {logging_mixin.py:188} INFO - [2026-06-08T11:48:09.922+0000] {dag.py:3954} INFO - Setting next_dagrun for example_sensor_decorator to None, run_after=None
[2026-06-08T11:48:09.943+0000] {processor.py:183} INFO - Processing /home/airflow/.local/lib/python3.12/site-packages/airflow/example_dags/example_sensor_decorator.py took 0.072 seconds
[2026-06-08T11:48:40.275+0000] {processor.py:161} INFO - Started process (PID=43816) to work on /home/airflow/.local/lib/python3.12/site-packages/airflow/example_dags/example_sensor_decorator.py
[2026-06-08T11:48:40.276+0000] {processor.py:830} INFO - Processing file /home/airflow/.local/lib/python3.12/site-packages/airflow/example_dags/example_sensor_decorator.py for tasks to queue
[2026-06-08T11:48:40.278+0000] {logging_mixin.py:188} INFO - [2026-06-08T11:48:40.277+0000] {dagbag.py:545} INFO - Filling up the DagBag from /home/airflow/.local/lib/python3.12/site-packages/airflow/example_dags/example_sensor_decorator.py
[2026-06-08T11:48:40.282+0000] {processor.py:840} INFO - DAG(s) 'example_sensor_decorator' retrieved from /home/airflow/.local/lib/python3.12/site-packages/airflow/example_dags/example_sensor_decorator.py
[2026-06-08T11:48:40.307+0000] {logging_mixin.py:188} INFO - [2026-06-08T11:48:40.307+0000] {dag.py:3096} INFO - Sync 1 DAGs
[2026-06-08T11:48:40.321+0000] {logging_mixin.py:188} INFO - [2026-06-08T11:48:40.321+0000] {dag.py:3954} INFO - Setting next_dagrun for example_sensor_decorator to None, run_after=None
[2026-06-08T11:48:40.343+0000] {processor.py:183} INFO - Processing /home/airflow/.local/lib/python3.12/site-packages/airflow/example_dags/example_sensor_decorator.py took 0.073 seconds
[2026-06-08T11:49:10.824+0000] {processor.py:161} INFO - Started process (PID=44078) to work on /home/airflow/.local/lib/python3.12/site-packages/airflow/example_dags/example_sensor_decorator.py
[2026-06-08T11:49:10.825+0000] {processor.py:830} INFO - Processing file /home/airflow/.local/lib/python3.12/site-packages/airflow/example_dags/example_sensor_decorator.py for tasks to queue
[2026-06-08T11:49:10.827+0000] {logging_mixin.py:188} INFO - [2026-06-08T11:49:10.826+0000] {dagbag.py:545} INFO - Filling up the DagBag from /home/airflow/.local/lib/python3.12/site-packages/airflow/example_dags/example_sensor_decorator.py
[2026-06-08T11:49:10.832+0000] {processor.py:840} INFO - DAG(s) 'example_sensor_decorator' retrieved from /home/airflow/.local/lib/python3.12/site-packages/airflow/example_dags/example_sensor_decorator.py
[2026-06-08T11:49:10.851+0000] {logging_mixin.py:188} INFO - [2026-06-08T11:49:10.851+0000] {dag.py:3096} INFO - Sync 1 DAGs
[2026-06-08T11:49:10.862+0000] {logging_mixin.py:188} INFO - [2026-06-08T11:49:10.862+0000] {dag.py:3954} INFO - Setting next_dagrun for example_sensor_decorator to None, run_after=None
[2026-06-08T11:49:10.885+0000] {processor.py:183} INFO - Processing /home/airflow/.local/lib/python3.12/site-packages/airflow/example_dags/example_sensor_decorator.py took 0.065 seconds
[2026-06-08T11:49:40.931+0000] {processor.py:161} INFO - Started process (PID=44335) to work on /home/airflow/.local/lib/python3.12/site-packages/airflow/example_dags/example_sensor_decorator.py
[2026-06-08T11:49:40.932+0000] {processor.py:830} INFO - Processing file /home/airflow/.local/lib/python3.12/site-packages/airflow/example_dags/example_sensor_decorator.py for tasks to queue
[2026-06-08T11:49:40.934+0000] {logging_mixin.py:188} INFO - [2026-06-08T11:49:40.934+0000] {dagbag.py:545} INFO - Filling up the DagBag from /home/airflow/.local/lib/python3.12/site-packages/airflow/example_dags/example_sensor_decorator.py
[2026-06-08T11:49:40.941+0000] {processor.py:840} INFO - DAG(s) 'example_sensor_decorator' retrieved from /home/airflow/.local/lib/python3.12/site-packages/airflow/example_dags/example_sensor_decorator.py
[2026-06-08T11:49:40.963+0000] {logging_mixin.py:188} INFO - [2026-06-08T11:49:40.963+0000] {dag.py:3096} INFO - Sync 1 DAGs
[2026-06-08T11:49:40.976+0000] {logging_mixin.py:188} INFO - [2026-06-08T11:49:40.976+0000] {dag.py:3954} INFO - Setting next_dagrun for example_sensor_decorator to None, run_after=None
[2026-06-08T11:49:41.000+0000] {processor.py:183} INFO - Processing /home/airflow/.local/lib/python3.12/site-packages/airflow/example_dags/example_sensor_decorator.py took 0.075 seconds
[2026-06-08T11:50:11.388+0000] {processor.py:161} INFO - Started process (PID=44598) to work on /home/airflow/.local/lib/python3.12/site-packages/airflow/example_dags/example_sensor_decorator.py
[2026-06-08T11:50:11.389+0000] {processor.py:830} INFO - Processing file /home/airflow/.local/lib/python3.12/site-packages/airflow/example_dags/example_sensor_decorator.py for tasks to queue
[2026-06-08T11:50:11.391+0000] {logging_mixin.py:188} INFO - [2026-06-08T11:50:11.390+0000] {dagbag.py:545} INFO - Filling up the DagBag from /home/airflow/.local/lib/python3.12/site-packages/airflow/example_dags/example_sensor_decorator.py
[2026-06-08T11:50:11.396+0000] {processor.py:840} INFO - DAG(s) 'example_sensor_decorator' retrieved from /home/airflow/.local/lib/python3.12/site-packages/airflow/example_dags/example_sensor_decorator.py
[2026-06-08T11:50:11.420+0000] {logging_mixin.py:188} INFO - [2026-06-08T11:50:11.419+0000] {dag.py:3096} INFO - Sync 1 DAGs
[2026-06-08T11:50:11.434+0000] {logging_mixin.py:188} INFO - [2026-06-08T11:50:11.434+0000] {dag.py:3954} INFO - Setting next_dagrun for example_sensor_decorator to None, run_after=None
[2026-06-08T11:50:11.458+0000] {processor.py:183} INFO - Processing /home/airflow/.local/lib/python3.12/site-packages/airflow/example_dags/example_sensor_decorator.py took 0.075 seconds
[2026-06-08T11:50:41.888+0000] {processor.py:161} INFO - Started process (PID=44860) to work on /home/airflow/.local/lib/python3.12/site-packages/airflow/example_dags/example_sensor_decorator.py
[2026-06-08T11:50:41.889+0000] {processor.py:830} INFO - Processing file /home/airflow/.local/lib/python3.12/site-packages/airflow/example_dags/example_sensor_decorator.py for tasks to queue
[2026-06-08T11:50:41.891+0000] {logging_mixin.py:188} INFO - [2026-06-08T11:50:41.890+0000] {dagbag.py:545} INFO - Filling up the DagBag from /home/airflow/.local/lib/python3.12/site-packages/airflow/example_dags/example_sensor_decorator.py
[2026-06-08T11:50:41.897+0000] {processor.py:840} INFO - DAG(s) 'example_sensor_decorator' retrieved from /home/airflow/.local/lib/python3.12/site-packages/airflow/example_dags/example_sensor_decorator.py
[2026-06-08T11:50:41.919+0000] {logging_mixin.py:188} INFO - [2026-06-08T11:50:41.919+0000] {dag.py:3096} INFO - Sync 1 DAGs
[2026-06-08T11:50:41.933+0000] {logging_mixin.py:188} INFO - [2026-06-08T11:50:41.932+0000] {dag.py:3954} INFO - Setting next_dagrun for example_sensor_decorator to None, run_after=None
[2026-06-08T11:50:41.957+0000] {processor.py:183} INFO - Processing /home/airflow/.local/lib/python3.12/site-packages/airflow/example_dags/example_sensor_decorator.py took 0.075 seconds
[2026-06-08T11:51:12.295+0000] {processor.py:161} INFO - Started process (PID=45123) to work on /home/airflow/.local/lib/python3.12/site-packages/airflow/example_dags/example_sensor_decorator.py
[2026-06-08T11:51:12.296+0000] {processor.py:830} INFO - Processing file /home/airflow/.local/lib/python3.12/site-packages/airflow/example_dags/example_sensor_decorator.py for tasks to queue
[2026-06-08T11:51:12.299+0000] {logging_mixin.py:188} INFO - [2026-06-08T11:51:12.298+0000] {dagbag.py:545} INFO - Filling up the DagBag from /home/airflow/.local/lib/python3.12/site-packages/airflow/example_dags/example_sensor_decorator.py
[2026-06-08T11:51:12.306+0000] {processor.py:840} INFO - DAG(s) 'example_sensor_decorator' retrieved from /home/airflow/.local/lib/python3.12/site-packages/airflow/example_dags/example_sensor_decorator.py
[2026-06-08T11:51:12.333+0000] {logging_mixin.py:188} INFO - [2026-06-08T11:51:12.332+0000] {dag.py:3096} INFO - Sync 1 DAGs
[2026-06-08T11:51:12.349+0000] {logging_mixin.py:188} INFO - [2026-06-08T11:51:12.348+0000] {dag.py:3954} INFO - Setting next_dagrun for example_sensor_decorator to None, run_after=None
[2026-06-08T11:51:12.374+0000] {processor.py:183} INFO - Processing /home/airflow/.local/lib/python3.12/site-packages/airflow/example_dags/example_sensor_decorator.py took 0.088 seconds
[2026-06-08T11:51:42.505+0000] {processor.py:161} INFO - Started process (PID=45385) to work on /home/airflow/.local/lib/python3.12/site-packages/airflow/example_dags/example_sensor_decorator.py
[2026-06-08T11:51:42.507+0000] {processor.py:830} INFO - Processing file /home/airflow/.local/lib/python3.12/site-packages/airflow/example_dags/example_sensor_decorator.py for tasks to queue
[2026-06-08T11:51:42.509+0000] {logging_mixin.py:188} INFO - [2026-06-08T11:51:42.508+0000] {dagbag.py:545} INFO - Filling up the DagBag from /home/airflow/.local/lib/python3.12/site-packages/airflow/example_dags/example_sensor_decorator.py
[2026-06-08T11:51:42.514+0000] {processor.py:840} INFO - DAG(s) 'example_sensor_decorator' retrieved from /home/airflow/.local/lib/python3.12/site-packages/airflow/example_dags/example_sensor_decorator.py
[2026-06-08T11:51:42.535+0000] {logging_mixin.py:188} INFO - [2026-06-08T11:51:42.535+0000] {dag.py:3096} INFO - Sync 1 DAGs
[2026-06-08T11:51:42.548+0000] {logging_mixin.py:188} INFO - [2026-06-08T11:51:42.547+0000] {dag.py:3954} INFO - Setting next_dagrun for example_sensor_decorator to None, run_after=None
[2026-06-08T11:51:42.570+0000] {processor.py:183} INFO - Processing /home/airflow/.local/lib/python3.12/site-packages/airflow/example_dags/example_sensor_decorator.py took 0.070 seconds
[2026-06-08T11:52:13.431+0000] {processor.py:161} INFO - Started process (PID=45647) to work on /home/airflow/.local/lib/python3.12/site-packages/airflow/example_dags/example_sensor_decorator.py
[2026-06-08T11:52:13.432+0000] {processor.py:830} INFO - Processing file /home/airflow/.local/lib/python3.12/site-packages/airflow/example_dags/example_sensor_decorator.py for tasks to queue
[2026-06-08T11:52:13.434+0000] {logging_mixin.py:188} INFO - [2026-06-08T11:52:13.433+0000] {dagbag.py:545} INFO - Filling up the DagBag from /home/airflow/.local/lib/python3.12/site-packages/airflow/example_dags/example_sensor_decorator.py
[2026-06-08T11:52:13.439+0000] {processor.py:840} INFO - DAG(s) 'example_sensor_decorator' retrieved from /home/airflow/.local/lib/python3.12/site-packages/airflow/example_dags/example_sensor_decorator.py
[2026-06-08T11:52:13.460+0000] {logging_mixin.py:188} INFO - [2026-06-08T11:52:13.459+0000] {dag.py:3096} INFO - Sync 1 DAGs
[2026-06-08T11:52:13.476+0000] {logging_mixin.py:188} INFO - [2026-06-08T11:52:13.475+0000] {dag.py:3954} INFO - Setting next_dagrun for example_sensor_decorator to None, run_after=None
[2026-06-08T11:52:13.497+0000] {processor.py:183} INFO - Processing /home/airflow/.local/lib/python3.12/site-packages/airflow/example_dags/example_sensor_decorator.py took 0.071 seconds
[2026-06-08T11:52:44.041+0000] {processor.py:161} INFO - Started process (PID=45909) to work on /home/airflow/.local/lib/python3.12/site-packages/airflow/example_dags/example_sensor_decorator.py
[2026-06-08T11:52:44.042+0000] {processor.py:830} INFO - Processing file /home/airflow/.local/lib/python3.12/site-packages/airflow/example_dags/example_sensor_decorator.py for tasks to queue
[2026-06-08T11:52:44.044+0000] {logging_mixin.py:188} INFO - [2026-06-08T11:52:44.044+0000] {dagbag.py:545} INFO - Filling up the DagBag from /home/airflow/.local/lib/python3.12/site-packages/airflow/example_dags/example_sensor_decorator.py
[2026-06-08T11:52:44.050+0000] {processor.py:840} INFO - DAG(s) 'example_sensor_decorator' retrieved from /home/airflow/.local/lib/python3.12/site-packages/airflow/example_dags/example_sensor_decorator.py
[2026-06-08T11:52:44.077+0000] {logging_mixin.py:188} INFO - [2026-06-08T11:52:44.077+0000] {dag.py:3096} INFO - Sync 1 DAGs
[2026-06-08T11:52:44.097+0000] {logging_mixin.py:188} INFO - [2026-06-08T11:52:44.097+0000] {dag.py:3954} INFO - Setting next_dagrun for example_sensor_decorator to None, run_after=None
[2026-06-08T11:52:44.125+0000] {processor.py:183} INFO - Processing /home/airflow/.local/lib/python3.12/site-packages/airflow/example_dags/example_sensor_decorator.py took 0.090 seconds
[2026-06-08T11:53:14.219+0000] {processor.py:161} INFO - Started process (PID=46171) to work on /home/airflow/.local/lib/python3.12/site-packages/airflow/example_dags/example_sensor_decorator.py
[2026-06-08T11:53:14.220+0000] {processor.py:830} INFO - Processing file /home/airflow/.local/lib/python3.12/site-packages/airflow/example_dags/example_sensor_decorator.py for tasks to queue
[2026-06-08T11:53:14.222+0000] {logging_mixin.py:188} INFO - [2026-06-08T11:53:14.222+0000] {dagbag.py:545} INFO - Filling up the DagBag from /home/airflow/.local/lib/python3.12/site-packages/airflow/example_dags/example_sensor_decorator.py
[2026-06-08T11:53:14.226+0000] {processor.py:840} INFO - DAG(s) 'example_sensor_decorator' retrieved from /home/airflow/.local/lib/python3.12/site-packages/airflow/example_dags/example_sensor_decorator.py
[2026-06-08T11:53:14.245+0000] {logging_mixin.py:188} INFO - [2026-06-08T11:53:14.245+0000] {dag.py:3096} INFO - Sync 1 DAGs
[2026-06-08T11:53:14.260+0000] {logging_mixin.py:188} INFO - [2026-06-08T11:53:14.259+0000] {dag.py:3954} INFO - Setting next_dagrun for example_sensor_decorator to None, run_after=None
[2026-06-08T11:53:14.280+0000] {processor.py:183} INFO - Processing /home/airflow/.local/lib/python3.12/site-packages/airflow/example_dags/example_sensor_decorator.py took 0.065 seconds
[2026-06-08T11:53:44.526+0000] {processor.py:161} INFO - Started process (PID=46433) to work on /home/airflow/.local/lib/python3.12/site-packages/airflow/example_dags/example_sensor_decorator.py
[2026-06-08T11:53:44.527+0000] {processor.py:830} INFO - Processing file /home/airflow/.local/lib/python3.12/site-packages/airflow/example_dags/example_sensor_decorator.py for tasks to queue
[2026-06-08T11:53:44.529+0000] {logging_mixin.py:188} INFO - [2026-06-08T11:53:44.529+0000] {dagbag.py:545} INFO - Filling up the DagBag from /home/airflow/.local/lib/python3.12/site-packages/airflow/example_dags/example_sensor_decorator.py
[2026-06-08T11:53:44.535+0000] {processor.py:840} INFO - DAG(s) 'example_sensor_decorator' retrieved from /home/airflow/.local/lib/python3.12/site-packages/airflow/example_dags/example_sensor_decorator.py
[2026-06-08T11:53:44.554+0000] {logging_mixin.py:188} INFO - [2026-06-08T11:53:44.554+0000] {dag.py:3096} INFO - Sync 1 DAGs
[2026-06-08T11:53:44.565+0000] {logging_mixin.py:188} INFO - [2026-06-08T11:53:44.564+0000] {dag.py:3954} INFO - Setting next_dagrun for example_sensor_decorator to None, run_after=None
[2026-06-08T11:53:44.586+0000] {processor.py:183} INFO - Processing /home/airflow/.local/lib/python3.12/site-packages/airflow/example_dags/example_sensor_decorator.py took 0.065 seconds
[2026-06-08T11:54:14.896+0000] {processor.py:161} INFO - Started process (PID=46694) to work on /home/airflow/.local/lib/python3.12/site-packages/airflow/example_dags/example_sensor_decorator.py
[2026-06-08T11:54:14.897+0000] {processor.py:830} INFO - Processing file /home/airflow/.local/lib/python3.12/site-packages/airflow/example_dags/example_sensor_decorator.py for tasks to queue
[2026-06-08T11:54:14.899+0000] {logging_mixin.py:188} INFO - [2026-06-08T11:54:14.899+0000] {dagbag.py:545} INFO - Filling up the DagBag from /home/airflow/.local/lib/python3.12/site-packages/airflow/example_dags/example_sensor_decorator.py
[2026-06-08T11:54:14.905+0000] {processor.py:840} INFO - DAG(s) 'example_sensor_decorator' retrieved from /home/airflow/.local/lib/python3.12/site-packages/airflow/example_dags/example_sensor_decorator.py
[2026-06-08T11:54:14.926+0000] {logging_mixin.py:188} INFO - [2026-06-08T11:54:14.926+0000] {dag.py:3096} INFO - Sync 1 DAGs
[2026-06-08T11:54:14.939+0000] {logging_mixin.py:188} INFO - [2026-06-08T11:54:14.939+0000] {dag.py:3954} INFO - Setting next_dagrun for example_sensor_decorator to None, run_after=None
[2026-06-08T11:54:14.961+0000] {processor.py:183} INFO - Processing /home/airflow/.local/lib/python3.12/site-packages/airflow/example_dags/example_sensor_decorator.py took 0.071 seconds
[2026-06-08T11:54:45.283+0000] {processor.py:161} INFO - Started process (PID=46963) to work on /home/airflow/.local/lib/python3.12/site-packages/airflow/example_dags/example_sensor_decorator.py
[2026-06-08T11:54:45.285+0000] {processor.py:830} INFO - Processing file /home/airflow/.local/lib/python3.12/site-packages/airflow/example_dags/example_sensor_decorator.py for tasks to queue
[2026-06-08T11:54:45.287+0000] {logging_mixin.py:188} INFO - [2026-06-08T11:54:45.287+0000] {dagbag.py:545} INFO - Filling up the DagBag from /home/airflow/.local/lib/python3.12/site-packages/airflow/example_dags/example_sensor_decorator.py
[2026-06-08T11:54:45.298+0000] {processor.py:840} INFO - DAG(s) 'example_sensor_decorator' retrieved from /home/airflow/.local/lib/python3.12/site-packages/airflow/example_dags/example_sensor_decorator.py
[2026-06-08T11:54:45.342+0000] {logging_mixin.py:188} INFO - [2026-06-08T11:54:45.341+0000] {dag.py:3096} INFO - Sync 1 DAGs
[2026-06-08T11:54:45.362+0000] {logging_mixin.py:188} INFO - [2026-06-08T11:54:45.362+0000] {dag.py:3954} INFO - Setting next_dagrun for example_sensor_decorator to None, run_after=None
[2026-06-08T11:54:45.388+0000] {processor.py:183} INFO - Processing /home/airflow/.local/lib/python3.12/site-packages/airflow/example_dags/example_sensor_decorator.py took 0.115 seconds
[2026-06-08T11:55:16.152+0000] {processor.py:161} INFO - Started process (PID=47225) to work on /home/airflow/.local/lib/python3.12/site-packages/airflow/example_dags/example_sensor_decorator.py
[2026-06-08T11:55:16.155+0000] {processor.py:830} INFO - Processing file /home/airflow/.local/lib/python3.12/site-packages/airflow/example_dags/example_sensor_decorator.py for tasks to queue
[2026-06-08T11:55:16.157+0000] {logging_mixin.py:188} INFO - [2026-06-08T11:55:16.156+0000] {dagbag.py:545} INFO - Filling up the DagBag from /home/airflow/.local/lib/python3.12/site-packages/airflow/example_dags/example_sensor_decorator.py
[2026-06-08T11:55:16.164+0000] {processor.py:840} INFO - DAG(s) 'example_sensor_decorator' retrieved from /home/airflow/.local/lib/python3.12/site-packages/airflow/example_dags/example_sensor_decorator.py
[2026-06-08T11:55:16.194+0000] {logging_mixin.py:188} INFO - [2026-06-08T11:55:16.194+0000] {dag.py:3096} INFO - Sync 1 DAGs
[2026-06-08T11:55:16.214+0000] {logging_mixin.py:188} INFO - [2026-06-08T11:55:16.214+0000] {dag.py:3954} INFO - Setting next_dagrun for example_sensor_decorator to None, run_after=None
[2026-06-08T11:55:16.248+0000] {processor.py:183} INFO - Processing /home/airflow/.local/lib/python3.12/site-packages/airflow/example_dags/example_sensor_decorator.py took 0.102 seconds
[2026-06-08T11:55:46.773+0000] {processor.py:161} INFO - Started process (PID=47487) to work on /home/airflow/.local/lib/python3.12/site-packages/airflow/example_dags/example_sensor_decorator.py
[2026-06-08T11:55:46.775+0000] {processor.py:830} INFO - Processing file /home/airflow/.local/lib/python3.12/site-packages/airflow/example_dags/example_sensor_decorator.py for tasks to queue
[2026-06-08T11:55:46.778+0000] {logging_mixin.py:188} INFO - [2026-06-08T11:55:46.777+0000] {dagbag.py:545} INFO - Filling up the DagBag from /home/airflow/.local/lib/python3.12/site-packages/airflow/example_dags/example_sensor_decorator.py
[2026-06-08T11:55:46.785+0000] {processor.py:840} INFO - DAG(s) 'example_sensor_decorator' retrieved from /home/airflow/.local/lib/python3.12/site-packages/airflow/example_dags/example_sensor_decorator.py
[2026-06-08T11:55:46.809+0000] {logging_mixin.py:188} INFO - [2026-06-08T11:55:46.809+0000] {dag.py:3096} INFO - Sync 1 DAGs
[2026-06-08T11:55:46.826+0000] {logging_mixin.py:188} INFO - [2026-06-08T11:55:46.824+0000] {dag.py:3954} INFO - Setting next_dagrun for example_sensor_decorator to None, run_after=None
[2026-06-08T11:55:46.850+0000] {processor.py:183} INFO - Processing /home/airflow/.local/lib/python3.12/site-packages/airflow/example_dags/example_sensor_decorator.py took 0.082 seconds
[2026-06-08T11:56:17.074+0000] {processor.py:161} INFO - Started process (PID=47749) to work on /home/airflow/.local/lib/python3.12/site-packages/airflow/example_dags/example_sensor_decorator.py
[2026-06-08T11:56:17.075+0000] {processor.py:830} INFO - Processing file /home/airflow/.local/lib/python3.12/site-packages/airflow/example_dags/example_sensor_decorator.py for tasks to queue
[2026-06-08T11:56:17.079+0000] {logging_mixin.py:188} INFO - [2026-06-08T11:56:17.078+0000] {dagbag.py:545} INFO - Filling up the DagBag from /home/airflow/.local/lib/python3.12/site-packages/airflow/example_dags/example_sensor_decorator.py
[2026-06-08T11:56:17.085+0000] {processor.py:840} INFO - DAG(s) 'example_sensor_decorator' retrieved from /home/airflow/.local/lib/python3.12/site-packages/airflow/example_dags/example_sensor_decorator.py
[2026-06-08T11:56:17.109+0000] {logging_mixin.py:188} INFO - [2026-06-08T11:56:17.108+0000] {dag.py:3096} INFO - Sync 1 DAGs
[2026-06-08T11:56:17.123+0000] {logging_mixin.py:188} INFO - [2026-06-08T11:56:17.123+0000] {dag.py:3954} INFO - Setting next_dagrun for example_sensor_decorator to None, run_after=None
[2026-06-08T11:56:17.151+0000] {processor.py:183} INFO - Processing /home/airflow/.local/lib/python3.12/site-packages/airflow/example_dags/example_sensor_decorator.py took 0.083 seconds
[2026-06-08T11:56:47.667+0000] {processor.py:161} INFO - Started process (PID=48012) to work on /home/airflow/.local/lib/python3.12/site-packages/airflow/example_dags/example_sensor_decorator.py
[2026-06-08T11:56:47.668+0000] {processor.py:830} INFO - Processing file /home/airflow/.local/lib/python3.12/site-packages/airflow/example_dags/example_sensor_decorator.py for tasks to queue
[2026-06-08T11:56:47.670+0000] {logging_mixin.py:188} INFO - [2026-06-08T11:56:47.670+0000] {dagbag.py:545} INFO - Filling up the DagBag from /home/airflow/.local/lib/python3.12/site-packages/airflow/example_dags/example_sensor_decorator.py
[2026-06-08T11:56:47.677+0000] {processor.py:840} INFO - DAG(s) 'example_sensor_decorator' retrieved from /home/airflow/.local/lib/python3.12/site-packages/airflow/example_dags/example_sensor_decorator.py
[2026-06-08T11:56:47.703+0000] {logging_mixin.py:188} INFO - [2026-06-08T11:56:47.703+0000] {dag.py:3096} INFO - Sync 1 DAGs
[2026-06-08T11:56:47.720+0000] {logging_mixin.py:188} INFO - [2026-06-08T11:56:47.719+0000] {dag.py:3954} INFO - Setting next_dagrun for example_sensor_decorator to None, run_after=None
[2026-06-08T11:56:47.749+0000] {processor.py:183} INFO - Processing /home/airflow/.local/lib/python3.12/site-packages/airflow/example_dags/example_sensor_decorator.py took 0.088 seconds
[2026-06-08T11:57:18.230+0000] {processor.py:161} INFO - Started process (PID=48274) to work on /home/airflow/.local/lib/python3.12/site-packages/airflow/example_dags/example_sensor_decorator.py
[2026-06-08T11:57:18.231+0000] {processor.py:830} INFO - Processing file /home/airflow/.local/lib/python3.12/site-packages/airflow/example_dags/example_sensor_decorator.py for tasks to queue
[2026-06-08T11:57:18.233+0000] {logging_mixin.py:188} INFO - [2026-06-08T11:57:18.233+0000] {dagbag.py:545} INFO - Filling up the DagBag from /home/airflow/.local/lib/python3.12/site-packages/airflow/example_dags/example_sensor_decorator.py
[2026-06-08T11:57:18.241+0000] {processor.py:840} INFO - DAG(s) 'example_sensor_decorator' retrieved from /home/airflow/.local/lib/python3.12/site-packages/airflow/example_dags/example_sensor_decorator.py
[2026-06-08T11:57:18.273+0000] {logging_mixin.py:188} INFO - [2026-06-08T11:57:18.273+0000] {dag.py:3096} INFO - Sync 1 DAGs
[2026-06-08T11:57:18.289+0000] {logging_mixin.py:188} INFO - [2026-06-08T11:57:18.289+0000] {dag.py:3954} INFO - Setting next_dagrun for example_sensor_decorator to None, run_after=None
[2026-06-08T11:57:18.319+0000] {processor.py:183} INFO - Processing /home/airflow/.local/lib/python3.12/site-packages/airflow/example_dags/example_sensor_decorator.py took 0.096 seconds
[2026-06-08T11:57:48.722+0000] {processor.py:161} INFO - Started process (PID=48537) to work on /home/airflow/.local/lib/python3.12/site-packages/airflow/example_dags/example_sensor_decorator.py
[2026-06-08T11:57:48.724+0000] {processor.py:830} INFO - Processing file /home/airflow/.local/lib/python3.12/site-packages/airflow/example_dags/example_sensor_decorator.py for tasks to queue
[2026-06-08T11:57:48.726+0000] {logging_mixin.py:188} INFO - [2026-06-08T11:57:48.726+0000] {dagbag.py:545} INFO - Filling up the DagBag from /home/airflow/.local/lib/python3.12/site-packages/airflow/example_dags/example_sensor_decorator.py
[2026-06-08T11:57:48.733+0000] {processor.py:840} INFO - DAG(s) 'example_sensor_decorator' retrieved from /home/airflow/.local/lib/python3.12/site-packages/airflow/example_dags/example_sensor_decorator.py
[2026-06-08T11:57:48.761+0000] {logging_mixin.py:188} INFO - [2026-06-08T11:57:48.761+0000] {dag.py:3096} INFO - Sync 1 DAGs
[2026-06-08T11:57:48.778+0000] {logging_mixin.py:188} INFO - [2026-06-08T11:57:48.778+0000] {dag.py:3954} INFO - Setting next_dagrun for example_sensor_decorator to None, run_after=None
[2026-06-08T11:57:48.807+0000] {processor.py:183} INFO - Processing /home/airflow/.local/lib/python3.12/site-packages/airflow/example_dags/example_sensor_decorator.py took 0.091 seconds
[2026-06-08T11:58:19.650+0000] {processor.py:161} INFO - Started process (PID=48799) to work on /home/airflow/.local/lib/python3.12/site-packages/airflow/example_dags/example_sensor_decorator.py
[2026-06-08T11:58:19.652+0000] {processor.py:830} INFO - Processing file /home/airflow/.local/lib/python3.12/site-packages/airflow/example_dags/example_sensor_decorator.py for tasks to queue
[2026-06-08T11:58:19.655+0000] {logging_mixin.py:188} INFO - [2026-06-08T11:58:19.654+0000] {dagbag.py:545} INFO - Filling up the DagBag from /home/airflow/.local/lib/python3.12/site-packages/airflow/example_dags/example_sensor_decorator.py
[2026-06-08T11:58:19.662+0000] {processor.py:840} INFO - DAG(s) 'example_sensor_decorator' retrieved from /home/airflow/.local/lib/python3.12/site-packages/airflow/example_dags/example_sensor_decorator.py
[2026-06-08T11:58:19.686+0000] {logging_mixin.py:188} INFO - [2026-06-08T11:58:19.686+0000] {dag.py:3096} INFO - Sync 1 DAGs
[2026-06-08T11:58:19.701+0000] {logging_mixin.py:188} INFO - [2026-06-08T11:58:19.701+0000] {dag.py:3954} INFO - Setting next_dagrun for example_sensor_decorator to None, run_after=None
[2026-06-08T11:58:19.724+0000] {processor.py:183} INFO - Processing /home/airflow/.local/lib/python3.12/site-packages/airflow/example_dags/example_sensor_decorator.py took 0.081 seconds
[2026-06-08T11:58:49.922+0000] {processor.py:161} INFO - Started process (PID=49061) to work on /home/airflow/.local/lib/python3.12/site-packages/airflow/example_dags/example_sensor_decorator.py
[2026-06-08T11:58:49.924+0000] {processor.py:830} INFO - Processing file /home/airflow/.local/lib/python3.12/site-packages/airflow/example_dags/example_sensor_decorator.py for tasks to queue
[2026-06-08T11:58:49.926+0000] {logging_mixin.py:188} INFO - [2026-06-08T11:58:49.926+0000] {dagbag.py:545} INFO - Filling up the DagBag from /home/airflow/.local/lib/python3.12/site-packages/airflow/example_dags/example_sensor_decorator.py
[2026-06-08T11:58:49.932+0000] {processor.py:840} INFO - DAG(s) 'example_sensor_decorator' retrieved from /home/airflow/.local/lib/python3.12/site-packages/airflow/example_dags/example_sensor_decorator.py
[2026-06-08T11:58:49.955+0000] {logging_mixin.py:188} INFO - [2026-06-08T11:58:49.955+0000] {dag.py:3096} INFO - Sync 1 DAGs
[2026-06-08T11:58:49.969+0000] {logging_mixin.py:188} INFO - [2026-06-08T11:58:49.969+0000] {dag.py:3954} INFO - Setting next_dagrun for example_sensor_decorator to None, run_after=None
[2026-06-08T11:58:49.996+0000] {processor.py:183} INFO - Processing /home/airflow/.local/lib/python3.12/site-packages/airflow/example_dags/example_sensor_decorator.py took 0.079 seconds
[2026-06-08T11:59:20.289+0000] {processor.py:161} INFO - Started process (PID=49323) to work on /home/airflow/.local/lib/python3.12/site-packages/airflow/example_dags/example_sensor_decorator.py
[2026-06-08T11:59:20.290+0000] {processor.py:830} INFO - Processing file /home/airflow/.local/lib/python3.12/site-packages/airflow/example_dags/example_sensor_decorator.py for tasks to queue
[2026-06-08T11:59:20.293+0000] {logging_mixin.py:188} INFO - [2026-06-08T11:59:20.293+0000] {dagbag.py:545} INFO - Filling up the DagBag from /home/airflow/.local/lib/python3.12/site-packages/airflow/example_dags/example_sensor_decorator.py
[2026-06-08T11:59:20.300+0000] {processor.py:840} INFO - DAG(s) 'example_sensor_decorator' retrieved from /home/airflow/.local/lib/python3.12/site-packages/airflow/example_dags/example_sensor_decorator.py
[2026-06-08T11:59:20.323+0000] {logging_mixin.py:188} INFO - [2026-06-08T11:59:20.323+0000] {dag.py:3096} INFO - Sync 1 DAGs
[2026-06-08T11:59:20.338+0000] {logging_mixin.py:188} INFO - [2026-06-08T11:59:20.337+0000] {dag.py:3954} INFO - Setting next_dagrun for example_sensor_decorator to None, run_after=None
[2026-06-08T11:59:20.362+0000] {processor.py:183} INFO - Processing /home/airflow/.local/lib/python3.12/site-packages/airflow/example_dags/example_sensor_decorator.py took 0.079 seconds
[2026-06-08T11:59:50.987+0000] {processor.py:161} INFO - Started process (PID=49585) to work on /home/airflow/.local/lib/python3.12/site-packages/airflow/example_dags/example_sensor_decorator.py
[2026-06-08T11:59:50.988+0000] {processor.py:830} INFO - Processing file /home/airflow/.local/lib/python3.12/site-packages/airflow/example_dags/example_sensor_decorator.py for tasks to queue
[2026-06-08T11:59:50.990+0000] {logging_mixin.py:188} INFO - [2026-06-08T11:59:50.989+0000] {dagbag.py:545} INFO - Filling up the DagBag from /home/airflow/.local/lib/python3.12/site-packages/airflow/example_dags/example_sensor_decorator.py
[2026-06-08T11:59:50.999+0000] {processor.py:840} INFO - DAG(s) 'example_sensor_decorator' retrieved from /home/airflow/.local/lib/python3.12/site-packages/airflow/example_dags/example_sensor_decorator.py
[2026-06-08T11:59:51.028+0000] {logging_mixin.py:188} INFO - [2026-06-08T11:59:51.028+0000] {dag.py:3096} INFO - Sync 1 DAGs
[2026-06-08T11:59:51.046+0000] {logging_mixin.py:188} INFO - [2026-06-08T11:59:51.046+0000] {dag.py:3954} INFO - Setting next_dagrun for example_sensor_decorator to None, run_after=None
[2026-06-08T11:59:51.080+0000] {processor.py:183} INFO - Processing /home/airflow/.local/lib/python3.12/site-packages/airflow/example_dags/example_sensor_decorator.py took 0.100 seconds
[2026-06-08T12:00:21.647+0000] {processor.py:161} INFO - Started process (PID=49847) to work on /home/airflow/.local/lib/python3.12/site-packages/airflow/example_dags/example_sensor_decorator.py
[2026-06-08T12:00:21.649+0000] {processor.py:830} INFO - Processing file /home/airflow/.local/lib/python3.12/site-packages/airflow/example_dags/example_sensor_decorator.py for tasks to queue
[2026-06-08T12:00:21.651+0000] {logging_mixin.py:188} INFO - [2026-06-08T12:00:21.651+0000] {dagbag.py:545} INFO - Filling up the DagBag from /home/airflow/.local/lib/python3.12/site-packages/airflow/example_dags/example_sensor_decorator.py
[2026-06-08T12:00:21.658+0000] {processor.py:840} INFO - DAG(s) 'example_sensor_decorator' retrieved from /home/airflow/.local/lib/python3.12/site-packages/airflow/example_dags/example_sensor_decorator.py
[2026-06-08T12:00:21.685+0000] {logging_mixin.py:188} INFO - [2026-06-08T12:00:21.685+0000] {dag.py:3096} INFO - Sync 1 DAGs
[2026-06-08T12:00:21.705+0000] {logging_mixin.py:188} INFO - [2026-06-08T12:00:21.705+0000] {dag.py:3954} INFO - Setting next_dagrun for example_sensor_decorator to None, run_after=None
[2026-06-08T12:00:21.731+0000] {processor.py:183} INFO - Processing /home/airflow/.local/lib/python3.12/site-packages/airflow/example_dags/example_sensor_decorator.py took 0.092 seconds
[2026-06-08T12:00:52.317+0000] {processor.py:161} INFO - Started process (PID=50109) to work on /home/airflow/.local/lib/python3.12/site-packages/airflow/example_dags/example_sensor_decorator.py
[2026-06-08T12:00:52.319+0000] {processor.py:830} INFO - Processing file /home/airflow/.local/lib/python3.12/site-packages/airflow/example_dags/example_sensor_decorator.py for tasks to queue
[2026-06-08T12:00:52.320+0000] {logging_mixin.py:188} INFO - [2026-06-08T12:00:52.320+0000] {dagbag.py:545} INFO - Filling up the DagBag from /home/airflow/.local/lib/python3.12/site-packages/airflow/example_dags/example_sensor_decorator.py
[2026-06-08T12:00:52.327+0000] {processor.py:840} INFO - DAG(s) 'example_sensor_decorator' retrieved from /home/airflow/.local/lib/python3.12/site-packages/airflow/example_dags/example_sensor_decorator.py
[2026-06-08T12:00:52.351+0000] {logging_mixin.py:188} INFO - [2026-06-08T12:00:52.351+0000] {dag.py:3096} INFO - Sync 1 DAGs
[2026-06-08T12:00:52.366+0000] {logging_mixin.py:188} INFO - [2026-06-08T12:00:52.365+0000] {dag.py:3954} INFO - Setting next_dagrun for example_sensor_decorator to None, run_after=None
[2026-06-08T12:00:52.391+0000] {processor.py:183} INFO - Processing /home/airflow/.local/lib/python3.12/site-packages/airflow/example_dags/example_sensor_decorator.py took 0.079 seconds
[2026-06-08T12:01:22.940+0000] {processor.py:161} INFO - Started process (PID=50372) to work on /home/airflow/.local/lib/python3.12/site-packages/airflow/example_dags/example_sensor_decorator.py
[2026-06-08T12:01:22.941+0000] {processor.py:830} INFO - Processing file /home/airflow/.local/lib/python3.12/site-packages/airflow/example_dags/example_sensor_decorator.py for tasks to queue
[2026-06-08T12:01:22.944+0000] {logging_mixin.py:188} INFO - [2026-06-08T12:01:22.944+0000] {dagbag.py:545} INFO - Filling up the DagBag from /home/airflow/.local/lib/python3.12/site-packages/airflow/example_dags/example_sensor_decorator.py
[2026-06-08T12:01:22.951+0000] {processor.py:840} INFO - DAG(s) 'example_sensor_decorator' retrieved from /home/airflow/.local/lib/python3.12/site-packages/airflow/example_dags/example_sensor_decorator.py
[2026-06-08T12:01:22.975+0000] {logging_mixin.py:188} INFO - [2026-06-08T12:01:22.975+0000] {dag.py:3096} INFO - Sync 1 DAGs
[2026-06-08T12:01:22.990+0000] {logging_mixin.py:188} INFO - [2026-06-08T12:01:22.989+0000] {dag.py:3954} INFO - Setting next_dagrun for example_sensor_decorator to None, run_after=None
[2026-06-08T12:01:23.017+0000] {processor.py:183} INFO - Processing /home/airflow/.local/lib/python3.12/site-packages/airflow/example_dags/example_sensor_decorator.py took 0.083 seconds
[2026-06-08T12:01:53.235+0000] {processor.py:161} INFO - Started process (PID=50635) to work on /home/airflow/.local/lib/python3.12/site-packages/airflow/example_dags/example_sensor_decorator.py
[2026-06-08T12:01:53.236+0000] {processor.py:830} INFO - Processing file /home/airflow/.local/lib/python3.12/site-packages/airflow/example_dags/example_sensor_decorator.py for tasks to queue
[2026-06-08T12:01:53.238+0000] {logging_mixin.py:188} INFO - [2026-06-08T12:01:53.238+0000] {dagbag.py:545} INFO - Filling up the DagBag from /home/airflow/.local/lib/python3.12/site-packages/airflow/example_dags/example_sensor_decorator.py
[2026-06-08T12:01:53.244+0000] {processor.py:840} INFO - DAG(s) 'example_sensor_decorator' retrieved from /home/airflow/.local/lib/python3.12/site-packages/airflow/example_dags/example_sensor_decorator.py
[2026-06-08T12:01:53.269+0000] {logging_mixin.py:188} INFO - [2026-06-08T12:01:53.269+0000] {dag.py:3096} INFO - Sync 1 DAGs
[2026-06-08T12:01:53.283+0000] {logging_mixin.py:188} INFO - [2026-06-08T12:01:53.283+0000] {dag.py:3954} INFO - Setting next_dagrun for example_sensor_decorator to None, run_after=None
[2026-06-08T12:01:53.308+0000] {processor.py:183} INFO - Processing /home/airflow/.local/lib/python3.12/site-packages/airflow/example_dags/example_sensor_decorator.py took 0.079 seconds
[2026-06-08T12:02:23.675+0000] {processor.py:161} INFO - Started process (PID=50897) to work on /home/airflow/.local/lib/python3.12/site-packages/airflow/example_dags/example_sensor_decorator.py
[2026-06-08T12:02:23.677+0000] {processor.py:830} INFO - Processing file /home/airflow/.local/lib/python3.12/site-packages/airflow/example_dags/example_sensor_decorator.py for tasks to queue
[2026-06-08T12:02:23.678+0000] {logging_mixin.py:188} INFO - [2026-06-08T12:02:23.678+0000] {dagbag.py:545} INFO - Filling up the DagBag from /home/airflow/.local/lib/python3.12/site-packages/airflow/example_dags/example_sensor_decorator.py
[2026-06-08T12:02:23.685+0000] {processor.py:840} INFO - DAG(s) 'example_sensor_decorator' retrieved from /home/airflow/.local/lib/python3.12/site-packages/airflow/example_dags/example_sensor_decorator.py
[2026-06-08T12:02:23.710+0000] {logging_mixin.py:188} INFO - [2026-06-08T12:02:23.710+0000] {dag.py:3096} INFO - Sync 1 DAGs
[2026-06-08T12:02:23.727+0000] {logging_mixin.py:188} INFO - [2026-06-08T12:02:23.726+0000] {dag.py:3954} INFO - Setting next_dagrun for example_sensor_decorator to None, run_after=None
[2026-06-08T12:02:23.750+0000] {processor.py:183} INFO - Processing /home/airflow/.local/lib/python3.12/site-packages/airflow/example_dags/example_sensor_decorator.py took 0.081 seconds
[2026-06-08T12:02:54.682+0000] {processor.py:161} INFO - Started process (PID=51159) to work on /home/airflow/.local/lib/python3.12/site-packages/airflow/example_dags/example_sensor_decorator.py
[2026-06-08T12:02:54.683+0000] {processor.py:830} INFO - Processing file /home/airflow/.local/lib/python3.12/site-packages/airflow/example_dags/example_sensor_decorator.py for tasks to queue
[2026-06-08T12:02:54.685+0000] {logging_mixin.py:188} INFO - [2026-06-08T12:02:54.685+0000] {dagbag.py:545} INFO - Filling up the DagBag from /home/airflow/.local/lib/python3.12/site-packages/airflow/example_dags/example_sensor_decorator.py
[2026-06-08T12:02:54.692+0000] {processor.py:840} INFO - DAG(s) 'example_sensor_decorator' retrieved from /home/airflow/.local/lib/python3.12/site-packages/airflow/example_dags/example_sensor_decorator.py
[2026-06-08T12:02:54.720+0000] {logging_mixin.py:188} INFO - [2026-06-08T12:02:54.720+0000] {dag.py:3096} INFO - Sync 1 DAGs
[2026-06-08T12:02:54.738+0000] {logging_mixin.py:188} INFO - [2026-06-08T12:02:54.737+0000] {dag.py:3954} INFO - Setting next_dagrun for example_sensor_decorator to None, run_after=None
[2026-06-08T12:02:54.944+0000] {processor.py:183} INFO - Processing /home/airflow/.local/lib/python3.12/site-packages/airflow/example_dags/example_sensor_decorator.py took 0.269 seconds
[2026-06-08T12:03:25.108+0000] {processor.py:161} INFO - Started process (PID=51422) to work on /home/airflow/.local/lib/python3.12/site-packages/airflow/example_dags/example_sensor_decorator.py
[2026-06-08T12:03:25.110+0000] {processor.py:830} INFO - Processing file /home/airflow/.local/lib/python3.12/site-packages/airflow/example_dags/example_sensor_decorator.py for tasks to queue
[2026-06-08T12:03:25.112+0000] {logging_mixin.py:188} INFO - [2026-06-08T12:03:25.112+0000] {dagbag.py:545} INFO - Filling up the DagBag from /home/airflow/.local/lib/python3.12/site-packages/airflow/example_dags/example_sensor_decorator.py
[2026-06-08T12:03:25.118+0000] {processor.py:840} INFO - DAG(s) 'example_sensor_decorator' retrieved from /home/airflow/.local/lib/python3.12/site-packages/airflow/example_dags/example_sensor_decorator.py
[2026-06-08T12:03:25.142+0000] {logging_mixin.py:188} INFO - [2026-06-08T12:03:25.142+0000] {dag.py:3096} INFO - Sync 1 DAGs
[2026-06-08T12:03:25.156+0000] {logging_mixin.py:188} INFO - [2026-06-08T12:03:25.156+0000] {dag.py:3954} INFO - Setting next_dagrun for example_sensor_decorator to None, run_after=None
[2026-06-08T12:03:25.184+0000] {processor.py:183} INFO - Processing /home/airflow/.local/lib/python3.12/site-packages/airflow/example_dags/example_sensor_decorator.py took 0.083 seconds
[2026-06-08T12:03:55.422+0000] {processor.py:161} INFO - Started process (PID=51684) to work on /home/airflow/.local/lib/python3.12/site-packages/airflow/example_dags/example_sensor_decorator.py
[2026-06-08T12:03:55.423+0000] {processor.py:830} INFO - Processing file /home/airflow/.local/lib/python3.12/site-packages/airflow/example_dags/example_sensor_decorator.py for tasks to queue
[2026-06-08T12:03:55.427+0000] {logging_mixin.py:188} INFO - [2026-06-08T12:03:55.426+0000] {dagbag.py:545} INFO - Filling up the DagBag from /home/airflow/.local/lib/python3.12/site-packages/airflow/example_dags/example_sensor_decorator.py
[2026-06-08T12:03:55.434+0000] {processor.py:840} INFO - DAG(s) 'example_sensor_decorator' retrieved from /home/airflow/.local/lib/python3.12/site-packages/airflow/example_dags/example_sensor_decorator.py
[2026-06-08T12:03:55.458+0000] {logging_mixin.py:188} INFO - [2026-06-08T12:03:55.458+0000] {dag.py:3096} INFO - Sync 1 DAGs
[2026-06-08T12:03:55.474+0000] {logging_mixin.py:188} INFO - [2026-06-08T12:03:55.474+0000] {dag.py:3954} INFO - Setting next_dagrun for example_sensor_decorator to None, run_after=None
[2026-06-08T12:03:55.507+0000] {processor.py:183} INFO - Processing /home/airflow/.local/lib/python3.12/site-packages/airflow/example_dags/example_sensor_decorator.py took 0.091 seconds
[2026-06-08T12:04:26.256+0000] {processor.py:161} INFO - Started process (PID=51947) to work on /home/airflow/.local/lib/python3.12/site-packages/airflow/example_dags/example_sensor_decorator.py
[2026-06-08T12:04:26.258+0000] {processor.py:830} INFO - Processing file /home/airflow/.local/lib/python3.12/site-packages/airflow/example_dags/example_sensor_decorator.py for tasks to queue
[2026-06-08T12:04:26.260+0000] {logging_mixin.py:188} INFO - [2026-06-08T12:04:26.260+0000] {dagbag.py:545} INFO - Filling up the DagBag from /home/airflow/.local/lib/python3.12/site-packages/airflow/example_dags/example_sensor_decorator.py
[2026-06-08T12:04:26.267+0000] {processor.py:840} INFO - DAG(s) 'example_sensor_decorator' retrieved from /home/airflow/.local/lib/python3.12/site-packages/airflow/example_dags/example_sensor_decorator.py
[2026-06-08T12:04:26.290+0000] {logging_mixin.py:188} INFO - [2026-06-08T12:04:26.290+0000] {dag.py:3096} INFO - Sync 1 DAGs
[2026-06-08T12:04:26.305+0000] {logging_mixin.py:188} INFO - [2026-06-08T12:04:26.304+0000] {dag.py:3954} INFO - Setting next_dagrun for example_sensor_decorator to None, run_after=None
[2026-06-08T12:04:26.326+0000] {processor.py:183} INFO - Processing /home/airflow/.local/lib/python3.12/site-packages/airflow/example_dags/example_sensor_decorator.py took 0.078 seconds
[2026-06-08T12:04:56.619+0000] {processor.py:161} INFO - Started process (PID=52215) to work on /home/airflow/.local/lib/python3.12/site-packages/airflow/example_dags/example_sensor_decorator.py
[2026-06-08T12:04:56.620+0000] {processor.py:830} INFO - Processing file /home/airflow/.local/lib/python3.12/site-packages/airflow/example_dags/example_sensor_decorator.py for tasks to queue
[2026-06-08T12:04:56.621+0000] {logging_mixin.py:188} INFO - [2026-06-08T12:04:56.621+0000] {dagbag.py:545} INFO - Filling up the DagBag from /home/airflow/.local/lib/python3.12/site-packages/airflow/example_dags/example_sensor_decorator.py
[2026-06-08T12:04:56.627+0000] {processor.py:840} INFO - DAG(s) 'example_sensor_decorator' retrieved from /home/airflow/.local/lib/python3.12/site-packages/airflow/example_dags/example_sensor_decorator.py
[2026-06-08T12:04:56.650+0000] {logging_mixin.py:188} INFO - [2026-06-08T12:04:56.649+0000] {dag.py:3096} INFO - Sync 1 DAGs
[2026-06-08T12:04:56.663+0000] {logging_mixin.py:188} INFO - [2026-06-08T12:04:56.663+0000] {dag.py:3954} INFO - Setting next_dagrun for example_sensor_decorator to None, run_after=None
[2026-06-08T12:04:56.686+0000] {processor.py:183} INFO - Processing /home/airflow/.local/lib/python3.12/site-packages/airflow/example_dags/example_sensor_decorator.py took 0.073 seconds
[2026-06-08T12:05:27.378+0000] {processor.py:161} INFO - Started process (PID=52477) to work on /home/airflow/.local/lib/python3.12/site-packages/airflow/example_dags/example_sensor_decorator.py
[2026-06-08T12:05:27.379+0000] {processor.py:830} INFO - Processing file /home/airflow/.local/lib/python3.12/site-packages/airflow/example_dags/example_sensor_decorator.py for tasks to queue
[2026-06-08T12:05:27.381+0000] {logging_mixin.py:188} INFO - [2026-06-08T12:05:27.381+0000] {dagbag.py:545} INFO - Filling up the DagBag from /home/airflow/.local/lib/python3.12/site-packages/airflow/example_dags/example_sensor_decorator.py
[2026-06-08T12:05:27.388+0000] {processor.py:840} INFO - DAG(s) 'example_sensor_decorator' retrieved from /home/airflow/.local/lib/python3.12/site-packages/airflow/example_dags/example_sensor_decorator.py
[2026-06-08T12:05:27.411+0000] {logging_mixin.py:188} INFO - [2026-06-08T12:05:27.411+0000] {dag.py:3096} INFO - Sync 1 DAGs
[2026-06-08T12:05:27.426+0000] {logging_mixin.py:188} INFO - [2026-06-08T12:05:27.425+0000] {dag.py:3954} INFO - Setting next_dagrun for example_sensor_decorator to None, run_after=None
[2026-06-08T12:05:27.452+0000] {processor.py:183} INFO - Processing /home/airflow/.local/lib/python3.12/site-packages/airflow/example_dags/example_sensor_decorator.py took 0.081 seconds
[2026-06-08T12:05:57.565+0000] {processor.py:161} INFO - Started process (PID=52734) to work on /home/airflow/.local/lib/python3.12/site-packages/airflow/example_dags/example_sensor_decorator.py
[2026-06-08T12:05:57.566+0000] {processor.py:830} INFO - Processing file /home/airflow/.local/lib/python3.12/site-packages/airflow/example_dags/example_sensor_decorator.py for tasks to queue
[2026-06-08T12:05:57.569+0000] {logging_mixin.py:188} INFO - [2026-06-08T12:05:57.568+0000] {dagbag.py:545} INFO - Filling up the DagBag from /home/airflow/.local/lib/python3.12/site-packages/airflow/example_dags/example_sensor_decorator.py
[2026-06-08T12:05:57.576+0000] {processor.py:840} INFO - DAG(s) 'example_sensor_decorator' retrieved from /home/airflow/.local/lib/python3.12/site-packages/airflow/example_dags/example_sensor_decorator.py
[2026-06-08T12:05:57.601+0000] {logging_mixin.py:188} INFO - [2026-06-08T12:05:57.601+0000] {dag.py:3096} INFO - Sync 1 DAGs
[2026-06-08T12:05:57.618+0000] {logging_mixin.py:188} INFO - [2026-06-08T12:05:57.618+0000] {dag.py:3954} INFO - Setting next_dagrun for example_sensor_decorator to None, run_after=None
[2026-06-08T12:05:57.650+0000] {processor.py:183} INFO - Processing /home/airflow/.local/lib/python3.12/site-packages/airflow/example_dags/example_sensor_decorator.py took 0.092 seconds
[2026-06-08T12:06:28.348+0000] {processor.py:161} INFO - Started process (PID=52996) to work on /home/airflow/.local/lib/python3.12/site-packages/airflow/example_dags/example_sensor_decorator.py
[2026-06-08T12:06:28.349+0000] {processor.py:830} INFO - Processing file /home/airflow/.local/lib/python3.12/site-packages/airflow/example_dags/example_sensor_decorator.py for tasks to queue
[2026-06-08T12:06:28.352+0000] {logging_mixin.py:188} INFO - [2026-06-08T12:06:28.351+0000] {dagbag.py:545} INFO - Filling up the DagBag from /home/airflow/.local/lib/python3.12/site-packages/airflow/example_dags/example_sensor_decorator.py
[2026-06-08T12:06:28.358+0000] {processor.py:840} INFO - DAG(s) 'example_sensor_decorator' retrieved from /home/airflow/.local/lib/python3.12/site-packages/airflow/example_dags/example_sensor_decorator.py
[2026-06-08T12:06:28.384+0000] {logging_mixin.py:188} INFO - [2026-06-08T12:06:28.383+0000] {dag.py:3096} INFO - Sync 1 DAGs
[2026-06-08T12:06:28.402+0000] {logging_mixin.py:188} INFO - [2026-06-08T12:06:28.402+0000] {dag.py:3954} INFO - Setting next_dagrun for example_sensor_decorator to None, run_after=None
[2026-06-08T12:06:28.433+0000] {processor.py:183} INFO - Processing /home/airflow/.local/lib/python3.12/site-packages/airflow/example_dags/example_sensor_decorator.py took 0.092 seconds
[2026-06-08T12:06:58.727+0000] {processor.py:161} INFO - Started process (PID=53259) to work on /home/airflow/.local/lib/python3.12/site-packages/airflow/example_dags/example_sensor_decorator.py
[2026-06-08T12:06:58.729+0000] {processor.py:830} INFO - Processing file /home/airflow/.local/lib/python3.12/site-packages/airflow/example_dags/example_sensor_decorator.py for tasks to queue
[2026-06-08T12:06:58.731+0000] {logging_mixin.py:188} INFO - [2026-06-08T12:06:58.730+0000] {dagbag.py:545} INFO - Filling up the DagBag from /home/airflow/.local/lib/python3.12/site-packages/airflow/example_dags/example_sensor_decorator.py
[2026-06-08T12:06:58.737+0000] {processor.py:840} INFO - DAG(s) 'example_sensor_decorator' retrieved from /home/airflow/.local/lib/python3.12/site-packages/airflow/example_dags/example_sensor_decorator.py
[2026-06-08T12:06:58.760+0000] {logging_mixin.py:188} INFO - [2026-06-08T12:06:58.760+0000] {dag.py:3096} INFO - Sync 1 DAGs
[2026-06-08T12:06:58.774+0000] {logging_mixin.py:188} INFO - [2026-06-08T12:06:58.774+0000] {dag.py:3954} INFO - Setting next_dagrun for example_sensor_decorator to None, run_after=None
[2026-06-08T12:06:58.801+0000] {processor.py:183} INFO - Processing /home/airflow/.local/lib/python3.12/site-packages/airflow/example_dags/example_sensor_decorator.py took 0.079 seconds
[2026-06-08T12:07:28.918+0000] {processor.py:161} INFO - Started process (PID=53521) to work on /home/airflow/.local/lib/python3.12/site-packages/airflow/example_dags/example_sensor_decorator.py
[2026-06-08T12:07:28.920+0000] {processor.py:830} INFO - Processing file /home/airflow/.local/lib/python3.12/site-packages/airflow/example_dags/example_sensor_decorator.py for tasks to queue
[2026-06-08T12:07:28.923+0000] {logging_mixin.py:188} INFO - [2026-06-08T12:07:28.923+0000] {dagbag.py:545} INFO - Filling up the DagBag from /home/airflow/.local/lib/python3.12/site-packages/airflow/example_dags/example_sensor_decorator.py
[2026-06-08T12:07:28.929+0000] {processor.py:840} INFO - DAG(s) 'example_sensor_decorator' retrieved from /home/airflow/.local/lib/python3.12/site-packages/airflow/example_dags/example_sensor_decorator.py
[2026-06-08T12:07:28.952+0000] {logging_mixin.py:188} INFO - [2026-06-08T12:07:28.952+0000] {dag.py:3096} INFO - Sync 1 DAGs
[2026-06-08T12:07:28.965+0000] {logging_mixin.py:188} INFO - [2026-06-08T12:07:28.964+0000] {dag.py:3954} INFO - Setting next_dagrun for example_sensor_decorator to None, run_after=None
[2026-06-08T12:07:28.988+0000] {processor.py:183} INFO - Processing /home/airflow/.local/lib/python3.12/site-packages/airflow/example_dags/example_sensor_decorator.py took 0.076 seconds
[2026-06-08T12:07:59.145+0000] {processor.py:161} INFO - Started process (PID=53783) to work on /home/airflow/.local/lib/python3.12/site-packages/airflow/example_dags/example_sensor_decorator.py
[2026-06-08T12:07:59.146+0000] {processor.py:830} INFO - Processing file /home/airflow/.local/lib/python3.12/site-packages/airflow/example_dags/example_sensor_decorator.py for tasks to queue
[2026-06-08T12:07:59.148+0000] {logging_mixin.py:188} INFO - [2026-06-08T12:07:59.148+0000] {dagbag.py:545} INFO - Filling up the DagBag from /home/airflow/.local/lib/python3.12/site-packages/airflow/example_dags/example_sensor_decorator.py
[2026-06-08T12:07:59.154+0000] {processor.py:840} INFO - DAG(s) 'example_sensor_decorator' retrieved from /home/airflow/.local/lib/python3.12/site-packages/airflow/example_dags/example_sensor_decorator.py
[2026-06-08T12:07:59.178+0000] {logging_mixin.py:188} INFO - [2026-06-08T12:07:59.178+0000] {dag.py:3096} INFO - Sync 1 DAGs
[2026-06-08T12:07:59.192+0000] {logging_mixin.py:188} INFO - [2026-06-08T12:07:59.191+0000] {dag.py:3954} INFO - Setting next_dagrun for example_sensor_decorator to None, run_after=None
[2026-06-08T12:07:59.217+0000] {processor.py:183} INFO - Processing /home/airflow/.local/lib/python3.12/site-packages/airflow/example_dags/example_sensor_decorator.py took 0.079 seconds
[2026-06-08T12:08:29.410+0000] {processor.py:161} INFO - Started process (PID=54045) to work on /home/airflow/.local/lib/python3.12/site-packages/airflow/example_dags/example_sensor_decorator.py
[2026-06-08T12:08:29.412+0000] {processor.py:830} INFO - Processing file /home/airflow/.local/lib/python3.12/site-packages/airflow/example_dags/example_sensor_decorator.py for tasks to queue
[2026-06-08T12:08:29.415+0000] {logging_mixin.py:188} INFO - [2026-06-08T12:08:29.414+0000] {dagbag.py:545} INFO - Filling up the DagBag from /home/airflow/.local/lib/python3.12/site-packages/airflow/example_dags/example_sensor_decorator.py
[2026-06-08T12:08:29.423+0000] {processor.py:840} INFO - DAG(s) 'example_sensor_decorator' retrieved from /home/airflow/.local/lib/python3.12/site-packages/airflow/example_dags/example_sensor_decorator.py
[2026-06-08T12:08:29.451+0000] {logging_mixin.py:188} INFO - [2026-06-08T12:08:29.451+0000] {dag.py:3096} INFO - Sync 1 DAGs
[2026-06-08T12:08:29.467+0000] {logging_mixin.py:188} INFO - [2026-06-08T12:08:29.466+0000] {dag.py:3954} INFO - Setting next_dagrun for example_sensor_decorator to None, run_after=None
[2026-06-08T12:08:29.492+0000] {processor.py:183} INFO - Processing /home/airflow/.local/lib/python3.12/site-packages/airflow/example_dags/example_sensor_decorator.py took 0.088 seconds
[2026-06-08T12:09:00.183+0000] {processor.py:161} INFO - Started process (PID=54307) to work on /home/airflow/.local/lib/python3.12/site-packages/airflow/example_dags/example_sensor_decorator.py
[2026-06-08T12:09:00.184+0000] {processor.py:830} INFO - Processing file /home/airflow/.local/lib/python3.12/site-packages/airflow/example_dags/example_sensor_decorator.py for tasks to queue
[2026-06-08T12:09:00.188+0000] {logging_mixin.py:188} INFO - [2026-06-08T12:09:00.187+0000] {dagbag.py:545} INFO - Filling up the DagBag from /home/airflow/.local/lib/python3.12/site-packages/airflow/example_dags/example_sensor_decorator.py
[2026-06-08T12:09:00.197+0000] {processor.py:840} INFO - DAG(s) 'example_sensor_decorator' retrieved from /home/airflow/.local/lib/python3.12/site-packages/airflow/example_dags/example_sensor_decorator.py
[2026-06-08T12:09:00.225+0000] {logging_mixin.py:188} INFO - [2026-06-08T12:09:00.225+0000] {dag.py:3096} INFO - Sync 1 DAGs
[2026-06-08T12:09:00.240+0000] {logging_mixin.py:188} INFO - [2026-06-08T12:09:00.240+0000] {dag.py:3954} INFO - Setting next_dagrun for example_sensor_decorator to None, run_after=None
[2026-06-08T12:09:00.268+0000] {processor.py:183} INFO - Processing /home/airflow/.local/lib/python3.12/site-packages/airflow/example_dags/example_sensor_decorator.py took 0.092 seconds
[2026-06-08T12:09:30.815+0000] {processor.py:161} INFO - Started process (PID=54568) to work on /home/airflow/.local/lib/python3.12/site-packages/airflow/example_dags/example_sensor_decorator.py
[2026-06-08T12:09:30.817+0000] {processor.py:830} INFO - Processing file /home/airflow/.local/lib/python3.12/site-packages/airflow/example_dags/example_sensor_decorator.py for tasks to queue
[2026-06-08T12:09:30.819+0000] {logging_mixin.py:188} INFO - [2026-06-08T12:09:30.819+0000] {dagbag.py:545} INFO - Filling up the DagBag from /home/airflow/.local/lib/python3.12/site-packages/airflow/example_dags/example_sensor_decorator.py
[2026-06-08T12:09:30.826+0000] {processor.py:840} INFO - DAG(s) 'example_sensor_decorator' retrieved from /home/airflow/.local/lib/python3.12/site-packages/airflow/example_dags/example_sensor_decorator.py
[2026-06-08T12:09:30.852+0000] {logging_mixin.py:188} INFO - [2026-06-08T12:09:30.851+0000] {dag.py:3096} INFO - Sync 1 DAGs
[2026-06-08T12:09:30.868+0000] {logging_mixin.py:188} INFO - [2026-06-08T12:09:30.868+0000] {dag.py:3954} INFO - Setting next_dagrun for example_sensor_decorator to None, run_after=None
[2026-06-08T12:09:30.900+0000] {processor.py:183} INFO - Processing /home/airflow/.local/lib/python3.12/site-packages/airflow/example_dags/example_sensor_decorator.py took 0.092 seconds
[2026-06-08T12:10:01.073+0000] {processor.py:161} INFO - Started process (PID=54831) to work on /home/airflow/.local/lib/python3.12/site-packages/airflow/example_dags/example_sensor_decorator.py
[2026-06-08T12:10:01.074+0000] {processor.py:830} INFO - Processing file /home/airflow/.local/lib/python3.12/site-packages/airflow/example_dags/example_sensor_decorator.py for tasks to queue
[2026-06-08T12:10:01.077+0000] {logging_mixin.py:188} INFO - [2026-06-08T12:10:01.076+0000] {dagbag.py:545} INFO - Filling up the DagBag from /home/airflow/.local/lib/python3.12/site-packages/airflow/example_dags/example_sensor_decorator.py
[2026-06-08T12:10:01.084+0000] {processor.py:840} INFO - DAG(s) 'example_sensor_decorator' retrieved from /home/airflow/.local/lib/python3.12/site-packages/airflow/example_dags/example_sensor_decorator.py
[2026-06-08T12:10:01.109+0000] {logging_mixin.py:188} INFO - [2026-06-08T12:10:01.109+0000] {dag.py:3096} INFO - Sync 1 DAGs
[2026-06-08T12:10:01.127+0000] {logging_mixin.py:188} INFO - [2026-06-08T12:10:01.126+0000] {dag.py:3954} INFO - Setting next_dagrun for example_sensor_decorator to None, run_after=None
[2026-06-08T12:10:01.154+0000] {processor.py:183} INFO - Processing /home/airflow/.local/lib/python3.12/site-packages/airflow/example_dags/example_sensor_decorator.py took 0.089 seconds
[2026-06-08T12:10:31.481+0000] {processor.py:161} INFO - Started process (PID=55093) to work on /home/airflow/.local/lib/python3.12/site-packages/airflow/example_dags/example_sensor_decorator.py
[2026-06-08T12:10:31.482+0000] {processor.py:830} INFO - Processing file /home/airflow/.local/lib/python3.12/site-packages/airflow/example_dags/example_sensor_decorator.py for tasks to queue
[2026-06-08T12:10:31.485+0000] {logging_mixin.py:188} INFO - [2026-06-08T12:10:31.485+0000] {dagbag.py:545} INFO - Filling up the DagBag from /home/airflow/.local/lib/python3.12/site-packages/airflow/example_dags/example_sensor_decorator.py
[2026-06-08T12:10:31.492+0000] {processor.py:840} INFO - DAG(s) 'example_sensor_decorator' retrieved from /home/airflow/.local/lib/python3.12/site-packages/airflow/example_dags/example_sensor_decorator.py
[2026-06-08T12:10:31.515+0000] {logging_mixin.py:188} INFO - [2026-06-08T12:10:31.514+0000] {dag.py:3096} INFO - Sync 1 DAGs
[2026-06-08T12:10:31.529+0000] {logging_mixin.py:188} INFO - [2026-06-08T12:10:31.529+0000] {dag.py:3954} INFO - Setting next_dagrun for example_sensor_decorator to None, run_after=None
[2026-06-08T12:10:31.551+0000] {processor.py:183} INFO - Processing /home/airflow/.local/lib/python3.12/site-packages/airflow/example_dags/example_sensor_decorator.py took 0.076 seconds
[2026-06-08T12:11:01.942+0000] {processor.py:161} INFO - Started process (PID=55355) to work on /home/airflow/.local/lib/python3.12/site-packages/airflow/example_dags/example_sensor_decorator.py
[2026-06-08T12:11:01.943+0000] {processor.py:830} INFO - Processing file /home/airflow/.local/lib/python3.12/site-packages/airflow/example_dags/example_sensor_decorator.py for tasks to queue
[2026-06-08T12:11:01.947+0000] {logging_mixin.py:188} INFO - [2026-06-08T12:11:01.946+0000] {dagbag.py:545} INFO - Filling up the DagBag from /home/airflow/.local/lib/python3.12/site-packages/airflow/example_dags/example_sensor_decorator.py
[2026-06-08T12:11:01.960+0000] {processor.py:840} INFO - DAG(s) 'example_sensor_decorator' retrieved from /home/airflow/.local/lib/python3.12/site-packages/airflow/example_dags/example_sensor_decorator.py
[2026-06-08T12:11:01.999+0000] {logging_mixin.py:188} INFO - [2026-06-08T12:11:01.999+0000] {dag.py:3096} INFO - Sync 1 DAGs
[2026-06-08T12:11:02.030+0000] {logging_mixin.py:188} INFO - [2026-06-08T12:11:02.030+0000] {dag.py:3954} INFO - Setting next_dagrun for example_sensor_decorator to None, run_after=None
[2026-06-08T12:11:02.066+0000] {processor.py:183} INFO - Processing /home/airflow/.local/lib/python3.12/site-packages/airflow/example_dags/example_sensor_decorator.py took 0.134 seconds
[2026-06-08T12:11:32.217+0000] {processor.py:161} INFO - Started process (PID=55615) to work on /home/airflow/.local/lib/python3.12/site-packages/airflow/example_dags/example_sensor_decorator.py
[2026-06-08T12:11:32.218+0000] {processor.py:830} INFO - Processing file /home/airflow/.local/lib/python3.12/site-packages/airflow/example_dags/example_sensor_decorator.py for tasks to queue
[2026-06-08T12:11:32.221+0000] {logging_mixin.py:188} INFO - [2026-06-08T12:11:32.220+0000] {dagbag.py:545} INFO - Filling up the DagBag from /home/airflow/.local/lib/python3.12/site-packages/airflow/example_dags/example_sensor_decorator.py
[2026-06-08T12:11:32.227+0000] {processor.py:840} INFO - DAG(s) 'example_sensor_decorator' retrieved from /home/airflow/.local/lib/python3.12/site-packages/airflow/example_dags/example_sensor_decorator.py
[2026-06-08T12:11:32.253+0000] {logging_mixin.py:188} INFO - [2026-06-08T12:11:32.253+0000] {dag.py:3096} INFO - Sync 1 DAGs
[2026-06-08T12:11:32.269+0000] {logging_mixin.py:188} INFO - [2026-06-08T12:11:32.269+0000] {dag.py:3954} INFO - Setting next_dagrun for example_sensor_decorator to None, run_after=None
[2026-06-08T12:11:32.298+0000] {processor.py:183} INFO - Processing /home/airflow/.local/lib/python3.12/site-packages/airflow/example_dags/example_sensor_decorator.py took 0.088 seconds
[2026-06-08T12:12:02.501+0000] {processor.py:161} INFO - Started process (PID=55877) to work on /home/airflow/.local/lib/python3.12/site-packages/airflow/example_dags/example_sensor_decorator.py
[2026-06-08T12:12:02.503+0000] {processor.py:830} INFO - Processing file /home/airflow/.local/lib/python3.12/site-packages/airflow/example_dags/example_sensor_decorator.py for tasks to queue
[2026-06-08T12:12:02.505+0000] {logging_mixin.py:188} INFO - [2026-06-08T12:12:02.505+0000] {dagbag.py:545} INFO - Filling up the DagBag from /home/airflow/.local/lib/python3.12/site-packages/airflow/example_dags/example_sensor_decorator.py
[2026-06-08T12:12:02.512+0000] {processor.py:840} INFO - DAG(s) 'example_sensor_decorator' retrieved from /home/airflow/.local/lib/python3.12/site-packages/airflow/example_dags/example_sensor_decorator.py
[2026-06-08T12:12:02.534+0000] {logging_mixin.py:188} INFO - [2026-06-08T12:12:02.534+0000] {dag.py:3096} INFO - Sync 1 DAGs
[2026-06-08T12:12:02.548+0000] {logging_mixin.py:188} INFO - [2026-06-08T12:12:02.548+0000] {dag.py:3954} INFO - Setting next_dagrun for example_sensor_decorator to None, run_after=None
[2026-06-08T12:12:02.574+0000] {processor.py:183} INFO - Processing /home/airflow/.local/lib/python3.12/site-packages/airflow/example_dags/example_sensor_decorator.py took 0.079 seconds
[2026-06-08T12:12:32.903+0000] {processor.py:161} INFO - Started process (PID=56141) to work on /home/airflow/.local/lib/python3.12/site-packages/airflow/example_dags/example_sensor_decorator.py
[2026-06-08T12:12:32.904+0000] {processor.py:830} INFO - Processing file /home/airflow/.local/lib/python3.12/site-packages/airflow/example_dags/example_sensor_decorator.py for tasks to queue
[2026-06-08T12:12:32.906+0000] {logging_mixin.py:188} INFO - [2026-06-08T12:12:32.906+0000] {dagbag.py:545} INFO - Filling up the DagBag from /home/airflow/.local/lib/python3.12/site-packages/airflow/example_dags/example_sensor_decorator.py
[2026-06-08T12:12:32.913+0000] {processor.py:840} INFO - DAG(s) 'example_sensor_decorator' retrieved from /home/airflow/.local/lib/python3.12/site-packages/airflow/example_dags/example_sensor_decorator.py
[2026-06-08T12:12:32.940+0000] {logging_mixin.py:188} INFO - [2026-06-08T12:12:32.940+0000] {dag.py:3096} INFO - Sync 1 DAGs
[2026-06-08T12:12:32.955+0000] {logging_mixin.py:188} INFO - [2026-06-08T12:12:32.955+0000] {dag.py:3954} INFO - Setting next_dagrun for example_sensor_decorator to None, run_after=None
[2026-06-08T12:12:32.984+0000] {processor.py:183} INFO - Processing /home/airflow/.local/lib/python3.12/site-packages/airflow/example_dags/example_sensor_decorator.py took 0.087 seconds
[2026-06-08T12:13:03.264+0000] {processor.py:161} INFO - Started process (PID=56401) to work on /home/airflow/.local/lib/python3.12/site-packages/airflow/example_dags/example_sensor_decorator.py
[2026-06-08T12:13:03.265+0000] {processor.py:830} INFO - Processing file /home/airflow/.local/lib/python3.12/site-packages/airflow/example_dags/example_sensor_decorator.py for tasks to queue
[2026-06-08T12:13:03.267+0000] {logging_mixin.py:188} INFO - [2026-06-08T12:13:03.267+0000] {dagbag.py:545} INFO - Filling up the DagBag from /home/airflow/.local/lib/python3.12/site-packages/airflow/example_dags/example_sensor_decorator.py
[2026-06-08T12:13:03.275+0000] {processor.py:840} INFO - DAG(s) 'example_sensor_decorator' retrieved from /home/airflow/.local/lib/python3.12/site-packages/airflow/example_dags/example_sensor_decorator.py
[2026-06-08T12:13:03.300+0000] {logging_mixin.py:188} INFO - [2026-06-08T12:13:03.300+0000] {dag.py:3096} INFO - Sync 1 DAGs
[2026-06-08T12:13:03.317+0000] {logging_mixin.py:188} INFO - [2026-06-08T12:13:03.317+0000] {dag.py:3954} INFO - Setting next_dagrun for example_sensor_decorator to None, run_after=None
[2026-06-08T12:13:03.345+0000] {processor.py:183} INFO - Processing /home/airflow/.local/lib/python3.12/site-packages/airflow/example_dags/example_sensor_decorator.py took 0.088 seconds
[2026-06-08T12:13:33.572+0000] {processor.py:161} INFO - Started process (PID=56663) to work on /home/airflow/.local/lib/python3.12/site-packages/airflow/example_dags/example_sensor_decorator.py
[2026-06-08T12:13:33.573+0000] {processor.py:830} INFO - Processing file /home/airflow/.local/lib/python3.12/site-packages/airflow/example_dags/example_sensor_decorator.py for tasks to queue
[2026-06-08T12:13:33.576+0000] {logging_mixin.py:188} INFO - [2026-06-08T12:13:33.576+0000] {dagbag.py:545} INFO - Filling up the DagBag from /home/airflow/.local/lib/python3.12/site-packages/airflow/example_dags/example_sensor_decorator.py
[2026-06-08T12:13:33.581+0000] {processor.py:840} INFO - DAG(s) 'example_sensor_decorator' retrieved from /home/airflow/.local/lib/python3.12/site-packages/airflow/example_dags/example_sensor_decorator.py
[2026-06-08T12:13:33.608+0000] {logging_mixin.py:188} INFO - [2026-06-08T12:13:33.607+0000] {dag.py:3096} INFO - Sync 1 DAGs
[2026-06-08T12:13:33.623+0000] {logging_mixin.py:188} INFO - [2026-06-08T12:13:33.622+0000] {dag.py:3954} INFO - Setting next_dagrun for example_sensor_decorator to None, run_after=None
[2026-06-08T12:13:33.648+0000] {processor.py:183} INFO - Processing /home/airflow/.local/lib/python3.12/site-packages/airflow/example_dags/example_sensor_decorator.py took 0.082 seconds
[2026-06-08T12:14:04.554+0000] {processor.py:161} INFO - Started process (PID=56925) to work on /home/airflow/.local/lib/python3.12/site-packages/airflow/example_dags/example_sensor_decorator.py
[2026-06-08T12:14:04.555+0000] {processor.py:830} INFO - Processing file /home/airflow/.local/lib/python3.12/site-packages/airflow/example_dags/example_sensor_decorator.py for tasks to queue
[2026-06-08T12:14:04.558+0000] {logging_mixin.py:188} INFO - [2026-06-08T12:14:04.558+0000] {dagbag.py:545} INFO - Filling up the DagBag from /home/airflow/.local/lib/python3.12/site-packages/airflow/example_dags/example_sensor_decorator.py
[2026-06-08T12:14:04.566+0000] {processor.py:840} INFO - DAG(s) 'example_sensor_decorator' retrieved from /home/airflow/.local/lib/python3.12/site-packages/airflow/example_dags/example_sensor_decorator.py
[2026-06-08T12:14:04.590+0000] {logging_mixin.py:188} INFO - [2026-06-08T12:14:04.590+0000] {dag.py:3096} INFO - Sync 1 DAGs
[2026-06-08T12:14:04.605+0000] {logging_mixin.py:188} INFO - [2026-06-08T12:14:04.604+0000] {dag.py:3954} INFO - Setting next_dagrun for example_sensor_decorator to None, run_after=None
[2026-06-08T12:14:04.633+0000] {processor.py:183} INFO - Processing /home/airflow/.local/lib/python3.12/site-packages/airflow/example_dags/example_sensor_decorator.py took 0.086 seconds
[2026-06-08T12:14:34.781+0000] {processor.py:161} INFO - Started process (PID=57187) to work on /home/airflow/.local/lib/python3.12/site-packages/airflow/example_dags/example_sensor_decorator.py
[2026-06-08T12:14:34.782+0000] {processor.py:830} INFO - Processing file /home/airflow/.local/lib/python3.12/site-packages/airflow/example_dags/example_sensor_decorator.py for tasks to queue
[2026-06-08T12:14:34.785+0000] {logging_mixin.py:188} INFO - [2026-06-08T12:14:34.784+0000] {dagbag.py:545} INFO - Filling up the DagBag from /home/airflow/.local/lib/python3.12/site-packages/airflow/example_dags/example_sensor_decorator.py
[2026-06-08T12:14:34.793+0000] {processor.py:840} INFO - DAG(s) 'example_sensor_decorator' retrieved from /home/airflow/.local/lib/python3.12/site-packages/airflow/example_dags/example_sensor_decorator.py
[2026-06-08T12:14:34.818+0000] {logging_mixin.py:188} INFO - [2026-06-08T12:14:34.818+0000] {dag.py:3096} INFO - Sync 1 DAGs
[2026-06-08T12:14:34.833+0000] {logging_mixin.py:188} INFO - [2026-06-08T12:14:34.833+0000] {dag.py:3954} INFO - Setting next_dagrun for example_sensor_decorator to None, run_after=None
[2026-06-08T12:14:34.859+0000] {processor.py:183} INFO - Processing /home/airflow/.local/lib/python3.12/site-packages/airflow/example_dags/example_sensor_decorator.py took 0.085 seconds
[2026-06-08T12:15:04.955+0000] {processor.py:161} INFO - Started process (PID=57451) to work on /home/airflow/.local/lib/python3.12/site-packages/airflow/example_dags/example_sensor_decorator.py
[2026-06-08T12:15:04.957+0000] {processor.py:830} INFO - Processing file /home/airflow/.local/lib/python3.12/site-packages/airflow/example_dags/example_sensor_decorator.py for tasks to queue
[2026-06-08T12:15:04.959+0000] {logging_mixin.py:188} INFO - [2026-06-08T12:15:04.959+0000] {dagbag.py:545} INFO - Filling up the DagBag from /home/airflow/.local/lib/python3.12/site-packages/airflow/example_dags/example_sensor_decorator.py
[2026-06-08T12:15:04.966+0000] {processor.py:840} INFO - DAG(s) 'example_sensor_decorator' retrieved from /home/airflow/.local/lib/python3.12/site-packages/airflow/example_dags/example_sensor_decorator.py
[2026-06-08T12:15:04.991+0000] {logging_mixin.py:188} INFO - [2026-06-08T12:15:04.990+0000] {dag.py:3096} INFO - Sync 1 DAGs
[2026-06-08T12:15:05.004+0000] {logging_mixin.py:188} INFO - [2026-06-08T12:15:05.004+0000] {dag.py:3954} INFO - Setting next_dagrun for example_sensor_decorator to None, run_after=None
[2026-06-08T12:15:05.033+0000] {processor.py:183} INFO - Processing /home/airflow/.local/lib/python3.12/site-packages/airflow/example_dags/example_sensor_decorator.py took 0.082 seconds
[2026-06-08T12:15:35.406+0000] {processor.py:161} INFO - Started process (PID=57717) to work on /home/airflow/.local/lib/python3.12/site-packages/airflow/example_dags/example_sensor_decorator.py
[2026-06-08T12:15:35.407+0000] {processor.py:830} INFO - Processing file /home/airflow/.local/lib/python3.12/site-packages/airflow/example_dags/example_sensor_decorator.py for tasks to queue
[2026-06-08T12:15:35.409+0000] {logging_mixin.py:188} INFO - [2026-06-08T12:15:35.408+0000] {dagbag.py:545} INFO - Filling up the DagBag from /home/airflow/.local/lib/python3.12/site-packages/airflow/example_dags/example_sensor_decorator.py
[2026-06-08T12:15:35.414+0000] {processor.py:840} INFO - DAG(s) 'example_sensor_decorator' retrieved from /home/airflow/.local/lib/python3.12/site-packages/airflow/example_dags/example_sensor_decorator.py
[2026-06-08T12:15:34.962+0000] {logging_mixin.py:188} INFO - [2026-06-08T12:15:34.961+0000] {dag.py:3096} INFO - Sync 1 DAGs
[2026-06-08T12:15:34.972+0000] {logging_mixin.py:188} INFO - [2026-06-08T12:15:34.972+0000] {dag.py:3954} INFO - Setting next_dagrun for example_sensor_decorator to None, run_after=None
[2026-06-08T12:15:34.993+0000] {processor.py:183} INFO - Processing /home/airflow/.local/lib/python3.12/site-packages/airflow/example_dags/example_sensor_decorator.py took 0.067 seconds
[2026-06-08T12:16:05.464+0000] {processor.py:161} INFO - Started process (PID=57959) to work on /home/airflow/.local/lib/python3.12/site-packages/airflow/example_dags/example_sensor_decorator.py
[2026-06-08T12:16:05.465+0000] {processor.py:830} INFO - Processing file /home/airflow/.local/lib/python3.12/site-packages/airflow/example_dags/example_sensor_decorator.py for tasks to queue
[2026-06-08T12:16:05.467+0000] {logging_mixin.py:188} INFO - [2026-06-08T12:16:05.467+0000] {dagbag.py:545} INFO - Filling up the DagBag from /home/airflow/.local/lib/python3.12/site-packages/airflow/example_dags/example_sensor_decorator.py
[2026-06-08T12:16:05.472+0000] {processor.py:840} INFO - DAG(s) 'example_sensor_decorator' retrieved from /home/airflow/.local/lib/python3.12/site-packages/airflow/example_dags/example_sensor_decorator.py
[2026-06-08T12:16:05.492+0000] {logging_mixin.py:188} INFO - [2026-06-08T12:16:05.492+0000] {dag.py:3096} INFO - Sync 1 DAGs
[2026-06-08T12:16:05.504+0000] {logging_mixin.py:188} INFO - [2026-06-08T12:16:05.504+0000] {dag.py:3954} INFO - Setting next_dagrun for example_sensor_decorator to None, run_after=None
[2026-06-08T12:16:05.528+0000] {processor.py:183} INFO - Processing /home/airflow/.local/lib/python3.12/site-packages/airflow/example_dags/example_sensor_decorator.py took 0.069 seconds
[2026-06-08T12:16:36.126+0000] {processor.py:161} INFO - Started process (PID=58236) to work on /home/airflow/.local/lib/python3.12/site-packages/airflow/example_dags/example_sensor_decorator.py
[2026-06-08T12:16:36.127+0000] {processor.py:830} INFO - Processing file /home/airflow/.local/lib/python3.12/site-packages/airflow/example_dags/example_sensor_decorator.py for tasks to queue
[2026-06-08T12:16:36.129+0000] {logging_mixin.py:188} INFO - [2026-06-08T12:16:36.129+0000] {dagbag.py:545} INFO - Filling up the DagBag from /home/airflow/.local/lib/python3.12/site-packages/airflow/example_dags/example_sensor_decorator.py
[2026-06-08T12:16:36.134+0000] {processor.py:840} INFO - DAG(s) 'example_sensor_decorator' retrieved from /home/airflow/.local/lib/python3.12/site-packages/airflow/example_dags/example_sensor_decorator.py
[2026-06-08T12:16:36.154+0000] {logging_mixin.py:188} INFO - [2026-06-08T12:16:36.153+0000] {dag.py:3096} INFO - Sync 1 DAGs
[2026-06-08T12:16:36.165+0000] {logging_mixin.py:188} INFO - [2026-06-08T12:16:36.165+0000] {dag.py:3954} INFO - Setting next_dagrun for example_sensor_decorator to None, run_after=None
[2026-06-08T12:16:36.187+0000] {processor.py:183} INFO - Processing /home/airflow/.local/lib/python3.12/site-packages/airflow/example_dags/example_sensor_decorator.py took 0.068 seconds
[2026-06-08T12:17:06.520+0000] {processor.py:161} INFO - Started process (PID=58505) to work on /home/airflow/.local/lib/python3.12/site-packages/airflow/example_dags/example_sensor_decorator.py
[2026-06-08T12:17:06.522+0000] {processor.py:830} INFO - Processing file /home/airflow/.local/lib/python3.12/site-packages/airflow/example_dags/example_sensor_decorator.py for tasks to queue
[2026-06-08T12:17:06.523+0000] {logging_mixin.py:188} INFO - [2026-06-08T12:17:06.523+0000] {dagbag.py:545} INFO - Filling up the DagBag from /home/airflow/.local/lib/python3.12/site-packages/airflow/example_dags/example_sensor_decorator.py
[2026-06-08T12:17:06.528+0000] {processor.py:840} INFO - DAG(s) 'example_sensor_decorator' retrieved from /home/airflow/.local/lib/python3.12/site-packages/airflow/example_dags/example_sensor_decorator.py
[2026-06-08T12:17:06.546+0000] {logging_mixin.py:188} INFO - [2026-06-08T12:17:06.546+0000] {dag.py:3096} INFO - Sync 1 DAGs
[2026-06-08T12:17:06.558+0000] {logging_mixin.py:188} INFO - [2026-06-08T12:17:06.558+0000] {dag.py:3954} INFO - Setting next_dagrun for example_sensor_decorator to None, run_after=None
[2026-06-08T12:17:06.577+0000] {processor.py:183} INFO - Processing /home/airflow/.local/lib/python3.12/site-packages/airflow/example_dags/example_sensor_decorator.py took 0.061 seconds
[2026-06-08T12:17:37.073+0000] {processor.py:161} INFO - Started process (PID=58765) to work on /home/airflow/.local/lib/python3.12/site-packages/airflow/example_dags/example_sensor_decorator.py
[2026-06-08T12:17:37.074+0000] {processor.py:830} INFO - Processing file /home/airflow/.local/lib/python3.12/site-packages/airflow/example_dags/example_sensor_decorator.py for tasks to queue
[2026-06-08T12:17:37.076+0000] {logging_mixin.py:188} INFO - [2026-06-08T12:17:37.075+0000] {dagbag.py:545} INFO - Filling up the DagBag from /home/airflow/.local/lib/python3.12/site-packages/airflow/example_dags/example_sensor_decorator.py
[2026-06-08T12:17:37.082+0000] {processor.py:840} INFO - DAG(s) 'example_sensor_decorator' retrieved from /home/airflow/.local/lib/python3.12/site-packages/airflow/example_dags/example_sensor_decorator.py
[2026-06-08T12:17:37.105+0000] {logging_mixin.py:188} INFO - [2026-06-08T12:17:37.105+0000] {dag.py:3096} INFO - Sync 1 DAGs
[2026-06-08T12:17:37.119+0000] {logging_mixin.py:188} INFO - [2026-06-08T12:17:37.119+0000] {dag.py:3954} INFO - Setting next_dagrun for example_sensor_decorator to None, run_after=None
[2026-06-08T12:17:37.142+0000] {processor.py:183} INFO - Processing /home/airflow/.local/lib/python3.12/site-packages/airflow/example_dags/example_sensor_decorator.py took 0.073 seconds
[2026-06-08T12:18:07.231+0000] {processor.py:161} INFO - Started process (PID=59023) to work on /home/airflow/.local/lib/python3.12/site-packages/airflow/example_dags/example_sensor_decorator.py
[2026-06-08T12:18:07.232+0000] {processor.py:830} INFO - Processing file /home/airflow/.local/lib/python3.12/site-packages/airflow/example_dags/example_sensor_decorator.py for tasks to queue
[2026-06-08T12:18:07.233+0000] {logging_mixin.py:188} INFO - [2026-06-08T12:18:07.233+0000] {dagbag.py:545} INFO - Filling up the DagBag from /home/airflow/.local/lib/python3.12/site-packages/airflow/example_dags/example_sensor_decorator.py
[2026-06-08T12:18:07.241+0000] {processor.py:840} INFO - DAG(s) 'example_sensor_decorator' retrieved from /home/airflow/.local/lib/python3.12/site-packages/airflow/example_dags/example_sensor_decorator.py
[2026-06-08T12:18:07.258+0000] {logging_mixin.py:188} INFO - [2026-06-08T12:18:07.258+0000] {dag.py:3096} INFO - Sync 1 DAGs
[2026-06-08T12:18:07.268+0000] {logging_mixin.py:188} INFO - [2026-06-08T12:18:07.268+0000] {dag.py:3954} INFO - Setting next_dagrun for example_sensor_decorator to None, run_after=None
[2026-06-08T12:18:07.285+0000] {processor.py:183} INFO - Processing /home/airflow/.local/lib/python3.12/site-packages/airflow/example_dags/example_sensor_decorator.py took 0.059 seconds
[2026-06-08T12:18:37.333+0000] {processor.py:161} INFO - Started process (PID=59283) to work on /home/airflow/.local/lib/python3.12/site-packages/airflow/example_dags/example_sensor_decorator.py
[2026-06-08T12:18:37.334+0000] {processor.py:830} INFO - Processing file /home/airflow/.local/lib/python3.12/site-packages/airflow/example_dags/example_sensor_decorator.py for tasks to queue
[2026-06-08T12:18:37.335+0000] {logging_mixin.py:188} INFO - [2026-06-08T12:18:37.335+0000] {dagbag.py:545} INFO - Filling up the DagBag from /home/airflow/.local/lib/python3.12/site-packages/airflow/example_dags/example_sensor_decorator.py
[2026-06-08T12:18:37.343+0000] {processor.py:840} INFO - DAG(s) 'example_sensor_decorator' retrieved from /home/airflow/.local/lib/python3.12/site-packages/airflow/example_dags/example_sensor_decorator.py
[2026-06-08T12:18:37.366+0000] {logging_mixin.py:188} INFO - [2026-06-08T12:18:37.366+0000] {dag.py:3096} INFO - Sync 1 DAGs
[2026-06-08T12:18:37.378+0000] {logging_mixin.py:188} INFO - [2026-06-08T12:18:37.378+0000] {dag.py:3954} INFO - Setting next_dagrun for example_sensor_decorator to None, run_after=None
[2026-06-08T12:18:37.401+0000] {processor.py:183} INFO - Processing /home/airflow/.local/lib/python3.12/site-packages/airflow/example_dags/example_sensor_decorator.py took 0.074 seconds
[2026-06-08T12:19:08.244+0000] {processor.py:161} INFO - Started process (PID=59547) to work on /home/airflow/.local/lib/python3.12/site-packages/airflow/example_dags/example_sensor_decorator.py
[2026-06-08T12:19:08.246+0000] {processor.py:830} INFO - Processing file /home/airflow/.local/lib/python3.12/site-packages/airflow/example_dags/example_sensor_decorator.py for tasks to queue
[2026-06-08T12:19:08.247+0000] {logging_mixin.py:188} INFO - [2026-06-08T12:19:08.247+0000] {dagbag.py:545} INFO - Filling up the DagBag from /home/airflow/.local/lib/python3.12/site-packages/airflow/example_dags/example_sensor_decorator.py
[2026-06-08T12:19:08.252+0000] {processor.py:840} INFO - DAG(s) 'example_sensor_decorator' retrieved from /home/airflow/.local/lib/python3.12/site-packages/airflow/example_dags/example_sensor_decorator.py
[2026-06-08T12:19:08.273+0000] {logging_mixin.py:188} INFO - [2026-06-08T12:19:08.273+0000] {dag.py:3096} INFO - Sync 1 DAGs
[2026-06-08T12:19:08.288+0000] {logging_mixin.py:188} INFO - [2026-06-08T12:19:08.288+0000] {dag.py:3954} INFO - Setting next_dagrun for example_sensor_decorator to None, run_after=None
[2026-06-08T12:19:08.311+0000] {processor.py:183} INFO - Processing /home/airflow/.local/lib/python3.12/site-packages/airflow/example_dags/example_sensor_decorator.py took 0.072 seconds
[2026-06-08T12:19:38.778+0000] {processor.py:161} INFO - Started process (PID=59808) to work on /home/airflow/.local/lib/python3.12/site-packages/airflow/example_dags/example_sensor_decorator.py
[2026-06-08T12:19:38.779+0000] {processor.py:830} INFO - Processing file /home/airflow/.local/lib/python3.12/site-packages/airflow/example_dags/example_sensor_decorator.py for tasks to queue
[2026-06-08T12:19:38.781+0000] {logging_mixin.py:188} INFO - [2026-06-08T12:19:38.781+0000] {dagbag.py:545} INFO - Filling up the DagBag from /home/airflow/.local/lib/python3.12/site-packages/airflow/example_dags/example_sensor_decorator.py
[2026-06-08T12:19:38.788+0000] {processor.py:840} INFO - DAG(s) 'example_sensor_decorator' retrieved from /home/airflow/.local/lib/python3.12/site-packages/airflow/example_dags/example_sensor_decorator.py
[2026-06-08T12:19:38.809+0000] {logging_mixin.py:188} INFO - [2026-06-08T12:19:38.809+0000] {dag.py:3096} INFO - Sync 1 DAGs
[2026-06-08T12:19:38.822+0000] {logging_mixin.py:188} INFO - [2026-06-08T12:19:38.821+0000] {dag.py:3954} INFO - Setting next_dagrun for example_sensor_decorator to None, run_after=None
[2026-06-08T12:19:38.843+0000] {processor.py:183} INFO - Processing /home/airflow/.local/lib/python3.12/site-packages/airflow/example_dags/example_sensor_decorator.py took 0.071 seconds
[2026-06-08T12:20:09.056+0000] {processor.py:161} INFO - Started process (PID=60071) to work on /home/airflow/.local/lib/python3.12/site-packages/airflow/example_dags/example_sensor_decorator.py
[2026-06-08T12:20:09.057+0000] {processor.py:830} INFO - Processing file /home/airflow/.local/lib/python3.12/site-packages/airflow/example_dags/example_sensor_decorator.py for tasks to queue
[2026-06-08T12:20:09.059+0000] {logging_mixin.py:188} INFO - [2026-06-08T12:20:09.059+0000] {dagbag.py:545} INFO - Filling up the DagBag from /home/airflow/.local/lib/python3.12/site-packages/airflow/example_dags/example_sensor_decorator.py
[2026-06-08T12:20:09.066+0000] {processor.py:840} INFO - DAG(s) 'example_sensor_decorator' retrieved from /home/airflow/.local/lib/python3.12/site-packages/airflow/example_dags/example_sensor_decorator.py
[2026-06-08T12:20:09.087+0000] {logging_mixin.py:188} INFO - [2026-06-08T12:20:09.086+0000] {dag.py:3096} INFO - Sync 1 DAGs
[2026-06-08T12:20:09.100+0000] {logging_mixin.py:188} INFO - [2026-06-08T12:20:09.100+0000] {dag.py:3954} INFO - Setting next_dagrun for example_sensor_decorator to None, run_after=None
[2026-06-08T12:20:09.122+0000] {processor.py:183} INFO - Processing /home/airflow/.local/lib/python3.12/site-packages/airflow/example_dags/example_sensor_decorator.py took 0.071 seconds
[2026-06-08T12:20:39.656+0000] {processor.py:161} INFO - Started process (PID=60333) to work on /home/airflow/.local/lib/python3.12/site-packages/airflow/example_dags/example_sensor_decorator.py
[2026-06-08T12:20:39.657+0000] {processor.py:830} INFO - Processing file /home/airflow/.local/lib/python3.12/site-packages/airflow/example_dags/example_sensor_decorator.py for tasks to queue
[2026-06-08T12:20:39.659+0000] {logging_mixin.py:188} INFO - [2026-06-08T12:20:39.659+0000] {dagbag.py:545} INFO - Filling up the DagBag from /home/airflow/.local/lib/python3.12/site-packages/airflow/example_dags/example_sensor_decorator.py
[2026-06-08T12:20:39.665+0000] {processor.py:840} INFO - DAG(s) 'example_sensor_decorator' retrieved from /home/airflow/.local/lib/python3.12/site-packages/airflow/example_dags/example_sensor_decorator.py
[2026-06-08T12:20:39.688+0000] {logging_mixin.py:188} INFO - [2026-06-08T12:20:39.688+0000] {dag.py:3096} INFO - Sync 1 DAGs
[2026-06-08T12:20:39.700+0000] {logging_mixin.py:188} INFO - [2026-06-08T12:20:39.700+0000] {dag.py:3954} INFO - Setting next_dagrun for example_sensor_decorator to None, run_after=None
[2026-06-08T12:20:39.726+0000] {processor.py:183} INFO - Processing /home/airflow/.local/lib/python3.12/site-packages/airflow/example_dags/example_sensor_decorator.py took 0.075 seconds
[2026-06-08T12:21:10.162+0000] {processor.py:161} INFO - Started process (PID=60595) to work on /home/airflow/.local/lib/python3.12/site-packages/airflow/example_dags/example_sensor_decorator.py
[2026-06-08T12:21:10.163+0000] {processor.py:830} INFO - Processing file /home/airflow/.local/lib/python3.12/site-packages/airflow/example_dags/example_sensor_decorator.py for tasks to queue
[2026-06-08T12:21:10.165+0000] {logging_mixin.py:188} INFO - [2026-06-08T12:21:10.165+0000] {dagbag.py:545} INFO - Filling up the DagBag from /home/airflow/.local/lib/python3.12/site-packages/airflow/example_dags/example_sensor_decorator.py
[2026-06-08T12:21:10.172+0000] {processor.py:840} INFO - DAG(s) 'example_sensor_decorator' retrieved from /home/airflow/.local/lib/python3.12/site-packages/airflow/example_dags/example_sensor_decorator.py
[2026-06-08T12:21:10.192+0000] {logging_mixin.py:188} INFO - [2026-06-08T12:21:10.191+0000] {dag.py:3096} INFO - Sync 1 DAGs
[2026-06-08T12:21:10.206+0000] {logging_mixin.py:188} INFO - [2026-06-08T12:21:10.205+0000] {dag.py:3954} INFO - Setting next_dagrun for example_sensor_decorator to None, run_after=None
[2026-06-08T12:21:10.226+0000] {processor.py:183} INFO - Processing /home/airflow/.local/lib/python3.12/site-packages/airflow/example_dags/example_sensor_decorator.py took 0.070 seconds
[2026-06-08T12:21:40.368+0000] {processor.py:161} INFO - Started process (PID=60855) to work on /home/airflow/.local/lib/python3.12/site-packages/airflow/example_dags/example_sensor_decorator.py
[2026-06-08T12:21:40.370+0000] {processor.py:830} INFO - Processing file /home/airflow/.local/lib/python3.12/site-packages/airflow/example_dags/example_sensor_decorator.py for tasks to queue
[2026-06-08T12:21:40.372+0000] {logging_mixin.py:188} INFO - [2026-06-08T12:21:40.372+0000] {dagbag.py:545} INFO - Filling up the DagBag from /home/airflow/.local/lib/python3.12/site-packages/airflow/example_dags/example_sensor_decorator.py
[2026-06-08T12:21:40.379+0000] {processor.py:840} INFO - DAG(s) 'example_sensor_decorator' retrieved from /home/airflow/.local/lib/python3.12/site-packages/airflow/example_dags/example_sensor_decorator.py
[2026-06-08T12:21:40.402+0000] {logging_mixin.py:188} INFO - [2026-06-08T12:21:40.402+0000] {dag.py:3096} INFO - Sync 1 DAGs
[2026-06-08T12:21:40.416+0000] {logging_mixin.py:188} INFO - [2026-06-08T12:21:40.415+0000] {dag.py:3954} INFO - Setting next_dagrun for example_sensor_decorator to None, run_after=None
[2026-06-08T12:21:40.437+0000] {processor.py:183} INFO - Processing /home/airflow/.local/lib/python3.12/site-packages/airflow/example_dags/example_sensor_decorator.py took 0.074 seconds
[2026-06-08T12:22:10.644+0000] {processor.py:161} INFO - Started process (PID=61117) to work on /home/airflow/.local/lib/python3.12/site-packages/airflow/example_dags/example_sensor_decorator.py
[2026-06-08T12:22:10.645+0000] {processor.py:830} INFO - Processing file /home/airflow/.local/lib/python3.12/site-packages/airflow/example_dags/example_sensor_decorator.py for tasks to queue
[2026-06-08T12:22:10.646+0000] {logging_mixin.py:188} INFO - [2026-06-08T12:22:10.646+0000] {dagbag.py:545} INFO - Filling up the DagBag from /home/airflow/.local/lib/python3.12/site-packages/airflow/example_dags/example_sensor_decorator.py
[2026-06-08T12:22:10.653+0000] {processor.py:840} INFO - DAG(s) 'example_sensor_decorator' retrieved from /home/airflow/.local/lib/python3.12/site-packages/airflow/example_dags/example_sensor_decorator.py
[2026-06-08T12:22:10.674+0000] {logging_mixin.py:188} INFO - [2026-06-08T12:22:10.674+0000] {dag.py:3096} INFO - Sync 1 DAGs
[2026-06-08T12:22:10.689+0000] {logging_mixin.py:188} INFO - [2026-06-08T12:22:10.688+0000] {dag.py:3954} INFO - Setting next_dagrun for example_sensor_decorator to None, run_after=None
[2026-06-08T12:22:10.713+0000] {processor.py:183} INFO - Processing /home/airflow/.local/lib/python3.12/site-packages/airflow/example_dags/example_sensor_decorator.py took 0.076 seconds
[2026-06-08T12:22:41.776+0000] {processor.py:161} INFO - Started process (PID=61379) to work on /home/airflow/.local/lib/python3.12/site-packages/airflow/example_dags/example_sensor_decorator.py
[2026-06-08T12:22:41.777+0000] {processor.py:830} INFO - Processing file /home/airflow/.local/lib/python3.12/site-packages/airflow/example_dags/example_sensor_decorator.py for tasks to queue
[2026-06-08T12:22:41.780+0000] {logging_mixin.py:188} INFO - [2026-06-08T12:22:41.779+0000] {dagbag.py:545} INFO - Filling up the DagBag from /home/airflow/.local/lib/python3.12/site-packages/airflow/example_dags/example_sensor_decorator.py
[2026-06-08T12:22:41.787+0000] {processor.py:840} INFO - DAG(s) 'example_sensor_decorator' retrieved from /home/airflow/.local/lib/python3.12/site-packages/airflow/example_dags/example_sensor_decorator.py
[2026-06-08T12:22:41.818+0000] {logging_mixin.py:188} INFO - [2026-06-08T12:22:41.818+0000] {dag.py:3096} INFO - Sync 1 DAGs
[2026-06-08T12:22:41.833+0000] {logging_mixin.py:188} INFO - [2026-06-08T12:22:41.832+0000] {dag.py:3954} INFO - Setting next_dagrun for example_sensor_decorator to None, run_after=None
[2026-06-08T12:22:41.856+0000] {processor.py:183} INFO - Processing /home/airflow/.local/lib/python3.12/site-packages/airflow/example_dags/example_sensor_decorator.py took 0.086 seconds
[2026-06-08T12:23:11.971+0000] {processor.py:161} INFO - Started process (PID=61643) to work on /home/airflow/.local/lib/python3.12/site-packages/airflow/example_dags/example_sensor_decorator.py
[2026-06-08T12:23:11.972+0000] {processor.py:830} INFO - Processing file /home/airflow/.local/lib/python3.12/site-packages/airflow/example_dags/example_sensor_decorator.py for tasks to queue
[2026-06-08T12:23:11.973+0000] {logging_mixin.py:188} INFO - [2026-06-08T12:23:11.973+0000] {dagbag.py:545} INFO - Filling up the DagBag from /home/airflow/.local/lib/python3.12/site-packages/airflow/example_dags/example_sensor_decorator.py
[2026-06-08T12:23:11.982+0000] {processor.py:840} INFO - DAG(s) 'example_sensor_decorator' retrieved from /home/airflow/.local/lib/python3.12/site-packages/airflow/example_dags/example_sensor_decorator.py
[2026-06-08T12:23:12.003+0000] {logging_mixin.py:188} INFO - [2026-06-08T12:23:12.003+0000] {dag.py:3096} INFO - Sync 1 DAGs
[2026-06-08T12:23:12.016+0000] {logging_mixin.py:188} INFO - [2026-06-08T12:23:12.016+0000] {dag.py:3954} INFO - Setting next_dagrun for example_sensor_decorator to None, run_after=None
[2026-06-08T12:23:12.039+0000] {processor.py:183} INFO - Processing /home/airflow/.local/lib/python3.12/site-packages/airflow/example_dags/example_sensor_decorator.py took 0.073 seconds
[2026-06-08T12:23:42.265+0000] {processor.py:161} INFO - Started process (PID=61903) to work on /home/airflow/.local/lib/python3.12/site-packages/airflow/example_dags/example_sensor_decorator.py
[2026-06-08T12:23:42.266+0000] {processor.py:830} INFO - Processing file /home/airflow/.local/lib/python3.12/site-packages/airflow/example_dags/example_sensor_decorator.py for tasks to queue
[2026-06-08T12:23:42.267+0000] {logging_mixin.py:188} INFO - [2026-06-08T12:23:42.267+0000] {dagbag.py:545} INFO - Filling up the DagBag from /home/airflow/.local/lib/python3.12/site-packages/airflow/example_dags/example_sensor_decorator.py
[2026-06-08T12:23:42.273+0000] {processor.py:840} INFO - DAG(s) 'example_sensor_decorator' retrieved from /home/airflow/.local/lib/python3.12/site-packages/airflow/example_dags/example_sensor_decorator.py
[2026-06-08T12:23:42.295+0000] {logging_mixin.py:188} INFO - [2026-06-08T12:23:42.294+0000] {dag.py:3096} INFO - Sync 1 DAGs
[2026-06-08T12:23:42.308+0000] {logging_mixin.py:188} INFO - [2026-06-08T12:23:42.308+0000] {dag.py:3954} INFO - Setting next_dagrun for example_sensor_decorator to None, run_after=None
[2026-06-08T12:23:42.330+0000] {processor.py:183} INFO - Processing /home/airflow/.local/lib/python3.12/site-packages/airflow/example_dags/example_sensor_decorator.py took 0.071 seconds
[2026-06-08T12:24:12.557+0000] {processor.py:161} INFO - Started process (PID=62166) to work on /home/airflow/.local/lib/python3.12/site-packages/airflow/example_dags/example_sensor_decorator.py
[2026-06-08T12:24:12.558+0000] {processor.py:830} INFO - Processing file /home/airflow/.local/lib/python3.12/site-packages/airflow/example_dags/example_sensor_decorator.py for tasks to queue
[2026-06-08T12:24:12.560+0000] {logging_mixin.py:188} INFO - [2026-06-08T12:24:12.560+0000] {dagbag.py:545} INFO - Filling up the DagBag from /home/airflow/.local/lib/python3.12/site-packages/airflow/example_dags/example_sensor_decorator.py
[2026-06-08T12:24:12.567+0000] {processor.py:840} INFO - DAG(s) 'example_sensor_decorator' retrieved from /home/airflow/.local/lib/python3.12/site-packages/airflow/example_dags/example_sensor_decorator.py
[2026-06-08T12:24:12.591+0000] {logging_mixin.py:188} INFO - [2026-06-08T12:24:12.590+0000] {dag.py:3096} INFO - Sync 1 DAGs
[2026-06-08T12:24:12.608+0000] {logging_mixin.py:188} INFO - [2026-06-08T12:24:12.608+0000] {dag.py:3954} INFO - Setting next_dagrun for example_sensor_decorator to None, run_after=None
[2026-06-08T12:24:12.637+0000] {processor.py:183} INFO - Processing /home/airflow/.local/lib/python3.12/site-packages/airflow/example_dags/example_sensor_decorator.py took 0.086 seconds
[2026-06-08T12:24:42.960+0000] {processor.py:161} INFO - Started process (PID=62428) to work on /home/airflow/.local/lib/python3.12/site-packages/airflow/example_dags/example_sensor_decorator.py
[2026-06-08T12:24:42.963+0000] {processor.py:830} INFO - Processing file /home/airflow/.local/lib/python3.12/site-packages/airflow/example_dags/example_sensor_decorator.py for tasks to queue
[2026-06-08T12:24:42.965+0000] {logging_mixin.py:188} INFO - [2026-06-08T12:24:42.965+0000] {dagbag.py:545} INFO - Filling up the DagBag from /home/airflow/.local/lib/python3.12/site-packages/airflow/example_dags/example_sensor_decorator.py
[2026-06-08T12:24:42.972+0000] {processor.py:840} INFO - DAG(s) 'example_sensor_decorator' retrieved from /home/airflow/.local/lib/python3.12/site-packages/airflow/example_dags/example_sensor_decorator.py
[2026-06-08T12:24:43.000+0000] {logging_mixin.py:188} INFO - [2026-06-08T12:24:43.000+0000] {dag.py:3096} INFO - Sync 1 DAGs
[2026-06-08T12:24:43.014+0000] {logging_mixin.py:188} INFO - [2026-06-08T12:24:43.013+0000] {dag.py:3954} INFO - Setting next_dagrun for example_sensor_decorator to None, run_after=None
[2026-06-08T12:24:43.038+0000] {processor.py:183} INFO - Processing /home/airflow/.local/lib/python3.12/site-packages/airflow/example_dags/example_sensor_decorator.py took 0.085 seconds
[2026-06-08T12:25:13.369+0000] {processor.py:161} INFO - Started process (PID=62690) to work on /home/airflow/.local/lib/python3.12/site-packages/airflow/example_dags/example_sensor_decorator.py
[2026-06-08T12:25:13.370+0000] {processor.py:830} INFO - Processing file /home/airflow/.local/lib/python3.12/site-packages/airflow/example_dags/example_sensor_decorator.py for tasks to queue
[2026-06-08T12:25:13.372+0000] {logging_mixin.py:188} INFO - [2026-06-08T12:25:13.371+0000] {dagbag.py:545} INFO - Filling up the DagBag from /home/airflow/.local/lib/python3.12/site-packages/airflow/example_dags/example_sensor_decorator.py
[2026-06-08T12:25:13.379+0000] {processor.py:840} INFO - DAG(s) 'example_sensor_decorator' retrieved from /home/airflow/.local/lib/python3.12/site-packages/airflow/example_dags/example_sensor_decorator.py
[2026-06-08T12:25:13.402+0000] {logging_mixin.py:188} INFO - [2026-06-08T12:25:13.402+0000] {dag.py:3096} INFO - Sync 1 DAGs
[2026-06-08T12:25:13.417+0000] {logging_mixin.py:188} INFO - [2026-06-08T12:25:13.417+0000] {dag.py:3954} INFO - Setting next_dagrun for example_sensor_decorator to None, run_after=None
[2026-06-08T12:25:13.436+0000] {processor.py:183} INFO - Processing /home/airflow/.local/lib/python3.12/site-packages/airflow/example_dags/example_sensor_decorator.py took 0.074 seconds
[2026-06-08T12:25:43.716+0000] {processor.py:161} INFO - Started process (PID=62953) to work on /home/airflow/.local/lib/python3.12/site-packages/airflow/example_dags/example_sensor_decorator.py
[2026-06-08T12:25:43.717+0000] {processor.py:830} INFO - Processing file /home/airflow/.local/lib/python3.12/site-packages/airflow/example_dags/example_sensor_decorator.py for tasks to queue
[2026-06-08T12:25:43.719+0000] {logging_mixin.py:188} INFO - [2026-06-08T12:25:43.719+0000] {dagbag.py:545} INFO - Filling up the DagBag from /home/airflow/.local/lib/python3.12/site-packages/airflow/example_dags/example_sensor_decorator.py
[2026-06-08T12:25:43.727+0000] {processor.py:840} INFO - DAG(s) 'example_sensor_decorator' retrieved from /home/airflow/.local/lib/python3.12/site-packages/airflow/example_dags/example_sensor_decorator.py
[2026-06-08T12:25:43.751+0000] {logging_mixin.py:188} INFO - [2026-06-08T12:25:43.751+0000] {dag.py:3096} INFO - Sync 1 DAGs
[2026-06-08T12:25:43.765+0000] {logging_mixin.py:188} INFO - [2026-06-08T12:25:43.765+0000] {dag.py:3954} INFO - Setting next_dagrun for example_sensor_decorator to None, run_after=None
[2026-06-08T12:25:43.790+0000] {processor.py:183} INFO - Processing /home/airflow/.local/lib/python3.12/site-packages/airflow/example_dags/example_sensor_decorator.py took 0.080 seconds
[2026-06-08T12:26:13.847+0000] {processor.py:161} INFO - Started process (PID=63214) to work on /home/airflow/.local/lib/python3.12/site-packages/airflow/example_dags/example_sensor_decorator.py
[2026-06-08T12:26:13.849+0000] {processor.py:830} INFO - Processing file /home/airflow/.local/lib/python3.12/site-packages/airflow/example_dags/example_sensor_decorator.py for tasks to queue
[2026-06-08T12:26:13.851+0000] {logging_mixin.py:188} INFO - [2026-06-08T12:26:13.851+0000] {dagbag.py:545} INFO - Filling up the DagBag from /home/airflow/.local/lib/python3.12/site-packages/airflow/example_dags/example_sensor_decorator.py
[2026-06-08T12:26:13.857+0000] {processor.py:840} INFO - DAG(s) 'example_sensor_decorator' retrieved from /home/airflow/.local/lib/python3.12/site-packages/airflow/example_dags/example_sensor_decorator.py
[2026-06-08T12:26:13.877+0000] {logging_mixin.py:188} INFO - [2026-06-08T12:26:13.877+0000] {dag.py:3096} INFO - Sync 1 DAGs
[2026-06-08T12:26:13.890+0000] {logging_mixin.py:188} INFO - [2026-06-08T12:26:13.890+0000] {dag.py:3954} INFO - Setting next_dagrun for example_sensor_decorator to None, run_after=None
[2026-06-08T12:26:13.912+0000] {processor.py:183} INFO - Processing /home/airflow/.local/lib/python3.12/site-packages/airflow/example_dags/example_sensor_decorator.py took 0.071 seconds
[2026-06-08T12:26:44.190+0000] {processor.py:161} INFO - Started process (PID=63483) to work on /home/airflow/.local/lib/python3.12/site-packages/airflow/example_dags/example_sensor_decorator.py
[2026-06-08T12:26:44.191+0000] {processor.py:830} INFO - Processing file /home/airflow/.local/lib/python3.12/site-packages/airflow/example_dags/example_sensor_decorator.py for tasks to queue
[2026-06-08T12:26:44.194+0000] {logging_mixin.py:188} INFO - [2026-06-08T12:26:44.194+0000] {dagbag.py:545} INFO - Filling up the DagBag from /home/airflow/.local/lib/python3.12/site-packages/airflow/example_dags/example_sensor_decorator.py
[2026-06-08T12:26:44.200+0000] {processor.py:840} INFO - DAG(s) 'example_sensor_decorator' retrieved from /home/airflow/.local/lib/python3.12/site-packages/airflow/example_dags/example_sensor_decorator.py
[2026-06-08T12:26:44.220+0000] {logging_mixin.py:188} INFO - [2026-06-08T12:26:44.219+0000] {dag.py:3096} INFO - Sync 1 DAGs
[2026-06-08T12:26:44.234+0000] {logging_mixin.py:188} INFO - [2026-06-08T12:26:44.233+0000] {dag.py:3954} INFO - Setting next_dagrun for example_sensor_decorator to None, run_after=None
[2026-06-08T12:26:44.256+0000] {processor.py:183} INFO - Processing /home/airflow/.local/lib/python3.12/site-packages/airflow/example_dags/example_sensor_decorator.py took 0.071 seconds
[2026-06-08T12:27:14.395+0000] {processor.py:161} INFO - Started process (PID=63745) to work on /home/airflow/.local/lib/python3.12/site-packages/airflow/example_dags/example_sensor_decorator.py
[2026-06-08T12:27:14.396+0000] {processor.py:830} INFO - Processing file /home/airflow/.local/lib/python3.12/site-packages/airflow/example_dags/example_sensor_decorator.py for tasks to queue
[2026-06-08T12:27:14.398+0000] {logging_mixin.py:188} INFO - [2026-06-08T12:27:14.397+0000] {dagbag.py:545} INFO - Filling up the DagBag from /home/airflow/.local/lib/python3.12/site-packages/airflow/example_dags/example_sensor_decorator.py
[2026-06-08T12:27:14.404+0000] {processor.py:840} INFO - DAG(s) 'example_sensor_decorator' retrieved from /home/airflow/.local/lib/python3.12/site-packages/airflow/example_dags/example_sensor_decorator.py
[2026-06-08T12:27:14.428+0000] {logging_mixin.py:188} INFO - [2026-06-08T12:27:14.427+0000] {dag.py:3096} INFO - Sync 1 DAGs
[2026-06-08T12:27:14.441+0000] {logging_mixin.py:188} INFO - [2026-06-08T12:27:14.441+0000] {dag.py:3954} INFO - Setting next_dagrun for example_sensor_decorator to None, run_after=None
[2026-06-08T12:27:14.463+0000] {processor.py:183} INFO - Processing /home/airflow/.local/lib/python3.12/site-packages/airflow/example_dags/example_sensor_decorator.py took 0.075 seconds
[2026-06-08T12:27:44.864+0000] {processor.py:161} INFO - Started process (PID=64007) to work on /home/airflow/.local/lib/python3.12/site-packages/airflow/example_dags/example_sensor_decorator.py
[2026-06-08T12:27:44.865+0000] {processor.py:830} INFO - Processing file /home/airflow/.local/lib/python3.12/site-packages/airflow/example_dags/example_sensor_decorator.py for tasks to queue
[2026-06-08T12:27:44.868+0000] {logging_mixin.py:188} INFO - [2026-06-08T12:27:44.867+0000] {dagbag.py:545} INFO - Filling up the DagBag from /home/airflow/.local/lib/python3.12/site-packages/airflow/example_dags/example_sensor_decorator.py
[2026-06-08T12:27:44.876+0000] {processor.py:840} INFO - DAG(s) 'example_sensor_decorator' retrieved from /home/airflow/.local/lib/python3.12/site-packages/airflow/example_dags/example_sensor_decorator.py
[2026-06-08T12:27:44.901+0000] {logging_mixin.py:188} INFO - [2026-06-08T12:27:44.900+0000] {dag.py:3096} INFO - Sync 1 DAGs
[2026-06-08T12:27:44.913+0000] {logging_mixin.py:188} INFO - [2026-06-08T12:27:44.913+0000] {dag.py:3954} INFO - Setting next_dagrun for example_sensor_decorator to None, run_after=None
[2026-06-08T12:27:44.941+0000] {processor.py:183} INFO - Processing /home/airflow/.local/lib/python3.12/site-packages/airflow/example_dags/example_sensor_decorator.py took 0.087 seconds
[2026-06-08T12:28:15.390+0000] {processor.py:161} INFO - Started process (PID=64270) to work on /home/airflow/.local/lib/python3.12/site-packages/airflow/example_dags/example_sensor_decorator.py
[2026-06-08T12:28:15.391+0000] {processor.py:830} INFO - Processing file /home/airflow/.local/lib/python3.12/site-packages/airflow/example_dags/example_sensor_decorator.py for tasks to queue
[2026-06-08T12:28:15.394+0000] {logging_mixin.py:188} INFO - [2026-06-08T12:28:15.393+0000] {dagbag.py:545} INFO - Filling up the DagBag from /home/airflow/.local/lib/python3.12/site-packages/airflow/example_dags/example_sensor_decorator.py
[2026-06-08T12:28:15.400+0000] {processor.py:840} INFO - DAG(s) 'example_sensor_decorator' retrieved from /home/airflow/.local/lib/python3.12/site-packages/airflow/example_dags/example_sensor_decorator.py
[2026-06-08T12:28:15.421+0000] {logging_mixin.py:188} INFO - [2026-06-08T12:28:15.420+0000] {dag.py:3096} INFO - Sync 1 DAGs
[2026-06-08T12:28:15.435+0000] {logging_mixin.py:188} INFO - [2026-06-08T12:28:15.435+0000] {dag.py:3954} INFO - Setting next_dagrun for example_sensor_decorator to None, run_after=None
[2026-06-08T12:28:15.456+0000] {processor.py:183} INFO - Processing /home/airflow/.local/lib/python3.12/site-packages/airflow/example_dags/example_sensor_decorator.py took 0.072 seconds
[2026-06-08T12:28:45.716+0000] {processor.py:161} INFO - Started process (PID=64532) to work on /home/airflow/.local/lib/python3.12/site-packages/airflow/example_dags/example_sensor_decorator.py
[2026-06-08T12:28:45.717+0000] {processor.py:830} INFO - Processing file /home/airflow/.local/lib/python3.12/site-packages/airflow/example_dags/example_sensor_decorator.py for tasks to queue
[2026-06-08T12:28:45.719+0000] {logging_mixin.py:188} INFO - [2026-06-08T12:28:45.719+0000] {dagbag.py:545} INFO - Filling up the DagBag from /home/airflow/.local/lib/python3.12/site-packages/airflow/example_dags/example_sensor_decorator.py
[2026-06-08T12:28:45.725+0000] {processor.py:840} INFO - DAG(s) 'example_sensor_decorator' retrieved from /home/airflow/.local/lib/python3.12/site-packages/airflow/example_dags/example_sensor_decorator.py
[2026-06-08T12:28:45.745+0000] {logging_mixin.py:188} INFO - [2026-06-08T12:28:45.744+0000] {dag.py:3096} INFO - Sync 1 DAGs
[2026-06-08T12:28:45.758+0000] {logging_mixin.py:188} INFO - [2026-06-08T12:28:45.757+0000] {dag.py:3954} INFO - Setting next_dagrun for example_sensor_decorator to None, run_after=None
[2026-06-08T12:28:45.783+0000] {processor.py:183} INFO - Processing /home/airflow/.local/lib/python3.12/site-packages/airflow/example_dags/example_sensor_decorator.py took 0.074 seconds
[2026-06-08T12:29:16.270+0000] {processor.py:161} INFO - Started process (PID=64794) to work on /home/airflow/.local/lib/python3.12/site-packages/airflow/example_dags/example_sensor_decorator.py
[2026-06-08T12:29:16.272+0000] {processor.py:830} INFO - Processing file /home/airflow/.local/lib/python3.12/site-packages/airflow/example_dags/example_sensor_decorator.py for tasks to queue
[2026-06-08T12:29:16.273+0000] {logging_mixin.py:188} INFO - [2026-06-08T12:29:16.273+0000] {dagbag.py:545} INFO - Filling up the DagBag from /home/airflow/.local/lib/python3.12/site-packages/airflow/example_dags/example_sensor_decorator.py
[2026-06-08T12:29:16.281+0000] {processor.py:840} INFO - DAG(s) 'example_sensor_decorator' retrieved from /home/airflow/.local/lib/python3.12/site-packages/airflow/example_dags/example_sensor_decorator.py
[2026-06-08T12:29:16.302+0000] {logging_mixin.py:188} INFO - [2026-06-08T12:29:16.302+0000] {dag.py:3096} INFO - Sync 1 DAGs
[2026-06-08T12:29:16.314+0000] {logging_mixin.py:188} INFO - [2026-06-08T12:29:16.314+0000] {dag.py:3954} INFO - Setting next_dagrun for example_sensor_decorator to None, run_after=None
[2026-06-08T12:29:16.337+0000] {processor.py:183} INFO - Processing /home/airflow/.local/lib/python3.12/site-packages/airflow/example_dags/example_sensor_decorator.py took 0.071 seconds
[2026-06-08T12:29:46.656+0000] {processor.py:161} INFO - Started process (PID=65056) to work on /home/airflow/.local/lib/python3.12/site-packages/airflow/example_dags/example_sensor_decorator.py
[2026-06-08T12:29:46.657+0000] {processor.py:830} INFO - Processing file /home/airflow/.local/lib/python3.12/site-packages/airflow/example_dags/example_sensor_decorator.py for tasks to queue
[2026-06-08T12:29:46.659+0000] {logging_mixin.py:188} INFO - [2026-06-08T12:29:46.658+0000] {dagbag.py:545} INFO - Filling up the DagBag from /home/airflow/.local/lib/python3.12/site-packages/airflow/example_dags/example_sensor_decorator.py
[2026-06-08T12:29:46.665+0000] {processor.py:840} INFO - DAG(s) 'example_sensor_decorator' retrieved from /home/airflow/.local/lib/python3.12/site-packages/airflow/example_dags/example_sensor_decorator.py
[2026-06-08T12:29:46.687+0000] {logging_mixin.py:188} INFO - [2026-06-08T12:29:46.687+0000] {dag.py:3096} INFO - Sync 1 DAGs
[2026-06-08T12:29:46.699+0000] {logging_mixin.py:188} INFO - [2026-06-08T12:29:46.699+0000] {dag.py:3954} INFO - Setting next_dagrun for example_sensor_decorator to None, run_after=None
[2026-06-08T12:29:46.722+0000] {processor.py:183} INFO - Processing /home/airflow/.local/lib/python3.12/site-packages/airflow/example_dags/example_sensor_decorator.py took 0.071 seconds
[2026-06-08T12:30:16.946+0000] {processor.py:161} INFO - Started process (PID=65318) to work on /home/airflow/.local/lib/python3.12/site-packages/airflow/example_dags/example_sensor_decorator.py
[2026-06-08T12:30:16.948+0000] {processor.py:830} INFO - Processing file /home/airflow/.local/lib/python3.12/site-packages/airflow/example_dags/example_sensor_decorator.py for tasks to queue
[2026-06-08T12:30:16.951+0000] {logging_mixin.py:188} INFO - [2026-06-08T12:30:16.950+0000] {dagbag.py:545} INFO - Filling up the DagBag from /home/airflow/.local/lib/python3.12/site-packages/airflow/example_dags/example_sensor_decorator.py
[2026-06-08T12:30:16.956+0000] {processor.py:840} INFO - DAG(s) 'example_sensor_decorator' retrieved from /home/airflow/.local/lib/python3.12/site-packages/airflow/example_dags/example_sensor_decorator.py
[2026-06-08T12:30:16.977+0000] {logging_mixin.py:188} INFO - [2026-06-08T12:30:16.976+0000] {dag.py:3096} INFO - Sync 1 DAGs
[2026-06-08T12:30:16.990+0000] {logging_mixin.py:188} INFO - [2026-06-08T12:30:16.990+0000] {dag.py:3954} INFO - Setting next_dagrun for example_sensor_decorator to None, run_after=None
[2026-06-08T12:30:17.011+0000] {processor.py:183} INFO - Processing /home/airflow/.local/lib/python3.12/site-packages/airflow/example_dags/example_sensor_decorator.py took 0.070 seconds
[2026-06-08T12:30:47.297+0000] {processor.py:161} INFO - Started process (PID=65582) to work on /home/airflow/.local/lib/python3.12/site-packages/airflow/example_dags/example_sensor_decorator.py
[2026-06-08T12:30:47.298+0000] {processor.py:830} INFO - Processing file /home/airflow/.local/lib/python3.12/site-packages/airflow/example_dags/example_sensor_decorator.py for tasks to queue
[2026-06-08T12:30:47.300+0000] {logging_mixin.py:188} INFO - [2026-06-08T12:30:47.299+0000] {dagbag.py:545} INFO - Filling up the DagBag from /home/airflow/.local/lib/python3.12/site-packages/airflow/example_dags/example_sensor_decorator.py
[2026-06-08T12:30:47.305+0000] {processor.py:840} INFO - DAG(s) 'example_sensor_decorator' retrieved from /home/airflow/.local/lib/python3.12/site-packages/airflow/example_dags/example_sensor_decorator.py
[2026-06-08T12:30:47.325+0000] {logging_mixin.py:188} INFO - [2026-06-08T12:30:47.325+0000] {dag.py:3096} INFO - Sync 1 DAGs
[2026-06-08T12:30:47.338+0000] {logging_mixin.py:188} INFO - [2026-06-08T12:30:47.338+0000] {dag.py:3954} INFO - Setting next_dagrun for example_sensor_decorator to None, run_after=None
[2026-06-08T12:30:47.357+0000] {processor.py:183} INFO - Processing /home/airflow/.local/lib/python3.12/site-packages/airflow/example_dags/example_sensor_decorator.py took 0.065 seconds
[2026-06-08T12:31:17.775+0000] {processor.py:161} INFO - Started process (PID=65844) to work on /home/airflow/.local/lib/python3.12/site-packages/airflow/example_dags/example_sensor_decorator.py
[2026-06-08T12:31:17.777+0000] {processor.py:830} INFO - Processing file /home/airflow/.local/lib/python3.12/site-packages/airflow/example_dags/example_sensor_decorator.py for tasks to queue
[2026-06-08T12:31:17.779+0000] {logging_mixin.py:188} INFO - [2026-06-08T12:31:17.778+0000] {dagbag.py:545} INFO - Filling up the DagBag from /home/airflow/.local/lib/python3.12/site-packages/airflow/example_dags/example_sensor_decorator.py
[2026-06-08T12:31:17.784+0000] {processor.py:840} INFO - DAG(s) 'example_sensor_decorator' retrieved from /home/airflow/.local/lib/python3.12/site-packages/airflow/example_dags/example_sensor_decorator.py
[2026-06-08T12:31:17.808+0000] {logging_mixin.py:188} INFO - [2026-06-08T12:31:17.807+0000] {dag.py:3096} INFO - Sync 1 DAGs
[2026-06-08T12:31:17.822+0000] {logging_mixin.py:188} INFO - [2026-06-08T12:31:17.821+0000] {dag.py:3954} INFO - Setting next_dagrun for example_sensor_decorator to None, run_after=None
[2026-06-08T12:31:17.847+0000] {processor.py:183} INFO - Processing /home/airflow/.local/lib/python3.12/site-packages/airflow/example_dags/example_sensor_decorator.py took 0.079 seconds
[2026-06-08T12:31:48.250+0000] {processor.py:161} INFO - Started process (PID=66104) to work on /home/airflow/.local/lib/python3.12/site-packages/airflow/example_dags/example_sensor_decorator.py
[2026-06-08T12:31:48.251+0000] {processor.py:830} INFO - Processing file /home/airflow/.local/lib/python3.12/site-packages/airflow/example_dags/example_sensor_decorator.py for tasks to queue
[2026-06-08T12:31:48.253+0000] {logging_mixin.py:188} INFO - [2026-06-08T12:31:48.253+0000] {dagbag.py:545} INFO - Filling up the DagBag from /home/airflow/.local/lib/python3.12/site-packages/airflow/example_dags/example_sensor_decorator.py
[2026-06-08T12:31:48.259+0000] {processor.py:840} INFO - DAG(s) 'example_sensor_decorator' retrieved from /home/airflow/.local/lib/python3.12/site-packages/airflow/example_dags/example_sensor_decorator.py
[2026-06-08T12:31:48.281+0000] {logging_mixin.py:188} INFO - [2026-06-08T12:31:48.281+0000] {dag.py:3096} INFO - Sync 1 DAGs
[2026-06-08T12:31:48.294+0000] {logging_mixin.py:188} INFO - [2026-06-08T12:31:48.294+0000] {dag.py:3954} INFO - Setting next_dagrun for example_sensor_decorator to None, run_after=None
[2026-06-08T12:31:48.316+0000] {processor.py:183} INFO - Processing /home/airflow/.local/lib/python3.12/site-packages/airflow/example_dags/example_sensor_decorator.py took 0.071 seconds
[2026-06-08T12:32:18.871+0000] {processor.py:161} INFO - Started process (PID=66366) to work on /home/airflow/.local/lib/python3.12/site-packages/airflow/example_dags/example_sensor_decorator.py
[2026-06-08T12:32:18.872+0000] {processor.py:830} INFO - Processing file /home/airflow/.local/lib/python3.12/site-packages/airflow/example_dags/example_sensor_decorator.py for tasks to queue
[2026-06-08T12:32:18.874+0000] {logging_mixin.py:188} INFO - [2026-06-08T12:32:18.874+0000] {dagbag.py:545} INFO - Filling up the DagBag from /home/airflow/.local/lib/python3.12/site-packages/airflow/example_dags/example_sensor_decorator.py
[2026-06-08T12:32:18.880+0000] {processor.py:840} INFO - DAG(s) 'example_sensor_decorator' retrieved from /home/airflow/.local/lib/python3.12/site-packages/airflow/example_dags/example_sensor_decorator.py
[2026-06-08T12:32:18.904+0000] {logging_mixin.py:188} INFO - [2026-06-08T12:32:18.904+0000] {dag.py:3096} INFO - Sync 1 DAGs
[2026-06-08T12:32:18.920+0000] {logging_mixin.py:188} INFO - [2026-06-08T12:32:18.920+0000] {dag.py:3954} INFO - Setting next_dagrun for example_sensor_decorator to None, run_after=None
[2026-06-08T12:32:18.944+0000] {processor.py:183} INFO - Processing /home/airflow/.local/lib/python3.12/site-packages/airflow/example_dags/example_sensor_decorator.py took 0.078 seconds
[2026-06-08T12:32:49.625+0000] {processor.py:161} INFO - Started process (PID=66628) to work on /home/airflow/.local/lib/python3.12/site-packages/airflow/example_dags/example_sensor_decorator.py
[2026-06-08T12:32:49.626+0000] {processor.py:830} INFO - Processing file /home/airflow/.local/lib/python3.12/site-packages/airflow/example_dags/example_sensor_decorator.py for tasks to queue
[2026-06-08T12:32:49.628+0000] {logging_mixin.py:188} INFO - [2026-06-08T12:32:49.628+0000] {dagbag.py:545} INFO - Filling up the DagBag from /home/airflow/.local/lib/python3.12/site-packages/airflow/example_dags/example_sensor_decorator.py
[2026-06-08T12:32:49.635+0000] {processor.py:840} INFO - DAG(s) 'example_sensor_decorator' retrieved from /home/airflow/.local/lib/python3.12/site-packages/airflow/example_dags/example_sensor_decorator.py
[2026-06-08T12:32:49.655+0000] {logging_mixin.py:188} INFO - [2026-06-08T12:32:49.654+0000] {dag.py:3096} INFO - Sync 1 DAGs
[2026-06-08T12:32:49.668+0000] {logging_mixin.py:188} INFO - [2026-06-08T12:32:49.667+0000] {dag.py:3954} INFO - Setting next_dagrun for example_sensor_decorator to None, run_after=None
[2026-06-08T12:32:49.691+0000] {processor.py:183} INFO - Processing /home/airflow/.local/lib/python3.12/site-packages/airflow/example_dags/example_sensor_decorator.py took 0.073 seconds
[2026-06-08T12:33:20.156+0000] {processor.py:161} INFO - Started process (PID=66892) to work on /home/airflow/.local/lib/python3.12/site-packages/airflow/example_dags/example_sensor_decorator.py
[2026-06-08T12:33:20.157+0000] {processor.py:830} INFO - Processing file /home/airflow/.local/lib/python3.12/site-packages/airflow/example_dags/example_sensor_decorator.py for tasks to queue
[2026-06-08T12:33:20.160+0000] {logging_mixin.py:188} INFO - [2026-06-08T12:33:20.160+0000] {dagbag.py:545} INFO - Filling up the DagBag from /home/airflow/.local/lib/python3.12/site-packages/airflow/example_dags/example_sensor_decorator.py
[2026-06-08T12:33:20.165+0000] {processor.py:840} INFO - DAG(s) 'example_sensor_decorator' retrieved from /home/airflow/.local/lib/python3.12/site-packages/airflow/example_dags/example_sensor_decorator.py
[2026-06-08T12:33:20.189+0000] {logging_mixin.py:188} INFO - [2026-06-08T12:33:20.189+0000] {dag.py:3096} INFO - Sync 1 DAGs
[2026-06-08T12:33:20.202+0000] {logging_mixin.py:188} INFO - [2026-06-08T12:33:20.201+0000] {dag.py:3954} INFO - Setting next_dagrun for example_sensor_decorator to None, run_after=None
[2026-06-08T12:33:20.228+0000] {processor.py:183} INFO - Processing /home/airflow/.local/lib/python3.12/site-packages/airflow/example_dags/example_sensor_decorator.py took 0.077 seconds
[2026-06-08T12:33:50.803+0000] {processor.py:161} INFO - Started process (PID=67152) to work on /home/airflow/.local/lib/python3.12/site-packages/airflow/example_dags/example_sensor_decorator.py
[2026-06-08T12:33:50.810+0000] {processor.py:830} INFO - Processing file /home/airflow/.local/lib/python3.12/site-packages/airflow/example_dags/example_sensor_decorator.py for tasks to queue
[2026-06-08T12:33:50.812+0000] {logging_mixin.py:188} INFO - [2026-06-08T12:33:50.811+0000] {dagbag.py:545} INFO - Filling up the DagBag from /home/airflow/.local/lib/python3.12/site-packages/airflow/example_dags/example_sensor_decorator.py
[2026-06-08T12:33:50.820+0000] {processor.py:840} INFO - DAG(s) 'example_sensor_decorator' retrieved from /home/airflow/.local/lib/python3.12/site-packages/airflow/example_dags/example_sensor_decorator.py
[2026-06-08T12:33:50.843+0000] {logging_mixin.py:188} INFO - [2026-06-08T12:33:50.843+0000] {dag.py:3096} INFO - Sync 1 DAGs
[2026-06-08T12:33:51.021+0000] {logging_mixin.py:188} INFO - [2026-06-08T12:33:51.020+0000] {dag.py:3954} INFO - Setting next_dagrun for example_sensor_decorator to None, run_after=None
[2026-06-08T12:33:51.043+0000] {processor.py:183} INFO - Processing /home/airflow/.local/lib/python3.12/site-packages/airflow/example_dags/example_sensor_decorator.py took 0.248 seconds
[2026-06-08T12:34:21.485+0000] {processor.py:161} INFO - Started process (PID=67416) to work on /home/airflow/.local/lib/python3.12/site-packages/airflow/example_dags/example_sensor_decorator.py
[2026-06-08T12:34:21.486+0000] {processor.py:830} INFO - Processing file /home/airflow/.local/lib/python3.12/site-packages/airflow/example_dags/example_sensor_decorator.py for tasks to queue
[2026-06-08T12:34:21.489+0000] {logging_mixin.py:188} INFO - [2026-06-08T12:34:21.488+0000] {dagbag.py:545} INFO - Filling up the DagBag from /home/airflow/.local/lib/python3.12/site-packages/airflow/example_dags/example_sensor_decorator.py
[2026-06-08T12:34:21.494+0000] {processor.py:840} INFO - DAG(s) 'example_sensor_decorator' retrieved from /home/airflow/.local/lib/python3.12/site-packages/airflow/example_dags/example_sensor_decorator.py
[2026-06-08T12:34:21.518+0000] {logging_mixin.py:188} INFO - [2026-06-08T12:34:21.517+0000] {dag.py:3096} INFO - Sync 1 DAGs
[2026-06-08T12:34:21.532+0000] {logging_mixin.py:188} INFO - [2026-06-08T12:34:21.531+0000] {dag.py:3954} INFO - Setting next_dagrun for example_sensor_decorator to None, run_after=None
[2026-06-08T12:34:21.680+0000] {processor.py:183} INFO - Processing /home/airflow/.local/lib/python3.12/site-packages/airflow/example_dags/example_sensor_decorator.py took 0.200 seconds
[2026-06-08T12:34:51.861+0000] {processor.py:161} INFO - Started process (PID=67677) to work on /home/airflow/.local/lib/python3.12/site-packages/airflow/example_dags/example_sensor_decorator.py
[2026-06-08T12:34:51.862+0000] {processor.py:830} INFO - Processing file /home/airflow/.local/lib/python3.12/site-packages/airflow/example_dags/example_sensor_decorator.py for tasks to queue
[2026-06-08T12:34:51.863+0000] {logging_mixin.py:188} INFO - [2026-06-08T12:34:51.863+0000] {dagbag.py:545} INFO - Filling up the DagBag from /home/airflow/.local/lib/python3.12/site-packages/airflow/example_dags/example_sensor_decorator.py
[2026-06-08T12:34:51.869+0000] {processor.py:840} INFO - DAG(s) 'example_sensor_decorator' retrieved from /home/airflow/.local/lib/python3.12/site-packages/airflow/example_dags/example_sensor_decorator.py
[2026-06-08T12:34:51.893+0000] {logging_mixin.py:188} INFO - [2026-06-08T12:34:51.893+0000] {dag.py:3096} INFO - Sync 1 DAGs
[2026-06-08T12:34:52.041+0000] {logging_mixin.py:188} INFO - [2026-06-08T12:34:52.041+0000] {dag.py:3954} INFO - Setting next_dagrun for example_sensor_decorator to None, run_after=None
[2026-06-08T12:34:52.060+0000] {processor.py:183} INFO - Processing /home/airflow/.local/lib/python3.12/site-packages/airflow/example_dags/example_sensor_decorator.py took 0.205 seconds
[2026-06-08T12:35:22.882+0000] {processor.py:161} INFO - Started process (PID=67941) to work on /home/airflow/.local/lib/python3.12/site-packages/airflow/example_dags/example_sensor_decorator.py
[2026-06-08T12:35:22.884+0000] {processor.py:830} INFO - Processing file /home/airflow/.local/lib/python3.12/site-packages/airflow/example_dags/example_sensor_decorator.py for tasks to queue
[2026-06-08T12:35:22.886+0000] {logging_mixin.py:188} INFO - [2026-06-08T12:35:22.886+0000] {dagbag.py:545} INFO - Filling up the DagBag from /home/airflow/.local/lib/python3.12/site-packages/airflow/example_dags/example_sensor_decorator.py
[2026-06-08T12:35:22.891+0000] {processor.py:840} INFO - DAG(s) 'example_sensor_decorator' retrieved from /home/airflow/.local/lib/python3.12/site-packages/airflow/example_dags/example_sensor_decorator.py
[2026-06-08T12:35:22.911+0000] {logging_mixin.py:188} INFO - [2026-06-08T12:35:22.911+0000] {dag.py:3096} INFO - Sync 1 DAGs
[2026-06-08T12:35:22.923+0000] {logging_mixin.py:188} INFO - [2026-06-08T12:35:22.922+0000] {dag.py:3954} INFO - Setting next_dagrun for example_sensor_decorator to None, run_after=None
[2026-06-08T12:35:23.075+0000] {processor.py:183} INFO - Processing /home/airflow/.local/lib/python3.12/site-packages/airflow/example_dags/example_sensor_decorator.py took 0.197 seconds
[2026-06-08T12:35:53.388+0000] {processor.py:161} INFO - Started process (PID=68203) to work on /home/airflow/.local/lib/python3.12/site-packages/airflow/example_dags/example_sensor_decorator.py
[2026-06-08T12:35:53.390+0000] {processor.py:830} INFO - Processing file /home/airflow/.local/lib/python3.12/site-packages/airflow/example_dags/example_sensor_decorator.py for tasks to queue
[2026-06-08T12:35:53.394+0000] {logging_mixin.py:188} INFO - [2026-06-08T12:35:53.393+0000] {dagbag.py:545} INFO - Filling up the DagBag from /home/airflow/.local/lib/python3.12/site-packages/airflow/example_dags/example_sensor_decorator.py
[2026-06-08T12:35:53.403+0000] {processor.py:840} INFO - DAG(s) 'example_sensor_decorator' retrieved from /home/airflow/.local/lib/python3.12/site-packages/airflow/example_dags/example_sensor_decorator.py
[2026-06-08T12:35:53.435+0000] {logging_mixin.py:188} INFO - [2026-06-08T12:35:53.435+0000] {dag.py:3096} INFO - Sync 1 DAGs
[2026-06-08T12:35:53.460+0000] {logging_mixin.py:188} INFO - [2026-06-08T12:35:53.460+0000] {dag.py:3954} INFO - Setting next_dagrun for example_sensor_decorator to None, run_after=None
[2026-06-08T12:35:53.634+0000] {processor.py:183} INFO - Processing /home/airflow/.local/lib/python3.12/site-packages/airflow/example_dags/example_sensor_decorator.py took 0.259 seconds
[2026-06-08T12:36:23.905+0000] {processor.py:161} INFO - Started process (PID=68465) to work on /home/airflow/.local/lib/python3.12/site-packages/airflow/example_dags/example_sensor_decorator.py
[2026-06-08T12:36:23.906+0000] {processor.py:830} INFO - Processing file /home/airflow/.local/lib/python3.12/site-packages/airflow/example_dags/example_sensor_decorator.py for tasks to queue
[2026-06-08T12:36:23.908+0000] {logging_mixin.py:188} INFO - [2026-06-08T12:36:23.908+0000] {dagbag.py:545} INFO - Filling up the DagBag from /home/airflow/.local/lib/python3.12/site-packages/airflow/example_dags/example_sensor_decorator.py
[2026-06-08T12:36:23.913+0000] {processor.py:840} INFO - DAG(s) 'example_sensor_decorator' retrieved from /home/airflow/.local/lib/python3.12/site-packages/airflow/example_dags/example_sensor_decorator.py
[2026-06-08T12:36:23.935+0000] {logging_mixin.py:188} INFO - [2026-06-08T12:36:23.935+0000] {dag.py:3096} INFO - Sync 1 DAGs
[2026-06-08T12:36:23.949+0000] {logging_mixin.py:188} INFO - [2026-06-08T12:36:23.948+0000] {dag.py:3954} INFO - Setting next_dagrun for example_sensor_decorator to None, run_after=None
[2026-06-08T12:36:23.973+0000] {processor.py:183} INFO - Processing /home/airflow/.local/lib/python3.12/site-packages/airflow/example_dags/example_sensor_decorator.py took 0.072 seconds
[2026-06-08T12:36:54.209+0000] {processor.py:161} INFO - Started process (PID=68733) to work on /home/airflow/.local/lib/python3.12/site-packages/airflow/example_dags/example_sensor_decorator.py
[2026-06-08T12:36:54.210+0000] {processor.py:830} INFO - Processing file /home/airflow/.local/lib/python3.12/site-packages/airflow/example_dags/example_sensor_decorator.py for tasks to queue
[2026-06-08T12:36:54.212+0000] {logging_mixin.py:188} INFO - [2026-06-08T12:36:54.212+0000] {dagbag.py:545} INFO - Filling up the DagBag from /home/airflow/.local/lib/python3.12/site-packages/airflow/example_dags/example_sensor_decorator.py
[2026-06-08T12:36:54.219+0000] {processor.py:840} INFO - DAG(s) 'example_sensor_decorator' retrieved from /home/airflow/.local/lib/python3.12/site-packages/airflow/example_dags/example_sensor_decorator.py
[2026-06-08T12:36:54.239+0000] {logging_mixin.py:188} INFO - [2026-06-08T12:36:54.239+0000] {dag.py:3096} INFO - Sync 1 DAGs
[2026-06-08T12:36:54.253+0000] {logging_mixin.py:188} INFO - [2026-06-08T12:36:54.253+0000] {dag.py:3954} INFO - Setting next_dagrun for example_sensor_decorator to None, run_after=None
[2026-06-08T12:36:54.273+0000] {processor.py:183} INFO - Processing /home/airflow/.local/lib/python3.12/site-packages/airflow/example_dags/example_sensor_decorator.py took 0.069 seconds
[2026-06-08T12:37:24.538+0000] {processor.py:161} INFO - Started process (PID=68995) to work on /home/airflow/.local/lib/python3.12/site-packages/airflow/example_dags/example_sensor_decorator.py
[2026-06-08T12:37:24.539+0000] {processor.py:830} INFO - Processing file /home/airflow/.local/lib/python3.12/site-packages/airflow/example_dags/example_sensor_decorator.py for tasks to queue
[2026-06-08T12:37:24.540+0000] {logging_mixin.py:188} INFO - [2026-06-08T12:37:24.540+0000] {dagbag.py:545} INFO - Filling up the DagBag from /home/airflow/.local/lib/python3.12/site-packages/airflow/example_dags/example_sensor_decorator.py
[2026-06-08T12:37:24.547+0000] {processor.py:840} INFO - DAG(s) 'example_sensor_decorator' retrieved from /home/airflow/.local/lib/python3.12/site-packages/airflow/example_dags/example_sensor_decorator.py
[2026-06-08T12:37:24.568+0000] {logging_mixin.py:188} INFO - [2026-06-08T12:37:24.567+0000] {dag.py:3096} INFO - Sync 1 DAGs
[2026-06-08T12:37:24.581+0000] {logging_mixin.py:188} INFO - [2026-06-08T12:37:24.581+0000] {dag.py:3954} INFO - Setting next_dagrun for example_sensor_decorator to None, run_after=None
[2026-06-08T12:37:24.603+0000] {processor.py:183} INFO - Processing /home/airflow/.local/lib/python3.12/site-packages/airflow/example_dags/example_sensor_decorator.py took 0.070 seconds
[2026-06-08T12:37:54.850+0000] {processor.py:161} INFO - Started process (PID=69256) to work on /home/airflow/.local/lib/python3.12/site-packages/airflow/example_dags/example_sensor_decorator.py
[2026-06-08T12:37:54.851+0000] {processor.py:830} INFO - Processing file /home/airflow/.local/lib/python3.12/site-packages/airflow/example_dags/example_sensor_decorator.py for tasks to queue
[2026-06-08T12:37:54.853+0000] {logging_mixin.py:188} INFO - [2026-06-08T12:37:54.853+0000] {dagbag.py:545} INFO - Filling up the DagBag from /home/airflow/.local/lib/python3.12/site-packages/airflow/example_dags/example_sensor_decorator.py
[2026-06-08T12:37:54.858+0000] {processor.py:840} INFO - DAG(s) 'example_sensor_decorator' retrieved from /home/airflow/.local/lib/python3.12/site-packages/airflow/example_dags/example_sensor_decorator.py
[2026-06-08T12:37:54.878+0000] {logging_mixin.py:188} INFO - [2026-06-08T12:37:54.877+0000] {dag.py:3096} INFO - Sync 1 DAGs
[2026-06-08T12:37:54.889+0000] {logging_mixin.py:188} INFO - [2026-06-08T12:37:54.889+0000] {dag.py:3954} INFO - Setting next_dagrun for example_sensor_decorator to None, run_after=None
[2026-06-08T12:37:54.910+0000] {processor.py:183} INFO - Processing /home/airflow/.local/lib/python3.12/site-packages/airflow/example_dags/example_sensor_decorator.py took 0.069 seconds
[2026-06-08T12:38:25.195+0000] {processor.py:161} INFO - Started process (PID=69517) to work on /home/airflow/.local/lib/python3.12/site-packages/airflow/example_dags/example_sensor_decorator.py
[2026-06-08T12:38:25.197+0000] {processor.py:830} INFO - Processing file /home/airflow/.local/lib/python3.12/site-packages/airflow/example_dags/example_sensor_decorator.py for tasks to queue
[2026-06-08T12:38:25.199+0000] {logging_mixin.py:188} INFO - [2026-06-08T12:38:25.199+0000] {dagbag.py:545} INFO - Filling up the DagBag from /home/airflow/.local/lib/python3.12/site-packages/airflow/example_dags/example_sensor_decorator.py
[2026-06-08T12:38:25.205+0000] {processor.py:840} INFO - DAG(s) 'example_sensor_decorator' retrieved from /home/airflow/.local/lib/python3.12/site-packages/airflow/example_dags/example_sensor_decorator.py
[2026-06-08T12:38:25.228+0000] {logging_mixin.py:188} INFO - [2026-06-08T12:38:25.228+0000] {dag.py:3096} INFO - Sync 1 DAGs
[2026-06-08T12:38:25.242+0000] {logging_mixin.py:188} INFO - [2026-06-08T12:38:25.242+0000] {dag.py:3954} INFO - Setting next_dagrun for example_sensor_decorator to None, run_after=None
[2026-06-08T12:38:25.268+0000] {processor.py:183} INFO - Processing /home/airflow/.local/lib/python3.12/site-packages/airflow/example_dags/example_sensor_decorator.py took 0.080 seconds
[2026-06-08T12:38:55.329+0000] {processor.py:161} INFO - Started process (PID=69775) to work on /home/airflow/.local/lib/python3.12/site-packages/airflow/example_dags/example_sensor_decorator.py
[2026-06-08T12:38:55.330+0000] {processor.py:830} INFO - Processing file /home/airflow/.local/lib/python3.12/site-packages/airflow/example_dags/example_sensor_decorator.py for tasks to queue
[2026-06-08T12:38:55.332+0000] {logging_mixin.py:188} INFO - [2026-06-08T12:38:55.332+0000] {dagbag.py:545} INFO - Filling up the DagBag from /home/airflow/.local/lib/python3.12/site-packages/airflow/example_dags/example_sensor_decorator.py
[2026-06-08T12:38:55.338+0000] {processor.py:840} INFO - DAG(s) 'example_sensor_decorator' retrieved from /home/airflow/.local/lib/python3.12/site-packages/airflow/example_dags/example_sensor_decorator.py
[2026-06-08T12:38:55.361+0000] {logging_mixin.py:188} INFO - [2026-06-08T12:38:55.360+0000] {dag.py:3096} INFO - Sync 1 DAGs
[2026-06-08T12:38:55.379+0000] {logging_mixin.py:188} INFO - [2026-06-08T12:38:55.379+0000] {dag.py:3954} INFO - Setting next_dagrun for example_sensor_decorator to None, run_after=None
[2026-06-08T12:38:55.410+0000] {processor.py:183} INFO - Processing /home/airflow/.local/lib/python3.12/site-packages/airflow/example_dags/example_sensor_decorator.py took 0.086 seconds
[2026-06-08T12:39:25.741+0000] {processor.py:161} INFO - Started process (PID=70037) to work on /home/airflow/.local/lib/python3.12/site-packages/airflow/example_dags/example_sensor_decorator.py
[2026-06-08T12:39:25.742+0000] {processor.py:830} INFO - Processing file /home/airflow/.local/lib/python3.12/site-packages/airflow/example_dags/example_sensor_decorator.py for tasks to queue
[2026-06-08T12:39:25.744+0000] {logging_mixin.py:188} INFO - [2026-06-08T12:39:25.744+0000] {dagbag.py:545} INFO - Filling up the DagBag from /home/airflow/.local/lib/python3.12/site-packages/airflow/example_dags/example_sensor_decorator.py
[2026-06-08T12:39:25.749+0000] {processor.py:840} INFO - DAG(s) 'example_sensor_decorator' retrieved from /home/airflow/.local/lib/python3.12/site-packages/airflow/example_dags/example_sensor_decorator.py
[2026-06-08T12:39:25.770+0000] {logging_mixin.py:188} INFO - [2026-06-08T12:39:25.770+0000] {dag.py:3096} INFO - Sync 1 DAGs
[2026-06-08T12:39:25.785+0000] {logging_mixin.py:188} INFO - [2026-06-08T12:39:25.785+0000] {dag.py:3954} INFO - Setting next_dagrun for example_sensor_decorator to None, run_after=None
[2026-06-08T12:39:25.807+0000] {processor.py:183} INFO - Processing /home/airflow/.local/lib/python3.12/site-packages/airflow/example_dags/example_sensor_decorator.py took 0.071 seconds
[2026-06-08T12:39:56.063+0000] {processor.py:161} INFO - Started process (PID=70299) to work on /home/airflow/.local/lib/python3.12/site-packages/airflow/example_dags/example_sensor_decorator.py
[2026-06-08T12:39:56.064+0000] {processor.py:830} INFO - Processing file /home/airflow/.local/lib/python3.12/site-packages/airflow/example_dags/example_sensor_decorator.py for tasks to queue
[2026-06-08T12:39:56.065+0000] {logging_mixin.py:188} INFO - [2026-06-08T12:39:56.065+0000] {dagbag.py:545} INFO - Filling up the DagBag from /home/airflow/.local/lib/python3.12/site-packages/airflow/example_dags/example_sensor_decorator.py
[2026-06-08T12:39:56.070+0000] {processor.py:840} INFO - DAG(s) 'example_sensor_decorator' retrieved from /home/airflow/.local/lib/python3.12/site-packages/airflow/example_dags/example_sensor_decorator.py
[2026-06-08T12:39:56.092+0000] {logging_mixin.py:188} INFO - [2026-06-08T12:39:56.091+0000] {dag.py:3096} INFO - Sync 1 DAGs
[2026-06-08T12:39:56.105+0000] {logging_mixin.py:188} INFO - [2026-06-08T12:39:56.105+0000] {dag.py:3954} INFO - Setting next_dagrun for example_sensor_decorator to None, run_after=None
[2026-06-08T12:39:56.130+0000] {processor.py:183} INFO - Processing /home/airflow/.local/lib/python3.12/site-packages/airflow/example_dags/example_sensor_decorator.py took 0.071 seconds
[2026-06-08T12:40:26.270+0000] {processor.py:161} INFO - Started process (PID=70561) to work on /home/airflow/.local/lib/python3.12/site-packages/airflow/example_dags/example_sensor_decorator.py
[2026-06-08T12:40:26.270+0000] {processor.py:830} INFO - Processing file /home/airflow/.local/lib/python3.12/site-packages/airflow/example_dags/example_sensor_decorator.py for tasks to queue
[2026-06-08T12:40:26.272+0000] {logging_mixin.py:188} INFO - [2026-06-08T12:40:26.272+0000] {dagbag.py:545} INFO - Filling up the DagBag from /home/airflow/.local/lib/python3.12/site-packages/airflow/example_dags/example_sensor_decorator.py
[2026-06-08T12:40:26.278+0000] {processor.py:840} INFO - DAG(s) 'example_sensor_decorator' retrieved from /home/airflow/.local/lib/python3.12/site-packages/airflow/example_dags/example_sensor_decorator.py
[2026-06-08T12:40:26.297+0000] {logging_mixin.py:188} INFO - [2026-06-08T12:40:26.297+0000] {dag.py:3096} INFO - Sync 1 DAGs
[2026-06-08T12:40:26.311+0000] {logging_mixin.py:188} INFO - [2026-06-08T12:40:26.310+0000] {dag.py:3954} INFO - Setting next_dagrun for example_sensor_decorator to None, run_after=None
[2026-06-08T12:40:26.332+0000] {processor.py:183} INFO - Processing /home/airflow/.local/lib/python3.12/site-packages/airflow/example_dags/example_sensor_decorator.py took 0.069 seconds
[2026-06-08T12:40:56.812+0000] {processor.py:161} INFO - Started process (PID=70823) to work on /home/airflow/.local/lib/python3.12/site-packages/airflow/example_dags/example_sensor_decorator.py
[2026-06-08T12:40:56.813+0000] {processor.py:830} INFO - Processing file /home/airflow/.local/lib/python3.12/site-packages/airflow/example_dags/example_sensor_decorator.py for tasks to queue
[2026-06-08T12:40:56.815+0000] {logging_mixin.py:188} INFO - [2026-06-08T12:40:56.815+0000] {dagbag.py:545} INFO - Filling up the DagBag from /home/airflow/.local/lib/python3.12/site-packages/airflow/example_dags/example_sensor_decorator.py
[2026-06-08T12:40:56.821+0000] {processor.py:840} INFO - DAG(s) 'example_sensor_decorator' retrieved from /home/airflow/.local/lib/python3.12/site-packages/airflow/example_dags/example_sensor_decorator.py
[2026-06-08T12:40:56.841+0000] {logging_mixin.py:188} INFO - [2026-06-08T12:40:56.841+0000] {dag.py:3096} INFO - Sync 1 DAGs
[2026-06-08T12:40:56.853+0000] {logging_mixin.py:188} INFO - [2026-06-08T12:40:56.853+0000] {dag.py:3954} INFO - Setting next_dagrun for example_sensor_decorator to None, run_after=None
[2026-06-08T12:40:56.877+0000] {processor.py:183} INFO - Processing /home/airflow/.local/lib/python3.12/site-packages/airflow/example_dags/example_sensor_decorator.py took 0.070 seconds
[2026-06-08T12:41:26.986+0000] {processor.py:161} INFO - Started process (PID=71084) to work on /home/airflow/.local/lib/python3.12/site-packages/airflow/example_dags/example_sensor_decorator.py
[2026-06-08T12:41:26.987+0000] {processor.py:830} INFO - Processing file /home/airflow/.local/lib/python3.12/site-packages/airflow/example_dags/example_sensor_decorator.py for tasks to queue
[2026-06-08T12:41:26.989+0000] {logging_mixin.py:188} INFO - [2026-06-08T12:41:26.989+0000] {dagbag.py:545} INFO - Filling up the DagBag from /home/airflow/.local/lib/python3.12/site-packages/airflow/example_dags/example_sensor_decorator.py
[2026-06-08T12:41:26.994+0000] {processor.py:840} INFO - DAG(s) 'example_sensor_decorator' retrieved from /home/airflow/.local/lib/python3.12/site-packages/airflow/example_dags/example_sensor_decorator.py
[2026-06-08T12:41:27.014+0000] {logging_mixin.py:188} INFO - [2026-06-08T12:41:27.013+0000] {dag.py:3096} INFO - Sync 1 DAGs
[2026-06-08T12:41:27.025+0000] {logging_mixin.py:188} INFO - [2026-06-08T12:41:27.025+0000] {dag.py:3954} INFO - Setting next_dagrun for example_sensor_decorator to None, run_after=None
[2026-06-08T12:41:27.048+0000] {processor.py:183} INFO - Processing /home/airflow/.local/lib/python3.12/site-packages/airflow/example_dags/example_sensor_decorator.py took 0.068 seconds
[2026-06-08T12:41:57.370+0000] {processor.py:161} INFO - Started process (PID=71345) to work on /home/airflow/.local/lib/python3.12/site-packages/airflow/example_dags/example_sensor_decorator.py
[2026-06-08T12:41:57.372+0000] {processor.py:830} INFO - Processing file /home/airflow/.local/lib/python3.12/site-packages/airflow/example_dags/example_sensor_decorator.py for tasks to queue
[2026-06-08T12:41:57.373+0000] {logging_mixin.py:188} INFO - [2026-06-08T12:41:57.373+0000] {dagbag.py:545} INFO - Filling up the DagBag from /home/airflow/.local/lib/python3.12/site-packages/airflow/example_dags/example_sensor_decorator.py
[2026-06-08T12:41:57.378+0000] {processor.py:840} INFO - DAG(s) 'example_sensor_decorator' retrieved from /home/airflow/.local/lib/python3.12/site-packages/airflow/example_dags/example_sensor_decorator.py
[2026-06-08T12:41:57.398+0000] {logging_mixin.py:188} INFO - [2026-06-08T12:41:57.398+0000] {dag.py:3096} INFO - Sync 1 DAGs
[2026-06-08T12:41:57.415+0000] {logging_mixin.py:188} INFO - [2026-06-08T12:41:57.415+0000] {dag.py:3954} INFO - Setting next_dagrun for example_sensor_decorator to None, run_after=None
[2026-06-08T12:41:57.436+0000] {processor.py:183} INFO - Processing /home/airflow/.local/lib/python3.12/site-packages/airflow/example_dags/example_sensor_decorator.py took 0.072 seconds
[2026-06-08T12:42:27.718+0000] {processor.py:161} INFO - Started process (PID=71607) to work on /home/airflow/.local/lib/python3.12/site-packages/airflow/example_dags/example_sensor_decorator.py
[2026-06-08T12:42:27.719+0000] {processor.py:830} INFO - Processing file /home/airflow/.local/lib/python3.12/site-packages/airflow/example_dags/example_sensor_decorator.py for tasks to queue
[2026-06-08T12:42:27.721+0000] {logging_mixin.py:188} INFO - [2026-06-08T12:42:27.721+0000] {dagbag.py:545} INFO - Filling up the DagBag from /home/airflow/.local/lib/python3.12/site-packages/airflow/example_dags/example_sensor_decorator.py
[2026-06-08T12:42:27.727+0000] {processor.py:840} INFO - DAG(s) 'example_sensor_decorator' retrieved from /home/airflow/.local/lib/python3.12/site-packages/airflow/example_dags/example_sensor_decorator.py
[2026-06-08T12:42:27.749+0000] {logging_mixin.py:188} INFO - [2026-06-08T12:42:27.749+0000] {dag.py:3096} INFO - Sync 1 DAGs
[2026-06-08T12:42:27.761+0000] {logging_mixin.py:188} INFO - [2026-06-08T12:42:27.761+0000] {dag.py:3954} INFO - Setting next_dagrun for example_sensor_decorator to None, run_after=None
[2026-06-08T12:42:27.786+0000] {processor.py:183} INFO - Processing /home/airflow/.local/lib/python3.12/site-packages/airflow/example_dags/example_sensor_decorator.py took 0.075 seconds
[2026-06-08T12:42:58.066+0000] {processor.py:161} INFO - Started process (PID=71869) to work on /home/airflow/.local/lib/python3.12/site-packages/airflow/example_dags/example_sensor_decorator.py
[2026-06-08T12:42:58.067+0000] {processor.py:830} INFO - Processing file /home/airflow/.local/lib/python3.12/site-packages/airflow/example_dags/example_sensor_decorator.py for tasks to queue
[2026-06-08T12:42:58.069+0000] {logging_mixin.py:188} INFO - [2026-06-08T12:42:58.069+0000] {dagbag.py:545} INFO - Filling up the DagBag from /home/airflow/.local/lib/python3.12/site-packages/airflow/example_dags/example_sensor_decorator.py
[2026-06-08T12:42:58.075+0000] {processor.py:840} INFO - DAG(s) 'example_sensor_decorator' retrieved from /home/airflow/.local/lib/python3.12/site-packages/airflow/example_dags/example_sensor_decorator.py
[2026-06-08T12:42:58.097+0000] {logging_mixin.py:188} INFO - [2026-06-08T12:42:58.096+0000] {dag.py:3096} INFO - Sync 1 DAGs
[2026-06-08T12:42:58.110+0000] {logging_mixin.py:188} INFO - [2026-06-08T12:42:58.109+0000] {dag.py:3954} INFO - Setting next_dagrun for example_sensor_decorator to None, run_after=None
[2026-06-08T12:42:58.131+0000] {processor.py:183} INFO - Processing /home/airflow/.local/lib/python3.12/site-packages/airflow/example_dags/example_sensor_decorator.py took 0.072 seconds
[2026-06-08T12:43:28.385+0000] {processor.py:161} INFO - Started process (PID=72131) to work on /home/airflow/.local/lib/python3.12/site-packages/airflow/example_dags/example_sensor_decorator.py
[2026-06-08T12:43:28.386+0000] {processor.py:830} INFO - Processing file /home/airflow/.local/lib/python3.12/site-packages/airflow/example_dags/example_sensor_decorator.py for tasks to queue
[2026-06-08T12:43:28.389+0000] {logging_mixin.py:188} INFO - [2026-06-08T12:43:28.389+0000] {dagbag.py:545} INFO - Filling up the DagBag from /home/airflow/.local/lib/python3.12/site-packages/airflow/example_dags/example_sensor_decorator.py
[2026-06-08T12:43:28.395+0000] {processor.py:840} INFO - DAG(s) 'example_sensor_decorator' retrieved from /home/airflow/.local/lib/python3.12/site-packages/airflow/example_dags/example_sensor_decorator.py
[2026-06-08T12:43:28.416+0000] {logging_mixin.py:188} INFO - [2026-06-08T12:43:28.415+0000] {dag.py:3096} INFO - Sync 1 DAGs
[2026-06-08T12:43:28.429+0000] {logging_mixin.py:188} INFO - [2026-06-08T12:43:28.429+0000] {dag.py:3954} INFO - Setting next_dagrun for example_sensor_decorator to None, run_after=None
[2026-06-08T12:43:28.451+0000] {processor.py:183} INFO - Processing /home/airflow/.local/lib/python3.12/site-packages/airflow/example_dags/example_sensor_decorator.py took 0.072 seconds
[2026-06-08T12:43:58.674+0000] {processor.py:161} INFO - Started process (PID=72395) to work on /home/airflow/.local/lib/python3.12/site-packages/airflow/example_dags/example_sensor_decorator.py
[2026-06-08T12:43:58.676+0000] {processor.py:830} INFO - Processing file /home/airflow/.local/lib/python3.12/site-packages/airflow/example_dags/example_sensor_decorator.py for tasks to queue
[2026-06-08T12:43:58.678+0000] {logging_mixin.py:188} INFO - [2026-06-08T12:43:58.678+0000] {dagbag.py:545} INFO - Filling up the DagBag from /home/airflow/.local/lib/python3.12/site-packages/airflow/example_dags/example_sensor_decorator.py
[2026-06-08T12:43:58.685+0000] {processor.py:840} INFO - DAG(s) 'example_sensor_decorator' retrieved from /home/airflow/.local/lib/python3.12/site-packages/airflow/example_dags/example_sensor_decorator.py
[2026-06-08T12:43:58.706+0000] {logging_mixin.py:188} INFO - [2026-06-08T12:43:58.706+0000] {dag.py:3096} INFO - Sync 1 DAGs
[2026-06-08T12:43:58.719+0000] {logging_mixin.py:188} INFO - [2026-06-08T12:43:58.719+0000] {dag.py:3954} INFO - Setting next_dagrun for example_sensor_decorator to None, run_after=None
[2026-06-08T12:43:58.742+0000] {processor.py:183} INFO - Processing /home/airflow/.local/lib/python3.12/site-packages/airflow/example_dags/example_sensor_decorator.py took 0.073 seconds
[2026-06-08T12:44:28.963+0000] {processor.py:161} INFO - Started process (PID=72655) to work on /home/airflow/.local/lib/python3.12/site-packages/airflow/example_dags/example_sensor_decorator.py
[2026-06-08T12:44:28.964+0000] {processor.py:830} INFO - Processing file /home/airflow/.local/lib/python3.12/site-packages/airflow/example_dags/example_sensor_decorator.py for tasks to queue
[2026-06-08T12:44:28.966+0000] {logging_mixin.py:188} INFO - [2026-06-08T12:44:28.966+0000] {dagbag.py:545} INFO - Filling up the DagBag from /home/airflow/.local/lib/python3.12/site-packages/airflow/example_dags/example_sensor_decorator.py
[2026-06-08T12:44:28.972+0000] {processor.py:840} INFO - DAG(s) 'example_sensor_decorator' retrieved from /home/airflow/.local/lib/python3.12/site-packages/airflow/example_dags/example_sensor_decorator.py
[2026-06-08T12:44:28.992+0000] {logging_mixin.py:188} INFO - [2026-06-08T12:44:28.992+0000] {dag.py:3096} INFO - Sync 1 DAGs
[2026-06-08T12:44:29.006+0000] {logging_mixin.py:188} INFO - [2026-06-08T12:44:29.006+0000] {dag.py:3954} INFO - Setting next_dagrun for example_sensor_decorator to None, run_after=None
[2026-06-08T12:44:29.029+0000] {processor.py:183} INFO - Processing /home/airflow/.local/lib/python3.12/site-packages/airflow/example_dags/example_sensor_decorator.py took 0.072 seconds
[2026-06-08T12:44:59.640+0000] {processor.py:161} INFO - Started process (PID=72917) to work on /home/airflow/.local/lib/python3.12/site-packages/airflow/example_dags/example_sensor_decorator.py
[2026-06-08T12:44:59.641+0000] {processor.py:830} INFO - Processing file /home/airflow/.local/lib/python3.12/site-packages/airflow/example_dags/example_sensor_decorator.py for tasks to queue
[2026-06-08T12:44:59.644+0000] {logging_mixin.py:188} INFO - [2026-06-08T12:44:59.643+0000] {dagbag.py:545} INFO - Filling up the DagBag from /home/airflow/.local/lib/python3.12/site-packages/airflow/example_dags/example_sensor_decorator.py
[2026-06-08T12:44:59.650+0000] {processor.py:840} INFO - DAG(s) 'example_sensor_decorator' retrieved from /home/airflow/.local/lib/python3.12/site-packages/airflow/example_dags/example_sensor_decorator.py
[2026-06-08T12:44:59.671+0000] {logging_mixin.py:188} INFO - [2026-06-08T12:44:59.671+0000] {dag.py:3096} INFO - Sync 1 DAGs
[2026-06-08T12:44:59.685+0000] {logging_mixin.py:188} INFO - [2026-06-08T12:44:59.684+0000] {dag.py:3954} INFO - Setting next_dagrun for example_sensor_decorator to None, run_after=None
[2026-06-08T12:44:59.707+0000] {processor.py:183} INFO - Processing /home/airflow/.local/lib/python3.12/site-packages/airflow/example_dags/example_sensor_decorator.py took 0.075 seconds
[2026-06-08T12:45:29.827+0000] {processor.py:161} INFO - Started process (PID=73179) to work on /home/airflow/.local/lib/python3.12/site-packages/airflow/example_dags/example_sensor_decorator.py
[2026-06-08T12:45:29.828+0000] {processor.py:830} INFO - Processing file /home/airflow/.local/lib/python3.12/site-packages/airflow/example_dags/example_sensor_decorator.py for tasks to queue
[2026-06-08T12:45:29.830+0000] {logging_mixin.py:188} INFO - [2026-06-08T12:45:29.830+0000] {dagbag.py:545} INFO - Filling up the DagBag from /home/airflow/.local/lib/python3.12/site-packages/airflow/example_dags/example_sensor_decorator.py
[2026-06-08T12:45:29.836+0000] {processor.py:840} INFO - DAG(s) 'example_sensor_decorator' retrieved from /home/airflow/.local/lib/python3.12/site-packages/airflow/example_dags/example_sensor_decorator.py
[2026-06-08T12:45:29.857+0000] {logging_mixin.py:188} INFO - [2026-06-08T12:45:29.857+0000] {dag.py:3096} INFO - Sync 1 DAGs
[2026-06-08T12:45:29.871+0000] {logging_mixin.py:188} INFO - [2026-06-08T12:45:29.871+0000] {dag.py:3954} INFO - Setting next_dagrun for example_sensor_decorator to None, run_after=None
[2026-06-08T12:45:29.890+0000] {processor.py:183} INFO - Processing /home/airflow/.local/lib/python3.12/site-packages/airflow/example_dags/example_sensor_decorator.py took 0.069 seconds
[2026-06-08T12:46:00.341+0000] {processor.py:161} INFO - Started process (PID=73441) to work on /home/airflow/.local/lib/python3.12/site-packages/airflow/example_dags/example_sensor_decorator.py
[2026-06-08T12:46:00.342+0000] {processor.py:830} INFO - Processing file /home/airflow/.local/lib/python3.12/site-packages/airflow/example_dags/example_sensor_decorator.py for tasks to queue
[2026-06-08T12:46:00.344+0000] {logging_mixin.py:188} INFO - [2026-06-08T12:46:00.344+0000] {dagbag.py:545} INFO - Filling up the DagBag from /home/airflow/.local/lib/python3.12/site-packages/airflow/example_dags/example_sensor_decorator.py
[2026-06-08T12:46:00.352+0000] {processor.py:840} INFO - DAG(s) 'example_sensor_decorator' retrieved from /home/airflow/.local/lib/python3.12/site-packages/airflow/example_dags/example_sensor_decorator.py
[2026-06-08T12:46:00.376+0000] {logging_mixin.py:188} INFO - [2026-06-08T12:46:00.376+0000] {dag.py:3096} INFO - Sync 1 DAGs
[2026-06-08T12:46:00.392+0000] {logging_mixin.py:188} INFO - [2026-06-08T12:46:00.391+0000] {dag.py:3954} INFO - Setting next_dagrun for example_sensor_decorator to None, run_after=None
[2026-06-08T12:46:00.417+0000] {processor.py:183} INFO - Processing /home/airflow/.local/lib/python3.12/site-packages/airflow/example_dags/example_sensor_decorator.py took 0.082 seconds
[2026-06-08T12:46:30.912+0000] {processor.py:161} INFO - Started process (PID=73703) to work on /home/airflow/.local/lib/python3.12/site-packages/airflow/example_dags/example_sensor_decorator.py
[2026-06-08T12:46:30.913+0000] {processor.py:830} INFO - Processing file /home/airflow/.local/lib/python3.12/site-packages/airflow/example_dags/example_sensor_decorator.py for tasks to queue
[2026-06-08T12:46:30.915+0000] {logging_mixin.py:188} INFO - [2026-06-08T12:46:30.915+0000] {dagbag.py:545} INFO - Filling up the DagBag from /home/airflow/.local/lib/python3.12/site-packages/airflow/example_dags/example_sensor_decorator.py
[2026-06-08T12:46:30.921+0000] {processor.py:840} INFO - DAG(s) 'example_sensor_decorator' retrieved from /home/airflow/.local/lib/python3.12/site-packages/airflow/example_dags/example_sensor_decorator.py
[2026-06-08T12:46:30.942+0000] {logging_mixin.py:188} INFO - [2026-06-08T12:46:30.942+0000] {dag.py:3096} INFO - Sync 1 DAGs
[2026-06-08T12:46:30.956+0000] {logging_mixin.py:188} INFO - [2026-06-08T12:46:30.956+0000] {dag.py:3954} INFO - Setting next_dagrun for example_sensor_decorator to None, run_after=None
[2026-06-08T12:46:30.975+0000] {processor.py:183} INFO - Processing /home/airflow/.local/lib/python3.12/site-packages/airflow/example_dags/example_sensor_decorator.py took 0.069 seconds
[2026-06-08T12:47:01.437+0000] {processor.py:161} INFO - Started process (PID=73965) to work on /home/airflow/.local/lib/python3.12/site-packages/airflow/example_dags/example_sensor_decorator.py
[2026-06-08T12:47:01.438+0000] {processor.py:830} INFO - Processing file /home/airflow/.local/lib/python3.12/site-packages/airflow/example_dags/example_sensor_decorator.py for tasks to queue
[2026-06-08T12:47:01.440+0000] {logging_mixin.py:188} INFO - [2026-06-08T12:47:01.440+0000] {dagbag.py:545} INFO - Filling up the DagBag from /home/airflow/.local/lib/python3.12/site-packages/airflow/example_dags/example_sensor_decorator.py
[2026-06-08T12:47:01.448+0000] {processor.py:840} INFO - DAG(s) 'example_sensor_decorator' retrieved from /home/airflow/.local/lib/python3.12/site-packages/airflow/example_dags/example_sensor_decorator.py
[2026-06-08T12:47:01.472+0000] {logging_mixin.py:188} INFO - [2026-06-08T12:47:01.472+0000] {dag.py:3096} INFO - Sync 1 DAGs
[2026-06-08T12:47:01.486+0000] {logging_mixin.py:188} INFO - [2026-06-08T12:47:01.485+0000] {dag.py:3954} INFO - Setting next_dagrun for example_sensor_decorator to None, run_after=None
[2026-06-08T12:47:01.509+0000] {processor.py:183} INFO - Processing /home/airflow/.local/lib/python3.12/site-packages/airflow/example_dags/example_sensor_decorator.py took 0.079 seconds
[2026-06-08T12:47:31.903+0000] {processor.py:161} INFO - Started process (PID=74227) to work on /home/airflow/.local/lib/python3.12/site-packages/airflow/example_dags/example_sensor_decorator.py
[2026-06-08T12:47:31.906+0000] {processor.py:830} INFO - Processing file /home/airflow/.local/lib/python3.12/site-packages/airflow/example_dags/example_sensor_decorator.py for tasks to queue
[2026-06-08T12:47:31.909+0000] {logging_mixin.py:188} INFO - [2026-06-08T12:47:31.908+0000] {dagbag.py:545} INFO - Filling up the DagBag from /home/airflow/.local/lib/python3.12/site-packages/airflow/example_dags/example_sensor_decorator.py
[2026-06-08T12:47:31.914+0000] {processor.py:840} INFO - DAG(s) 'example_sensor_decorator' retrieved from /home/airflow/.local/lib/python3.12/site-packages/airflow/example_dags/example_sensor_decorator.py
[2026-06-08T12:47:31.936+0000] {logging_mixin.py:188} INFO - [2026-06-08T12:47:31.936+0000] {dag.py:3096} INFO - Sync 1 DAGs
[2026-06-08T12:47:31.949+0000] {logging_mixin.py:188} INFO - [2026-06-08T12:47:31.949+0000] {dag.py:3954} INFO - Setting next_dagrun for example_sensor_decorator to None, run_after=None
[2026-06-08T12:47:31.494+0000] {processor.py:183} INFO - Processing /home/airflow/.local/lib/python3.12/site-packages/airflow/example_dags/example_sensor_decorator.py took 0.078 seconds
[2026-06-08T12:48:01.928+0000] {processor.py:161} INFO - Started process (PID=74469) to work on /home/airflow/.local/lib/python3.12/site-packages/airflow/example_dags/example_sensor_decorator.py
[2026-06-08T12:48:01.929+0000] {processor.py:830} INFO - Processing file /home/airflow/.local/lib/python3.12/site-packages/airflow/example_dags/example_sensor_decorator.py for tasks to queue
[2026-06-08T12:48:01.931+0000] {logging_mixin.py:188} INFO - [2026-06-08T12:48:01.931+0000] {dagbag.py:545} INFO - Filling up the DagBag from /home/airflow/.local/lib/python3.12/site-packages/airflow/example_dags/example_sensor_decorator.py
[2026-06-08T12:48:01.938+0000] {processor.py:840} INFO - DAG(s) 'example_sensor_decorator' retrieved from /home/airflow/.local/lib/python3.12/site-packages/airflow/example_dags/example_sensor_decorator.py
[2026-06-08T12:48:01.959+0000] {logging_mixin.py:188} INFO - [2026-06-08T12:48:01.958+0000] {dag.py:3096} INFO - Sync 1 DAGs
[2026-06-08T12:48:01.973+0000] {logging_mixin.py:188} INFO - [2026-06-08T12:48:01.973+0000] {dag.py:3954} INFO - Setting next_dagrun for example_sensor_decorator to None, run_after=None
[2026-06-08T12:48:01.998+0000] {processor.py:183} INFO - Processing /home/airflow/.local/lib/python3.12/site-packages/airflow/example_dags/example_sensor_decorator.py took 0.076 seconds
[2026-06-08T12:48:32.679+0000] {processor.py:161} INFO - Started process (PID=74752) to work on /home/airflow/.local/lib/python3.12/site-packages/airflow/example_dags/example_sensor_decorator.py
[2026-06-08T12:48:32.680+0000] {processor.py:830} INFO - Processing file /home/airflow/.local/lib/python3.12/site-packages/airflow/example_dags/example_sensor_decorator.py for tasks to queue
[2026-06-08T12:48:32.682+0000] {logging_mixin.py:188} INFO - [2026-06-08T12:48:32.681+0000] {dagbag.py:545} INFO - Filling up the DagBag from /home/airflow/.local/lib/python3.12/site-packages/airflow/example_dags/example_sensor_decorator.py
[2026-06-08T12:48:32.687+0000] {processor.py:840} INFO - DAG(s) 'example_sensor_decorator' retrieved from /home/airflow/.local/lib/python3.12/site-packages/airflow/example_dags/example_sensor_decorator.py
[2026-06-08T12:48:32.711+0000] {logging_mixin.py:188} INFO - [2026-06-08T12:48:32.711+0000] {dag.py:3096} INFO - Sync 1 DAGs
[2026-06-08T12:48:32.725+0000] {logging_mixin.py:188} INFO - [2026-06-08T12:48:32.725+0000] {dag.py:3954} INFO - Setting next_dagrun for example_sensor_decorator to None, run_after=None
[2026-06-08T12:48:32.759+0000] {processor.py:183} INFO - Processing /home/airflow/.local/lib/python3.12/site-packages/airflow/example_dags/example_sensor_decorator.py took 0.087 seconds
[2026-06-08T12:49:03.284+0000] {processor.py:161} INFO - Started process (PID=75020) to work on /home/airflow/.local/lib/python3.12/site-packages/airflow/example_dags/example_sensor_decorator.py
[2026-06-08T12:49:03.286+0000] {processor.py:830} INFO - Processing file /home/airflow/.local/lib/python3.12/site-packages/airflow/example_dags/example_sensor_decorator.py for tasks to queue
[2026-06-08T12:49:03.289+0000] {logging_mixin.py:188} INFO - [2026-06-08T12:49:03.288+0000] {dagbag.py:545} INFO - Filling up the DagBag from /home/airflow/.local/lib/python3.12/site-packages/airflow/example_dags/example_sensor_decorator.py
[2026-06-08T12:49:03.299+0000] {processor.py:840} INFO - DAG(s) 'example_sensor_decorator' retrieved from /home/airflow/.local/lib/python3.12/site-packages/airflow/example_dags/example_sensor_decorator.py
[2026-06-08T12:49:03.329+0000] {logging_mixin.py:188} INFO - [2026-06-08T12:49:03.328+0000] {dag.py:3096} INFO - Sync 1 DAGs
[2026-06-08T12:49:03.352+0000] {logging_mixin.py:188} INFO - [2026-06-08T12:49:03.351+0000] {dag.py:3954} INFO - Setting next_dagrun for example_sensor_decorator to None, run_after=None
[2026-06-08T12:49:03.386+0000] {processor.py:183} INFO - Processing /home/airflow/.local/lib/python3.12/site-packages/airflow/example_dags/example_sensor_decorator.py took 0.110 seconds
[2026-06-08T12:49:33.692+0000] {processor.py:161} INFO - Started process (PID=75281) to work on /home/airflow/.local/lib/python3.12/site-packages/airflow/example_dags/example_sensor_decorator.py
[2026-06-08T12:49:33.693+0000] {processor.py:830} INFO - Processing file /home/airflow/.local/lib/python3.12/site-packages/airflow/example_dags/example_sensor_decorator.py for tasks to queue
[2026-06-08T12:49:33.695+0000] {logging_mixin.py:188} INFO - [2026-06-08T12:49:33.695+0000] {dagbag.py:545} INFO - Filling up the DagBag from /home/airflow/.local/lib/python3.12/site-packages/airflow/example_dags/example_sensor_decorator.py
[2026-06-08T12:49:33.701+0000] {processor.py:840} INFO - DAG(s) 'example_sensor_decorator' retrieved from /home/airflow/.local/lib/python3.12/site-packages/airflow/example_dags/example_sensor_decorator.py
[2026-06-08T12:49:33.722+0000] {logging_mixin.py:188} INFO - [2026-06-08T12:49:33.722+0000] {dag.py:3096} INFO - Sync 1 DAGs
[2026-06-08T12:49:33.733+0000] {logging_mixin.py:188} INFO - [2026-06-08T12:49:33.733+0000] {dag.py:3954} INFO - Setting next_dagrun for example_sensor_decorator to None, run_after=None
[2026-06-08T12:49:33.754+0000] {processor.py:183} INFO - Processing /home/airflow/.local/lib/python3.12/site-packages/airflow/example_dags/example_sensor_decorator.py took 0.067 seconds
[2026-06-08T12:50:03.978+0000] {processor.py:161} INFO - Started process (PID=75543) to work on /home/airflow/.local/lib/python3.12/site-packages/airflow/example_dags/example_sensor_decorator.py
[2026-06-08T12:50:03.979+0000] {processor.py:830} INFO - Processing file /home/airflow/.local/lib/python3.12/site-packages/airflow/example_dags/example_sensor_decorator.py for tasks to queue
[2026-06-08T12:50:03.981+0000] {logging_mixin.py:188} INFO - [2026-06-08T12:50:03.981+0000] {dagbag.py:545} INFO - Filling up the DagBag from /home/airflow/.local/lib/python3.12/site-packages/airflow/example_dags/example_sensor_decorator.py
[2026-06-08T12:50:03.989+0000] {processor.py:840} INFO - DAG(s) 'example_sensor_decorator' retrieved from /home/airflow/.local/lib/python3.12/site-packages/airflow/example_dags/example_sensor_decorator.py
[2026-06-08T12:50:04.010+0000] {logging_mixin.py:188} INFO - [2026-06-08T12:50:04.010+0000] {dag.py:3096} INFO - Sync 1 DAGs
[2026-06-08T12:50:04.024+0000] {logging_mixin.py:188} INFO - [2026-06-08T12:50:04.024+0000] {dag.py:3954} INFO - Setting next_dagrun for example_sensor_decorator to None, run_after=None
[2026-06-08T12:50:04.047+0000] {processor.py:183} INFO - Processing /home/airflow/.local/lib/python3.12/site-packages/airflow/example_dags/example_sensor_decorator.py took 0.074 seconds
[2026-06-08T12:50:34.209+0000] {processor.py:161} INFO - Started process (PID=75807) to work on /home/airflow/.local/lib/python3.12/site-packages/airflow/example_dags/example_sensor_decorator.py
[2026-06-08T12:50:34.210+0000] {processor.py:830} INFO - Processing file /home/airflow/.local/lib/python3.12/site-packages/airflow/example_dags/example_sensor_decorator.py for tasks to queue
[2026-06-08T12:50:34.212+0000] {logging_mixin.py:188} INFO - [2026-06-08T12:50:34.212+0000] {dagbag.py:545} INFO - Filling up the DagBag from /home/airflow/.local/lib/python3.12/site-packages/airflow/example_dags/example_sensor_decorator.py
[2026-06-08T12:50:34.218+0000] {processor.py:840} INFO - DAG(s) 'example_sensor_decorator' retrieved from /home/airflow/.local/lib/python3.12/site-packages/airflow/example_dags/example_sensor_decorator.py
[2026-06-08T12:50:34.237+0000] {logging_mixin.py:188} INFO - [2026-06-08T12:50:34.237+0000] {dag.py:3096} INFO - Sync 1 DAGs
[2026-06-08T12:50:34.250+0000] {logging_mixin.py:188} INFO - [2026-06-08T12:50:34.249+0000] {dag.py:3954} INFO - Setting next_dagrun for example_sensor_decorator to None, run_after=None
[2026-06-08T12:50:34.272+0000] {processor.py:183} INFO - Processing /home/airflow/.local/lib/python3.12/site-packages/airflow/example_dags/example_sensor_decorator.py took 0.068 seconds
[2026-06-08T12:51:04.554+0000] {processor.py:161} INFO - Started process (PID=76067) to work on /home/airflow/.local/lib/python3.12/site-packages/airflow/example_dags/example_sensor_decorator.py
[2026-06-08T12:51:04.555+0000] {processor.py:830} INFO - Processing file /home/airflow/.local/lib/python3.12/site-packages/airflow/example_dags/example_sensor_decorator.py for tasks to queue
[2026-06-08T12:51:04.557+0000] {logging_mixin.py:188} INFO - [2026-06-08T12:51:04.557+0000] {dagbag.py:545} INFO - Filling up the DagBag from /home/airflow/.local/lib/python3.12/site-packages/airflow/example_dags/example_sensor_decorator.py
[2026-06-08T12:51:04.563+0000] {processor.py:840} INFO - DAG(s) 'example_sensor_decorator' retrieved from /home/airflow/.local/lib/python3.12/site-packages/airflow/example_dags/example_sensor_decorator.py
[2026-06-08T12:51:04.581+0000] {logging_mixin.py:188} INFO - [2026-06-08T12:51:04.580+0000] {dag.py:3096} INFO - Sync 1 DAGs
[2026-06-08T12:51:04.594+0000] {logging_mixin.py:188} INFO - [2026-06-08T12:51:04.594+0000] {dag.py:3954} INFO - Setting next_dagrun for example_sensor_decorator to None, run_after=None
[2026-06-08T12:51:04.614+0000] {processor.py:183} INFO - Processing /home/airflow/.local/lib/python3.12/site-packages/airflow/example_dags/example_sensor_decorator.py took 0.065 seconds
[2026-06-08T12:51:34.937+0000] {processor.py:161} INFO - Started process (PID=76329) to work on /home/airflow/.local/lib/python3.12/site-packages/airflow/example_dags/example_sensor_decorator.py
[2026-06-08T12:51:34.938+0000] {processor.py:830} INFO - Processing file /home/airflow/.local/lib/python3.12/site-packages/airflow/example_dags/example_sensor_decorator.py for tasks to queue
[2026-06-08T12:51:34.939+0000] {logging_mixin.py:188} INFO - [2026-06-08T12:51:34.939+0000] {dagbag.py:545} INFO - Filling up the DagBag from /home/airflow/.local/lib/python3.12/site-packages/airflow/example_dags/example_sensor_decorator.py
[2026-06-08T12:51:34.945+0000] {processor.py:840} INFO - DAG(s) 'example_sensor_decorator' retrieved from /home/airflow/.local/lib/python3.12/site-packages/airflow/example_dags/example_sensor_decorator.py
[2026-06-08T12:51:34.964+0000] {logging_mixin.py:188} INFO - [2026-06-08T12:51:34.964+0000] {dag.py:3096} INFO - Sync 1 DAGs
[2026-06-08T12:51:34.977+0000] {logging_mixin.py:188} INFO - [2026-06-08T12:51:34.977+0000] {dag.py:3954} INFO - Setting next_dagrun for example_sensor_decorator to None, run_after=None
[2026-06-08T12:51:34.999+0000] {processor.py:183} INFO - Processing /home/airflow/.local/lib/python3.12/site-packages/airflow/example_dags/example_sensor_decorator.py took 0.067 seconds
[2026-06-08T12:52:05.912+0000] {processor.py:161} INFO - Started process (PID=76591) to work on /home/airflow/.local/lib/python3.12/site-packages/airflow/example_dags/example_sensor_decorator.py
[2026-06-08T12:52:05.914+0000] {processor.py:830} INFO - Processing file /home/airflow/.local/lib/python3.12/site-packages/airflow/example_dags/example_sensor_decorator.py for tasks to queue
[2026-06-08T12:52:05.916+0000] {logging_mixin.py:188} INFO - [2026-06-08T12:52:05.915+0000] {dagbag.py:545} INFO - Filling up the DagBag from /home/airflow/.local/lib/python3.12/site-packages/airflow/example_dags/example_sensor_decorator.py
[2026-06-08T12:52:05.923+0000] {processor.py:840} INFO - DAG(s) 'example_sensor_decorator' retrieved from /home/airflow/.local/lib/python3.12/site-packages/airflow/example_dags/example_sensor_decorator.py
[2026-06-08T12:52:05.951+0000] {logging_mixin.py:188} INFO - [2026-06-08T12:52:05.950+0000] {dag.py:3096} INFO - Sync 1 DAGs
[2026-06-08T12:52:05.967+0000] {logging_mixin.py:188} INFO - [2026-06-08T12:52:05.967+0000] {dag.py:3954} INFO - Setting next_dagrun for example_sensor_decorator to None, run_after=None
[2026-06-08T12:52:05.992+0000] {processor.py:183} INFO - Processing /home/airflow/.local/lib/python3.12/site-packages/airflow/example_dags/example_sensor_decorator.py took 0.085 seconds
[2026-06-08T12:52:36.052+0000] {processor.py:161} INFO - Started process (PID=76850) to work on /home/airflow/.local/lib/python3.12/site-packages/airflow/example_dags/example_sensor_decorator.py
[2026-06-08T12:52:36.052+0000] {processor.py:830} INFO - Processing file /home/airflow/.local/lib/python3.12/site-packages/airflow/example_dags/example_sensor_decorator.py for tasks to queue
[2026-06-08T12:52:36.054+0000] {logging_mixin.py:188} INFO - [2026-06-08T12:52:36.054+0000] {dagbag.py:545} INFO - Filling up the DagBag from /home/airflow/.local/lib/python3.12/site-packages/airflow/example_dags/example_sensor_decorator.py
[2026-06-08T12:52:36.061+0000] {processor.py:840} INFO - DAG(s) 'example_sensor_decorator' retrieved from /home/airflow/.local/lib/python3.12/site-packages/airflow/example_dags/example_sensor_decorator.py
[2026-06-08T12:52:36.085+0000] {logging_mixin.py:188} INFO - [2026-06-08T12:52:36.084+0000] {dag.py:3096} INFO - Sync 1 DAGs
[2026-06-08T12:52:36.100+0000] {logging_mixin.py:188} INFO - [2026-06-08T12:52:36.100+0000] {dag.py:3954} INFO - Setting next_dagrun for example_sensor_decorator to None, run_after=None
[2026-06-08T12:52:36.122+0000] {processor.py:183} INFO - Processing /home/airflow/.local/lib/python3.12/site-packages/airflow/example_dags/example_sensor_decorator.py took 0.076 seconds
[2026-06-08T12:53:06.271+0000] {processor.py:161} INFO - Started process (PID=77110) to work on /home/airflow/.local/lib/python3.12/site-packages/airflow/example_dags/example_sensor_decorator.py
[2026-06-08T12:53:06.272+0000] {processor.py:830} INFO - Processing file /home/airflow/.local/lib/python3.12/site-packages/airflow/example_dags/example_sensor_decorator.py for tasks to queue
[2026-06-08T12:53:06.274+0000] {logging_mixin.py:188} INFO - [2026-06-08T12:53:06.273+0000] {dagbag.py:545} INFO - Filling up the DagBag from /home/airflow/.local/lib/python3.12/site-packages/airflow/example_dags/example_sensor_decorator.py
[2026-06-08T12:53:06.280+0000] {processor.py:840} INFO - DAG(s) 'example_sensor_decorator' retrieved from /home/airflow/.local/lib/python3.12/site-packages/airflow/example_dags/example_sensor_decorator.py
[2026-06-08T12:53:06.312+0000] {logging_mixin.py:188} INFO - [2026-06-08T12:53:06.311+0000] {dag.py:3096} INFO - Sync 1 DAGs
[2026-06-08T12:53:06.330+0000] {logging_mixin.py:188} INFO - [2026-06-08T12:53:06.330+0000] {dag.py:3954} INFO - Setting next_dagrun for example_sensor_decorator to None, run_after=None
[2026-06-08T12:53:06.363+0000] {processor.py:183} INFO - Processing /home/airflow/.local/lib/python3.12/site-packages/airflow/example_dags/example_sensor_decorator.py took 0.099 seconds
[2026-06-08T12:53:36.813+0000] {processor.py:161} INFO - Started process (PID=77377) to work on /home/airflow/.local/lib/python3.12/site-packages/airflow/example_dags/example_sensor_decorator.py
[2026-06-08T12:53:36.814+0000] {processor.py:830} INFO - Processing file /home/airflow/.local/lib/python3.12/site-packages/airflow/example_dags/example_sensor_decorator.py for tasks to queue
[2026-06-08T12:53:36.816+0000] {logging_mixin.py:188} INFO - [2026-06-08T12:53:36.816+0000] {dagbag.py:545} INFO - Filling up the DagBag from /home/airflow/.local/lib/python3.12/site-packages/airflow/example_dags/example_sensor_decorator.py
[2026-06-08T12:53:36.824+0000] {processor.py:840} INFO - DAG(s) 'example_sensor_decorator' retrieved from /home/airflow/.local/lib/python3.12/site-packages/airflow/example_dags/example_sensor_decorator.py
[2026-06-08T12:53:36.851+0000] {logging_mixin.py:188} INFO - [2026-06-08T12:53:36.850+0000] {dag.py:3096} INFO - Sync 1 DAGs
[2026-06-08T12:53:36.870+0000] {logging_mixin.py:188} INFO - [2026-06-08T12:53:36.870+0000] {dag.py:3954} INFO - Setting next_dagrun for example_sensor_decorator to None, run_after=None
[2026-06-08T12:53:36.899+0000] {processor.py:183} INFO - Processing /home/airflow/.local/lib/python3.12/site-packages/airflow/example_dags/example_sensor_decorator.py took 0.094 seconds
[2026-06-08T12:54:07.003+0000] {processor.py:161} INFO - Started process (PID=77641) to work on /home/airflow/.local/lib/python3.12/site-packages/airflow/example_dags/example_sensor_decorator.py
[2026-06-08T12:54:07.004+0000] {processor.py:830} INFO - Processing file /home/airflow/.local/lib/python3.12/site-packages/airflow/example_dags/example_sensor_decorator.py for tasks to queue
[2026-06-08T12:54:07.008+0000] {logging_mixin.py:188} INFO - [2026-06-08T12:54:07.007+0000] {dagbag.py:545} INFO - Filling up the DagBag from /home/airflow/.local/lib/python3.12/site-packages/airflow/example_dags/example_sensor_decorator.py
[2026-06-08T12:54:07.013+0000] {processor.py:840} INFO - DAG(s) 'example_sensor_decorator' retrieved from /home/airflow/.local/lib/python3.12/site-packages/airflow/example_dags/example_sensor_decorator.py
[2026-06-08T12:54:07.035+0000] {logging_mixin.py:188} INFO - [2026-06-08T12:54:07.034+0000] {dag.py:3096} INFO - Sync 1 DAGs
[2026-06-08T12:54:07.047+0000] {logging_mixin.py:188} INFO - [2026-06-08T12:54:07.047+0000] {dag.py:3954} INFO - Setting next_dagrun for example_sensor_decorator to None, run_after=None
[2026-06-08T12:54:07.071+0000] {processor.py:183} INFO - Processing /home/airflow/.local/lib/python3.12/site-packages/airflow/example_dags/example_sensor_decorator.py took 0.074 seconds
[2026-06-08T12:54:37.855+0000] {processor.py:161} INFO - Started process (PID=77903) to work on /home/airflow/.local/lib/python3.12/site-packages/airflow/example_dags/example_sensor_decorator.py
[2026-06-08T12:54:37.856+0000] {processor.py:830} INFO - Processing file /home/airflow/.local/lib/python3.12/site-packages/airflow/example_dags/example_sensor_decorator.py for tasks to queue
[2026-06-08T12:54:37.858+0000] {logging_mixin.py:188} INFO - [2026-06-08T12:54:37.858+0000] {dagbag.py:545} INFO - Filling up the DagBag from /home/airflow/.local/lib/python3.12/site-packages/airflow/example_dags/example_sensor_decorator.py
[2026-06-08T12:54:37.864+0000] {processor.py:840} INFO - DAG(s) 'example_sensor_decorator' retrieved from /home/airflow/.local/lib/python3.12/site-packages/airflow/example_dags/example_sensor_decorator.py
[2026-06-08T12:54:37.886+0000] {logging_mixin.py:188} INFO - [2026-06-08T12:54:37.886+0000] {dag.py:3096} INFO - Sync 1 DAGs
[2026-06-08T12:54:37.901+0000] {logging_mixin.py:188} INFO - [2026-06-08T12:54:37.900+0000] {dag.py:3954} INFO - Setting next_dagrun for example_sensor_decorator to None, run_after=None
[2026-06-08T12:54:37.924+0000] {processor.py:183} INFO - Processing /home/airflow/.local/lib/python3.12/site-packages/airflow/example_dags/example_sensor_decorator.py took 0.074 seconds
[2026-06-08T12:55:08.767+0000] {processor.py:161} INFO - Started process (PID=78165) to work on /home/airflow/.local/lib/python3.12/site-packages/airflow/example_dags/example_sensor_decorator.py
[2026-06-08T12:55:08.768+0000] {processor.py:830} INFO - Processing file /home/airflow/.local/lib/python3.12/site-packages/airflow/example_dags/example_sensor_decorator.py for tasks to queue
[2026-06-08T12:55:08.772+0000] {logging_mixin.py:188} INFO - [2026-06-08T12:55:08.772+0000] {dagbag.py:545} INFO - Filling up the DagBag from /home/airflow/.local/lib/python3.12/site-packages/airflow/example_dags/example_sensor_decorator.py
[2026-06-08T12:55:08.778+0000] {processor.py:840} INFO - DAG(s) 'example_sensor_decorator' retrieved from /home/airflow/.local/lib/python3.12/site-packages/airflow/example_dags/example_sensor_decorator.py
[2026-06-08T12:55:08.800+0000] {logging_mixin.py:188} INFO - [2026-06-08T12:55:08.799+0000] {dag.py:3096} INFO - Sync 1 DAGs
[2026-06-08T12:55:08.814+0000] {logging_mixin.py:188} INFO - [2026-06-08T12:55:08.814+0000] {dag.py:3954} INFO - Setting next_dagrun for example_sensor_decorator to None, run_after=None
[2026-06-08T12:55:08.837+0000] {processor.py:183} INFO - Processing /home/airflow/.local/lib/python3.12/site-packages/airflow/example_dags/example_sensor_decorator.py took 0.075 seconds
[2026-06-08T12:55:39.405+0000] {processor.py:161} INFO - Started process (PID=78425) to work on /home/airflow/.local/lib/python3.12/site-packages/airflow/example_dags/example_sensor_decorator.py
[2026-06-08T12:55:39.408+0000] {processor.py:830} INFO - Processing file /home/airflow/.local/lib/python3.12/site-packages/airflow/example_dags/example_sensor_decorator.py for tasks to queue
[2026-06-08T12:55:39.414+0000] {logging_mixin.py:188} INFO - [2026-06-08T12:55:39.413+0000] {dagbag.py:545} INFO - Filling up the DagBag from /home/airflow/.local/lib/python3.12/site-packages/airflow/example_dags/example_sensor_decorator.py
[2026-06-08T12:55:39.426+0000] {processor.py:840} INFO - DAG(s) 'example_sensor_decorator' retrieved from /home/airflow/.local/lib/python3.12/site-packages/airflow/example_dags/example_sensor_decorator.py
[2026-06-08T12:55:39.460+0000] {logging_mixin.py:188} INFO - [2026-06-08T12:55:39.460+0000] {dag.py:3096} INFO - Sync 1 DAGs
[2026-06-08T12:55:39.483+0000] {logging_mixin.py:188} INFO - [2026-06-08T12:55:39.482+0000] {dag.py:3954} INFO - Setting next_dagrun for example_sensor_decorator to None, run_after=None
[2026-06-08T12:55:39.522+0000] {processor.py:183} INFO - Processing /home/airflow/.local/lib/python3.12/site-packages/airflow/example_dags/example_sensor_decorator.py took 0.123 seconds
[2026-06-08T12:56:09.808+0000] {processor.py:161} INFO - Started process (PID=78687) to work on /home/airflow/.local/lib/python3.12/site-packages/airflow/example_dags/example_sensor_decorator.py
[2026-06-08T12:56:09.809+0000] {processor.py:830} INFO - Processing file /home/airflow/.local/lib/python3.12/site-packages/airflow/example_dags/example_sensor_decorator.py for tasks to queue
[2026-06-08T12:56:09.810+0000] {logging_mixin.py:188} INFO - [2026-06-08T12:56:09.810+0000] {dagbag.py:545} INFO - Filling up the DagBag from /home/airflow/.local/lib/python3.12/site-packages/airflow/example_dags/example_sensor_decorator.py
[2026-06-08T12:56:09.816+0000] {processor.py:840} INFO - DAG(s) 'example_sensor_decorator' retrieved from /home/airflow/.local/lib/python3.12/site-packages/airflow/example_dags/example_sensor_decorator.py
[2026-06-08T12:56:09.836+0000] {logging_mixin.py:188} INFO - [2026-06-08T12:56:09.835+0000] {dag.py:3096} INFO - Sync 1 DAGs
[2026-06-08T12:56:09.850+0000] {logging_mixin.py:188} INFO - [2026-06-08T12:56:09.850+0000] {dag.py:3954} INFO - Setting next_dagrun for example_sensor_decorator to None, run_after=None
[2026-06-08T12:56:09.873+0000] {processor.py:183} INFO - Processing /home/airflow/.local/lib/python3.12/site-packages/airflow/example_dags/example_sensor_decorator.py took 0.071 seconds
[2026-06-08T12:56:40.099+0000] {processor.py:161} INFO - Started process (PID=78950) to work on /home/airflow/.local/lib/python3.12/site-packages/airflow/example_dags/example_sensor_decorator.py
[2026-06-08T12:56:40.101+0000] {processor.py:830} INFO - Processing file /home/airflow/.local/lib/python3.12/site-packages/airflow/example_dags/example_sensor_decorator.py for tasks to queue
[2026-06-08T12:56:40.103+0000] {logging_mixin.py:188} INFO - [2026-06-08T12:56:40.103+0000] {dagbag.py:545} INFO - Filling up the DagBag from /home/airflow/.local/lib/python3.12/site-packages/airflow/example_dags/example_sensor_decorator.py
[2026-06-08T12:56:40.110+0000] {processor.py:840} INFO - DAG(s) 'example_sensor_decorator' retrieved from /home/airflow/.local/lib/python3.12/site-packages/airflow/example_dags/example_sensor_decorator.py
[2026-06-08T12:56:40.129+0000] {logging_mixin.py:188} INFO - [2026-06-08T12:56:40.129+0000] {dag.py:3096} INFO - Sync 1 DAGs
[2026-06-08T12:56:40.141+0000] {logging_mixin.py:188} INFO - [2026-06-08T12:56:40.141+0000] {dag.py:3954} INFO - Setting next_dagrun for example_sensor_decorator to None, run_after=None
[2026-06-08T12:56:40.162+0000] {processor.py:183} INFO - Processing /home/airflow/.local/lib/python3.12/site-packages/airflow/example_dags/example_sensor_decorator.py took 0.068 seconds
[2026-06-08T12:57:10.768+0000] {processor.py:161} INFO - Started process (PID=79212) to work on /home/airflow/.local/lib/python3.12/site-packages/airflow/example_dags/example_sensor_decorator.py
[2026-06-08T12:57:10.769+0000] {processor.py:830} INFO - Processing file /home/airflow/.local/lib/python3.12/site-packages/airflow/example_dags/example_sensor_decorator.py for tasks to queue
[2026-06-08T12:57:10.770+0000] {logging_mixin.py:188} INFO - [2026-06-08T12:57:10.770+0000] {dagbag.py:545} INFO - Filling up the DagBag from /home/airflow/.local/lib/python3.12/site-packages/airflow/example_dags/example_sensor_decorator.py
[2026-06-08T12:57:10.777+0000] {processor.py:840} INFO - DAG(s) 'example_sensor_decorator' retrieved from /home/airflow/.local/lib/python3.12/site-packages/airflow/example_dags/example_sensor_decorator.py
[2026-06-08T12:57:10.798+0000] {logging_mixin.py:188} INFO - [2026-06-08T12:57:10.798+0000] {dag.py:3096} INFO - Sync 1 DAGs
[2026-06-08T12:57:10.809+0000] {logging_mixin.py:188} INFO - [2026-06-08T12:57:10.809+0000] {dag.py:3954} INFO - Setting next_dagrun for example_sensor_decorator to None, run_after=None
[2026-06-08T12:57:10.830+0000] {processor.py:183} INFO - Processing /home/airflow/.local/lib/python3.12/site-packages/airflow/example_dags/example_sensor_decorator.py took 0.067 seconds
[2026-06-08T12:57:41.692+0000] {processor.py:161} INFO - Started process (PID=79474) to work on /home/airflow/.local/lib/python3.12/site-packages/airflow/example_dags/example_sensor_decorator.py
[2026-06-08T12:57:41.694+0000] {processor.py:830} INFO - Processing file /home/airflow/.local/lib/python3.12/site-packages/airflow/example_dags/example_sensor_decorator.py for tasks to queue
[2026-06-08T12:57:41.696+0000] {logging_mixin.py:188} INFO - [2026-06-08T12:57:41.695+0000] {dagbag.py:545} INFO - Filling up the DagBag from /home/airflow/.local/lib/python3.12/site-packages/airflow/example_dags/example_sensor_decorator.py
[2026-06-08T12:57:41.702+0000] {processor.py:840} INFO - DAG(s) 'example_sensor_decorator' retrieved from /home/airflow/.local/lib/python3.12/site-packages/airflow/example_dags/example_sensor_decorator.py
[2026-06-08T12:57:41.729+0000] {logging_mixin.py:188} INFO - [2026-06-08T12:57:41.729+0000] {dag.py:3096} INFO - Sync 1 DAGs
[2026-06-08T12:57:41.743+0000] {logging_mixin.py:188} INFO - [2026-06-08T12:57:41.742+0000] {dag.py:3954} INFO - Setting next_dagrun for example_sensor_decorator to None, run_after=None
[2026-06-08T12:57:41.766+0000] {processor.py:183} INFO - Processing /home/airflow/.local/lib/python3.12/site-packages/airflow/example_dags/example_sensor_decorator.py took 0.080 seconds
[2026-06-08T12:58:12.437+0000] {processor.py:161} INFO - Started process (PID=79736) to work on /home/airflow/.local/lib/python3.12/site-packages/airflow/example_dags/example_sensor_decorator.py
[2026-06-08T12:58:12.438+0000] {processor.py:830} INFO - Processing file /home/airflow/.local/lib/python3.12/site-packages/airflow/example_dags/example_sensor_decorator.py for tasks to queue
[2026-06-08T12:58:12.440+0000] {logging_mixin.py:188} INFO - [2026-06-08T12:58:12.440+0000] {dagbag.py:545} INFO - Filling up the DagBag from /home/airflow/.local/lib/python3.12/site-packages/airflow/example_dags/example_sensor_decorator.py
[2026-06-08T12:58:12.447+0000] {processor.py:840} INFO - DAG(s) 'example_sensor_decorator' retrieved from /home/airflow/.local/lib/python3.12/site-packages/airflow/example_dags/example_sensor_decorator.py
[2026-06-08T12:58:12.465+0000] {logging_mixin.py:188} INFO - [2026-06-08T12:58:12.465+0000] {dag.py:3096} INFO - Sync 1 DAGs
[2026-06-08T12:58:12.477+0000] {logging_mixin.py:188} INFO - [2026-06-08T12:58:12.477+0000] {dag.py:3954} INFO - Setting next_dagrun for example_sensor_decorator to None, run_after=None
[2026-06-08T12:58:12.495+0000] {processor.py:183} INFO - Processing /home/airflow/.local/lib/python3.12/site-packages/airflow/example_dags/example_sensor_decorator.py took 0.064 seconds
[2026-06-08T12:58:42.716+0000] {processor.py:161} INFO - Started process (PID=80000) to work on /home/airflow/.local/lib/python3.12/site-packages/airflow/example_dags/example_sensor_decorator.py
[2026-06-08T12:58:42.718+0000] {processor.py:830} INFO - Processing file /home/airflow/.local/lib/python3.12/site-packages/airflow/example_dags/example_sensor_decorator.py for tasks to queue
[2026-06-08T12:58:42.720+0000] {logging_mixin.py:188} INFO - [2026-06-08T12:58:42.719+0000] {dagbag.py:545} INFO - Filling up the DagBag from /home/airflow/.local/lib/python3.12/site-packages/airflow/example_dags/example_sensor_decorator.py
[2026-06-08T12:58:42.725+0000] {processor.py:840} INFO - DAG(s) 'example_sensor_decorator' retrieved from /home/airflow/.local/lib/python3.12/site-packages/airflow/example_dags/example_sensor_decorator.py
[2026-06-08T12:58:42.748+0000] {logging_mixin.py:188} INFO - [2026-06-08T12:58:42.747+0000] {dag.py:3096} INFO - Sync 1 DAGs
[2026-06-08T12:58:42.760+0000] {logging_mixin.py:188} INFO - [2026-06-08T12:58:42.760+0000] {dag.py:3954} INFO - Setting next_dagrun for example_sensor_decorator to None, run_after=None
[2026-06-08T12:58:42.782+0000] {processor.py:183} INFO - Processing /home/airflow/.local/lib/python3.12/site-packages/airflow/example_dags/example_sensor_decorator.py took 0.072 seconds
[2026-06-08T12:59:13.474+0000] {processor.py:161} INFO - Started process (PID=80266) to work on /home/airflow/.local/lib/python3.12/site-packages/airflow/example_dags/example_sensor_decorator.py
[2026-06-08T12:59:13.475+0000] {processor.py:830} INFO - Processing file /home/airflow/.local/lib/python3.12/site-packages/airflow/example_dags/example_sensor_decorator.py for tasks to queue
[2026-06-08T12:59:13.477+0000] {logging_mixin.py:188} INFO - [2026-06-08T12:59:13.477+0000] {dagbag.py:545} INFO - Filling up the DagBag from /home/airflow/.local/lib/python3.12/site-packages/airflow/example_dags/example_sensor_decorator.py
[2026-06-08T12:59:13.482+0000] {processor.py:840} INFO - DAG(s) 'example_sensor_decorator' retrieved from /home/airflow/.local/lib/python3.12/site-packages/airflow/example_dags/example_sensor_decorator.py
[2026-06-08T12:59:13.503+0000] {logging_mixin.py:188} INFO - [2026-06-08T12:59:13.502+0000] {dag.py:3096} INFO - Sync 1 DAGs
[2026-06-08T12:59:13.515+0000] {logging_mixin.py:188} INFO - [2026-06-08T12:59:13.515+0000] {dag.py:3954} INFO - Setting next_dagrun for example_sensor_decorator to None, run_after=None
[2026-06-08T12:59:13.538+0000] {processor.py:183} INFO - Processing /home/airflow/.local/lib/python3.12/site-packages/airflow/example_dags/example_sensor_decorator.py took 0.069 seconds
[2026-06-08T12:59:44.513+0000] {processor.py:161} INFO - Started process (PID=80530) to work on /home/airflow/.local/lib/python3.12/site-packages/airflow/example_dags/example_sensor_decorator.py
[2026-06-08T12:59:44.515+0000] {processor.py:830} INFO - Processing file /home/airflow/.local/lib/python3.12/site-packages/airflow/example_dags/example_sensor_decorator.py for tasks to queue
[2026-06-08T12:59:44.517+0000] {logging_mixin.py:188} INFO - [2026-06-08T12:59:44.517+0000] {dagbag.py:545} INFO - Filling up the DagBag from /home/airflow/.local/lib/python3.12/site-packages/airflow/example_dags/example_sensor_decorator.py
[2026-06-08T12:59:44.524+0000] {processor.py:840} INFO - DAG(s) 'example_sensor_decorator' retrieved from /home/airflow/.local/lib/python3.12/site-packages/airflow/example_dags/example_sensor_decorator.py
[2026-06-08T12:59:44.549+0000] {logging_mixin.py:188} INFO - [2026-06-08T12:59:44.549+0000] {dag.py:3096} INFO - Sync 1 DAGs
[2026-06-08T12:59:44.564+0000] {logging_mixin.py:188} INFO - [2026-06-08T12:59:44.564+0000] {dag.py:3954} INFO - Setting next_dagrun for example_sensor_decorator to None, run_after=None
[2026-06-08T12:59:44.590+0000] {processor.py:183} INFO - Processing /home/airflow/.local/lib/python3.12/site-packages/airflow/example_dags/example_sensor_decorator.py took 0.084 seconds
[2026-06-08T13:00:14.729+0000] {processor.py:161} INFO - Started process (PID=80790) to work on /home/airflow/.local/lib/python3.12/site-packages/airflow/example_dags/example_sensor_decorator.py
[2026-06-08T13:00:14.730+0000] {processor.py:830} INFO - Processing file /home/airflow/.local/lib/python3.12/site-packages/airflow/example_dags/example_sensor_decorator.py for tasks to queue
[2026-06-08T13:00:14.732+0000] {logging_mixin.py:188} INFO - [2026-06-08T13:00:14.732+0000] {dagbag.py:545} INFO - Filling up the DagBag from /home/airflow/.local/lib/python3.12/site-packages/airflow/example_dags/example_sensor_decorator.py
[2026-06-08T13:00:14.738+0000] {processor.py:840} INFO - DAG(s) 'example_sensor_decorator' retrieved from /home/airflow/.local/lib/python3.12/site-packages/airflow/example_dags/example_sensor_decorator.py
[2026-06-08T13:00:14.758+0000] {logging_mixin.py:188} INFO - [2026-06-08T13:00:14.757+0000] {dag.py:3096} INFO - Sync 1 DAGs
[2026-06-08T13:00:14.769+0000] {logging_mixin.py:188} INFO - [2026-06-08T13:00:14.769+0000] {dag.py:3954} INFO - Setting next_dagrun for example_sensor_decorator to None, run_after=None
[2026-06-08T13:00:14.793+0000] {processor.py:183} INFO - Processing /home/airflow/.local/lib/python3.12/site-packages/airflow/example_dags/example_sensor_decorator.py took 0.070 seconds
[2026-06-08T13:00:45.450+0000] {processor.py:161} INFO - Started process (PID=81052) to work on /home/airflow/.local/lib/python3.12/site-packages/airflow/example_dags/example_sensor_decorator.py
[2026-06-08T13:00:45.451+0000] {processor.py:830} INFO - Processing file /home/airflow/.local/lib/python3.12/site-packages/airflow/example_dags/example_sensor_decorator.py for tasks to queue
[2026-06-08T13:00:45.453+0000] {logging_mixin.py:188} INFO - [2026-06-08T13:00:45.453+0000] {dagbag.py:545} INFO - Filling up the DagBag from /home/airflow/.local/lib/python3.12/site-packages/airflow/example_dags/example_sensor_decorator.py
[2026-06-08T13:00:45.459+0000] {processor.py:840} INFO - DAG(s) 'example_sensor_decorator' retrieved from /home/airflow/.local/lib/python3.12/site-packages/airflow/example_dags/example_sensor_decorator.py
[2026-06-08T13:00:45.482+0000] {logging_mixin.py:188} INFO - [2026-06-08T13:00:45.481+0000] {dag.py:3096} INFO - Sync 1 DAGs
[2026-06-08T13:00:45.493+0000] {logging_mixin.py:188} INFO - [2026-06-08T13:00:45.493+0000] {dag.py:3954} INFO - Setting next_dagrun for example_sensor_decorator to None, run_after=None
[2026-06-08T13:00:45.516+0000] {processor.py:183} INFO - Processing /home/airflow/.local/lib/python3.12/site-packages/airflow/example_dags/example_sensor_decorator.py took 0.071 seconds
[2026-06-08T13:01:15.954+0000] {processor.py:161} INFO - Started process (PID=81314) to work on /home/airflow/.local/lib/python3.12/site-packages/airflow/example_dags/example_sensor_decorator.py
[2026-06-08T13:01:15.955+0000] {processor.py:830} INFO - Processing file /home/airflow/.local/lib/python3.12/site-packages/airflow/example_dags/example_sensor_decorator.py for tasks to queue
[2026-06-08T13:01:15.958+0000] {logging_mixin.py:188} INFO - [2026-06-08T13:01:15.958+0000] {dagbag.py:545} INFO - Filling up the DagBag from /home/airflow/.local/lib/python3.12/site-packages/airflow/example_dags/example_sensor_decorator.py
[2026-06-08T13:01:15.965+0000] {processor.py:840} INFO - DAG(s) 'example_sensor_decorator' retrieved from /home/airflow/.local/lib/python3.12/site-packages/airflow/example_dags/example_sensor_decorator.py
[2026-06-08T13:01:15.986+0000] {logging_mixin.py:188} INFO - [2026-06-08T13:01:15.986+0000] {dag.py:3096} INFO - Sync 1 DAGs
[2026-06-08T13:01:16.000+0000] {logging_mixin.py:188} INFO - [2026-06-08T13:01:15.999+0000] {dag.py:3954} INFO - Setting next_dagrun for example_sensor_decorator to None, run_after=None
[2026-06-08T13:01:16.020+0000] {processor.py:183} INFO - Processing /home/airflow/.local/lib/python3.12/site-packages/airflow/example_dags/example_sensor_decorator.py took 0.073 seconds
[2026-06-08T13:01:47.060+0000] {processor.py:161} INFO - Started process (PID=81576) to work on /home/airflow/.local/lib/python3.12/site-packages/airflow/example_dags/example_sensor_decorator.py
[2026-06-08T13:01:47.061+0000] {processor.py:830} INFO - Processing file /home/airflow/.local/lib/python3.12/site-packages/airflow/example_dags/example_sensor_decorator.py for tasks to queue
[2026-06-08T13:01:47.065+0000] {logging_mixin.py:188} INFO - [2026-06-08T13:01:47.064+0000] {dagbag.py:545} INFO - Filling up the DagBag from /home/airflow/.local/lib/python3.12/site-packages/airflow/example_dags/example_sensor_decorator.py
[2026-06-08T13:01:47.070+0000] {processor.py:840} INFO - DAG(s) 'example_sensor_decorator' retrieved from /home/airflow/.local/lib/python3.12/site-packages/airflow/example_dags/example_sensor_decorator.py
[2026-06-08T13:01:47.090+0000] {logging_mixin.py:188} INFO - [2026-06-08T13:01:47.090+0000] {dag.py:3096} INFO - Sync 1 DAGs
[2026-06-08T13:01:47.102+0000] {logging_mixin.py:188} INFO - [2026-06-08T13:01:47.102+0000] {dag.py:3954} INFO - Setting next_dagrun for example_sensor_decorator to None, run_after=None
[2026-06-08T13:01:47.121+0000] {processor.py:183} INFO - Processing /home/airflow/.local/lib/python3.12/site-packages/airflow/example_dags/example_sensor_decorator.py took 0.066 seconds
[2026-06-08T13:02:17.508+0000] {processor.py:161} INFO - Started process (PID=81838) to work on /home/airflow/.local/lib/python3.12/site-packages/airflow/example_dags/example_sensor_decorator.py
[2026-06-08T13:02:17.509+0000] {processor.py:830} INFO - Processing file /home/airflow/.local/lib/python3.12/site-packages/airflow/example_dags/example_sensor_decorator.py for tasks to queue
[2026-06-08T13:02:17.510+0000] {logging_mixin.py:188} INFO - [2026-06-08T13:02:17.510+0000] {dagbag.py:545} INFO - Filling up the DagBag from /home/airflow/.local/lib/python3.12/site-packages/airflow/example_dags/example_sensor_decorator.py
[2026-06-08T13:02:17.515+0000] {processor.py:840} INFO - DAG(s) 'example_sensor_decorator' retrieved from /home/airflow/.local/lib/python3.12/site-packages/airflow/example_dags/example_sensor_decorator.py
[2026-06-08T13:02:17.537+0000] {logging_mixin.py:188} INFO - [2026-06-08T13:02:17.536+0000] {dag.py:3096} INFO - Sync 1 DAGs
[2026-06-08T13:02:17.548+0000] {logging_mixin.py:188} INFO - [2026-06-08T13:02:17.548+0000] {dag.py:3954} INFO - Setting next_dagrun for example_sensor_decorator to None, run_after=None
[2026-06-08T13:02:17.573+0000] {processor.py:183} INFO - Processing /home/airflow/.local/lib/python3.12/site-packages/airflow/example_dags/example_sensor_decorator.py took 0.071 seconds
[2026-06-08T13:02:47.922+0000] {processor.py:161} INFO - Started process (PID=82102) to work on /home/airflow/.local/lib/python3.12/site-packages/airflow/example_dags/example_sensor_decorator.py
[2026-06-08T13:02:47.923+0000] {processor.py:830} INFO - Processing file /home/airflow/.local/lib/python3.12/site-packages/airflow/example_dags/example_sensor_decorator.py for tasks to queue
[2026-06-08T13:02:47.924+0000] {logging_mixin.py:188} INFO - [2026-06-08T13:02:47.924+0000] {dagbag.py:545} INFO - Filling up the DagBag from /home/airflow/.local/lib/python3.12/site-packages/airflow/example_dags/example_sensor_decorator.py
[2026-06-08T13:02:47.932+0000] {processor.py:840} INFO - DAG(s) 'example_sensor_decorator' retrieved from /home/airflow/.local/lib/python3.12/site-packages/airflow/example_dags/example_sensor_decorator.py
[2026-06-08T13:02:47.953+0000] {logging_mixin.py:188} INFO - [2026-06-08T13:02:47.952+0000] {dag.py:3096} INFO - Sync 1 DAGs
[2026-06-08T13:02:47.965+0000] {logging_mixin.py:188} INFO - [2026-06-08T13:02:47.965+0000] {dag.py:3954} INFO - Setting next_dagrun for example_sensor_decorator to None, run_after=None
[2026-06-08T13:02:47.988+0000] {processor.py:183} INFO - Processing /home/airflow/.local/lib/python3.12/site-packages/airflow/example_dags/example_sensor_decorator.py took 0.071 seconds
[2026-06-08T13:03:18.420+0000] {processor.py:161} INFO - Started process (PID=82362) to work on /home/airflow/.local/lib/python3.12/site-packages/airflow/example_dags/example_sensor_decorator.py
[2026-06-08T13:03:18.422+0000] {processor.py:830} INFO - Processing file /home/airflow/.local/lib/python3.12/site-packages/airflow/example_dags/example_sensor_decorator.py for tasks to queue
[2026-06-08T13:03:18.424+0000] {logging_mixin.py:188} INFO - [2026-06-08T13:03:18.423+0000] {dagbag.py:545} INFO - Filling up the DagBag from /home/airflow/.local/lib/python3.12/site-packages/airflow/example_dags/example_sensor_decorator.py
[2026-06-08T13:03:18.429+0000] {processor.py:840} INFO - DAG(s) 'example_sensor_decorator' retrieved from /home/airflow/.local/lib/python3.12/site-packages/airflow/example_dags/example_sensor_decorator.py
[2026-06-08T13:03:18.447+0000] {logging_mixin.py:188} INFO - [2026-06-08T13:03:18.447+0000] {dag.py:3096} INFO - Sync 1 DAGs
[2026-06-08T13:03:18.460+0000] {logging_mixin.py:188} INFO - [2026-06-08T13:03:18.460+0000] {dag.py:3954} INFO - Setting next_dagrun for example_sensor_decorator to None, run_after=None
[2026-06-08T13:03:18.482+0000] {processor.py:183} INFO - Processing /home/airflow/.local/lib/python3.12/site-packages/airflow/example_dags/example_sensor_decorator.py took 0.067 seconds
[2026-06-08T13:03:48.818+0000] {processor.py:161} INFO - Started process (PID=82624) to work on /home/airflow/.local/lib/python3.12/site-packages/airflow/example_dags/example_sensor_decorator.py
[2026-06-08T13:03:48.819+0000] {processor.py:830} INFO - Processing file /home/airflow/.local/lib/python3.12/site-packages/airflow/example_dags/example_sensor_decorator.py for tasks to queue
[2026-06-08T13:03:48.822+0000] {logging_mixin.py:188} INFO - [2026-06-08T13:03:48.821+0000] {dagbag.py:545} INFO - Filling up the DagBag from /home/airflow/.local/lib/python3.12/site-packages/airflow/example_dags/example_sensor_decorator.py
[2026-06-08T13:03:48.827+0000] {processor.py:840} INFO - DAG(s) 'example_sensor_decorator' retrieved from /home/airflow/.local/lib/python3.12/site-packages/airflow/example_dags/example_sensor_decorator.py
[2026-06-08T13:03:48.847+0000] {logging_mixin.py:188} INFO - [2026-06-08T13:03:48.847+0000] {dag.py:3096} INFO - Sync 1 DAGs
[2026-06-08T13:03:48.859+0000] {logging_mixin.py:188} INFO - [2026-06-08T13:03:48.859+0000] {dag.py:3954} INFO - Setting next_dagrun for example_sensor_decorator to None, run_after=None
[2026-06-08T13:03:48.879+0000] {processor.py:183} INFO - Processing /home/airflow/.local/lib/python3.12/site-packages/airflow/example_dags/example_sensor_decorator.py took 0.066 seconds
[2026-06-08T13:04:19.428+0000] {processor.py:161} INFO - Started process (PID=82888) to work on /home/airflow/.local/lib/python3.12/site-packages/airflow/example_dags/example_sensor_decorator.py
[2026-06-08T13:04:19.430+0000] {processor.py:830} INFO - Processing file /home/airflow/.local/lib/python3.12/site-packages/airflow/example_dags/example_sensor_decorator.py for tasks to queue
[2026-06-08T13:04:19.432+0000] {logging_mixin.py:188} INFO - [2026-06-08T13:04:19.432+0000] {dagbag.py:545} INFO - Filling up the DagBag from /home/airflow/.local/lib/python3.12/site-packages/airflow/example_dags/example_sensor_decorator.py
[2026-06-08T13:04:19.441+0000] {processor.py:840} INFO - DAG(s) 'example_sensor_decorator' retrieved from /home/airflow/.local/lib/python3.12/site-packages/airflow/example_dags/example_sensor_decorator.py
[2026-06-08T13:04:19.461+0000] {logging_mixin.py:188} INFO - [2026-06-08T13:04:19.461+0000] {dag.py:3096} INFO - Sync 1 DAGs
[2026-06-08T13:04:19.475+0000] {logging_mixin.py:188} INFO - [2026-06-08T13:04:19.475+0000] {dag.py:3954} INFO - Setting next_dagrun for example_sensor_decorator to None, run_after=None
[2026-06-08T13:04:19.496+0000] {processor.py:183} INFO - Processing /home/airflow/.local/lib/python3.12/site-packages/airflow/example_dags/example_sensor_decorator.py took 0.073 seconds
[2026-06-08T13:04:50.090+0000] {processor.py:161} INFO - Started process (PID=83148) to work on /home/airflow/.local/lib/python3.12/site-packages/airflow/example_dags/example_sensor_decorator.py
[2026-06-08T13:04:50.091+0000] {processor.py:830} INFO - Processing file /home/airflow/.local/lib/python3.12/site-packages/airflow/example_dags/example_sensor_decorator.py for tasks to queue
[2026-06-08T13:04:50.093+0000] {logging_mixin.py:188} INFO - [2026-06-08T13:04:50.093+0000] {dagbag.py:545} INFO - Filling up the DagBag from /home/airflow/.local/lib/python3.12/site-packages/airflow/example_dags/example_sensor_decorator.py
[2026-06-08T13:04:50.099+0000] {processor.py:840} INFO - DAG(s) 'example_sensor_decorator' retrieved from /home/airflow/.local/lib/python3.12/site-packages/airflow/example_dags/example_sensor_decorator.py
[2026-06-08T13:04:50.120+0000] {logging_mixin.py:188} INFO - [2026-06-08T13:04:50.120+0000] {dag.py:3096} INFO - Sync 1 DAGs
[2026-06-08T13:04:50.133+0000] {logging_mixin.py:188} INFO - [2026-06-08T13:04:50.132+0000] {dag.py:3954} INFO - Setting next_dagrun for example_sensor_decorator to None, run_after=None
[2026-06-08T13:04:50.155+0000] {processor.py:183} INFO - Processing /home/airflow/.local/lib/python3.12/site-packages/airflow/example_dags/example_sensor_decorator.py took 0.070 seconds
[2026-06-08T13:05:20.639+0000] {processor.py:161} INFO - Started process (PID=83410) to work on /home/airflow/.local/lib/python3.12/site-packages/airflow/example_dags/example_sensor_decorator.py
[2026-06-08T13:05:20.640+0000] {processor.py:830} INFO - Processing file /home/airflow/.local/lib/python3.12/site-packages/airflow/example_dags/example_sensor_decorator.py for tasks to queue
[2026-06-08T13:05:20.642+0000] {logging_mixin.py:188} INFO - [2026-06-08T13:05:20.642+0000] {dagbag.py:545} INFO - Filling up the DagBag from /home/airflow/.local/lib/python3.12/site-packages/airflow/example_dags/example_sensor_decorator.py
[2026-06-08T13:05:20.648+0000] {processor.py:840} INFO - DAG(s) 'example_sensor_decorator' retrieved from /home/airflow/.local/lib/python3.12/site-packages/airflow/example_dags/example_sensor_decorator.py
[2026-06-08T13:05:20.668+0000] {logging_mixin.py:188} INFO - [2026-06-08T13:05:20.668+0000] {dag.py:3096} INFO - Sync 1 DAGs
[2026-06-08T13:05:20.680+0000] {logging_mixin.py:188} INFO - [2026-06-08T13:05:20.680+0000] {dag.py:3954} INFO - Setting next_dagrun for example_sensor_decorator to None, run_after=None
[2026-06-08T13:05:20.699+0000] {processor.py:183} INFO - Processing /home/airflow/.local/lib/python3.12/site-packages/airflow/example_dags/example_sensor_decorator.py took 0.065 seconds
[2026-06-08T13:05:51.201+0000] {processor.py:161} INFO - Started process (PID=83674) to work on /home/airflow/.local/lib/python3.12/site-packages/airflow/example_dags/example_sensor_decorator.py
[2026-06-08T13:05:51.203+0000] {processor.py:830} INFO - Processing file /home/airflow/.local/lib/python3.12/site-packages/airflow/example_dags/example_sensor_decorator.py for tasks to queue
[2026-06-08T13:05:51.205+0000] {logging_mixin.py:188} INFO - [2026-06-08T13:05:51.205+0000] {dagbag.py:545} INFO - Filling up the DagBag from /home/airflow/.local/lib/python3.12/site-packages/airflow/example_dags/example_sensor_decorator.py
[2026-06-08T13:05:51.211+0000] {processor.py:840} INFO - DAG(s) 'example_sensor_decorator' retrieved from /home/airflow/.local/lib/python3.12/site-packages/airflow/example_dags/example_sensor_decorator.py
[2026-06-08T13:05:51.233+0000] {logging_mixin.py:188} INFO - [2026-06-08T13:05:51.233+0000] {dag.py:3096} INFO - Sync 1 DAGs
[2026-06-08T13:05:51.248+0000] {logging_mixin.py:188} INFO - [2026-06-08T13:05:51.248+0000] {dag.py:3954} INFO - Setting next_dagrun for example_sensor_decorator to None, run_after=None
[2026-06-08T13:05:51.272+0000] {processor.py:183} INFO - Processing /home/airflow/.local/lib/python3.12/site-packages/airflow/example_dags/example_sensor_decorator.py took 0.078 seconds
[2026-06-08T13:06:21.786+0000] {processor.py:161} INFO - Started process (PID=83934) to work on /home/airflow/.local/lib/python3.12/site-packages/airflow/example_dags/example_sensor_decorator.py
[2026-06-08T13:06:21.787+0000] {processor.py:830} INFO - Processing file /home/airflow/.local/lib/python3.12/site-packages/airflow/example_dags/example_sensor_decorator.py for tasks to queue
[2026-06-08T13:06:21.788+0000] {logging_mixin.py:188} INFO - [2026-06-08T13:06:21.788+0000] {dagbag.py:545} INFO - Filling up the DagBag from /home/airflow/.local/lib/python3.12/site-packages/airflow/example_dags/example_sensor_decorator.py
[2026-06-08T13:06:21.794+0000] {processor.py:840} INFO - DAG(s) 'example_sensor_decorator' retrieved from /home/airflow/.local/lib/python3.12/site-packages/airflow/example_dags/example_sensor_decorator.py
[2026-06-08T13:06:21.814+0000] {logging_mixin.py:188} INFO - [2026-06-08T13:06:21.814+0000] {dag.py:3096} INFO - Sync 1 DAGs
[2026-06-08T13:06:21.827+0000] {logging_mixin.py:188} INFO - [2026-06-08T13:06:21.827+0000] {dag.py:3954} INFO - Setting next_dagrun for example_sensor_decorator to None, run_after=None
[2026-06-08T13:06:21.845+0000] {processor.py:183} INFO - Processing /home/airflow/.local/lib/python3.12/site-packages/airflow/example_dags/example_sensor_decorator.py took 0.064 seconds
[2026-06-08T13:06:52.127+0000] {processor.py:161} INFO - Started process (PID=84196) to work on /home/airflow/.local/lib/python3.12/site-packages/airflow/example_dags/example_sensor_decorator.py
[2026-06-08T13:06:52.128+0000] {processor.py:830} INFO - Processing file /home/airflow/.local/lib/python3.12/site-packages/airflow/example_dags/example_sensor_decorator.py for tasks to queue
[2026-06-08T13:06:52.129+0000] {logging_mixin.py:188} INFO - [2026-06-08T13:06:52.129+0000] {dagbag.py:545} INFO - Filling up the DagBag from /home/airflow/.local/lib/python3.12/site-packages/airflow/example_dags/example_sensor_decorator.py
[2026-06-08T13:06:52.136+0000] {processor.py:840} INFO - DAG(s) 'example_sensor_decorator' retrieved from /home/airflow/.local/lib/python3.12/site-packages/airflow/example_dags/example_sensor_decorator.py
[2026-06-08T13:06:52.158+0000] {logging_mixin.py:188} INFO - [2026-06-08T13:06:52.158+0000] {dag.py:3096} INFO - Sync 1 DAGs
[2026-06-08T13:06:52.170+0000] {logging_mixin.py:188} INFO - [2026-06-08T13:06:52.170+0000] {dag.py:3954} INFO - Setting next_dagrun for example_sensor_decorator to None, run_after=None
[2026-06-08T13:06:52.192+0000] {processor.py:183} INFO - Processing /home/airflow/.local/lib/python3.12/site-packages/airflow/example_dags/example_sensor_decorator.py took 0.072 seconds
[2026-06-08T13:07:22.487+0000] {processor.py:161} INFO - Started process (PID=84458) to work on /home/airflow/.local/lib/python3.12/site-packages/airflow/example_dags/example_sensor_decorator.py
[2026-06-08T13:07:22.488+0000] {processor.py:830} INFO - Processing file /home/airflow/.local/lib/python3.12/site-packages/airflow/example_dags/example_sensor_decorator.py for tasks to queue
[2026-06-08T13:07:22.490+0000] {logging_mixin.py:188} INFO - [2026-06-08T13:07:22.490+0000] {dagbag.py:545} INFO - Filling up the DagBag from /home/airflow/.local/lib/python3.12/site-packages/airflow/example_dags/example_sensor_decorator.py
[2026-06-08T13:07:22.496+0000] {processor.py:840} INFO - DAG(s) 'example_sensor_decorator' retrieved from /home/airflow/.local/lib/python3.12/site-packages/airflow/example_dags/example_sensor_decorator.py
[2026-06-08T13:07:22.519+0000] {logging_mixin.py:188} INFO - [2026-06-08T13:07:22.519+0000] {dag.py:3096} INFO - Sync 1 DAGs
[2026-06-08T13:07:22.533+0000] {logging_mixin.py:188} INFO - [2026-06-08T13:07:22.532+0000] {dag.py:3954} INFO - Setting next_dagrun for example_sensor_decorator to None, run_after=None
[2026-06-08T13:07:22.556+0000] {processor.py:183} INFO - Processing /home/airflow/.local/lib/python3.12/site-packages/airflow/example_dags/example_sensor_decorator.py took 0.073 seconds
[2026-06-08T13:07:52.899+0000] {processor.py:161} INFO - Started process (PID=84720) to work on /home/airflow/.local/lib/python3.12/site-packages/airflow/example_dags/example_sensor_decorator.py
[2026-06-08T13:07:52.900+0000] {processor.py:830} INFO - Processing file /home/airflow/.local/lib/python3.12/site-packages/airflow/example_dags/example_sensor_decorator.py for tasks to queue
[2026-06-08T13:07:52.902+0000] {logging_mixin.py:188} INFO - [2026-06-08T13:07:52.902+0000] {dagbag.py:545} INFO - Filling up the DagBag from /home/airflow/.local/lib/python3.12/site-packages/airflow/example_dags/example_sensor_decorator.py
[2026-06-08T13:07:52.907+0000] {processor.py:840} INFO - DAG(s) 'example_sensor_decorator' retrieved from /home/airflow/.local/lib/python3.12/site-packages/airflow/example_dags/example_sensor_decorator.py
[2026-06-08T13:07:52.927+0000] {logging_mixin.py:188} INFO - [2026-06-08T13:07:52.926+0000] {dag.py:3096} INFO - Sync 1 DAGs
[2026-06-08T13:07:52.939+0000] {logging_mixin.py:188} INFO - [2026-06-08T13:07:52.939+0000] {dag.py:3954} INFO - Setting next_dagrun for example_sensor_decorator to None, run_after=None
[2026-06-08T13:07:52.959+0000] {processor.py:183} INFO - Processing /home/airflow/.local/lib/python3.12/site-packages/airflow/example_dags/example_sensor_decorator.py took 0.065 seconds
[2026-06-08T13:08:23.488+0000] {processor.py:161} INFO - Started process (PID=84982) to work on /home/airflow/.local/lib/python3.12/site-packages/airflow/example_dags/example_sensor_decorator.py
[2026-06-08T13:08:23.490+0000] {processor.py:830} INFO - Processing file /home/airflow/.local/lib/python3.12/site-packages/airflow/example_dags/example_sensor_decorator.py for tasks to queue
[2026-06-08T13:08:23.492+0000] {logging_mixin.py:188} INFO - [2026-06-08T13:08:23.492+0000] {dagbag.py:545} INFO - Filling up the DagBag from /home/airflow/.local/lib/python3.12/site-packages/airflow/example_dags/example_sensor_decorator.py
[2026-06-08T13:08:23.500+0000] {processor.py:840} INFO - DAG(s) 'example_sensor_decorator' retrieved from /home/airflow/.local/lib/python3.12/site-packages/airflow/example_dags/example_sensor_decorator.py
[2026-06-08T13:08:23.528+0000] {logging_mixin.py:188} INFO - [2026-06-08T13:08:23.528+0000] {dag.py:3096} INFO - Sync 1 DAGs
[2026-06-08T13:08:23.542+0000] {logging_mixin.py:188} INFO - [2026-06-08T13:08:23.542+0000] {dag.py:3954} INFO - Setting next_dagrun for example_sensor_decorator to None, run_after=None
[2026-06-08T13:08:23.573+0000] {processor.py:183} INFO - Processing /home/airflow/.local/lib/python3.12/site-packages/airflow/example_dags/example_sensor_decorator.py took 0.093 seconds
[2026-06-08T13:08:54.535+0000] {processor.py:161} INFO - Started process (PID=85244) to work on /home/airflow/.local/lib/python3.12/site-packages/airflow/example_dags/example_sensor_decorator.py
[2026-06-08T13:08:54.537+0000] {processor.py:830} INFO - Processing file /home/airflow/.local/lib/python3.12/site-packages/airflow/example_dags/example_sensor_decorator.py for tasks to queue
[2026-06-08T13:08:54.539+0000] {logging_mixin.py:188} INFO - [2026-06-08T13:08:54.538+0000] {dagbag.py:545} INFO - Filling up the DagBag from /home/airflow/.local/lib/python3.12/site-packages/airflow/example_dags/example_sensor_decorator.py
[2026-06-08T13:08:54.545+0000] {processor.py:840} INFO - DAG(s) 'example_sensor_decorator' retrieved from /home/airflow/.local/lib/python3.12/site-packages/airflow/example_dags/example_sensor_decorator.py
[2026-06-08T13:08:54.570+0000] {logging_mixin.py:188} INFO - [2026-06-08T13:08:54.569+0000] {dag.py:3096} INFO - Sync 1 DAGs
[2026-06-08T13:08:54.583+0000] {logging_mixin.py:188} INFO - [2026-06-08T13:08:54.583+0000] {dag.py:3954} INFO - Setting next_dagrun for example_sensor_decorator to None, run_after=None
[2026-06-08T13:08:54.605+0000] {processor.py:183} INFO - Processing /home/airflow/.local/lib/python3.12/site-packages/airflow/example_dags/example_sensor_decorator.py took 0.076 seconds
[2026-06-08T13:09:25.118+0000] {processor.py:161} INFO - Started process (PID=85512) to work on /home/airflow/.local/lib/python3.12/site-packages/airflow/example_dags/example_sensor_decorator.py
[2026-06-08T13:09:25.120+0000] {processor.py:830} INFO - Processing file /home/airflow/.local/lib/python3.12/site-packages/airflow/example_dags/example_sensor_decorator.py for tasks to queue
[2026-06-08T13:09:25.122+0000] {logging_mixin.py:188} INFO - [2026-06-08T13:09:25.121+0000] {dagbag.py:545} INFO - Filling up the DagBag from /home/airflow/.local/lib/python3.12/site-packages/airflow/example_dags/example_sensor_decorator.py
[2026-06-08T13:09:25.129+0000] {processor.py:840} INFO - DAG(s) 'example_sensor_decorator' retrieved from /home/airflow/.local/lib/python3.12/site-packages/airflow/example_dags/example_sensor_decorator.py
[2026-06-08T13:09:25.151+0000] {logging_mixin.py:188} INFO - [2026-06-08T13:09:25.151+0000] {dag.py:3096} INFO - Sync 1 DAGs
[2026-06-08T13:09:25.163+0000] {logging_mixin.py:188} INFO - [2026-06-08T13:09:25.163+0000] {dag.py:3954} INFO - Setting next_dagrun for example_sensor_decorator to None, run_after=None
[2026-06-08T13:09:25.188+0000] {processor.py:183} INFO - Processing /home/airflow/.local/lib/python3.12/site-packages/airflow/example_dags/example_sensor_decorator.py took 0.077 seconds
[2026-06-08T13:09:55.722+0000] {processor.py:161} INFO - Started process (PID=85774) to work on /home/airflow/.local/lib/python3.12/site-packages/airflow/example_dags/example_sensor_decorator.py
[2026-06-08T13:09:55.724+0000] {processor.py:830} INFO - Processing file /home/airflow/.local/lib/python3.12/site-packages/airflow/example_dags/example_sensor_decorator.py for tasks to queue
[2026-06-08T13:09:55.727+0000] {logging_mixin.py:188} INFO - [2026-06-08T13:09:55.726+0000] {dagbag.py:545} INFO - Filling up the DagBag from /home/airflow/.local/lib/python3.12/site-packages/airflow/example_dags/example_sensor_decorator.py
[2026-06-08T13:09:55.733+0000] {processor.py:840} INFO - DAG(s) 'example_sensor_decorator' retrieved from /home/airflow/.local/lib/python3.12/site-packages/airflow/example_dags/example_sensor_decorator.py
[2026-06-08T13:09:55.754+0000] {logging_mixin.py:188} INFO - [2026-06-08T13:09:55.754+0000] {dag.py:3096} INFO - Sync 1 DAGs
[2026-06-08T13:09:55.767+0000] {logging_mixin.py:188} INFO - [2026-06-08T13:09:55.767+0000] {dag.py:3954} INFO - Setting next_dagrun for example_sensor_decorator to None, run_after=None
[2026-06-08T13:09:55.787+0000] {processor.py:183} INFO - Processing /home/airflow/.local/lib/python3.12/site-packages/airflow/example_dags/example_sensor_decorator.py took 0.071 seconds
[2026-06-08T13:10:26.216+0000] {processor.py:161} INFO - Started process (PID=86036) to work on /home/airflow/.local/lib/python3.12/site-packages/airflow/example_dags/example_sensor_decorator.py
[2026-06-08T13:10:26.217+0000] {processor.py:830} INFO - Processing file /home/airflow/.local/lib/python3.12/site-packages/airflow/example_dags/example_sensor_decorator.py for tasks to queue
[2026-06-08T13:10:26.220+0000] {logging_mixin.py:188} INFO - [2026-06-08T13:10:26.219+0000] {dagbag.py:545} INFO - Filling up the DagBag from /home/airflow/.local/lib/python3.12/site-packages/airflow/example_dags/example_sensor_decorator.py
[2026-06-08T13:10:26.226+0000] {processor.py:840} INFO - DAG(s) 'example_sensor_decorator' retrieved from /home/airflow/.local/lib/python3.12/site-packages/airflow/example_dags/example_sensor_decorator.py
[2026-06-08T13:10:26.249+0000] {logging_mixin.py:188} INFO - [2026-06-08T13:10:26.248+0000] {dag.py:3096} INFO - Sync 1 DAGs
[2026-06-08T13:10:26.260+0000] {logging_mixin.py:188} INFO - [2026-06-08T13:10:26.260+0000] {dag.py:3954} INFO - Setting next_dagrun for example_sensor_decorator to None, run_after=None
[2026-06-08T13:10:26.282+0000] {processor.py:183} INFO - Processing /home/airflow/.local/lib/python3.12/site-packages/airflow/example_dags/example_sensor_decorator.py took 0.073 seconds
[2026-06-08T13:10:56.461+0000] {processor.py:161} INFO - Started process (PID=86298) to work on /home/airflow/.local/lib/python3.12/site-packages/airflow/example_dags/example_sensor_decorator.py
[2026-06-08T13:10:56.463+0000] {processor.py:830} INFO - Processing file /home/airflow/.local/lib/python3.12/site-packages/airflow/example_dags/example_sensor_decorator.py for tasks to queue
[2026-06-08T13:10:56.465+0000] {logging_mixin.py:188} INFO - [2026-06-08T13:10:56.464+0000] {dagbag.py:545} INFO - Filling up the DagBag from /home/airflow/.local/lib/python3.12/site-packages/airflow/example_dags/example_sensor_decorator.py
[2026-06-08T13:10:56.471+0000] {processor.py:840} INFO - DAG(s) 'example_sensor_decorator' retrieved from /home/airflow/.local/lib/python3.12/site-packages/airflow/example_dags/example_sensor_decorator.py
[2026-06-08T13:10:56.499+0000] {logging_mixin.py:188} INFO - [2026-06-08T13:10:56.498+0000] {dag.py:3096} INFO - Sync 1 DAGs
[2026-06-08T13:10:56.513+0000] {logging_mixin.py:188} INFO - [2026-06-08T13:10:56.513+0000] {dag.py:3954} INFO - Setting next_dagrun for example_sensor_decorator to None, run_after=None
[2026-06-08T13:10:56.537+0000] {processor.py:183} INFO - Processing /home/airflow/.local/lib/python3.12/site-packages/airflow/example_dags/example_sensor_decorator.py took 0.082 seconds
[2026-06-08T13:11:26.892+0000] {processor.py:161} INFO - Started process (PID=86560) to work on /home/airflow/.local/lib/python3.12/site-packages/airflow/example_dags/example_sensor_decorator.py
[2026-06-08T13:11:26.893+0000] {processor.py:830} INFO - Processing file /home/airflow/.local/lib/python3.12/site-packages/airflow/example_dags/example_sensor_decorator.py for tasks to queue
[2026-06-08T13:11:26.895+0000] {logging_mixin.py:188} INFO - [2026-06-08T13:11:26.895+0000] {dagbag.py:545} INFO - Filling up the DagBag from /home/airflow/.local/lib/python3.12/site-packages/airflow/example_dags/example_sensor_decorator.py
[2026-06-08T13:11:26.901+0000] {processor.py:840} INFO - DAG(s) 'example_sensor_decorator' retrieved from /home/airflow/.local/lib/python3.12/site-packages/airflow/example_dags/example_sensor_decorator.py
[2026-06-08T13:11:26.920+0000] {logging_mixin.py:188} INFO - [2026-06-08T13:11:26.920+0000] {dag.py:3096} INFO - Sync 1 DAGs
[2026-06-08T13:11:26.932+0000] {logging_mixin.py:188} INFO - [2026-06-08T13:11:26.932+0000] {dag.py:3954} INFO - Setting next_dagrun for example_sensor_decorator to None, run_after=None
[2026-06-08T13:11:26.952+0000] {processor.py:183} INFO - Processing /home/airflow/.local/lib/python3.12/site-packages/airflow/example_dags/example_sensor_decorator.py took 0.066 seconds
[2026-06-08T13:11:58.079+0000] {processor.py:161} INFO - Started process (PID=86824) to work on /home/airflow/.local/lib/python3.12/site-packages/airflow/example_dags/example_sensor_decorator.py
[2026-06-08T13:11:58.081+0000] {processor.py:830} INFO - Processing file /home/airflow/.local/lib/python3.12/site-packages/airflow/example_dags/example_sensor_decorator.py for tasks to queue
[2026-06-08T13:11:58.083+0000] {logging_mixin.py:188} INFO - [2026-06-08T13:11:58.082+0000] {dagbag.py:545} INFO - Filling up the DagBag from /home/airflow/.local/lib/python3.12/site-packages/airflow/example_dags/example_sensor_decorator.py
[2026-06-08T13:11:58.088+0000] {processor.py:840} INFO - DAG(s) 'example_sensor_decorator' retrieved from /home/airflow/.local/lib/python3.12/site-packages/airflow/example_dags/example_sensor_decorator.py
[2026-06-08T13:11:58.109+0000] {logging_mixin.py:188} INFO - [2026-06-08T13:11:58.108+0000] {dag.py:3096} INFO - Sync 1 DAGs
[2026-06-08T13:11:58.122+0000] {logging_mixin.py:188} INFO - [2026-06-08T13:11:58.121+0000] {dag.py:3954} INFO - Setting next_dagrun for example_sensor_decorator to None, run_after=None
[2026-06-08T13:11:58.142+0000] {processor.py:183} INFO - Processing /home/airflow/.local/lib/python3.12/site-packages/airflow/example_dags/example_sensor_decorator.py took 0.068 seconds
[2026-06-08T13:12:28.475+0000] {processor.py:161} INFO - Started process (PID=87086) to work on /home/airflow/.local/lib/python3.12/site-packages/airflow/example_dags/example_sensor_decorator.py
[2026-06-08T13:12:28.476+0000] {processor.py:830} INFO - Processing file /home/airflow/.local/lib/python3.12/site-packages/airflow/example_dags/example_sensor_decorator.py for tasks to queue
[2026-06-08T13:12:28.479+0000] {logging_mixin.py:188} INFO - [2026-06-08T13:12:28.478+0000] {dagbag.py:545} INFO - Filling up the DagBag from /home/airflow/.local/lib/python3.12/site-packages/airflow/example_dags/example_sensor_decorator.py
[2026-06-08T13:12:28.485+0000] {processor.py:840} INFO - DAG(s) 'example_sensor_decorator' retrieved from /home/airflow/.local/lib/python3.12/site-packages/airflow/example_dags/example_sensor_decorator.py
[2026-06-08T13:12:28.506+0000] {logging_mixin.py:188} INFO - [2026-06-08T13:12:28.506+0000] {dag.py:3096} INFO - Sync 1 DAGs
[2026-06-08T13:12:28.519+0000] {logging_mixin.py:188} INFO - [2026-06-08T13:12:28.519+0000] {dag.py:3954} INFO - Setting next_dagrun for example_sensor_decorator to None, run_after=None
[2026-06-08T13:12:28.543+0000] {processor.py:183} INFO - Processing /home/airflow/.local/lib/python3.12/site-packages/airflow/example_dags/example_sensor_decorator.py took 0.073 seconds
[2026-06-08T13:12:58.757+0000] {processor.py:161} INFO - Started process (PID=87346) to work on /home/airflow/.local/lib/python3.12/site-packages/airflow/example_dags/example_sensor_decorator.py
[2026-06-08T13:12:58.758+0000] {processor.py:830} INFO - Processing file /home/airflow/.local/lib/python3.12/site-packages/airflow/example_dags/example_sensor_decorator.py for tasks to queue
[2026-06-08T13:12:58.760+0000] {logging_mixin.py:188} INFO - [2026-06-08T13:12:58.760+0000] {dagbag.py:545} INFO - Filling up the DagBag from /home/airflow/.local/lib/python3.12/site-packages/airflow/example_dags/example_sensor_decorator.py
[2026-06-08T13:12:58.765+0000] {processor.py:840} INFO - DAG(s) 'example_sensor_decorator' retrieved from /home/airflow/.local/lib/python3.12/site-packages/airflow/example_dags/example_sensor_decorator.py
[2026-06-08T13:12:58.785+0000] {logging_mixin.py:188} INFO - [2026-06-08T13:12:58.785+0000] {dag.py:3096} INFO - Sync 1 DAGs
[2026-06-08T13:12:58.798+0000] {logging_mixin.py:188} INFO - [2026-06-08T13:12:58.798+0000] {dag.py:3954} INFO - Setting next_dagrun for example_sensor_decorator to None, run_after=None
[2026-06-08T13:12:58.818+0000] {processor.py:183} INFO - Processing /home/airflow/.local/lib/python3.12/site-packages/airflow/example_dags/example_sensor_decorator.py took 0.067 seconds
[2026-06-08T13:13:29.157+0000] {processor.py:161} INFO - Started process (PID=87608) to work on /home/airflow/.local/lib/python3.12/site-packages/airflow/example_dags/example_sensor_decorator.py
[2026-06-08T13:13:29.158+0000] {processor.py:830} INFO - Processing file /home/airflow/.local/lib/python3.12/site-packages/airflow/example_dags/example_sensor_decorator.py for tasks to queue
[2026-06-08T13:13:29.160+0000] {logging_mixin.py:188} INFO - [2026-06-08T13:13:29.160+0000] {dagbag.py:545} INFO - Filling up the DagBag from /home/airflow/.local/lib/python3.12/site-packages/airflow/example_dags/example_sensor_decorator.py
[2026-06-08T13:13:29.167+0000] {processor.py:840} INFO - DAG(s) 'example_sensor_decorator' retrieved from /home/airflow/.local/lib/python3.12/site-packages/airflow/example_dags/example_sensor_decorator.py
[2026-06-08T13:13:29.188+0000] {logging_mixin.py:188} INFO - [2026-06-08T13:13:29.187+0000] {dag.py:3096} INFO - Sync 1 DAGs
[2026-06-08T13:13:29.200+0000] {logging_mixin.py:188} INFO - [2026-06-08T13:13:29.200+0000] {dag.py:3954} INFO - Setting next_dagrun for example_sensor_decorator to None, run_after=None
[2026-06-08T13:13:29.223+0000] {processor.py:183} INFO - Processing /home/airflow/.local/lib/python3.12/site-packages/airflow/example_dags/example_sensor_decorator.py took 0.071 seconds
[2026-06-08T13:13:59.521+0000] {processor.py:161} INFO - Started process (PID=87870) to work on /home/airflow/.local/lib/python3.12/site-packages/airflow/example_dags/example_sensor_decorator.py
[2026-06-08T13:13:59.522+0000] {processor.py:830} INFO - Processing file /home/airflow/.local/lib/python3.12/site-packages/airflow/example_dags/example_sensor_decorator.py for tasks to queue
[2026-06-08T13:13:59.525+0000] {logging_mixin.py:188} INFO - [2026-06-08T13:13:59.524+0000] {dagbag.py:545} INFO - Filling up the DagBag from /home/airflow/.local/lib/python3.12/site-packages/airflow/example_dags/example_sensor_decorator.py
[2026-06-08T13:13:59.532+0000] {processor.py:840} INFO - DAG(s) 'example_sensor_decorator' retrieved from /home/airflow/.local/lib/python3.12/site-packages/airflow/example_dags/example_sensor_decorator.py
[2026-06-08T13:13:59.558+0000] {logging_mixin.py:188} INFO - [2026-06-08T13:13:59.557+0000] {dag.py:3096} INFO - Sync 1 DAGs
[2026-06-08T13:13:59.572+0000] {logging_mixin.py:188} INFO - [2026-06-08T13:13:59.571+0000] {dag.py:3954} INFO - Setting next_dagrun for example_sensor_decorator to None, run_after=None
[2026-06-08T13:13:59.603+0000] {processor.py:183} INFO - Processing /home/airflow/.local/lib/python3.12/site-packages/airflow/example_dags/example_sensor_decorator.py took 0.088 seconds
[2026-06-08T13:14:29.892+0000] {processor.py:161} INFO - Started process (PID=88134) to work on /home/airflow/.local/lib/python3.12/site-packages/airflow/example_dags/example_sensor_decorator.py
[2026-06-08T13:14:29.893+0000] {processor.py:830} INFO - Processing file /home/airflow/.local/lib/python3.12/site-packages/airflow/example_dags/example_sensor_decorator.py for tasks to queue
[2026-06-08T13:14:29.895+0000] {logging_mixin.py:188} INFO - [2026-06-08T13:14:29.894+0000] {dagbag.py:545} INFO - Filling up the DagBag from /home/airflow/.local/lib/python3.12/site-packages/airflow/example_dags/example_sensor_decorator.py
[2026-06-08T13:14:29.902+0000] {processor.py:840} INFO - DAG(s) 'example_sensor_decorator' retrieved from /home/airflow/.local/lib/python3.12/site-packages/airflow/example_dags/example_sensor_decorator.py
[2026-06-08T13:14:29.922+0000] {logging_mixin.py:188} INFO - [2026-06-08T13:14:29.922+0000] {dag.py:3096} INFO - Sync 1 DAGs
[2026-06-08T13:14:29.934+0000] {logging_mixin.py:188} INFO - [2026-06-08T13:14:29.934+0000] {dag.py:3954} INFO - Setting next_dagrun for example_sensor_decorator to None, run_after=None
[2026-06-08T13:14:29.954+0000] {processor.py:183} INFO - Processing /home/airflow/.local/lib/python3.12/site-packages/airflow/example_dags/example_sensor_decorator.py took 0.067 seconds
[2026-06-08T13:15:00.329+0000] {processor.py:161} INFO - Started process (PID=88396) to work on /home/airflow/.local/lib/python3.12/site-packages/airflow/example_dags/example_sensor_decorator.py
[2026-06-08T13:15:00.331+0000] {processor.py:830} INFO - Processing file /home/airflow/.local/lib/python3.12/site-packages/airflow/example_dags/example_sensor_decorator.py for tasks to queue
[2026-06-08T13:15:00.333+0000] {logging_mixin.py:188} INFO - [2026-06-08T13:15:00.333+0000] {dagbag.py:545} INFO - Filling up the DagBag from /home/airflow/.local/lib/python3.12/site-packages/airflow/example_dags/example_sensor_decorator.py
[2026-06-08T13:15:00.339+0000] {processor.py:840} INFO - DAG(s) 'example_sensor_decorator' retrieved from /home/airflow/.local/lib/python3.12/site-packages/airflow/example_dags/example_sensor_decorator.py
[2026-06-08T13:15:00.358+0000] {logging_mixin.py:188} INFO - [2026-06-08T13:15:00.358+0000] {dag.py:3096} INFO - Sync 1 DAGs
[2026-06-08T13:15:00.371+0000] {logging_mixin.py:188} INFO - [2026-06-08T13:15:00.371+0000] {dag.py:3954} INFO - Setting next_dagrun for example_sensor_decorator to None, run_after=None
[2026-06-08T13:15:00.393+0000] {processor.py:183} INFO - Processing /home/airflow/.local/lib/python3.12/site-packages/airflow/example_dags/example_sensor_decorator.py took 0.068 seconds
[2026-06-08T13:15:30.806+0000] {processor.py:161} INFO - Started process (PID=88656) to work on /home/airflow/.local/lib/python3.12/site-packages/airflow/example_dags/example_sensor_decorator.py
[2026-06-08T13:15:30.808+0000] {processor.py:830} INFO - Processing file /home/airflow/.local/lib/python3.12/site-packages/airflow/example_dags/example_sensor_decorator.py for tasks to queue
[2026-06-08T13:15:30.810+0000] {logging_mixin.py:188} INFO - [2026-06-08T13:15:30.809+0000] {dagbag.py:545} INFO - Filling up the DagBag from /home/airflow/.local/lib/python3.12/site-packages/airflow/example_dags/example_sensor_decorator.py
[2026-06-08T13:15:30.815+0000] {processor.py:840} INFO - DAG(s) 'example_sensor_decorator' retrieved from /home/airflow/.local/lib/python3.12/site-packages/airflow/example_dags/example_sensor_decorator.py
[2026-06-08T13:15:30.838+0000] {logging_mixin.py:188} INFO - [2026-06-08T13:15:30.837+0000] {dag.py:3096} INFO - Sync 1 DAGs
[2026-06-08T13:15:30.852+0000] {logging_mixin.py:188} INFO - [2026-06-08T13:15:30.851+0000] {dag.py:3954} INFO - Setting next_dagrun for example_sensor_decorator to None, run_after=None
[2026-06-08T13:15:30.873+0000] {processor.py:183} INFO - Processing /home/airflow/.local/lib/python3.12/site-packages/airflow/example_dags/example_sensor_decorator.py took 0.072 seconds
[2026-06-08T13:16:02.057+0000] {processor.py:161} INFO - Started process (PID=88918) to work on /home/airflow/.local/lib/python3.12/site-packages/airflow/example_dags/example_sensor_decorator.py
[2026-06-08T13:16:02.060+0000] {processor.py:830} INFO - Processing file /home/airflow/.local/lib/python3.12/site-packages/airflow/example_dags/example_sensor_decorator.py for tasks to queue
[2026-06-08T13:16:02.064+0000] {logging_mixin.py:188} INFO - [2026-06-08T13:16:02.064+0000] {dagbag.py:545} INFO - Filling up the DagBag from /home/airflow/.local/lib/python3.12/site-packages/airflow/example_dags/example_sensor_decorator.py
[2026-06-08T13:16:02.076+0000] {processor.py:840} INFO - DAG(s) 'example_sensor_decorator' retrieved from /home/airflow/.local/lib/python3.12/site-packages/airflow/example_dags/example_sensor_decorator.py
[2026-06-08T13:16:02.124+0000] {logging_mixin.py:188} INFO - [2026-06-08T13:16:02.123+0000] {dag.py:3096} INFO - Sync 1 DAGs
[2026-06-08T13:16:02.161+0000] {logging_mixin.py:188} INFO - [2026-06-08T13:16:02.161+0000] {dag.py:3954} INFO - Setting next_dagrun for example_sensor_decorator to None, run_after=None
[2026-06-08T13:16:02.222+0000] {processor.py:183} INFO - Processing /home/airflow/.local/lib/python3.12/site-packages/airflow/example_dags/example_sensor_decorator.py took 0.175 seconds
[2026-06-08T13:16:32.400+0000] {processor.py:161} INFO - Started process (PID=89180) to work on /home/airflow/.local/lib/python3.12/site-packages/airflow/example_dags/example_sensor_decorator.py
[2026-06-08T13:16:32.402+0000] {processor.py:830} INFO - Processing file /home/airflow/.local/lib/python3.12/site-packages/airflow/example_dags/example_sensor_decorator.py for tasks to queue
[2026-06-08T13:16:32.404+0000] {logging_mixin.py:188} INFO - [2026-06-08T13:16:32.404+0000] {dagbag.py:545} INFO - Filling up the DagBag from /home/airflow/.local/lib/python3.12/site-packages/airflow/example_dags/example_sensor_decorator.py
[2026-06-08T13:16:32.411+0000] {processor.py:840} INFO - DAG(s) 'example_sensor_decorator' retrieved from /home/airflow/.local/lib/python3.12/site-packages/airflow/example_dags/example_sensor_decorator.py
[2026-06-08T13:16:32.439+0000] {logging_mixin.py:188} INFO - [2026-06-08T13:16:32.439+0000] {dag.py:3096} INFO - Sync 1 DAGs
[2026-06-08T13:16:32.456+0000] {logging_mixin.py:188} INFO - [2026-06-08T13:16:32.455+0000] {dag.py:3954} INFO - Setting next_dagrun for example_sensor_decorator to None, run_after=None
[2026-06-08T13:16:32.483+0000] {processor.py:183} INFO - Processing /home/airflow/.local/lib/python3.12/site-packages/airflow/example_dags/example_sensor_decorator.py took 0.089 seconds
[2026-06-08T13:17:02.725+0000] {processor.py:161} INFO - Started process (PID=89442) to work on /home/airflow/.local/lib/python3.12/site-packages/airflow/example_dags/example_sensor_decorator.py
[2026-06-08T13:17:02.727+0000] {processor.py:830} INFO - Processing file /home/airflow/.local/lib/python3.12/site-packages/airflow/example_dags/example_sensor_decorator.py for tasks to queue
[2026-06-08T13:17:02.731+0000] {logging_mixin.py:188} INFO - [2026-06-08T13:17:02.730+0000] {dagbag.py:545} INFO - Filling up the DagBag from /home/airflow/.local/lib/python3.12/site-packages/airflow/example_dags/example_sensor_decorator.py
[2026-06-08T13:17:02.739+0000] {processor.py:840} INFO - DAG(s) 'example_sensor_decorator' retrieved from /home/airflow/.local/lib/python3.12/site-packages/airflow/example_dags/example_sensor_decorator.py
[2026-06-08T13:17:02.765+0000] {logging_mixin.py:188} INFO - [2026-06-08T13:17:02.765+0000] {dag.py:3096} INFO - Sync 1 DAGs
[2026-06-08T13:17:02.780+0000] {logging_mixin.py:188} INFO - [2026-06-08T13:17:02.780+0000] {dag.py:3954} INFO - Setting next_dagrun for example_sensor_decorator to None, run_after=None
[2026-06-08T13:17:02.811+0000] {processor.py:183} INFO - Processing /home/airflow/.local/lib/python3.12/site-packages/airflow/example_dags/example_sensor_decorator.py took 0.096 seconds
[2026-06-08T13:17:34.931+0000] {processor.py:161} INFO - Started process (PID=89705) to work on /home/airflow/.local/lib/python3.12/site-packages/airflow/example_dags/example_sensor_decorator.py
[2026-06-08T13:17:34.932+0000] {processor.py:830} INFO - Processing file /home/airflow/.local/lib/python3.12/site-packages/airflow/example_dags/example_sensor_decorator.py for tasks to queue
[2026-06-08T13:17:34.934+0000] {logging_mixin.py:188} INFO - [2026-06-08T13:17:34.934+0000] {dagbag.py:545} INFO - Filling up the DagBag from /home/airflow/.local/lib/python3.12/site-packages/airflow/example_dags/example_sensor_decorator.py
[2026-06-08T13:17:34.943+0000] {processor.py:840} INFO - DAG(s) 'example_sensor_decorator' retrieved from /home/airflow/.local/lib/python3.12/site-packages/airflow/example_dags/example_sensor_decorator.py
[2026-06-08T13:17:34.968+0000] {logging_mixin.py:188} INFO - [2026-06-08T13:17:34.968+0000] {dag.py:3096} INFO - Sync 1 DAGs
[2026-06-08T13:17:34.983+0000] {logging_mixin.py:188} INFO - [2026-06-08T13:17:34.982+0000] {dag.py:3954} INFO - Setting next_dagrun for example_sensor_decorator to None, run_after=None
[2026-06-08T13:17:35.012+0000] {processor.py:183} INFO - Processing /home/airflow/.local/lib/python3.12/site-packages/airflow/example_dags/example_sensor_decorator.py took 0.088 seconds
[2026-06-08T13:18:05.337+0000] {processor.py:161} INFO - Started process (PID=89977) to work on /home/airflow/.local/lib/python3.12/site-packages/airflow/example_dags/example_sensor_decorator.py
[2026-06-08T13:18:05.338+0000] {processor.py:830} INFO - Processing file /home/airflow/.local/lib/python3.12/site-packages/airflow/example_dags/example_sensor_decorator.py for tasks to queue
[2026-06-08T13:18:05.341+0000] {logging_mixin.py:188} INFO - [2026-06-08T13:18:05.340+0000] {dagbag.py:545} INFO - Filling up the DagBag from /home/airflow/.local/lib/python3.12/site-packages/airflow/example_dags/example_sensor_decorator.py
[2026-06-08T13:18:05.347+0000] {processor.py:840} INFO - DAG(s) 'example_sensor_decorator' retrieved from /home/airflow/.local/lib/python3.12/site-packages/airflow/example_dags/example_sensor_decorator.py
[2026-06-08T13:18:05.374+0000] {logging_mixin.py:188} INFO - [2026-06-08T13:18:05.373+0000] {dag.py:3096} INFO - Sync 1 DAGs
[2026-06-08T13:18:05.390+0000] {logging_mixin.py:188} INFO - [2026-06-08T13:18:05.390+0000] {dag.py:3954} INFO - Setting next_dagrun for example_sensor_decorator to None, run_after=None
[2026-06-08T13:18:05.423+0000] {processor.py:183} INFO - Processing /home/airflow/.local/lib/python3.12/site-packages/airflow/example_dags/example_sensor_decorator.py took 0.093 seconds
[2026-06-08T13:18:35.748+0000] {processor.py:161} INFO - Started process (PID=90239) to work on /home/airflow/.local/lib/python3.12/site-packages/airflow/example_dags/example_sensor_decorator.py
[2026-06-08T13:18:35.750+0000] {processor.py:830} INFO - Processing file /home/airflow/.local/lib/python3.12/site-packages/airflow/example_dags/example_sensor_decorator.py for tasks to queue
[2026-06-08T13:18:35.753+0000] {logging_mixin.py:188} INFO - [2026-06-08T13:18:35.752+0000] {dagbag.py:545} INFO - Filling up the DagBag from /home/airflow/.local/lib/python3.12/site-packages/airflow/example_dags/example_sensor_decorator.py
[2026-06-08T13:18:35.760+0000] {processor.py:840} INFO - DAG(s) 'example_sensor_decorator' retrieved from /home/airflow/.local/lib/python3.12/site-packages/airflow/example_dags/example_sensor_decorator.py
[2026-06-08T13:18:35.783+0000] {logging_mixin.py:188} INFO - [2026-06-08T13:18:35.783+0000] {dag.py:3096} INFO - Sync 1 DAGs
[2026-06-08T13:18:35.797+0000] {logging_mixin.py:188} INFO - [2026-06-08T13:18:35.797+0000] {dag.py:3954} INFO - Setting next_dagrun for example_sensor_decorator to None, run_after=None
[2026-06-08T13:18:35.829+0000] {processor.py:183} INFO - Processing /home/airflow/.local/lib/python3.12/site-packages/airflow/example_dags/example_sensor_decorator.py took 0.087 seconds
[2026-06-08T13:19:06.047+0000] {processor.py:161} INFO - Started process (PID=90493) to work on /home/airflow/.local/lib/python3.12/site-packages/airflow/example_dags/example_sensor_decorator.py
[2026-06-08T13:19:06.048+0000] {processor.py:830} INFO - Processing file /home/airflow/.local/lib/python3.12/site-packages/airflow/example_dags/example_sensor_decorator.py for tasks to queue
[2026-06-08T13:19:06.050+0000] {logging_mixin.py:188} INFO - [2026-06-08T13:19:06.050+0000] {dagbag.py:545} INFO - Filling up the DagBag from /home/airflow/.local/lib/python3.12/site-packages/airflow/example_dags/example_sensor_decorator.py
[2026-06-08T13:19:06.057+0000] {processor.py:840} INFO - DAG(s) 'example_sensor_decorator' retrieved from /home/airflow/.local/lib/python3.12/site-packages/airflow/example_dags/example_sensor_decorator.py
[2026-06-08T13:19:06.084+0000] {logging_mixin.py:188} INFO - [2026-06-08T13:19:06.084+0000] {dag.py:3096} INFO - Sync 1 DAGs
[2026-06-08T13:19:06.101+0000] {logging_mixin.py:188} INFO - [2026-06-08T13:19:06.100+0000] {dag.py:3954} INFO - Setting next_dagrun for example_sensor_decorator to None, run_after=None
[2026-06-08T13:19:06.129+0000] {processor.py:183} INFO - Processing /home/airflow/.local/lib/python3.12/site-packages/airflow/example_dags/example_sensor_decorator.py took 0.088 seconds
[2026-06-08T13:19:36.250+0000] {processor.py:161} INFO - Started process (PID=90753) to work on /home/airflow/.local/lib/python3.12/site-packages/airflow/example_dags/example_sensor_decorator.py
[2026-06-08T13:19:36.251+0000] {processor.py:830} INFO - Processing file /home/airflow/.local/lib/python3.12/site-packages/airflow/example_dags/example_sensor_decorator.py for tasks to queue
[2026-06-08T13:19:36.253+0000] {logging_mixin.py:188} INFO - [2026-06-08T13:19:36.253+0000] {dagbag.py:545} INFO - Filling up the DagBag from /home/airflow/.local/lib/python3.12/site-packages/airflow/example_dags/example_sensor_decorator.py
[2026-06-08T13:19:36.259+0000] {processor.py:840} INFO - DAG(s) 'example_sensor_decorator' retrieved from /home/airflow/.local/lib/python3.12/site-packages/airflow/example_dags/example_sensor_decorator.py
[2026-06-08T13:19:36.286+0000] {logging_mixin.py:188} INFO - [2026-06-08T13:19:36.286+0000] {dag.py:3096} INFO - Sync 1 DAGs
[2026-06-08T13:19:36.305+0000] {logging_mixin.py:188} INFO - [2026-06-08T13:19:36.305+0000] {dag.py:3954} INFO - Setting next_dagrun for example_sensor_decorator to None, run_after=None
[2026-06-08T13:19:36.334+0000] {processor.py:183} INFO - Processing /home/airflow/.local/lib/python3.12/site-packages/airflow/example_dags/example_sensor_decorator.py took 0.091 seconds
[2026-06-08T13:20:06.565+0000] {processor.py:161} INFO - Started process (PID=91015) to work on /home/airflow/.local/lib/python3.12/site-packages/airflow/example_dags/example_sensor_decorator.py
[2026-06-08T13:20:06.566+0000] {processor.py:830} INFO - Processing file /home/airflow/.local/lib/python3.12/site-packages/airflow/example_dags/example_sensor_decorator.py for tasks to queue
[2026-06-08T13:20:06.568+0000] {logging_mixin.py:188} INFO - [2026-06-08T13:20:06.568+0000] {dagbag.py:545} INFO - Filling up the DagBag from /home/airflow/.local/lib/python3.12/site-packages/airflow/example_dags/example_sensor_decorator.py
[2026-06-08T13:20:06.575+0000] {processor.py:840} INFO - DAG(s) 'example_sensor_decorator' retrieved from /home/airflow/.local/lib/python3.12/site-packages/airflow/example_dags/example_sensor_decorator.py
[2026-06-08T13:20:06.597+0000] {logging_mixin.py:188} INFO - [2026-06-08T13:20:06.597+0000] {dag.py:3096} INFO - Sync 1 DAGs
[2026-06-08T13:20:06.611+0000] {logging_mixin.py:188} INFO - [2026-06-08T13:20:06.610+0000] {dag.py:3954} INFO - Setting next_dagrun for example_sensor_decorator to None, run_after=None
[2026-06-08T13:20:06.649+0000] {processor.py:183} INFO - Processing /home/airflow/.local/lib/python3.12/site-packages/airflow/example_dags/example_sensor_decorator.py took 0.089 seconds
[2026-06-08T13:20:37.004+0000] {processor.py:161} INFO - Started process (PID=91277) to work on /home/airflow/.local/lib/python3.12/site-packages/airflow/example_dags/example_sensor_decorator.py
[2026-06-08T13:20:37.007+0000] {processor.py:830} INFO - Processing file /home/airflow/.local/lib/python3.12/site-packages/airflow/example_dags/example_sensor_decorator.py for tasks to queue
[2026-06-08T13:20:37.009+0000] {logging_mixin.py:188} INFO - [2026-06-08T13:20:37.009+0000] {dagbag.py:545} INFO - Filling up the DagBag from /home/airflow/.local/lib/python3.12/site-packages/airflow/example_dags/example_sensor_decorator.py
[2026-06-08T13:20:37.016+0000] {processor.py:840} INFO - DAG(s) 'example_sensor_decorator' retrieved from /home/airflow/.local/lib/python3.12/site-packages/airflow/example_dags/example_sensor_decorator.py
[2026-06-08T13:20:37.045+0000] {logging_mixin.py:188} INFO - [2026-06-08T13:20:37.044+0000] {dag.py:3096} INFO - Sync 1 DAGs
[2026-06-08T13:20:37.090+0000] {logging_mixin.py:188} INFO - [2026-06-08T13:20:37.089+0000] {dag.py:3954} INFO - Setting next_dagrun for example_sensor_decorator to None, run_after=None
[2026-06-08T13:20:37.143+0000] {processor.py:183} INFO - Processing /home/airflow/.local/lib/python3.12/site-packages/airflow/example_dags/example_sensor_decorator.py took 0.144 seconds
[2026-06-08T13:21:08.059+0000] {processor.py:161} INFO - Started process (PID=91539) to work on /home/airflow/.local/lib/python3.12/site-packages/airflow/example_dags/example_sensor_decorator.py
[2026-06-08T13:21:08.060+0000] {processor.py:830} INFO - Processing file /home/airflow/.local/lib/python3.12/site-packages/airflow/example_dags/example_sensor_decorator.py for tasks to queue
[2026-06-08T13:21:08.062+0000] {logging_mixin.py:188} INFO - [2026-06-08T13:21:08.062+0000] {dagbag.py:545} INFO - Filling up the DagBag from /home/airflow/.local/lib/python3.12/site-packages/airflow/example_dags/example_sensor_decorator.py
[2026-06-08T13:21:08.069+0000] {processor.py:840} INFO - DAG(s) 'example_sensor_decorator' retrieved from /home/airflow/.local/lib/python3.12/site-packages/airflow/example_dags/example_sensor_decorator.py
[2026-06-08T13:21:08.101+0000] {logging_mixin.py:188} INFO - [2026-06-08T13:21:08.100+0000] {dag.py:3096} INFO - Sync 1 DAGs
[2026-06-08T13:21:08.117+0000] {logging_mixin.py:188} INFO - [2026-06-08T13:21:08.116+0000] {dag.py:3954} INFO - Setting next_dagrun for example_sensor_decorator to None, run_after=None
[2026-06-08T13:21:08.141+0000] {processor.py:183} INFO - Processing /home/airflow/.local/lib/python3.12/site-packages/airflow/example_dags/example_sensor_decorator.py took 0.090 seconds
[2026-06-08T13:21:38.739+0000] {processor.py:161} INFO - Started process (PID=91801) to work on /home/airflow/.local/lib/python3.12/site-packages/airflow/example_dags/example_sensor_decorator.py
[2026-06-08T13:21:38.740+0000] {processor.py:830} INFO - Processing file /home/airflow/.local/lib/python3.12/site-packages/airflow/example_dags/example_sensor_decorator.py for tasks to queue
[2026-06-08T13:21:38.742+0000] {logging_mixin.py:188} INFO - [2026-06-08T13:21:38.741+0000] {dagbag.py:545} INFO - Filling up the DagBag from /home/airflow/.local/lib/python3.12/site-packages/airflow/example_dags/example_sensor_decorator.py
[2026-06-08T13:21:38.748+0000] {processor.py:840} INFO - DAG(s) 'example_sensor_decorator' retrieved from /home/airflow/.local/lib/python3.12/site-packages/airflow/example_dags/example_sensor_decorator.py
[2026-06-08T13:21:38.774+0000] {logging_mixin.py:188} INFO - [2026-06-08T13:21:38.773+0000] {dag.py:3096} INFO - Sync 1 DAGs
[2026-06-08T13:21:38.787+0000] {logging_mixin.py:188} INFO - [2026-06-08T13:21:38.787+0000] {dag.py:3954} INFO - Setting next_dagrun for example_sensor_decorator to None, run_after=None
[2026-06-08T13:21:38.809+0000] {processor.py:183} INFO - Processing /home/airflow/.local/lib/python3.12/site-packages/airflow/example_dags/example_sensor_decorator.py took 0.076 seconds
[2026-06-08T13:22:08.895+0000] {processor.py:161} INFO - Started process (PID=92064) to work on /home/airflow/.local/lib/python3.12/site-packages/airflow/example_dags/example_sensor_decorator.py
[2026-06-08T13:22:08.896+0000] {processor.py:830} INFO - Processing file /home/airflow/.local/lib/python3.12/site-packages/airflow/example_dags/example_sensor_decorator.py for tasks to queue
[2026-06-08T13:22:08.899+0000] {logging_mixin.py:188} INFO - [2026-06-08T13:22:08.898+0000] {dagbag.py:545} INFO - Filling up the DagBag from /home/airflow/.local/lib/python3.12/site-packages/airflow/example_dags/example_sensor_decorator.py
[2026-06-08T13:22:08.904+0000] {processor.py:840} INFO - DAG(s) 'example_sensor_decorator' retrieved from /home/airflow/.local/lib/python3.12/site-packages/airflow/example_dags/example_sensor_decorator.py
[2026-06-08T13:22:08.928+0000] {logging_mixin.py:188} INFO - [2026-06-08T13:22:08.927+0000] {dag.py:3096} INFO - Sync 1 DAGs
[2026-06-08T13:22:08.943+0000] {logging_mixin.py:188} INFO - [2026-06-08T13:22:08.943+0000] {dag.py:3954} INFO - Setting next_dagrun for example_sensor_decorator to None, run_after=None
[2026-06-08T13:22:08.966+0000] {processor.py:183} INFO - Processing /home/airflow/.local/lib/python3.12/site-packages/airflow/example_dags/example_sensor_decorator.py took 0.076 seconds
[2026-06-08T13:22:39.425+0000] {processor.py:161} INFO - Started process (PID=92327) to work on /home/airflow/.local/lib/python3.12/site-packages/airflow/example_dags/example_sensor_decorator.py
[2026-06-08T13:22:39.427+0000] {processor.py:830} INFO - Processing file /home/airflow/.local/lib/python3.12/site-packages/airflow/example_dags/example_sensor_decorator.py for tasks to queue
[2026-06-08T13:22:39.429+0000] {logging_mixin.py:188} INFO - [2026-06-08T13:22:39.428+0000] {dagbag.py:545} INFO - Filling up the DagBag from /home/airflow/.local/lib/python3.12/site-packages/airflow/example_dags/example_sensor_decorator.py
[2026-06-08T13:22:39.435+0000] {processor.py:840} INFO - DAG(s) 'example_sensor_decorator' retrieved from /home/airflow/.local/lib/python3.12/site-packages/airflow/example_dags/example_sensor_decorator.py
[2026-06-08T13:22:39.459+0000] {logging_mixin.py:188} INFO - [2026-06-08T13:22:39.458+0000] {dag.py:3096} INFO - Sync 1 DAGs
[2026-06-08T13:22:39.471+0000] {logging_mixin.py:188} INFO - [2026-06-08T13:22:39.471+0000] {dag.py:3954} INFO - Setting next_dagrun for example_sensor_decorator to None, run_after=None
[2026-06-08T13:22:39.495+0000] {processor.py:183} INFO - Processing /home/airflow/.local/lib/python3.12/site-packages/airflow/example_dags/example_sensor_decorator.py took 0.075 seconds
[2026-06-08T13:23:09.658+0000] {processor.py:161} INFO - Started process (PID=92590) to work on /home/airflow/.local/lib/python3.12/site-packages/airflow/example_dags/example_sensor_decorator.py
[2026-06-08T13:23:09.660+0000] {processor.py:830} INFO - Processing file /home/airflow/.local/lib/python3.12/site-packages/airflow/example_dags/example_sensor_decorator.py for tasks to queue
[2026-06-08T13:23:09.662+0000] {logging_mixin.py:188} INFO - [2026-06-08T13:23:09.661+0000] {dagbag.py:545} INFO - Filling up the DagBag from /home/airflow/.local/lib/python3.12/site-packages/airflow/example_dags/example_sensor_decorator.py
[2026-06-08T13:23:09.668+0000] {processor.py:840} INFO - DAG(s) 'example_sensor_decorator' retrieved from /home/airflow/.local/lib/python3.12/site-packages/airflow/example_dags/example_sensor_decorator.py
[2026-06-08T13:23:09.690+0000] {logging_mixin.py:188} INFO - [2026-06-08T13:23:09.689+0000] {dag.py:3096} INFO - Sync 1 DAGs
[2026-06-08T13:23:09.703+0000] {logging_mixin.py:188} INFO - [2026-06-08T13:23:09.703+0000] {dag.py:3954} INFO - Setting next_dagrun for example_sensor_decorator to None, run_after=None
[2026-06-08T13:23:09.728+0000] {processor.py:183} INFO - Processing /home/airflow/.local/lib/python3.12/site-packages/airflow/example_dags/example_sensor_decorator.py took 0.074 seconds
[2026-06-08T13:23:39.899+0000] {processor.py:161} INFO - Started process (PID=92852) to work on /home/airflow/.local/lib/python3.12/site-packages/airflow/example_dags/example_sensor_decorator.py
[2026-06-08T13:23:39.900+0000] {processor.py:830} INFO - Processing file /home/airflow/.local/lib/python3.12/site-packages/airflow/example_dags/example_sensor_decorator.py for tasks to queue
[2026-06-08T13:23:39.904+0000] {logging_mixin.py:188} INFO - [2026-06-08T13:23:39.903+0000] {dagbag.py:545} INFO - Filling up the DagBag from /home/airflow/.local/lib/python3.12/site-packages/airflow/example_dags/example_sensor_decorator.py
[2026-06-08T13:23:39.911+0000] {processor.py:840} INFO - DAG(s) 'example_sensor_decorator' retrieved from /home/airflow/.local/lib/python3.12/site-packages/airflow/example_dags/example_sensor_decorator.py
[2026-06-08T13:23:39.936+0000] {logging_mixin.py:188} INFO - [2026-06-08T13:23:39.935+0000] {dag.py:3096} INFO - Sync 1 DAGs
[2026-06-08T13:23:39.950+0000] {logging_mixin.py:188} INFO - [2026-06-08T13:23:39.950+0000] {dag.py:3954} INFO - Setting next_dagrun for example_sensor_decorator to None, run_after=None
[2026-06-08T13:23:39.977+0000] {processor.py:183} INFO - Processing /home/airflow/.local/lib/python3.12/site-packages/airflow/example_dags/example_sensor_decorator.py took 0.085 seconds
[2026-06-08T13:24:10.446+0000] {processor.py:161} INFO - Started process (PID=93114) to work on /home/airflow/.local/lib/python3.12/site-packages/airflow/example_dags/example_sensor_decorator.py
[2026-06-08T13:24:10.447+0000] {processor.py:830} INFO - Processing file /home/airflow/.local/lib/python3.12/site-packages/airflow/example_dags/example_sensor_decorator.py for tasks to queue
[2026-06-08T13:24:10.450+0000] {logging_mixin.py:188} INFO - [2026-06-08T13:24:10.450+0000] {dagbag.py:545} INFO - Filling up the DagBag from /home/airflow/.local/lib/python3.12/site-packages/airflow/example_dags/example_sensor_decorator.py
[2026-06-08T13:24:10.457+0000] {processor.py:840} INFO - DAG(s) 'example_sensor_decorator' retrieved from /home/airflow/.local/lib/python3.12/site-packages/airflow/example_dags/example_sensor_decorator.py
[2026-06-08T13:24:10.479+0000] {logging_mixin.py:188} INFO - [2026-06-08T13:24:10.478+0000] {dag.py:3096} INFO - Sync 1 DAGs
[2026-06-08T13:24:10.492+0000] {logging_mixin.py:188} INFO - [2026-06-08T13:24:10.492+0000] {dag.py:3954} INFO - Setting next_dagrun for example_sensor_decorator to None, run_after=None
[2026-06-08T13:24:10.517+0000] {processor.py:183} INFO - Processing /home/airflow/.local/lib/python3.12/site-packages/airflow/example_dags/example_sensor_decorator.py took 0.077 seconds
[2026-06-08T13:24:40.903+0000] {processor.py:161} INFO - Started process (PID=93376) to work on /home/airflow/.local/lib/python3.12/site-packages/airflow/example_dags/example_sensor_decorator.py
[2026-06-08T13:24:40.904+0000] {processor.py:830} INFO - Processing file /home/airflow/.local/lib/python3.12/site-packages/airflow/example_dags/example_sensor_decorator.py for tasks to queue
[2026-06-08T13:24:40.907+0000] {logging_mixin.py:188} INFO - [2026-06-08T13:24:40.906+0000] {dagbag.py:545} INFO - Filling up the DagBag from /home/airflow/.local/lib/python3.12/site-packages/airflow/example_dags/example_sensor_decorator.py
[2026-06-08T13:24:40.915+0000] {processor.py:840} INFO - DAG(s) 'example_sensor_decorator' retrieved from /home/airflow/.local/lib/python3.12/site-packages/airflow/example_dags/example_sensor_decorator.py
[2026-06-08T13:24:40.942+0000] {logging_mixin.py:188} INFO - [2026-06-08T13:24:40.941+0000] {dag.py:3096} INFO - Sync 1 DAGs
[2026-06-08T13:24:40.959+0000] {logging_mixin.py:188} INFO - [2026-06-08T13:24:40.958+0000] {dag.py:3954} INFO - Setting next_dagrun for example_sensor_decorator to None, run_after=None
[2026-06-08T13:24:40.993+0000] {processor.py:183} INFO - Processing /home/airflow/.local/lib/python3.12/site-packages/airflow/example_dags/example_sensor_decorator.py took 0.097 seconds
[2026-06-08T13:25:11.339+0000] {processor.py:161} INFO - Started process (PID=93638) to work on /home/airflow/.local/lib/python3.12/site-packages/airflow/example_dags/example_sensor_decorator.py
[2026-06-08T13:25:11.339+0000] {processor.py:830} INFO - Processing file /home/airflow/.local/lib/python3.12/site-packages/airflow/example_dags/example_sensor_decorator.py for tasks to queue
[2026-06-08T13:25:11.342+0000] {logging_mixin.py:188} INFO - [2026-06-08T13:25:11.341+0000] {dagbag.py:545} INFO - Filling up the DagBag from /home/airflow/.local/lib/python3.12/site-packages/airflow/example_dags/example_sensor_decorator.py
[2026-06-08T13:25:11.347+0000] {processor.py:840} INFO - DAG(s) 'example_sensor_decorator' retrieved from /home/airflow/.local/lib/python3.12/site-packages/airflow/example_dags/example_sensor_decorator.py
[2026-06-08T13:25:11.370+0000] {logging_mixin.py:188} INFO - [2026-06-08T13:25:11.369+0000] {dag.py:3096} INFO - Sync 1 DAGs
[2026-06-08T13:25:11.384+0000] {logging_mixin.py:188} INFO - [2026-06-08T13:25:11.383+0000] {dag.py:3954} INFO - Setting next_dagrun for example_sensor_decorator to None, run_after=None
[2026-06-08T13:25:11.407+0000] {processor.py:183} INFO - Processing /home/airflow/.local/lib/python3.12/site-packages/airflow/example_dags/example_sensor_decorator.py took 0.074 seconds
[2026-06-08T13:25:41.549+0000] {processor.py:161} INFO - Started process (PID=93900) to work on /home/airflow/.local/lib/python3.12/site-packages/airflow/example_dags/example_sensor_decorator.py
[2026-06-08T13:25:41.550+0000] {processor.py:830} INFO - Processing file /home/airflow/.local/lib/python3.12/site-packages/airflow/example_dags/example_sensor_decorator.py for tasks to queue
[2026-06-08T13:25:41.553+0000] {logging_mixin.py:188} INFO - [2026-06-08T13:25:41.552+0000] {dagbag.py:545} INFO - Filling up the DagBag from /home/airflow/.local/lib/python3.12/site-packages/airflow/example_dags/example_sensor_decorator.py
[2026-06-08T13:25:41.560+0000] {processor.py:840} INFO - DAG(s) 'example_sensor_decorator' retrieved from /home/airflow/.local/lib/python3.12/site-packages/airflow/example_dags/example_sensor_decorator.py
[2026-06-08T13:25:41.584+0000] {logging_mixin.py:188} INFO - [2026-06-08T13:25:41.583+0000] {dag.py:3096} INFO - Sync 1 DAGs
[2026-06-08T13:25:41.599+0000] {logging_mixin.py:188} INFO - [2026-06-08T13:25:41.599+0000] {dag.py:3954} INFO - Setting next_dagrun for example_sensor_decorator to None, run_after=None
[2026-06-08T13:25:41.624+0000] {processor.py:183} INFO - Processing /home/airflow/.local/lib/python3.12/site-packages/airflow/example_dags/example_sensor_decorator.py took 0.082 seconds
[2026-06-08T13:26:11.943+0000] {processor.py:161} INFO - Started process (PID=94162) to work on /home/airflow/.local/lib/python3.12/site-packages/airflow/example_dags/example_sensor_decorator.py
[2026-06-08T13:26:11.944+0000] {processor.py:830} INFO - Processing file /home/airflow/.local/lib/python3.12/site-packages/airflow/example_dags/example_sensor_decorator.py for tasks to queue
[2026-06-08T13:26:11.948+0000] {logging_mixin.py:188} INFO - [2026-06-08T13:26:11.948+0000] {dagbag.py:545} INFO - Filling up the DagBag from /home/airflow/.local/lib/python3.12/site-packages/airflow/example_dags/example_sensor_decorator.py
[2026-06-08T13:26:11.956+0000] {processor.py:840} INFO - DAG(s) 'example_sensor_decorator' retrieved from /home/airflow/.local/lib/python3.12/site-packages/airflow/example_dags/example_sensor_decorator.py
[2026-06-08T13:26:11.990+0000] {logging_mixin.py:188} INFO - [2026-06-08T13:26:11.990+0000] {dag.py:3096} INFO - Sync 1 DAGs
[2026-06-08T13:26:12.008+0000] {logging_mixin.py:188} INFO - [2026-06-08T13:26:12.008+0000] {dag.py:3954} INFO - Setting next_dagrun for example_sensor_decorator to None, run_after=None
[2026-06-08T13:26:12.047+0000] {processor.py:183} INFO - Processing /home/airflow/.local/lib/python3.12/site-packages/airflow/example_dags/example_sensor_decorator.py took 0.113 seconds
[2026-06-08T13:26:42.121+0000] {processor.py:161} INFO - Started process (PID=94424) to work on /home/airflow/.local/lib/python3.12/site-packages/airflow/example_dags/example_sensor_decorator.py
[2026-06-08T13:26:42.123+0000] {processor.py:830} INFO - Processing file /home/airflow/.local/lib/python3.12/site-packages/airflow/example_dags/example_sensor_decorator.py for tasks to queue
[2026-06-08T13:26:42.125+0000] {logging_mixin.py:188} INFO - [2026-06-08T13:26:42.125+0000] {dagbag.py:545} INFO - Filling up the DagBag from /home/airflow/.local/lib/python3.12/site-packages/airflow/example_dags/example_sensor_decorator.py
[2026-06-08T13:26:42.132+0000] {processor.py:840} INFO - DAG(s) 'example_sensor_decorator' retrieved from /home/airflow/.local/lib/python3.12/site-packages/airflow/example_dags/example_sensor_decorator.py
[2026-06-08T13:26:42.156+0000] {logging_mixin.py:188} INFO - [2026-06-08T13:26:42.156+0000] {dag.py:3096} INFO - Sync 1 DAGs
[2026-06-08T13:26:42.170+0000] {logging_mixin.py:188} INFO - [2026-06-08T13:26:42.170+0000] {dag.py:3954} INFO - Setting next_dagrun for example_sensor_decorator to None, run_after=None
[2026-06-08T13:26:42.198+0000] {processor.py:183} INFO - Processing /home/airflow/.local/lib/python3.12/site-packages/airflow/example_dags/example_sensor_decorator.py took 0.083 seconds
[2026-06-08T13:27:12.477+0000] {processor.py:161} INFO - Started process (PID=94686) to work on /home/airflow/.local/lib/python3.12/site-packages/airflow/example_dags/example_sensor_decorator.py
[2026-06-08T13:27:12.478+0000] {processor.py:830} INFO - Processing file /home/airflow/.local/lib/python3.12/site-packages/airflow/example_dags/example_sensor_decorator.py for tasks to queue
[2026-06-08T13:27:12.480+0000] {logging_mixin.py:188} INFO - [2026-06-08T13:27:12.480+0000] {dagbag.py:545} INFO - Filling up the DagBag from /home/airflow/.local/lib/python3.12/site-packages/airflow/example_dags/example_sensor_decorator.py
[2026-06-08T13:27:12.486+0000] {processor.py:840} INFO - DAG(s) 'example_sensor_decorator' retrieved from /home/airflow/.local/lib/python3.12/site-packages/airflow/example_dags/example_sensor_decorator.py
[2026-06-08T13:27:12.512+0000] {logging_mixin.py:188} INFO - [2026-06-08T13:27:12.512+0000] {dag.py:3096} INFO - Sync 1 DAGs
[2026-06-08T13:27:12.528+0000] {logging_mixin.py:188} INFO - [2026-06-08T13:27:12.528+0000] {dag.py:3954} INFO - Setting next_dagrun for example_sensor_decorator to None, run_after=None
[2026-06-08T13:27:12.552+0000] {processor.py:183} INFO - Processing /home/airflow/.local/lib/python3.12/site-packages/airflow/example_dags/example_sensor_decorator.py took 0.081 seconds
[2026-06-08T13:27:43.089+0000] {processor.py:161} INFO - Started process (PID=94948) to work on /home/airflow/.local/lib/python3.12/site-packages/airflow/example_dags/example_sensor_decorator.py
[2026-06-08T13:27:43.091+0000] {processor.py:830} INFO - Processing file /home/airflow/.local/lib/python3.12/site-packages/airflow/example_dags/example_sensor_decorator.py for tasks to queue
[2026-06-08T13:27:43.093+0000] {logging_mixin.py:188} INFO - [2026-06-08T13:27:43.093+0000] {dagbag.py:545} INFO - Filling up the DagBag from /home/airflow/.local/lib/python3.12/site-packages/airflow/example_dags/example_sensor_decorator.py
[2026-06-08T13:27:43.101+0000] {processor.py:840} INFO - DAG(s) 'example_sensor_decorator' retrieved from /home/airflow/.local/lib/python3.12/site-packages/airflow/example_dags/example_sensor_decorator.py
[2026-06-08T13:27:43.127+0000] {logging_mixin.py:188} INFO - [2026-06-08T13:27:43.127+0000] {dag.py:3096} INFO - Sync 1 DAGs
[2026-06-08T13:27:43.143+0000] {logging_mixin.py:188} INFO - [2026-06-08T13:27:43.142+0000] {dag.py:3954} INFO - Setting next_dagrun for example_sensor_decorator to None, run_after=None
[2026-06-08T13:27:43.173+0000] {processor.py:183} INFO - Processing /home/airflow/.local/lib/python3.12/site-packages/airflow/example_dags/example_sensor_decorator.py took 0.090 seconds
[2026-06-08T13:28:13.373+0000] {processor.py:161} INFO - Started process (PID=95210) to work on /home/airflow/.local/lib/python3.12/site-packages/airflow/example_dags/example_sensor_decorator.py
[2026-06-08T13:28:13.374+0000] {processor.py:830} INFO - Processing file /home/airflow/.local/lib/python3.12/site-packages/airflow/example_dags/example_sensor_decorator.py for tasks to queue
[2026-06-08T13:28:13.376+0000] {logging_mixin.py:188} INFO - [2026-06-08T13:28:13.376+0000] {dagbag.py:545} INFO - Filling up the DagBag from /home/airflow/.local/lib/python3.12/site-packages/airflow/example_dags/example_sensor_decorator.py
[2026-06-08T13:28:13.383+0000] {processor.py:840} INFO - DAG(s) 'example_sensor_decorator' retrieved from /home/airflow/.local/lib/python3.12/site-packages/airflow/example_dags/example_sensor_decorator.py
[2026-06-08T13:28:13.409+0000] {logging_mixin.py:188} INFO - [2026-06-08T13:28:13.408+0000] {dag.py:3096} INFO - Sync 1 DAGs
[2026-06-08T13:28:13.424+0000] {logging_mixin.py:188} INFO - [2026-06-08T13:28:13.424+0000] {dag.py:3954} INFO - Setting next_dagrun for example_sensor_decorator to None, run_after=None
[2026-06-08T13:28:13.453+0000] {processor.py:183} INFO - Processing /home/airflow/.local/lib/python3.12/site-packages/airflow/example_dags/example_sensor_decorator.py took 0.087 seconds
[2026-06-08T13:28:43.890+0000] {processor.py:161} INFO - Started process (PID=95472) to work on /home/airflow/.local/lib/python3.12/site-packages/airflow/example_dags/example_sensor_decorator.py
[2026-06-08T13:28:43.891+0000] {processor.py:830} INFO - Processing file /home/airflow/.local/lib/python3.12/site-packages/airflow/example_dags/example_sensor_decorator.py for tasks to queue
[2026-06-08T13:28:43.894+0000] {logging_mixin.py:188} INFO - [2026-06-08T13:28:43.894+0000] {dagbag.py:545} INFO - Filling up the DagBag from /home/airflow/.local/lib/python3.12/site-packages/airflow/example_dags/example_sensor_decorator.py
[2026-06-08T13:28:43.902+0000] {processor.py:840} INFO - DAG(s) 'example_sensor_decorator' retrieved from /home/airflow/.local/lib/python3.12/site-packages/airflow/example_dags/example_sensor_decorator.py
[2026-06-08T13:28:43.927+0000] {logging_mixin.py:188} INFO - [2026-06-08T13:28:43.926+0000] {dag.py:3096} INFO - Sync 1 DAGs
[2026-06-08T13:28:43.945+0000] {logging_mixin.py:188} INFO - [2026-06-08T13:28:43.944+0000] {dag.py:3954} INFO - Setting next_dagrun for example_sensor_decorator to None, run_after=None
[2026-06-08T13:28:43.981+0000] {processor.py:183} INFO - Processing /home/airflow/.local/lib/python3.12/site-packages/airflow/example_dags/example_sensor_decorator.py took 0.099 seconds
[2026-06-08T13:29:13.990+0000] {processor.py:161} INFO - Started process (PID=95734) to work on /home/airflow/.local/lib/python3.12/site-packages/airflow/example_dags/example_sensor_decorator.py
[2026-06-08T13:29:13.991+0000] {processor.py:830} INFO - Processing file /home/airflow/.local/lib/python3.12/site-packages/airflow/example_dags/example_sensor_decorator.py for tasks to queue
[2026-06-08T13:29:13.994+0000] {logging_mixin.py:188} INFO - [2026-06-08T13:29:13.994+0000] {dagbag.py:545} INFO - Filling up the DagBag from /home/airflow/.local/lib/python3.12/site-packages/airflow/example_dags/example_sensor_decorator.py
[2026-06-08T13:29:14.001+0000] {processor.py:840} INFO - DAG(s) 'example_sensor_decorator' retrieved from /home/airflow/.local/lib/python3.12/site-packages/airflow/example_dags/example_sensor_decorator.py
[2026-06-08T13:29:14.025+0000] {logging_mixin.py:188} INFO - [2026-06-08T13:29:14.025+0000] {dag.py:3096} INFO - Sync 1 DAGs
[2026-06-08T13:29:14.043+0000] {logging_mixin.py:188} INFO - [2026-06-08T13:29:14.042+0000] {dag.py:3954} INFO - Setting next_dagrun for example_sensor_decorator to None, run_after=None
[2026-06-08T13:29:14.069+0000] {processor.py:183} INFO - Processing /home/airflow/.local/lib/python3.12/site-packages/airflow/example_dags/example_sensor_decorator.py took 0.086 seconds
[2026-06-08T13:29:45.103+0000] {processor.py:161} INFO - Started process (PID=95991) to work on /home/airflow/.local/lib/python3.12/site-packages/airflow/example_dags/example_sensor_decorator.py
[2026-06-08T13:29:45.106+0000] {processor.py:830} INFO - Processing file /home/airflow/.local/lib/python3.12/site-packages/airflow/example_dags/example_sensor_decorator.py for tasks to queue
[2026-06-08T13:29:45.110+0000] {logging_mixin.py:188} INFO - [2026-06-08T13:29:45.109+0000] {dagbag.py:545} INFO - Filling up the DagBag from /home/airflow/.local/lib/python3.12/site-packages/airflow/example_dags/example_sensor_decorator.py
[2026-06-08T13:29:45.128+0000] {processor.py:840} INFO - DAG(s) 'example_sensor_decorator' retrieved from /home/airflow/.local/lib/python3.12/site-packages/airflow/example_dags/example_sensor_decorator.py
[2026-06-08T13:29:45.188+0000] {logging_mixin.py:188} INFO - [2026-06-08T13:29:45.188+0000] {dag.py:3096} INFO - Sync 1 DAGs
[2026-06-08T13:29:45.227+0000] {logging_mixin.py:188} INFO - [2026-06-08T13:29:45.227+0000] {dag.py:3954} INFO - Setting next_dagrun for example_sensor_decorator to None, run_after=None
[2026-06-08T13:29:45.303+0000] {processor.py:183} INFO - Processing /home/airflow/.local/lib/python3.12/site-packages/airflow/example_dags/example_sensor_decorator.py took 0.211 seconds
[2026-06-08T13:30:15.861+0000] {processor.py:161} INFO - Started process (PID=96255) to work on /home/airflow/.local/lib/python3.12/site-packages/airflow/example_dags/example_sensor_decorator.py
[2026-06-08T13:30:15.865+0000] {processor.py:830} INFO - Processing file /home/airflow/.local/lib/python3.12/site-packages/airflow/example_dags/example_sensor_decorator.py for tasks to queue
[2026-06-08T13:30:15.882+0000] {logging_mixin.py:188} INFO - [2026-06-08T13:30:15.882+0000] {dagbag.py:545} INFO - Filling up the DagBag from /home/airflow/.local/lib/python3.12/site-packages/airflow/example_dags/example_sensor_decorator.py
[2026-06-08T13:30:15.908+0000] {processor.py:840} INFO - DAG(s) 'example_sensor_decorator' retrieved from /home/airflow/.local/lib/python3.12/site-packages/airflow/example_dags/example_sensor_decorator.py
[2026-06-08T13:30:15.933+0000] {logging_mixin.py:188} INFO - [2026-06-08T13:30:15.933+0000] {dag.py:3096} INFO - Sync 1 DAGs
[2026-06-08T13:30:15.949+0000] {logging_mixin.py:188} INFO - [2026-06-08T13:30:15.949+0000] {dag.py:3954} INFO - Setting next_dagrun for example_sensor_decorator to None, run_after=None
[2026-06-08T13:30:15.977+0000] {processor.py:183} INFO - Processing /home/airflow/.local/lib/python3.12/site-packages/airflow/example_dags/example_sensor_decorator.py took 0.121 seconds
[2026-06-08T13:30:46.290+0000] {processor.py:161} INFO - Started process (PID=96515) to work on /home/airflow/.local/lib/python3.12/site-packages/airflow/example_dags/example_sensor_decorator.py
[2026-06-08T13:30:46.292+0000] {processor.py:830} INFO - Processing file /home/airflow/.local/lib/python3.12/site-packages/airflow/example_dags/example_sensor_decorator.py for tasks to queue
[2026-06-08T13:30:46.294+0000] {logging_mixin.py:188} INFO - [2026-06-08T13:30:46.293+0000] {dagbag.py:545} INFO - Filling up the DagBag from /home/airflow/.local/lib/python3.12/site-packages/airflow/example_dags/example_sensor_decorator.py
[2026-06-08T13:30:46.299+0000] {processor.py:840} INFO - DAG(s) 'example_sensor_decorator' retrieved from /home/airflow/.local/lib/python3.12/site-packages/airflow/example_dags/example_sensor_decorator.py
[2026-06-08T13:30:46.323+0000] {logging_mixin.py:188} INFO - [2026-06-08T13:30:46.322+0000] {dag.py:3096} INFO - Sync 1 DAGs
[2026-06-08T13:30:46.335+0000] {logging_mixin.py:188} INFO - [2026-06-08T13:30:46.335+0000] {dag.py:3954} INFO - Setting next_dagrun for example_sensor_decorator to None, run_after=None
[2026-06-08T13:30:46.356+0000] {processor.py:183} INFO - Processing /home/airflow/.local/lib/python3.12/site-packages/airflow/example_dags/example_sensor_decorator.py took 0.071 seconds
[2026-06-08T13:31:16.438+0000] {processor.py:161} INFO - Started process (PID=96777) to work on /home/airflow/.local/lib/python3.12/site-packages/airflow/example_dags/example_sensor_decorator.py
[2026-06-08T13:31:16.440+0000] {processor.py:830} INFO - Processing file /home/airflow/.local/lib/python3.12/site-packages/airflow/example_dags/example_sensor_decorator.py for tasks to queue
[2026-06-08T13:31:16.441+0000] {logging_mixin.py:188} INFO - [2026-06-08T13:31:16.441+0000] {dagbag.py:545} INFO - Filling up the DagBag from /home/airflow/.local/lib/python3.12/site-packages/airflow/example_dags/example_sensor_decorator.py
[2026-06-08T13:31:16.448+0000] {processor.py:840} INFO - DAG(s) 'example_sensor_decorator' retrieved from /home/airflow/.local/lib/python3.12/site-packages/airflow/example_dags/example_sensor_decorator.py
[2026-06-08T13:31:16.471+0000] {logging_mixin.py:188} INFO - [2026-06-08T13:31:16.471+0000] {dag.py:3096} INFO - Sync 1 DAGs
[2026-06-08T13:31:16.484+0000] {logging_mixin.py:188} INFO - [2026-06-08T13:31:16.483+0000] {dag.py:3954} INFO - Setting next_dagrun for example_sensor_decorator to None, run_after=None
[2026-06-08T13:31:16.512+0000] {processor.py:183} INFO - Processing /home/airflow/.local/lib/python3.12/site-packages/airflow/example_dags/example_sensor_decorator.py took 0.080 seconds
[2026-06-08T13:31:46.775+0000] {processor.py:161} INFO - Started process (PID=97050) to work on /home/airflow/.local/lib/python3.12/site-packages/airflow/example_dags/example_sensor_decorator.py
[2026-06-08T13:31:46.776+0000] {processor.py:830} INFO - Processing file /home/airflow/.local/lib/python3.12/site-packages/airflow/example_dags/example_sensor_decorator.py for tasks to queue
[2026-06-08T13:31:46.777+0000] {logging_mixin.py:188} INFO - [2026-06-08T13:31:46.777+0000] {dagbag.py:545} INFO - Filling up the DagBag from /home/airflow/.local/lib/python3.12/site-packages/airflow/example_dags/example_sensor_decorator.py
[2026-06-08T13:31:46.783+0000] {processor.py:840} INFO - DAG(s) 'example_sensor_decorator' retrieved from /home/airflow/.local/lib/python3.12/site-packages/airflow/example_dags/example_sensor_decorator.py
[2026-06-08T13:31:46.804+0000] {logging_mixin.py:188} INFO - [2026-06-08T13:31:46.803+0000] {dag.py:3096} INFO - Sync 1 DAGs
[2026-06-08T13:31:46.816+0000] {logging_mixin.py:188} INFO - [2026-06-08T13:31:46.816+0000] {dag.py:3954} INFO - Setting next_dagrun for example_sensor_decorator to None, run_after=None
[2026-06-08T13:31:46.840+0000] {processor.py:183} INFO - Processing /home/airflow/.local/lib/python3.12/site-packages/airflow/example_dags/example_sensor_decorator.py took 0.071 seconds
[2026-06-08T13:32:17.137+0000] {processor.py:161} INFO - Started process (PID=97312) to work on /home/airflow/.local/lib/python3.12/site-packages/airflow/example_dags/example_sensor_decorator.py
[2026-06-08T13:32:17.138+0000] {processor.py:830} INFO - Processing file /home/airflow/.local/lib/python3.12/site-packages/airflow/example_dags/example_sensor_decorator.py for tasks to queue
[2026-06-08T13:32:17.140+0000] {logging_mixin.py:188} INFO - [2026-06-08T13:32:17.140+0000] {dagbag.py:545} INFO - Filling up the DagBag from /home/airflow/.local/lib/python3.12/site-packages/airflow/example_dags/example_sensor_decorator.py
[2026-06-08T13:32:17.146+0000] {processor.py:840} INFO - DAG(s) 'example_sensor_decorator' retrieved from /home/airflow/.local/lib/python3.12/site-packages/airflow/example_dags/example_sensor_decorator.py
[2026-06-08T13:32:17.166+0000] {logging_mixin.py:188} INFO - [2026-06-08T13:32:17.166+0000] {dag.py:3096} INFO - Sync 1 DAGs
[2026-06-08T13:32:17.177+0000] {logging_mixin.py:188} INFO - [2026-06-08T13:32:17.177+0000] {dag.py:3954} INFO - Setting next_dagrun for example_sensor_decorator to None, run_after=None
[2026-06-08T13:32:17.204+0000] {processor.py:183} INFO - Processing /home/airflow/.local/lib/python3.12/site-packages/airflow/example_dags/example_sensor_decorator.py took 0.075 seconds
[2026-06-08T13:32:47.527+0000] {processor.py:161} INFO - Started process (PID=97574) to work on /home/airflow/.local/lib/python3.12/site-packages/airflow/example_dags/example_sensor_decorator.py
[2026-06-08T13:32:47.528+0000] {processor.py:830} INFO - Processing file /home/airflow/.local/lib/python3.12/site-packages/airflow/example_dags/example_sensor_decorator.py for tasks to queue
[2026-06-08T13:32:47.530+0000] {logging_mixin.py:188} INFO - [2026-06-08T13:32:47.530+0000] {dagbag.py:545} INFO - Filling up the DagBag from /home/airflow/.local/lib/python3.12/site-packages/airflow/example_dags/example_sensor_decorator.py
[2026-06-08T13:32:47.536+0000] {processor.py:840} INFO - DAG(s) 'example_sensor_decorator' retrieved from /home/airflow/.local/lib/python3.12/site-packages/airflow/example_dags/example_sensor_decorator.py
[2026-06-08T13:32:47.556+0000] {logging_mixin.py:188} INFO - [2026-06-08T13:32:47.556+0000] {dag.py:3096} INFO - Sync 1 DAGs
[2026-06-08T13:32:47.569+0000] {logging_mixin.py:188} INFO - [2026-06-08T13:32:47.568+0000] {dag.py:3954} INFO - Setting next_dagrun for example_sensor_decorator to None, run_after=None
[2026-06-08T13:32:47.590+0000] {processor.py:183} INFO - Processing /home/airflow/.local/lib/python3.12/site-packages/airflow/example_dags/example_sensor_decorator.py took 0.069 seconds
[2026-06-08T13:33:17.967+0000] {processor.py:161} INFO - Started process (PID=97836) to work on /home/airflow/.local/lib/python3.12/site-packages/airflow/example_dags/example_sensor_decorator.py
[2026-06-08T13:33:17.968+0000] {processor.py:830} INFO - Processing file /home/airflow/.local/lib/python3.12/site-packages/airflow/example_dags/example_sensor_decorator.py for tasks to queue
[2026-06-08T13:33:17.969+0000] {logging_mixin.py:188} INFO - [2026-06-08T13:33:17.969+0000] {dagbag.py:545} INFO - Filling up the DagBag from /home/airflow/.local/lib/python3.12/site-packages/airflow/example_dags/example_sensor_decorator.py
[2026-06-08T13:33:17.974+0000] {processor.py:840} INFO - DAG(s) 'example_sensor_decorator' retrieved from /home/airflow/.local/lib/python3.12/site-packages/airflow/example_dags/example_sensor_decorator.py
[2026-06-08T13:33:17.998+0000] {logging_mixin.py:188} INFO - [2026-06-08T13:33:17.998+0000] {dag.py:3096} INFO - Sync 1 DAGs
[2026-06-08T13:33:18.017+0000] {logging_mixin.py:188} INFO - [2026-06-08T13:33:18.016+0000] {dag.py:3954} INFO - Setting next_dagrun for example_sensor_decorator to None, run_after=None
[2026-06-08T13:33:18.040+0000] {processor.py:183} INFO - Processing /home/airflow/.local/lib/python3.12/site-packages/airflow/example_dags/example_sensor_decorator.py took 0.078 seconds
[2026-06-08T13:33:48.861+0000] {processor.py:161} INFO - Started process (PID=98098) to work on /home/airflow/.local/lib/python3.12/site-packages/airflow/example_dags/example_sensor_decorator.py
[2026-06-08T13:33:48.862+0000] {processor.py:830} INFO - Processing file /home/airflow/.local/lib/python3.12/site-packages/airflow/example_dags/example_sensor_decorator.py for tasks to queue
[2026-06-08T13:33:48.863+0000] {logging_mixin.py:188} INFO - [2026-06-08T13:33:48.863+0000] {dagbag.py:545} INFO - Filling up the DagBag from /home/airflow/.local/lib/python3.12/site-packages/airflow/example_dags/example_sensor_decorator.py
[2026-06-08T13:33:48.869+0000] {processor.py:840} INFO - DAG(s) 'example_sensor_decorator' retrieved from /home/airflow/.local/lib/python3.12/site-packages/airflow/example_dags/example_sensor_decorator.py
[2026-06-08T13:33:48.891+0000] {logging_mixin.py:188} INFO - [2026-06-08T13:33:48.891+0000] {dag.py:3096} INFO - Sync 1 DAGs
[2026-06-08T13:33:48.905+0000] {logging_mixin.py:188} INFO - [2026-06-08T13:33:48.904+0000] {dag.py:3954} INFO - Setting next_dagrun for example_sensor_decorator to None, run_after=None
[2026-06-08T13:33:48.924+0000] {processor.py:183} INFO - Processing /home/airflow/.local/lib/python3.12/site-packages/airflow/example_dags/example_sensor_decorator.py took 0.069 seconds
[2026-06-08T13:34:19.147+0000] {processor.py:161} INFO - Started process (PID=98360) to work on /home/airflow/.local/lib/python3.12/site-packages/airflow/example_dags/example_sensor_decorator.py
[2026-06-08T13:34:19.149+0000] {processor.py:830} INFO - Processing file /home/airflow/.local/lib/python3.12/site-packages/airflow/example_dags/example_sensor_decorator.py for tasks to queue
[2026-06-08T13:34:19.150+0000] {logging_mixin.py:188} INFO - [2026-06-08T13:34:19.150+0000] {dagbag.py:545} INFO - Filling up the DagBag from /home/airflow/.local/lib/python3.12/site-packages/airflow/example_dags/example_sensor_decorator.py
[2026-06-08T13:34:19.156+0000] {processor.py:840} INFO - DAG(s) 'example_sensor_decorator' retrieved from /home/airflow/.local/lib/python3.12/site-packages/airflow/example_dags/example_sensor_decorator.py
[2026-06-08T13:34:19.177+0000] {logging_mixin.py:188} INFO - [2026-06-08T13:34:19.177+0000] {dag.py:3096} INFO - Sync 1 DAGs
[2026-06-08T13:34:19.192+0000] {logging_mixin.py:188} INFO - [2026-06-08T13:34:19.191+0000] {dag.py:3954} INFO - Setting next_dagrun for example_sensor_decorator to None, run_after=None
[2026-06-08T13:34:19.214+0000] {processor.py:183} INFO - Processing /home/airflow/.local/lib/python3.12/site-packages/airflow/example_dags/example_sensor_decorator.py took 0.072 seconds
[2026-06-08T13:34:49.364+0000] {processor.py:161} INFO - Started process (PID=98622) to work on /home/airflow/.local/lib/python3.12/site-packages/airflow/example_dags/example_sensor_decorator.py
[2026-06-08T13:34:49.365+0000] {processor.py:830} INFO - Processing file /home/airflow/.local/lib/python3.12/site-packages/airflow/example_dags/example_sensor_decorator.py for tasks to queue
[2026-06-08T13:34:49.368+0000] {logging_mixin.py:188} INFO - [2026-06-08T13:34:49.367+0000] {dagbag.py:545} INFO - Filling up the DagBag from /home/airflow/.local/lib/python3.12/site-packages/airflow/example_dags/example_sensor_decorator.py
[2026-06-08T13:34:49.374+0000] {processor.py:840} INFO - DAG(s) 'example_sensor_decorator' retrieved from /home/airflow/.local/lib/python3.12/site-packages/airflow/example_dags/example_sensor_decorator.py
[2026-06-08T13:34:49.394+0000] {logging_mixin.py:188} INFO - [2026-06-08T13:34:49.394+0000] {dag.py:3096} INFO - Sync 1 DAGs
[2026-06-08T13:34:49.408+0000] {logging_mixin.py:188} INFO - [2026-06-08T13:34:49.408+0000] {dag.py:3954} INFO - Setting next_dagrun for example_sensor_decorator to None, run_after=None
[2026-06-08T13:34:49.430+0000] {processor.py:183} INFO - Processing /home/airflow/.local/lib/python3.12/site-packages/airflow/example_dags/example_sensor_decorator.py took 0.072 seconds
[2026-06-08T13:35:19.624+0000] {processor.py:161} INFO - Started process (PID=98884) to work on /home/airflow/.local/lib/python3.12/site-packages/airflow/example_dags/example_sensor_decorator.py
[2026-06-08T13:35:19.625+0000] {processor.py:830} INFO - Processing file /home/airflow/.local/lib/python3.12/site-packages/airflow/example_dags/example_sensor_decorator.py for tasks to queue
[2026-06-08T13:35:19.627+0000] {logging_mixin.py:188} INFO - [2026-06-08T13:35:19.627+0000] {dagbag.py:545} INFO - Filling up the DagBag from /home/airflow/.local/lib/python3.12/site-packages/airflow/example_dags/example_sensor_decorator.py
[2026-06-08T13:35:19.633+0000] {processor.py:840} INFO - DAG(s) 'example_sensor_decorator' retrieved from /home/airflow/.local/lib/python3.12/site-packages/airflow/example_dags/example_sensor_decorator.py
[2026-06-08T13:35:19.655+0000] {logging_mixin.py:188} INFO - [2026-06-08T13:35:19.655+0000] {dag.py:3096} INFO - Sync 1 DAGs
[2026-06-08T13:35:19.669+0000] {logging_mixin.py:188} INFO - [2026-06-08T13:35:19.669+0000] {dag.py:3954} INFO - Setting next_dagrun for example_sensor_decorator to None, run_after=None
[2026-06-08T13:35:19.691+0000] {processor.py:183} INFO - Processing /home/airflow/.local/lib/python3.12/site-packages/airflow/example_dags/example_sensor_decorator.py took 0.073 seconds
[2026-06-08T13:35:50.071+0000] {processor.py:161} INFO - Started process (PID=99146) to work on /home/airflow/.local/lib/python3.12/site-packages/airflow/example_dags/example_sensor_decorator.py
[2026-06-08T13:35:50.072+0000] {processor.py:830} INFO - Processing file /home/airflow/.local/lib/python3.12/site-packages/airflow/example_dags/example_sensor_decorator.py for tasks to queue
[2026-06-08T13:35:50.074+0000] {logging_mixin.py:188} INFO - [2026-06-08T13:35:50.074+0000] {dagbag.py:545} INFO - Filling up the DagBag from /home/airflow/.local/lib/python3.12/site-packages/airflow/example_dags/example_sensor_decorator.py
[2026-06-08T13:35:50.080+0000] {processor.py:840} INFO - DAG(s) 'example_sensor_decorator' retrieved from /home/airflow/.local/lib/python3.12/site-packages/airflow/example_dags/example_sensor_decorator.py
[2026-06-08T13:35:50.102+0000] {logging_mixin.py:188} INFO - [2026-06-08T13:35:50.102+0000] {dag.py:3096} INFO - Sync 1 DAGs
[2026-06-08T13:35:50.114+0000] {logging_mixin.py:188} INFO - [2026-06-08T13:35:50.114+0000] {dag.py:3954} INFO - Setting next_dagrun for example_sensor_decorator to None, run_after=None
[2026-06-08T13:35:50.136+0000] {processor.py:183} INFO - Processing /home/airflow/.local/lib/python3.12/site-packages/airflow/example_dags/example_sensor_decorator.py took 0.069 seconds
[2026-06-08T13:36:20.622+0000] {processor.py:161} INFO - Started process (PID=99410) to work on /home/airflow/.local/lib/python3.12/site-packages/airflow/example_dags/example_sensor_decorator.py
[2026-06-08T13:36:20.623+0000] {processor.py:830} INFO - Processing file /home/airflow/.local/lib/python3.12/site-packages/airflow/example_dags/example_sensor_decorator.py for tasks to queue
[2026-06-08T13:36:20.625+0000] {logging_mixin.py:188} INFO - [2026-06-08T13:36:20.624+0000] {dagbag.py:545} INFO - Filling up the DagBag from /home/airflow/.local/lib/python3.12/site-packages/airflow/example_dags/example_sensor_decorator.py
[2026-06-08T13:36:20.631+0000] {processor.py:840} INFO - DAG(s) 'example_sensor_decorator' retrieved from /home/airflow/.local/lib/python3.12/site-packages/airflow/example_dags/example_sensor_decorator.py
[2026-06-08T13:36:20.650+0000] {logging_mixin.py:188} INFO - [2026-06-08T13:36:20.650+0000] {dag.py:3096} INFO - Sync 1 DAGs
[2026-06-08T13:36:20.663+0000] {logging_mixin.py:188} INFO - [2026-06-08T13:36:20.663+0000] {dag.py:3954} INFO - Setting next_dagrun for example_sensor_decorator to None, run_after=None
[2026-06-08T13:36:20.690+0000] {processor.py:183} INFO - Processing /home/airflow/.local/lib/python3.12/site-packages/airflow/example_dags/example_sensor_decorator.py took 0.074 seconds
[2026-06-08T13:36:50.797+0000] {processor.py:161} INFO - Started process (PID=99670) to work on /home/airflow/.local/lib/python3.12/site-packages/airflow/example_dags/example_sensor_decorator.py
[2026-06-08T13:36:50.798+0000] {processor.py:830} INFO - Processing file /home/airflow/.local/lib/python3.12/site-packages/airflow/example_dags/example_sensor_decorator.py for tasks to queue
[2026-06-08T13:36:50.800+0000] {logging_mixin.py:188} INFO - [2026-06-08T13:36:50.800+0000] {dagbag.py:545} INFO - Filling up the DagBag from /home/airflow/.local/lib/python3.12/site-packages/airflow/example_dags/example_sensor_decorator.py
[2026-06-08T13:36:50.806+0000] {processor.py:840} INFO - DAG(s) 'example_sensor_decorator' retrieved from /home/airflow/.local/lib/python3.12/site-packages/airflow/example_dags/example_sensor_decorator.py
[2026-06-08T13:36:50.826+0000] {logging_mixin.py:188} INFO - [2026-06-08T13:36:50.826+0000] {dag.py:3096} INFO - Sync 1 DAGs
[2026-06-08T13:36:50.838+0000] {logging_mixin.py:188} INFO - [2026-06-08T13:36:50.838+0000] {dag.py:3954} INFO - Setting next_dagrun for example_sensor_decorator to None, run_after=None
[2026-06-08T13:36:50.857+0000] {processor.py:183} INFO - Processing /home/airflow/.local/lib/python3.12/site-packages/airflow/example_dags/example_sensor_decorator.py took 0.065 seconds
[2026-06-08T13:37:21.009+0000] {processor.py:161} INFO - Started process (PID=99932) to work on /home/airflow/.local/lib/python3.12/site-packages/airflow/example_dags/example_sensor_decorator.py
[2026-06-08T13:37:21.011+0000] {processor.py:830} INFO - Processing file /home/airflow/.local/lib/python3.12/site-packages/airflow/example_dags/example_sensor_decorator.py for tasks to queue
[2026-06-08T13:37:21.013+0000] {logging_mixin.py:188} INFO - [2026-06-08T13:37:21.012+0000] {dagbag.py:545} INFO - Filling up the DagBag from /home/airflow/.local/lib/python3.12/site-packages/airflow/example_dags/example_sensor_decorator.py
[2026-06-08T13:37:21.018+0000] {processor.py:840} INFO - DAG(s) 'example_sensor_decorator' retrieved from /home/airflow/.local/lib/python3.12/site-packages/airflow/example_dags/example_sensor_decorator.py
[2026-06-08T13:37:21.039+0000] {logging_mixin.py:188} INFO - [2026-06-08T13:37:21.039+0000] {dag.py:3096} INFO - Sync 1 DAGs
[2026-06-08T13:37:21.051+0000] {logging_mixin.py:188} INFO - [2026-06-08T13:37:21.051+0000] {dag.py:3954} INFO - Setting next_dagrun for example_sensor_decorator to None, run_after=None
[2026-06-08T13:37:21.071+0000] {processor.py:183} INFO - Processing /home/airflow/.local/lib/python3.12/site-packages/airflow/example_dags/example_sensor_decorator.py took 0.068 seconds
[2026-06-08T13:37:51.437+0000] {processor.py:161} INFO - Started process (PID=100194) to work on /home/airflow/.local/lib/python3.12/site-packages/airflow/example_dags/example_sensor_decorator.py
[2026-06-08T13:37:51.438+0000] {processor.py:830} INFO - Processing file /home/airflow/.local/lib/python3.12/site-packages/airflow/example_dags/example_sensor_decorator.py for tasks to queue
[2026-06-08T13:37:51.440+0000] {logging_mixin.py:188} INFO - [2026-06-08T13:37:51.440+0000] {dagbag.py:545} INFO - Filling up the DagBag from /home/airflow/.local/lib/python3.12/site-packages/airflow/example_dags/example_sensor_decorator.py
[2026-06-08T13:37:51.445+0000] {processor.py:840} INFO - DAG(s) 'example_sensor_decorator' retrieved from /home/airflow/.local/lib/python3.12/site-packages/airflow/example_dags/example_sensor_decorator.py
[2026-06-08T13:37:51.466+0000] {logging_mixin.py:188} INFO - [2026-06-08T13:37:51.465+0000] {dag.py:3096} INFO - Sync 1 DAGs
[2026-06-08T13:37:51.478+0000] {logging_mixin.py:188} INFO - [2026-06-08T13:37:51.478+0000] {dag.py:3954} INFO - Setting next_dagrun for example_sensor_decorator to None, run_after=None
[2026-06-08T13:37:51.500+0000] {processor.py:183} INFO - Processing /home/airflow/.local/lib/python3.12/site-packages/airflow/example_dags/example_sensor_decorator.py took 0.068 seconds
[2026-06-08T13:38:21.798+0000] {processor.py:161} INFO - Started process (PID=100456) to work on /home/airflow/.local/lib/python3.12/site-packages/airflow/example_dags/example_sensor_decorator.py
[2026-06-08T13:38:21.799+0000] {processor.py:830} INFO - Processing file /home/airflow/.local/lib/python3.12/site-packages/airflow/example_dags/example_sensor_decorator.py for tasks to queue
[2026-06-08T13:38:21.800+0000] {logging_mixin.py:188} INFO - [2026-06-08T13:38:21.800+0000] {dagbag.py:545} INFO - Filling up the DagBag from /home/airflow/.local/lib/python3.12/site-packages/airflow/example_dags/example_sensor_decorator.py
[2026-06-08T13:38:21.807+0000] {processor.py:840} INFO - DAG(s) 'example_sensor_decorator' retrieved from /home/airflow/.local/lib/python3.12/site-packages/airflow/example_dags/example_sensor_decorator.py
[2026-06-08T13:38:21.832+0000] {logging_mixin.py:188} INFO - [2026-06-08T13:38:21.831+0000] {dag.py:3096} INFO - Sync 1 DAGs
[2026-06-08T13:38:21.848+0000] {logging_mixin.py:188} INFO - [2026-06-08T13:38:21.848+0000] {dag.py:3954} INFO - Setting next_dagrun for example_sensor_decorator to None, run_after=None
[2026-06-08T13:38:21.877+0000] {processor.py:183} INFO - Processing /home/airflow/.local/lib/python3.12/site-packages/airflow/example_dags/example_sensor_decorator.py took 0.085 seconds
[2026-06-08T13:38:52.113+0000] {processor.py:161} INFO - Started process (PID=100718) to work on /home/airflow/.local/lib/python3.12/site-packages/airflow/example_dags/example_sensor_decorator.py
[2026-06-08T13:38:52.114+0000] {processor.py:830} INFO - Processing file /home/airflow/.local/lib/python3.12/site-packages/airflow/example_dags/example_sensor_decorator.py for tasks to queue
[2026-06-08T13:38:52.117+0000] {logging_mixin.py:188} INFO - [2026-06-08T13:38:52.116+0000] {dagbag.py:545} INFO - Filling up the DagBag from /home/airflow/.local/lib/python3.12/site-packages/airflow/example_dags/example_sensor_decorator.py
[2026-06-08T13:38:52.122+0000] {processor.py:840} INFO - DAG(s) 'example_sensor_decorator' retrieved from /home/airflow/.local/lib/python3.12/site-packages/airflow/example_dags/example_sensor_decorator.py
[2026-06-08T13:38:52.144+0000] {logging_mixin.py:188} INFO - [2026-06-08T13:38:52.144+0000] {dag.py:3096} INFO - Sync 1 DAGs
[2026-06-08T13:38:52.157+0000] {logging_mixin.py:188} INFO - [2026-06-08T13:38:52.157+0000] {dag.py:3954} INFO - Setting next_dagrun for example_sensor_decorator to None, run_after=None
[2026-06-08T13:38:52.183+0000] {processor.py:183} INFO - Processing /home/airflow/.local/lib/python3.12/site-packages/airflow/example_dags/example_sensor_decorator.py took 0.075 seconds
[2026-06-08T13:39:22.325+0000] {processor.py:161} INFO - Started process (PID=100980) to work on /home/airflow/.local/lib/python3.12/site-packages/airflow/example_dags/example_sensor_decorator.py
[2026-06-08T13:39:22.326+0000] {processor.py:830} INFO - Processing file /home/airflow/.local/lib/python3.12/site-packages/airflow/example_dags/example_sensor_decorator.py for tasks to queue
[2026-06-08T13:39:22.328+0000] {logging_mixin.py:188} INFO - [2026-06-08T13:39:22.328+0000] {dagbag.py:545} INFO - Filling up the DagBag from /home/airflow/.local/lib/python3.12/site-packages/airflow/example_dags/example_sensor_decorator.py
[2026-06-08T13:39:22.334+0000] {processor.py:840} INFO - DAG(s) 'example_sensor_decorator' retrieved from /home/airflow/.local/lib/python3.12/site-packages/airflow/example_dags/example_sensor_decorator.py
[2026-06-08T13:39:22.353+0000] {logging_mixin.py:188} INFO - [2026-06-08T13:39:22.353+0000] {dag.py:3096} INFO - Sync 1 DAGs
[2026-06-08T13:39:22.366+0000] {logging_mixin.py:188} INFO - [2026-06-08T13:39:22.366+0000] {dag.py:3954} INFO - Setting next_dagrun for example_sensor_decorator to None, run_after=None
[2026-06-08T13:39:22.386+0000] {processor.py:183} INFO - Processing /home/airflow/.local/lib/python3.12/site-packages/airflow/example_dags/example_sensor_decorator.py took 0.067 seconds
[2026-06-08T13:39:52.768+0000] {processor.py:161} INFO - Started process (PID=101244) to work on /home/airflow/.local/lib/python3.12/site-packages/airflow/example_dags/example_sensor_decorator.py
[2026-06-08T13:39:52.769+0000] {processor.py:830} INFO - Processing file /home/airflow/.local/lib/python3.12/site-packages/airflow/example_dags/example_sensor_decorator.py for tasks to queue
[2026-06-08T13:39:52.771+0000] {logging_mixin.py:188} INFO - [2026-06-08T13:39:52.771+0000] {dagbag.py:545} INFO - Filling up the DagBag from /home/airflow/.local/lib/python3.12/site-packages/airflow/example_dags/example_sensor_decorator.py
[2026-06-08T13:39:52.776+0000] {processor.py:840} INFO - DAG(s) 'example_sensor_decorator' retrieved from /home/airflow/.local/lib/python3.12/site-packages/airflow/example_dags/example_sensor_decorator.py
[2026-06-08T13:39:52.795+0000] {logging_mixin.py:188} INFO - [2026-06-08T13:39:52.795+0000] {dag.py:3096} INFO - Sync 1 DAGs
[2026-06-08T13:39:52.806+0000] {logging_mixin.py:188} INFO - [2026-06-08T13:39:52.806+0000] {dag.py:3954} INFO - Setting next_dagrun for example_sensor_decorator to None, run_after=None
[2026-06-08T13:39:52.829+0000] {processor.py:183} INFO - Processing /home/airflow/.local/lib/python3.12/site-packages/airflow/example_dags/example_sensor_decorator.py took 0.066 seconds
[2026-06-08T13:40:22.953+0000] {processor.py:161} INFO - Started process (PID=101506) to work on /home/airflow/.local/lib/python3.12/site-packages/airflow/example_dags/example_sensor_decorator.py
[2026-06-08T13:40:22.954+0000] {processor.py:830} INFO - Processing file /home/airflow/.local/lib/python3.12/site-packages/airflow/example_dags/example_sensor_decorator.py for tasks to queue
[2026-06-08T13:40:22.957+0000] {logging_mixin.py:188} INFO - [2026-06-08T13:40:22.956+0000] {dagbag.py:545} INFO - Filling up the DagBag from /home/airflow/.local/lib/python3.12/site-packages/airflow/example_dags/example_sensor_decorator.py
[2026-06-08T13:40:22.962+0000] {processor.py:840} INFO - DAG(s) 'example_sensor_decorator' retrieved from /home/airflow/.local/lib/python3.12/site-packages/airflow/example_dags/example_sensor_decorator.py
[2026-06-08T13:40:22.983+0000] {logging_mixin.py:188} INFO - [2026-06-08T13:40:22.983+0000] {dag.py:3096} INFO - Sync 1 DAGs
[2026-06-08T13:40:22.995+0000] {logging_mixin.py:188} INFO - [2026-06-08T13:40:22.995+0000] {dag.py:3954} INFO - Setting next_dagrun for example_sensor_decorator to None, run_after=None
[2026-06-08T13:40:23.017+0000] {processor.py:183} INFO - Processing /home/airflow/.local/lib/python3.12/site-packages/airflow/example_dags/example_sensor_decorator.py took 0.069 seconds
[2026-06-08T13:40:53.288+0000] {processor.py:161} INFO - Started process (PID=101766) to work on /home/airflow/.local/lib/python3.12/site-packages/airflow/example_dags/example_sensor_decorator.py
[2026-06-08T13:40:53.289+0000] {processor.py:830} INFO - Processing file /home/airflow/.local/lib/python3.12/site-packages/airflow/example_dags/example_sensor_decorator.py for tasks to queue
[2026-06-08T13:40:53.291+0000] {logging_mixin.py:188} INFO - [2026-06-08T13:40:53.290+0000] {dagbag.py:545} INFO - Filling up the DagBag from /home/airflow/.local/lib/python3.12/site-packages/airflow/example_dags/example_sensor_decorator.py
[2026-06-08T13:40:53.296+0000] {processor.py:840} INFO - DAG(s) 'example_sensor_decorator' retrieved from /home/airflow/.local/lib/python3.12/site-packages/airflow/example_dags/example_sensor_decorator.py
[2026-06-08T13:40:53.317+0000] {logging_mixin.py:188} INFO - [2026-06-08T13:40:53.317+0000] {dag.py:3096} INFO - Sync 1 DAGs
[2026-06-08T13:40:53.329+0000] {logging_mixin.py:188} INFO - [2026-06-08T13:40:53.329+0000] {dag.py:3954} INFO - Setting next_dagrun for example_sensor_decorator to None, run_after=None
[2026-06-08T13:40:53.350+0000] {processor.py:183} INFO - Processing /home/airflow/.local/lib/python3.12/site-packages/airflow/example_dags/example_sensor_decorator.py took 0.068 seconds
[2026-06-08T13:41:24.190+0000] {processor.py:161} INFO - Started process (PID=102030) to work on /home/airflow/.local/lib/python3.12/site-packages/airflow/example_dags/example_sensor_decorator.py
[2026-06-08T13:41:24.191+0000] {processor.py:830} INFO - Processing file /home/airflow/.local/lib/python3.12/site-packages/airflow/example_dags/example_sensor_decorator.py for tasks to queue
[2026-06-08T13:41:24.192+0000] {logging_mixin.py:188} INFO - [2026-06-08T13:41:24.192+0000] {dagbag.py:545} INFO - Filling up the DagBag from /home/airflow/.local/lib/python3.12/site-packages/airflow/example_dags/example_sensor_decorator.py
[2026-06-08T13:41:24.197+0000] {processor.py:840} INFO - DAG(s) 'example_sensor_decorator' retrieved from /home/airflow/.local/lib/python3.12/site-packages/airflow/example_dags/example_sensor_decorator.py
[2026-06-08T13:41:24.217+0000] {logging_mixin.py:188} INFO - [2026-06-08T13:41:24.217+0000] {dag.py:3096} INFO - Sync 1 DAGs
[2026-06-08T13:41:24.229+0000] {logging_mixin.py:188} INFO - [2026-06-08T13:41:24.228+0000] {dag.py:3954} INFO - Setting next_dagrun for example_sensor_decorator to None, run_after=None
[2026-06-08T13:41:24.249+0000] {processor.py:183} INFO - Processing /home/airflow/.local/lib/python3.12/site-packages/airflow/example_dags/example_sensor_decorator.py took 0.065 seconds
[2026-06-08T13:41:54.978+0000] {processor.py:161} INFO - Started process (PID=102292) to work on /home/airflow/.local/lib/python3.12/site-packages/airflow/example_dags/example_sensor_decorator.py
[2026-06-08T13:41:54.979+0000] {processor.py:830} INFO - Processing file /home/airflow/.local/lib/python3.12/site-packages/airflow/example_dags/example_sensor_decorator.py for tasks to queue
[2026-06-08T13:41:54.981+0000] {logging_mixin.py:188} INFO - [2026-06-08T13:41:54.980+0000] {dagbag.py:545} INFO - Filling up the DagBag from /home/airflow/.local/lib/python3.12/site-packages/airflow/example_dags/example_sensor_decorator.py
[2026-06-08T13:41:54.986+0000] {processor.py:840} INFO - DAG(s) 'example_sensor_decorator' retrieved from /home/airflow/.local/lib/python3.12/site-packages/airflow/example_dags/example_sensor_decorator.py
[2026-06-08T13:41:55.009+0000] {logging_mixin.py:188} INFO - [2026-06-08T13:41:55.009+0000] {dag.py:3096} INFO - Sync 1 DAGs
[2026-06-08T13:41:55.021+0000] {logging_mixin.py:188} INFO - [2026-06-08T13:41:55.021+0000] {dag.py:3954} INFO - Setting next_dagrun for example_sensor_decorator to None, run_after=None
[2026-06-08T13:41:55.043+0000] {processor.py:183} INFO - Processing /home/airflow/.local/lib/python3.12/site-packages/airflow/example_dags/example_sensor_decorator.py took 0.070 seconds
[2026-06-08T13:42:25.596+0000] {processor.py:161} INFO - Started process (PID=102554) to work on /home/airflow/.local/lib/python3.12/site-packages/airflow/example_dags/example_sensor_decorator.py
[2026-06-08T13:42:25.597+0000] {processor.py:830} INFO - Processing file /home/airflow/.local/lib/python3.12/site-packages/airflow/example_dags/example_sensor_decorator.py for tasks to queue
[2026-06-08T13:42:25.599+0000] {logging_mixin.py:188} INFO - [2026-06-08T13:42:25.598+0000] {dagbag.py:545} INFO - Filling up the DagBag from /home/airflow/.local/lib/python3.12/site-packages/airflow/example_dags/example_sensor_decorator.py
[2026-06-08T13:42:25.604+0000] {processor.py:840} INFO - DAG(s) 'example_sensor_decorator' retrieved from /home/airflow/.local/lib/python3.12/site-packages/airflow/example_dags/example_sensor_decorator.py
[2026-06-08T13:42:25.626+0000] {logging_mixin.py:188} INFO - [2026-06-08T13:42:25.626+0000] {dag.py:3096} INFO - Sync 1 DAGs
[2026-06-08T13:42:25.641+0000] {logging_mixin.py:188} INFO - [2026-06-08T13:42:25.641+0000] {dag.py:3954} INFO - Setting next_dagrun for example_sensor_decorator to None, run_after=None
[2026-06-08T13:42:25.666+0000] {processor.py:183} INFO - Processing /home/airflow/.local/lib/python3.12/site-packages/airflow/example_dags/example_sensor_decorator.py took 0.075 seconds
[2026-06-08T13:42:56.191+0000] {processor.py:161} INFO - Started process (PID=102816) to work on /home/airflow/.local/lib/python3.12/site-packages/airflow/example_dags/example_sensor_decorator.py
[2026-06-08T13:42:56.193+0000] {processor.py:830} INFO - Processing file /home/airflow/.local/lib/python3.12/site-packages/airflow/example_dags/example_sensor_decorator.py for tasks to queue
[2026-06-08T13:42:56.194+0000] {logging_mixin.py:188} INFO - [2026-06-08T13:42:56.194+0000] {dagbag.py:545} INFO - Filling up the DagBag from /home/airflow/.local/lib/python3.12/site-packages/airflow/example_dags/example_sensor_decorator.py
[2026-06-08T13:42:56.200+0000] {processor.py:840} INFO - DAG(s) 'example_sensor_decorator' retrieved from /home/airflow/.local/lib/python3.12/site-packages/airflow/example_dags/example_sensor_decorator.py
[2026-06-08T13:42:56.219+0000] {logging_mixin.py:188} INFO - [2026-06-08T13:42:56.218+0000] {dag.py:3096} INFO - Sync 1 DAGs
[2026-06-08T13:42:56.232+0000] {logging_mixin.py:188} INFO - [2026-06-08T13:42:56.232+0000] {dag.py:3954} INFO - Setting next_dagrun for example_sensor_decorator to None, run_after=None
[2026-06-08T13:42:56.252+0000] {processor.py:183} INFO - Processing /home/airflow/.local/lib/python3.12/site-packages/airflow/example_dags/example_sensor_decorator.py took 0.066 seconds
[2026-06-08T13:43:26.613+0000] {processor.py:161} INFO - Started process (PID=103078) to work on /home/airflow/.local/lib/python3.12/site-packages/airflow/example_dags/example_sensor_decorator.py
[2026-06-08T13:43:26.614+0000] {processor.py:830} INFO - Processing file /home/airflow/.local/lib/python3.12/site-packages/airflow/example_dags/example_sensor_decorator.py for tasks to queue
[2026-06-08T13:43:26.616+0000] {logging_mixin.py:188} INFO - [2026-06-08T13:43:26.615+0000] {dagbag.py:545} INFO - Filling up the DagBag from /home/airflow/.local/lib/python3.12/site-packages/airflow/example_dags/example_sensor_decorator.py
[2026-06-08T13:43:26.621+0000] {processor.py:840} INFO - DAG(s) 'example_sensor_decorator' retrieved from /home/airflow/.local/lib/python3.12/site-packages/airflow/example_dags/example_sensor_decorator.py
[2026-06-08T13:43:26.640+0000] {logging_mixin.py:188} INFO - [2026-06-08T13:43:26.640+0000] {dag.py:3096} INFO - Sync 1 DAGs
[2026-06-08T13:43:26.653+0000] {logging_mixin.py:188} INFO - [2026-06-08T13:43:26.652+0000] {dag.py:3954} INFO - Setting next_dagrun for example_sensor_decorator to None, run_after=None
[2026-06-08T13:43:26.673+0000] {processor.py:183} INFO - Processing /home/airflow/.local/lib/python3.12/site-packages/airflow/example_dags/example_sensor_decorator.py took 0.065 seconds
[2026-06-08T13:43:57.115+0000] {processor.py:161} INFO - Started process (PID=103346) to work on /home/airflow/.local/lib/python3.12/site-packages/airflow/example_dags/example_sensor_decorator.py
[2026-06-08T13:43:57.117+0000] {processor.py:830} INFO - Processing file /home/airflow/.local/lib/python3.12/site-packages/airflow/example_dags/example_sensor_decorator.py for tasks to queue
[2026-06-08T13:43:57.119+0000] {logging_mixin.py:188} INFO - [2026-06-08T13:43:57.119+0000] {dagbag.py:545} INFO - Filling up the DagBag from /home/airflow/.local/lib/python3.12/site-packages/airflow/example_dags/example_sensor_decorator.py
[2026-06-08T13:43:57.126+0000] {processor.py:840} INFO - DAG(s) 'example_sensor_decorator' retrieved from /home/airflow/.local/lib/python3.12/site-packages/airflow/example_dags/example_sensor_decorator.py
[2026-06-08T13:43:57.154+0000] {logging_mixin.py:188} INFO - [2026-06-08T13:43:57.154+0000] {dag.py:3096} INFO - Sync 1 DAGs
[2026-06-08T13:43:57.171+0000] {logging_mixin.py:188} INFO - [2026-06-08T13:43:57.170+0000] {dag.py:3954} INFO - Setting next_dagrun for example_sensor_decorator to None, run_after=None
[2026-06-08T13:43:57.203+0000] {processor.py:183} INFO - Processing /home/airflow/.local/lib/python3.12/site-packages/airflow/example_dags/example_sensor_decorator.py took 0.095 seconds
[2026-06-08T13:44:28.013+0000] {processor.py:161} INFO - Started process (PID=103608) to work on /home/airflow/.local/lib/python3.12/site-packages/airflow/example_dags/example_sensor_decorator.py
[2026-06-08T13:44:28.016+0000] {processor.py:830} INFO - Processing file /home/airflow/.local/lib/python3.12/site-packages/airflow/example_dags/example_sensor_decorator.py for tasks to queue
[2026-06-08T13:44:28.018+0000] {logging_mixin.py:188} INFO - [2026-06-08T13:44:28.017+0000] {dagbag.py:545} INFO - Filling up the DagBag from /home/airflow/.local/lib/python3.12/site-packages/airflow/example_dags/example_sensor_decorator.py
[2026-06-08T13:44:28.023+0000] {processor.py:840} INFO - DAG(s) 'example_sensor_decorator' retrieved from /home/airflow/.local/lib/python3.12/site-packages/airflow/example_dags/example_sensor_decorator.py
[2026-06-08T13:44:28.045+0000] {logging_mixin.py:188} INFO - [2026-06-08T13:44:28.044+0000] {dag.py:3096} INFO - Sync 1 DAGs
[2026-06-08T13:44:28.057+0000] {logging_mixin.py:188} INFO - [2026-06-08T13:44:28.056+0000] {dag.py:3954} INFO - Setting next_dagrun for example_sensor_decorator to None, run_after=None
[2026-06-08T13:44:28.083+0000] {processor.py:183} INFO - Processing /home/airflow/.local/lib/python3.12/site-packages/airflow/example_dags/example_sensor_decorator.py took 0.078 seconds
[2026-06-08T13:44:58.219+0000] {processor.py:161} INFO - Started process (PID=103871) to work on /home/airflow/.local/lib/python3.12/site-packages/airflow/example_dags/example_sensor_decorator.py
[2026-06-08T13:44:58.221+0000] {processor.py:830} INFO - Processing file /home/airflow/.local/lib/python3.12/site-packages/airflow/example_dags/example_sensor_decorator.py for tasks to queue
[2026-06-08T13:44:58.223+0000] {logging_mixin.py:188} INFO - [2026-06-08T13:44:58.222+0000] {dagbag.py:545} INFO - Filling up the DagBag from /home/airflow/.local/lib/python3.12/site-packages/airflow/example_dags/example_sensor_decorator.py
[2026-06-08T13:44:58.229+0000] {processor.py:840} INFO - DAG(s) 'example_sensor_decorator' retrieved from /home/airflow/.local/lib/python3.12/site-packages/airflow/example_dags/example_sensor_decorator.py
[2026-06-08T13:44:58.249+0000] {logging_mixin.py:188} INFO - [2026-06-08T13:44:58.249+0000] {dag.py:3096} INFO - Sync 1 DAGs
[2026-06-08T13:44:58.261+0000] {logging_mixin.py:188} INFO - [2026-06-08T13:44:58.260+0000] {dag.py:3954} INFO - Setting next_dagrun for example_sensor_decorator to None, run_after=None
[2026-06-08T13:44:58.283+0000] {processor.py:183} INFO - Processing /home/airflow/.local/lib/python3.12/site-packages/airflow/example_dags/example_sensor_decorator.py took 0.069 seconds
[2026-06-08T13:45:28.982+0000] {processor.py:161} INFO - Started process (PID=104126) to work on /home/airflow/.local/lib/python3.12/site-packages/airflow/example_dags/example_sensor_decorator.py
[2026-06-08T13:45:28.984+0000] {processor.py:830} INFO - Processing file /home/airflow/.local/lib/python3.12/site-packages/airflow/example_dags/example_sensor_decorator.py for tasks to queue
[2026-06-08T13:45:28.986+0000] {logging_mixin.py:188} INFO - [2026-06-08T13:45:28.985+0000] {dagbag.py:545} INFO - Filling up the DagBag from /home/airflow/.local/lib/python3.12/site-packages/airflow/example_dags/example_sensor_decorator.py
[2026-06-08T13:45:28.992+0000] {processor.py:840} INFO - DAG(s) 'example_sensor_decorator' retrieved from /home/airflow/.local/lib/python3.12/site-packages/airflow/example_dags/example_sensor_decorator.py
[2026-06-08T13:45:29.019+0000] {logging_mixin.py:188} INFO - [2026-06-08T13:45:29.019+0000] {dag.py:3096} INFO - Sync 1 DAGs
[2026-06-08T13:45:29.040+0000] {logging_mixin.py:188} INFO - [2026-06-08T13:45:29.040+0000] {dag.py:3954} INFO - Setting next_dagrun for example_sensor_decorator to None, run_after=None
[2026-06-08T13:45:29.071+0000] {processor.py:183} INFO - Processing /home/airflow/.local/lib/python3.12/site-packages/airflow/example_dags/example_sensor_decorator.py took 0.095 seconds
[2026-06-08T13:46:00.001+0000] {processor.py:161} INFO - Started process (PID=104390) to work on /home/airflow/.local/lib/python3.12/site-packages/airflow/example_dags/example_sensor_decorator.py
[2026-06-08T13:46:00.002+0000] {processor.py:830} INFO - Processing file /home/airflow/.local/lib/python3.12/site-packages/airflow/example_dags/example_sensor_decorator.py for tasks to queue
[2026-06-08T13:46:00.006+0000] {logging_mixin.py:188} INFO - [2026-06-08T13:46:00.005+0000] {dagbag.py:545} INFO - Filling up the DagBag from /home/airflow/.local/lib/python3.12/site-packages/airflow/example_dags/example_sensor_decorator.py
[2026-06-08T13:46:00.016+0000] {processor.py:840} INFO - DAG(s) 'example_sensor_decorator' retrieved from /home/airflow/.local/lib/python3.12/site-packages/airflow/example_dags/example_sensor_decorator.py
[2026-06-08T13:46:00.071+0000] {logging_mixin.py:188} INFO - [2026-06-08T13:46:00.071+0000] {dag.py:3096} INFO - Sync 1 DAGs
[2026-06-08T13:46:00.097+0000] {logging_mixin.py:188} INFO - [2026-06-08T13:46:00.096+0000] {dag.py:3954} INFO - Setting next_dagrun for example_sensor_decorator to None, run_after=None
[2026-06-08T13:46:00.138+0000] {processor.py:183} INFO - Processing /home/airflow/.local/lib/python3.12/site-packages/airflow/example_dags/example_sensor_decorator.py took 0.144 seconds
[2026-06-08T13:46:30.251+0000] {processor.py:161} INFO - Started process (PID=104652) to work on /home/airflow/.local/lib/python3.12/site-packages/airflow/example_dags/example_sensor_decorator.py
[2026-06-08T13:46:30.252+0000] {processor.py:830} INFO - Processing file /home/airflow/.local/lib/python3.12/site-packages/airflow/example_dags/example_sensor_decorator.py for tasks to queue
[2026-06-08T13:46:30.254+0000] {logging_mixin.py:188} INFO - [2026-06-08T13:46:30.254+0000] {dagbag.py:545} INFO - Filling up the DagBag from /home/airflow/.local/lib/python3.12/site-packages/airflow/example_dags/example_sensor_decorator.py
[2026-06-08T13:46:30.260+0000] {processor.py:840} INFO - DAG(s) 'example_sensor_decorator' retrieved from /home/airflow/.local/lib/python3.12/site-packages/airflow/example_dags/example_sensor_decorator.py
[2026-06-08T13:46:30.278+0000] {logging_mixin.py:188} INFO - [2026-06-08T13:46:30.278+0000] {dag.py:3096} INFO - Sync 1 DAGs
[2026-06-08T13:46:30.293+0000] {logging_mixin.py:188} INFO - [2026-06-08T13:46:30.293+0000] {dag.py:3954} INFO - Setting next_dagrun for example_sensor_decorator to None, run_after=None
[2026-06-08T13:46:30.316+0000] {processor.py:183} INFO - Processing /home/airflow/.local/lib/python3.12/site-packages/airflow/example_dags/example_sensor_decorator.py took 0.070 seconds
[2026-06-08T13:47:00.522+0000] {processor.py:161} INFO - Started process (PID=104914) to work on /home/airflow/.local/lib/python3.12/site-packages/airflow/example_dags/example_sensor_decorator.py
[2026-06-08T13:47:00.522+0000] {processor.py:830} INFO - Processing file /home/airflow/.local/lib/python3.12/site-packages/airflow/example_dags/example_sensor_decorator.py for tasks to queue
[2026-06-08T13:47:00.524+0000] {logging_mixin.py:188} INFO - [2026-06-08T13:47:00.524+0000] {dagbag.py:545} INFO - Filling up the DagBag from /home/airflow/.local/lib/python3.12/site-packages/airflow/example_dags/example_sensor_decorator.py
[2026-06-08T13:47:00.529+0000] {processor.py:840} INFO - DAG(s) 'example_sensor_decorator' retrieved from /home/airflow/.local/lib/python3.12/site-packages/airflow/example_dags/example_sensor_decorator.py
[2026-06-08T13:47:00.552+0000] {logging_mixin.py:188} INFO - [2026-06-08T13:47:00.552+0000] {dag.py:3096} INFO - Sync 1 DAGs
[2026-06-08T13:47:00.566+0000] {logging_mixin.py:188} INFO - [2026-06-08T13:47:00.566+0000] {dag.py:3954} INFO - Setting next_dagrun for example_sensor_decorator to None, run_after=None
[2026-06-08T13:47:00.587+0000] {processor.py:183} INFO - Processing /home/airflow/.local/lib/python3.12/site-packages/airflow/example_dags/example_sensor_decorator.py took 0.071 seconds
[2026-06-08T13:47:30.850+0000] {processor.py:161} INFO - Started process (PID=105176) to work on /home/airflow/.local/lib/python3.12/site-packages/airflow/example_dags/example_sensor_decorator.py
[2026-06-08T13:47:30.852+0000] {processor.py:830} INFO - Processing file /home/airflow/.local/lib/python3.12/site-packages/airflow/example_dags/example_sensor_decorator.py for tasks to queue
[2026-06-08T13:47:30.854+0000] {logging_mixin.py:188} INFO - [2026-06-08T13:47:30.854+0000] {dagbag.py:545} INFO - Filling up the DagBag from /home/airflow/.local/lib/python3.12/site-packages/airflow/example_dags/example_sensor_decorator.py
[2026-06-08T13:47:30.860+0000] {processor.py:840} INFO - DAG(s) 'example_sensor_decorator' retrieved from /home/airflow/.local/lib/python3.12/site-packages/airflow/example_dags/example_sensor_decorator.py
[2026-06-08T13:47:30.880+0000] {logging_mixin.py:188} INFO - [2026-06-08T13:47:30.879+0000] {dag.py:3096} INFO - Sync 1 DAGs
[2026-06-08T13:47:30.894+0000] {logging_mixin.py:188} INFO - [2026-06-08T13:47:30.893+0000] {dag.py:3954} INFO - Setting next_dagrun for example_sensor_decorator to None, run_after=None
[2026-06-08T13:47:30.916+0000] {processor.py:183} INFO - Processing /home/airflow/.local/lib/python3.12/site-packages/airflow/example_dags/example_sensor_decorator.py took 0.071 seconds
[2026-06-08T13:48:01.121+0000] {processor.py:161} INFO - Started process (PID=105438) to work on /home/airflow/.local/lib/python3.12/site-packages/airflow/example_dags/example_sensor_decorator.py
[2026-06-08T13:48:01.122+0000] {processor.py:830} INFO - Processing file /home/airflow/.local/lib/python3.12/site-packages/airflow/example_dags/example_sensor_decorator.py for tasks to queue
[2026-06-08T13:48:01.124+0000] {logging_mixin.py:188} INFO - [2026-06-08T13:48:01.124+0000] {dagbag.py:545} INFO - Filling up the DagBag from /home/airflow/.local/lib/python3.12/site-packages/airflow/example_dags/example_sensor_decorator.py
[2026-06-08T13:48:01.128+0000] {processor.py:840} INFO - DAG(s) 'example_sensor_decorator' retrieved from /home/airflow/.local/lib/python3.12/site-packages/airflow/example_dags/example_sensor_decorator.py
[2026-06-08T13:48:01.148+0000] {logging_mixin.py:188} INFO - [2026-06-08T13:48:01.147+0000] {dag.py:3096} INFO - Sync 1 DAGs
[2026-06-08T13:48:01.160+0000] {logging_mixin.py:188} INFO - [2026-06-08T13:48:01.160+0000] {dag.py:3954} INFO - Setting next_dagrun for example_sensor_decorator to None, run_after=None
[2026-06-08T13:48:01.181+0000] {processor.py:183} INFO - Processing /home/airflow/.local/lib/python3.12/site-packages/airflow/example_dags/example_sensor_decorator.py took 0.066 seconds
[2026-06-08T13:48:31.326+0000] {processor.py:161} INFO - Started process (PID=105700) to work on /home/airflow/.local/lib/python3.12/site-packages/airflow/example_dags/example_sensor_decorator.py
[2026-06-08T13:48:31.327+0000] {processor.py:830} INFO - Processing file /home/airflow/.local/lib/python3.12/site-packages/airflow/example_dags/example_sensor_decorator.py for tasks to queue
[2026-06-08T13:48:31.329+0000] {logging_mixin.py:188} INFO - [2026-06-08T13:48:31.329+0000] {dagbag.py:545} INFO - Filling up the DagBag from /home/airflow/.local/lib/python3.12/site-packages/airflow/example_dags/example_sensor_decorator.py
[2026-06-08T13:48:31.334+0000] {processor.py:840} INFO - DAG(s) 'example_sensor_decorator' retrieved from /home/airflow/.local/lib/python3.12/site-packages/airflow/example_dags/example_sensor_decorator.py
[2026-06-08T13:48:31.355+0000] {logging_mixin.py:188} INFO - [2026-06-08T13:48:31.355+0000] {dag.py:3096} INFO - Sync 1 DAGs
[2026-06-08T13:48:31.366+0000] {logging_mixin.py:188} INFO - [2026-06-08T13:48:31.366+0000] {dag.py:3954} INFO - Setting next_dagrun for example_sensor_decorator to None, run_after=None
[2026-06-08T13:48:31.387+0000] {processor.py:183} INFO - Processing /home/airflow/.local/lib/python3.12/site-packages/airflow/example_dags/example_sensor_decorator.py took 0.066 seconds
[2026-06-08T13:49:01.615+0000] {processor.py:161} INFO - Started process (PID=105962) to work on /home/airflow/.local/lib/python3.12/site-packages/airflow/example_dags/example_sensor_decorator.py
[2026-06-08T13:49:01.616+0000] {processor.py:830} INFO - Processing file /home/airflow/.local/lib/python3.12/site-packages/airflow/example_dags/example_sensor_decorator.py for tasks to queue
[2026-06-08T13:49:01.617+0000] {logging_mixin.py:188} INFO - [2026-06-08T13:49:01.617+0000] {dagbag.py:545} INFO - Filling up the DagBag from /home/airflow/.local/lib/python3.12/site-packages/airflow/example_dags/example_sensor_decorator.py
[2026-06-08T13:49:01.623+0000] {processor.py:840} INFO - DAG(s) 'example_sensor_decorator' retrieved from /home/airflow/.local/lib/python3.12/site-packages/airflow/example_dags/example_sensor_decorator.py
[2026-06-08T13:49:01.642+0000] {logging_mixin.py:188} INFO - [2026-06-08T13:49:01.641+0000] {dag.py:3096} INFO - Sync 1 DAGs
[2026-06-08T13:49:01.655+0000] {logging_mixin.py:188} INFO - [2026-06-08T13:49:01.655+0000] {dag.py:3954} INFO - Setting next_dagrun for example_sensor_decorator to None, run_after=None
[2026-06-08T13:49:01.679+0000] {processor.py:183} INFO - Processing /home/airflow/.local/lib/python3.12/site-packages/airflow/example_dags/example_sensor_decorator.py took 0.070 seconds
[2026-06-08T13:49:31.819+0000] {processor.py:161} INFO - Started process (PID=106224) to work on /home/airflow/.local/lib/python3.12/site-packages/airflow/example_dags/example_sensor_decorator.py
[2026-06-08T13:49:31.820+0000] {processor.py:830} INFO - Processing file /home/airflow/.local/lib/python3.12/site-packages/airflow/example_dags/example_sensor_decorator.py for tasks to queue
[2026-06-08T13:49:31.821+0000] {logging_mixin.py:188} INFO - [2026-06-08T13:49:31.821+0000] {dagbag.py:545} INFO - Filling up the DagBag from /home/airflow/.local/lib/python3.12/site-packages/airflow/example_dags/example_sensor_decorator.py
[2026-06-08T13:49:31.826+0000] {processor.py:840} INFO - DAG(s) 'example_sensor_decorator' retrieved from /home/airflow/.local/lib/python3.12/site-packages/airflow/example_dags/example_sensor_decorator.py
[2026-06-08T13:49:31.849+0000] {logging_mixin.py:188} INFO - [2026-06-08T13:49:31.849+0000] {dag.py:3096} INFO - Sync 1 DAGs
[2026-06-08T13:49:31.860+0000] {logging_mixin.py:188} INFO - [2026-06-08T13:49:31.860+0000] {dag.py:3954} INFO - Setting next_dagrun for example_sensor_decorator to None, run_after=None
[2026-06-08T13:49:31.882+0000] {processor.py:183} INFO - Processing /home/airflow/.local/lib/python3.12/site-packages/airflow/example_dags/example_sensor_decorator.py took 0.069 seconds
[2026-06-08T13:50:02.362+0000] {processor.py:161} INFO - Started process (PID=106486) to work on /home/airflow/.local/lib/python3.12/site-packages/airflow/example_dags/example_sensor_decorator.py
[2026-06-08T13:50:02.363+0000] {processor.py:830} INFO - Processing file /home/airflow/.local/lib/python3.12/site-packages/airflow/example_dags/example_sensor_decorator.py for tasks to queue
[2026-06-08T13:50:02.365+0000] {logging_mixin.py:188} INFO - [2026-06-08T13:50:02.364+0000] {dagbag.py:545} INFO - Filling up the DagBag from /home/airflow/.local/lib/python3.12/site-packages/airflow/example_dags/example_sensor_decorator.py
[2026-06-08T13:50:02.371+0000] {processor.py:840} INFO - DAG(s) 'example_sensor_decorator' retrieved from /home/airflow/.local/lib/python3.12/site-packages/airflow/example_dags/example_sensor_decorator.py
[2026-06-08T13:50:02.391+0000] {logging_mixin.py:188} INFO - [2026-06-08T13:50:02.391+0000] {dag.py:3096} INFO - Sync 1 DAGs
[2026-06-08T13:50:02.408+0000] {logging_mixin.py:188} INFO - [2026-06-08T13:50:02.407+0000] {dag.py:3954} INFO - Setting next_dagrun for example_sensor_decorator to None, run_after=None
[2026-06-08T13:50:02.452+0000] {processor.py:183} INFO - Processing /home/airflow/.local/lib/python3.12/site-packages/airflow/example_dags/example_sensor_decorator.py took 0.095 seconds
[2026-06-08T13:50:32.747+0000] {processor.py:161} INFO - Started process (PID=106748) to work on /home/airflow/.local/lib/python3.12/site-packages/airflow/example_dags/example_sensor_decorator.py
[2026-06-08T13:50:32.747+0000] {processor.py:830} INFO - Processing file /home/airflow/.local/lib/python3.12/site-packages/airflow/example_dags/example_sensor_decorator.py for tasks to queue
[2026-06-08T13:50:32.749+0000] {logging_mixin.py:188} INFO - [2026-06-08T13:50:32.749+0000] {dagbag.py:545} INFO - Filling up the DagBag from /home/airflow/.local/lib/python3.12/site-packages/airflow/example_dags/example_sensor_decorator.py
[2026-06-08T13:50:32.755+0000] {processor.py:840} INFO - DAG(s) 'example_sensor_decorator' retrieved from /home/airflow/.local/lib/python3.12/site-packages/airflow/example_dags/example_sensor_decorator.py
[2026-06-08T13:50:32.775+0000] {logging_mixin.py:188} INFO - [2026-06-08T13:50:32.774+0000] {dag.py:3096} INFO - Sync 1 DAGs
[2026-06-08T13:50:32.789+0000] {logging_mixin.py:188} INFO - [2026-06-08T13:50:32.788+0000] {dag.py:3954} INFO - Setting next_dagrun for example_sensor_decorator to None, run_after=None
[2026-06-08T13:50:32.812+0000] {processor.py:183} INFO - Processing /home/airflow/.local/lib/python3.12/site-packages/airflow/example_dags/example_sensor_decorator.py took 0.070 seconds
[2026-06-08T13:51:03.458+0000] {processor.py:161} INFO - Started process (PID=107010) to work on /home/airflow/.local/lib/python3.12/site-packages/airflow/example_dags/example_sensor_decorator.py
[2026-06-08T13:51:03.459+0000] {processor.py:830} INFO - Processing file /home/airflow/.local/lib/python3.12/site-packages/airflow/example_dags/example_sensor_decorator.py for tasks to queue
[2026-06-08T13:51:03.461+0000] {logging_mixin.py:188} INFO - [2026-06-08T13:51:03.461+0000] {dagbag.py:545} INFO - Filling up the DagBag from /home/airflow/.local/lib/python3.12/site-packages/airflow/example_dags/example_sensor_decorator.py
[2026-06-08T13:51:03.466+0000] {processor.py:840} INFO - DAG(s) 'example_sensor_decorator' retrieved from /home/airflow/.local/lib/python3.12/site-packages/airflow/example_dags/example_sensor_decorator.py
[2026-06-08T13:51:03.489+0000] {logging_mixin.py:188} INFO - [2026-06-08T13:51:03.489+0000] {dag.py:3096} INFO - Sync 1 DAGs
[2026-06-08T13:51:03.504+0000] {logging_mixin.py:188} INFO - [2026-06-08T13:51:03.503+0000] {dag.py:3954} INFO - Setting next_dagrun for example_sensor_decorator to None, run_after=None
[2026-06-08T13:51:03.529+0000] {processor.py:183} INFO - Processing /home/airflow/.local/lib/python3.12/site-packages/airflow/example_dags/example_sensor_decorator.py took 0.078 seconds
[2026-06-08T13:51:34.041+0000] {processor.py:161} INFO - Started process (PID=107271) to work on /home/airflow/.local/lib/python3.12/site-packages/airflow/example_dags/example_sensor_decorator.py
[2026-06-08T13:51:34.043+0000] {processor.py:830} INFO - Processing file /home/airflow/.local/lib/python3.12/site-packages/airflow/example_dags/example_sensor_decorator.py for tasks to queue
[2026-06-08T13:51:34.044+0000] {logging_mixin.py:188} INFO - [2026-06-08T13:51:34.044+0000] {dagbag.py:545} INFO - Filling up the DagBag from /home/airflow/.local/lib/python3.12/site-packages/airflow/example_dags/example_sensor_decorator.py
[2026-06-08T13:51:34.049+0000] {processor.py:840} INFO - DAG(s) 'example_sensor_decorator' retrieved from /home/airflow/.local/lib/python3.12/site-packages/airflow/example_dags/example_sensor_decorator.py
[2026-06-08T13:51:34.068+0000] {logging_mixin.py:188} INFO - [2026-06-08T13:51:34.068+0000] {dag.py:3096} INFO - Sync 1 DAGs
[2026-06-08T13:51:34.080+0000] {logging_mixin.py:188} INFO - [2026-06-08T13:51:34.080+0000] {dag.py:3954} INFO - Setting next_dagrun for example_sensor_decorator to None, run_after=None
[2026-06-08T13:51:34.100+0000] {processor.py:183} INFO - Processing /home/airflow/.local/lib/python3.12/site-packages/airflow/example_dags/example_sensor_decorator.py took 0.064 seconds
[2026-06-08T13:52:04.645+0000] {processor.py:161} INFO - Started process (PID=107529) to work on /home/airflow/.local/lib/python3.12/site-packages/airflow/example_dags/example_sensor_decorator.py
[2026-06-08T13:52:04.647+0000] {processor.py:830} INFO - Processing file /home/airflow/.local/lib/python3.12/site-packages/airflow/example_dags/example_sensor_decorator.py for tasks to queue
[2026-06-08T13:52:04.651+0000] {logging_mixin.py:188} INFO - [2026-06-08T13:52:04.650+0000] {dagbag.py:545} INFO - Filling up the DagBag from /home/airflow/.local/lib/python3.12/site-packages/airflow/example_dags/example_sensor_decorator.py
[2026-06-08T13:52:04.663+0000] {processor.py:840} INFO - DAG(s) 'example_sensor_decorator' retrieved from /home/airflow/.local/lib/python3.12/site-packages/airflow/example_dags/example_sensor_decorator.py
[2026-06-08T13:52:04.710+0000] {logging_mixin.py:188} INFO - [2026-06-08T13:52:04.708+0000] {dag.py:3096} INFO - Sync 1 DAGs
[2026-06-08T13:52:04.741+0000] {logging_mixin.py:188} INFO - [2026-06-08T13:52:04.740+0000] {dag.py:3954} INFO - Setting next_dagrun for example_sensor_decorator to None, run_after=None
[2026-06-08T13:52:04.779+0000] {processor.py:183} INFO - Processing /home/airflow/.local/lib/python3.12/site-packages/airflow/example_dags/example_sensor_decorator.py took 0.143 seconds
[2026-06-08T13:52:35.629+0000] {processor.py:161} INFO - Started process (PID=107791) to work on /home/airflow/.local/lib/python3.12/site-packages/airflow/example_dags/example_sensor_decorator.py
[2026-06-08T13:52:35.631+0000] {processor.py:830} INFO - Processing file /home/airflow/.local/lib/python3.12/site-packages/airflow/example_dags/example_sensor_decorator.py for tasks to queue
[2026-06-08T13:52:35.633+0000] {logging_mixin.py:188} INFO - [2026-06-08T13:52:35.633+0000] {dagbag.py:545} INFO - Filling up the DagBag from /home/airflow/.local/lib/python3.12/site-packages/airflow/example_dags/example_sensor_decorator.py
[2026-06-08T13:52:35.639+0000] {processor.py:840} INFO - DAG(s) 'example_sensor_decorator' retrieved from /home/airflow/.local/lib/python3.12/site-packages/airflow/example_dags/example_sensor_decorator.py
[2026-06-08T13:52:35.666+0000] {logging_mixin.py:188} INFO - [2026-06-08T13:52:35.666+0000] {dag.py:3096} INFO - Sync 1 DAGs
[2026-06-08T13:52:35.683+0000] {logging_mixin.py:188} INFO - [2026-06-08T13:52:35.683+0000] {dag.py:3954} INFO - Setting next_dagrun for example_sensor_decorator to None, run_after=None
[2026-06-08T13:52:35.714+0000] {processor.py:183} INFO - Processing /home/airflow/.local/lib/python3.12/site-packages/airflow/example_dags/example_sensor_decorator.py took 0.094 seconds
[2026-06-08T13:53:06.520+0000] {processor.py:161} INFO - Started process (PID=108053) to work on /home/airflow/.local/lib/python3.12/site-packages/airflow/example_dags/example_sensor_decorator.py
[2026-06-08T13:53:06.522+0000] {processor.py:830} INFO - Processing file /home/airflow/.local/lib/python3.12/site-packages/airflow/example_dags/example_sensor_decorator.py for tasks to queue
[2026-06-08T13:53:06.524+0000] {logging_mixin.py:188} INFO - [2026-06-08T13:53:06.523+0000] {dagbag.py:545} INFO - Filling up the DagBag from /home/airflow/.local/lib/python3.12/site-packages/airflow/example_dags/example_sensor_decorator.py
[2026-06-08T13:53:06.532+0000] {processor.py:840} INFO - DAG(s) 'example_sensor_decorator' retrieved from /home/airflow/.local/lib/python3.12/site-packages/airflow/example_dags/example_sensor_decorator.py
[2026-06-08T13:53:06.562+0000] {logging_mixin.py:188} INFO - [2026-06-08T13:53:06.561+0000] {dag.py:3096} INFO - Sync 1 DAGs
[2026-06-08T13:53:06.584+0000] {logging_mixin.py:188} INFO - [2026-06-08T13:53:06.583+0000] {dag.py:3954} INFO - Setting next_dagrun for example_sensor_decorator to None, run_after=None
[2026-06-08T13:53:06.618+0000] {processor.py:183} INFO - Processing /home/airflow/.local/lib/python3.12/site-packages/airflow/example_dags/example_sensor_decorator.py took 0.107 seconds
[2026-06-08T13:53:36.720+0000] {processor.py:161} INFO - Started process (PID=108315) to work on /home/airflow/.local/lib/python3.12/site-packages/airflow/example_dags/example_sensor_decorator.py
[2026-06-08T13:53:36.722+0000] {processor.py:830} INFO - Processing file /home/airflow/.local/lib/python3.12/site-packages/airflow/example_dags/example_sensor_decorator.py for tasks to queue
[2026-06-08T13:53:36.724+0000] {logging_mixin.py:188} INFO - [2026-06-08T13:53:36.724+0000] {dagbag.py:545} INFO - Filling up the DagBag from /home/airflow/.local/lib/python3.12/site-packages/airflow/example_dags/example_sensor_decorator.py
[2026-06-08T13:53:36.732+0000] {processor.py:840} INFO - DAG(s) 'example_sensor_decorator' retrieved from /home/airflow/.local/lib/python3.12/site-packages/airflow/example_dags/example_sensor_decorator.py
[2026-06-08T13:53:36.757+0000] {logging_mixin.py:188} INFO - [2026-06-08T13:53:36.756+0000] {dag.py:3096} INFO - Sync 1 DAGs
[2026-06-08T13:53:36.773+0000] {logging_mixin.py:188} INFO - [2026-06-08T13:53:36.773+0000] {dag.py:3954} INFO - Setting next_dagrun for example_sensor_decorator to None, run_after=None
[2026-06-08T13:53:36.796+0000] {processor.py:183} INFO - Processing /home/airflow/.local/lib/python3.12/site-packages/airflow/example_dags/example_sensor_decorator.py took 0.083 seconds
[2026-06-08T13:54:07.401+0000] {processor.py:161} INFO - Started process (PID=108577) to work on /home/airflow/.local/lib/python3.12/site-packages/airflow/example_dags/example_sensor_decorator.py
[2026-06-08T13:54:07.403+0000] {processor.py:830} INFO - Processing file /home/airflow/.local/lib/python3.12/site-packages/airflow/example_dags/example_sensor_decorator.py for tasks to queue
[2026-06-08T13:54:07.405+0000] {logging_mixin.py:188} INFO - [2026-06-08T13:54:07.404+0000] {dagbag.py:545} INFO - Filling up the DagBag from /home/airflow/.local/lib/python3.12/site-packages/airflow/example_dags/example_sensor_decorator.py
[2026-06-08T13:54:07.412+0000] {processor.py:840} INFO - DAG(s) 'example_sensor_decorator' retrieved from /home/airflow/.local/lib/python3.12/site-packages/airflow/example_dags/example_sensor_decorator.py
[2026-06-08T13:54:07.437+0000] {logging_mixin.py:188} INFO - [2026-06-08T13:54:07.436+0000] {dag.py:3096} INFO - Sync 1 DAGs
[2026-06-08T13:54:07.453+0000] {logging_mixin.py:188} INFO - [2026-06-08T13:54:07.453+0000] {dag.py:3954} INFO - Setting next_dagrun for example_sensor_decorator to None, run_after=None
[2026-06-08T13:54:07.481+0000] {processor.py:183} INFO - Processing /home/airflow/.local/lib/python3.12/site-packages/airflow/example_dags/example_sensor_decorator.py took 0.087 seconds
[2026-06-08T13:54:37.664+0000] {processor.py:161} INFO - Started process (PID=108839) to work on /home/airflow/.local/lib/python3.12/site-packages/airflow/example_dags/example_sensor_decorator.py
[2026-06-08T13:54:37.665+0000] {processor.py:830} INFO - Processing file /home/airflow/.local/lib/python3.12/site-packages/airflow/example_dags/example_sensor_decorator.py for tasks to queue
[2026-06-08T13:54:37.668+0000] {logging_mixin.py:188} INFO - [2026-06-08T13:54:37.667+0000] {dagbag.py:545} INFO - Filling up the DagBag from /home/airflow/.local/lib/python3.12/site-packages/airflow/example_dags/example_sensor_decorator.py
[2026-06-08T13:54:37.675+0000] {processor.py:840} INFO - DAG(s) 'example_sensor_decorator' retrieved from /home/airflow/.local/lib/python3.12/site-packages/airflow/example_dags/example_sensor_decorator.py
[2026-06-08T13:54:37.700+0000] {logging_mixin.py:188} INFO - [2026-06-08T13:54:37.699+0000] {dag.py:3096} INFO - Sync 1 DAGs
[2026-06-08T13:54:37.714+0000] {logging_mixin.py:188} INFO - [2026-06-08T13:54:37.714+0000] {dag.py:3954} INFO - Setting next_dagrun for example_sensor_decorator to None, run_after=None
[2026-06-08T13:54:37.738+0000] {processor.py:183} INFO - Processing /home/airflow/.local/lib/python3.12/site-packages/airflow/example_dags/example_sensor_decorator.py took 0.081 seconds
[2026-06-08T13:55:08.326+0000] {processor.py:161} INFO - Started process (PID=109099) to work on /home/airflow/.local/lib/python3.12/site-packages/airflow/example_dags/example_sensor_decorator.py
[2026-06-08T13:55:08.327+0000] {processor.py:830} INFO - Processing file /home/airflow/.local/lib/python3.12/site-packages/airflow/example_dags/example_sensor_decorator.py for tasks to queue
[2026-06-08T13:55:08.329+0000] {logging_mixin.py:188} INFO - [2026-06-08T13:55:08.329+0000] {dagbag.py:545} INFO - Filling up the DagBag from /home/airflow/.local/lib/python3.12/site-packages/airflow/example_dags/example_sensor_decorator.py
[2026-06-08T13:55:08.335+0000] {processor.py:840} INFO - DAG(s) 'example_sensor_decorator' retrieved from /home/airflow/.local/lib/python3.12/site-packages/airflow/example_dags/example_sensor_decorator.py
[2026-06-08T13:55:08.354+0000] {logging_mixin.py:188} INFO - [2026-06-08T13:55:08.354+0000] {dag.py:3096} INFO - Sync 1 DAGs
[2026-06-08T13:55:08.366+0000] {logging_mixin.py:188} INFO - [2026-06-08T13:55:08.366+0000] {dag.py:3954} INFO - Setting next_dagrun for example_sensor_decorator to None, run_after=None
[2026-06-08T13:55:08.385+0000] {processor.py:183} INFO - Processing /home/airflow/.local/lib/python3.12/site-packages/airflow/example_dags/example_sensor_decorator.py took 0.064 seconds
[2026-06-08T13:55:38.745+0000] {processor.py:161} INFO - Started process (PID=109362) to work on /home/airflow/.local/lib/python3.12/site-packages/airflow/example_dags/example_sensor_decorator.py
[2026-06-08T13:55:38.747+0000] {processor.py:830} INFO - Processing file /home/airflow/.local/lib/python3.12/site-packages/airflow/example_dags/example_sensor_decorator.py for tasks to queue
[2026-06-08T13:55:38.749+0000] {logging_mixin.py:188} INFO - [2026-06-08T13:55:38.749+0000] {dagbag.py:545} INFO - Filling up the DagBag from /home/airflow/.local/lib/python3.12/site-packages/airflow/example_dags/example_sensor_decorator.py
[2026-06-08T13:55:38.754+0000] {processor.py:840} INFO - DAG(s) 'example_sensor_decorator' retrieved from /home/airflow/.local/lib/python3.12/site-packages/airflow/example_dags/example_sensor_decorator.py
[2026-06-08T13:55:38.776+0000] {logging_mixin.py:188} INFO - [2026-06-08T13:55:38.775+0000] {dag.py:3096} INFO - Sync 1 DAGs
[2026-06-08T13:55:38.788+0000] {logging_mixin.py:188} INFO - [2026-06-08T13:55:38.788+0000] {dag.py:3954} INFO - Setting next_dagrun for example_sensor_decorator to None, run_after=None
[2026-06-08T13:55:38.807+0000] {processor.py:183} INFO - Processing /home/airflow/.local/lib/python3.12/site-packages/airflow/example_dags/example_sensor_decorator.py took 0.066 seconds
[2026-06-08T13:56:09.199+0000] {processor.py:161} INFO - Started process (PID=109626) to work on /home/airflow/.local/lib/python3.12/site-packages/airflow/example_dags/example_sensor_decorator.py
[2026-06-08T13:56:09.200+0000] {processor.py:830} INFO - Processing file /home/airflow/.local/lib/python3.12/site-packages/airflow/example_dags/example_sensor_decorator.py for tasks to queue
[2026-06-08T13:56:09.202+0000] {logging_mixin.py:188} INFO - [2026-06-08T13:56:09.201+0000] {dagbag.py:545} INFO - Filling up the DagBag from /home/airflow/.local/lib/python3.12/site-packages/airflow/example_dags/example_sensor_decorator.py
[2026-06-08T13:56:09.206+0000] {processor.py:840} INFO - DAG(s) 'example_sensor_decorator' retrieved from /home/airflow/.local/lib/python3.12/site-packages/airflow/example_dags/example_sensor_decorator.py
[2026-06-08T13:56:09.225+0000] {logging_mixin.py:188} INFO - [2026-06-08T13:56:09.225+0000] {dag.py:3096} INFO - Sync 1 DAGs
[2026-06-08T13:56:09.237+0000] {logging_mixin.py:188} INFO - [2026-06-08T13:56:09.236+0000] {dag.py:3954} INFO - Setting next_dagrun for example_sensor_decorator to None, run_after=None
[2026-06-08T13:56:09.257+0000] {processor.py:183} INFO - Processing /home/airflow/.local/lib/python3.12/site-packages/airflow/example_dags/example_sensor_decorator.py took 0.065 seconds
[2026-06-08T13:56:39.655+0000] {processor.py:161} INFO - Started process (PID=109886) to work on /home/airflow/.local/lib/python3.12/site-packages/airflow/example_dags/example_sensor_decorator.py
[2026-06-08T13:56:39.656+0000] {processor.py:830} INFO - Processing file /home/airflow/.local/lib/python3.12/site-packages/airflow/example_dags/example_sensor_decorator.py for tasks to queue
[2026-06-08T13:56:39.657+0000] {logging_mixin.py:188} INFO - [2026-06-08T13:56:39.657+0000] {dagbag.py:545} INFO - Filling up the DagBag from /home/airflow/.local/lib/python3.12/site-packages/airflow/example_dags/example_sensor_decorator.py
[2026-06-08T13:56:39.663+0000] {processor.py:840} INFO - DAG(s) 'example_sensor_decorator' retrieved from /home/airflow/.local/lib/python3.12/site-packages/airflow/example_dags/example_sensor_decorator.py
[2026-06-08T13:56:39.684+0000] {logging_mixin.py:188} INFO - [2026-06-08T13:56:39.684+0000] {dag.py:3096} INFO - Sync 1 DAGs
[2026-06-08T13:56:39.695+0000] {logging_mixin.py:188} INFO - [2026-06-08T13:56:39.695+0000] {dag.py:3954} INFO - Setting next_dagrun for example_sensor_decorator to None, run_after=None
[2026-06-08T13:56:39.715+0000] {processor.py:183} INFO - Processing /home/airflow/.local/lib/python3.12/site-packages/airflow/example_dags/example_sensor_decorator.py took 0.065 seconds
[2026-06-08T13:57:10.490+0000] {processor.py:161} INFO - Started process (PID=110156) to work on /home/airflow/.local/lib/python3.12/site-packages/airflow/example_dags/example_sensor_decorator.py
[2026-06-08T13:57:10.491+0000] {processor.py:830} INFO - Processing file /home/airflow/.local/lib/python3.12/site-packages/airflow/example_dags/example_sensor_decorator.py for tasks to queue
[2026-06-08T13:57:10.493+0000] {logging_mixin.py:188} INFO - [2026-06-08T13:57:10.492+0000] {dagbag.py:545} INFO - Filling up the DagBag from /home/airflow/.local/lib/python3.12/site-packages/airflow/example_dags/example_sensor_decorator.py
[2026-06-08T13:57:10.498+0000] {processor.py:840} INFO - DAG(s) 'example_sensor_decorator' retrieved from /home/airflow/.local/lib/python3.12/site-packages/airflow/example_dags/example_sensor_decorator.py
[2026-06-08T13:57:10.520+0000] {logging_mixin.py:188} INFO - [2026-06-08T13:57:10.519+0000] {dag.py:3096} INFO - Sync 1 DAGs
[2026-06-08T13:57:10.533+0000] {logging_mixin.py:188} INFO - [2026-06-08T13:57:10.532+0000] {dag.py:3954} INFO - Setting next_dagrun for example_sensor_decorator to None, run_after=None
[2026-06-08T13:57:10.554+0000] {processor.py:183} INFO - Processing /home/airflow/.local/lib/python3.12/site-packages/airflow/example_dags/example_sensor_decorator.py took 0.069 seconds
[2026-06-08T13:57:41.204+0000] {processor.py:161} INFO - Started process (PID=110418) to work on /home/airflow/.local/lib/python3.12/site-packages/airflow/example_dags/example_sensor_decorator.py
[2026-06-08T13:57:41.206+0000] {processor.py:830} INFO - Processing file /home/airflow/.local/lib/python3.12/site-packages/airflow/example_dags/example_sensor_decorator.py for tasks to queue
[2026-06-08T13:57:41.208+0000] {logging_mixin.py:188} INFO - [2026-06-08T13:57:41.207+0000] {dagbag.py:545} INFO - Filling up the DagBag from /home/airflow/.local/lib/python3.12/site-packages/airflow/example_dags/example_sensor_decorator.py
[2026-06-08T13:57:41.213+0000] {processor.py:840} INFO - DAG(s) 'example_sensor_decorator' retrieved from /home/airflow/.local/lib/python3.12/site-packages/airflow/example_dags/example_sensor_decorator.py
[2026-06-08T13:57:41.234+0000] {logging_mixin.py:188} INFO - [2026-06-08T13:57:41.233+0000] {dag.py:3096} INFO - Sync 1 DAGs
[2026-06-08T13:57:41.245+0000] {logging_mixin.py:188} INFO - [2026-06-08T13:57:41.245+0000] {dag.py:3954} INFO - Setting next_dagrun for example_sensor_decorator to None, run_after=None
[2026-06-08T13:57:41.267+0000] {processor.py:183} INFO - Processing /home/airflow/.local/lib/python3.12/site-packages/airflow/example_dags/example_sensor_decorator.py took 0.067 seconds
[2026-06-08T13:58:12.044+0000] {processor.py:161} INFO - Started process (PID=110678) to work on /home/airflow/.local/lib/python3.12/site-packages/airflow/example_dags/example_sensor_decorator.py
[2026-06-08T13:58:12.046+0000] {processor.py:830} INFO - Processing file /home/airflow/.local/lib/python3.12/site-packages/airflow/example_dags/example_sensor_decorator.py for tasks to queue
[2026-06-08T13:58:12.048+0000] {logging_mixin.py:188} INFO - [2026-06-08T13:58:12.048+0000] {dagbag.py:545} INFO - Filling up the DagBag from /home/airflow/.local/lib/python3.12/site-packages/airflow/example_dags/example_sensor_decorator.py
[2026-06-08T13:58:12.054+0000] {processor.py:840} INFO - DAG(s) 'example_sensor_decorator' retrieved from /home/airflow/.local/lib/python3.12/site-packages/airflow/example_dags/example_sensor_decorator.py
[2026-06-08T13:58:12.080+0000] {logging_mixin.py:188} INFO - [2026-06-08T13:58:12.079+0000] {dag.py:3096} INFO - Sync 1 DAGs
[2026-06-08T13:58:12.096+0000] {logging_mixin.py:188} INFO - [2026-06-08T13:58:12.096+0000] {dag.py:3954} INFO - Setting next_dagrun for example_sensor_decorator to None, run_after=None
[2026-06-08T13:58:12.122+0000] {processor.py:183} INFO - Processing /home/airflow/.local/lib/python3.12/site-packages/airflow/example_dags/example_sensor_decorator.py took 0.084 seconds
[2026-06-08T13:58:42.238+0000] {processor.py:161} INFO - Started process (PID=110940) to work on /home/airflow/.local/lib/python3.12/site-packages/airflow/example_dags/example_sensor_decorator.py
[2026-06-08T13:58:42.239+0000] {processor.py:830} INFO - Processing file /home/airflow/.local/lib/python3.12/site-packages/airflow/example_dags/example_sensor_decorator.py for tasks to queue
[2026-06-08T13:58:42.241+0000] {logging_mixin.py:188} INFO - [2026-06-08T13:58:42.241+0000] {dagbag.py:545} INFO - Filling up the DagBag from /home/airflow/.local/lib/python3.12/site-packages/airflow/example_dags/example_sensor_decorator.py
[2026-06-08T13:58:42.247+0000] {processor.py:840} INFO - DAG(s) 'example_sensor_decorator' retrieved from /home/airflow/.local/lib/python3.12/site-packages/airflow/example_dags/example_sensor_decorator.py
[2026-06-08T13:58:42.266+0000] {logging_mixin.py:188} INFO - [2026-06-08T13:58:42.266+0000] {dag.py:3096} INFO - Sync 1 DAGs
[2026-06-08T13:58:42.279+0000] {logging_mixin.py:188} INFO - [2026-06-08T13:58:42.279+0000] {dag.py:3954} INFO - Setting next_dagrun for example_sensor_decorator to None, run_after=None
[2026-06-08T13:58:42.296+0000] {processor.py:183} INFO - Processing /home/airflow/.local/lib/python3.12/site-packages/airflow/example_dags/example_sensor_decorator.py took 0.063 seconds
[2026-06-08T13:59:12.736+0000] {processor.py:161} INFO - Started process (PID=111204) to work on /home/airflow/.local/lib/python3.12/site-packages/airflow/example_dags/example_sensor_decorator.py
[2026-06-08T13:59:12.737+0000] {processor.py:830} INFO - Processing file /home/airflow/.local/lib/python3.12/site-packages/airflow/example_dags/example_sensor_decorator.py for tasks to queue
[2026-06-08T13:59:12.739+0000] {logging_mixin.py:188} INFO - [2026-06-08T13:59:12.739+0000] {dagbag.py:545} INFO - Filling up the DagBag from /home/airflow/.local/lib/python3.12/site-packages/airflow/example_dags/example_sensor_decorator.py
[2026-06-08T13:59:12.745+0000] {processor.py:840} INFO - DAG(s) 'example_sensor_decorator' retrieved from /home/airflow/.local/lib/python3.12/site-packages/airflow/example_dags/example_sensor_decorator.py
[2026-06-08T13:59:12.764+0000] {logging_mixin.py:188} INFO - [2026-06-08T13:59:12.763+0000] {dag.py:3096} INFO - Sync 1 DAGs
[2026-06-08T13:59:12.779+0000] {logging_mixin.py:188} INFO - [2026-06-08T13:59:12.778+0000] {dag.py:3954} INFO - Setting next_dagrun for example_sensor_decorator to None, run_after=None
[2026-06-08T13:59:12.799+0000] {processor.py:183} INFO - Processing /home/airflow/.local/lib/python3.12/site-packages/airflow/example_dags/example_sensor_decorator.py took 0.071 seconds
[2026-06-08T13:59:43.260+0000] {processor.py:161} INFO - Started process (PID=111467) to work on /home/airflow/.local/lib/python3.12/site-packages/airflow/example_dags/example_sensor_decorator.py
[2026-06-08T13:59:43.261+0000] {processor.py:830} INFO - Processing file /home/airflow/.local/lib/python3.12/site-packages/airflow/example_dags/example_sensor_decorator.py for tasks to queue
[2026-06-08T13:59:43.263+0000] {logging_mixin.py:188} INFO - [2026-06-08T13:59:43.262+0000] {dagbag.py:545} INFO - Filling up the DagBag from /home/airflow/.local/lib/python3.12/site-packages/airflow/example_dags/example_sensor_decorator.py
[2026-06-08T13:59:43.268+0000] {processor.py:840} INFO - DAG(s) 'example_sensor_decorator' retrieved from /home/airflow/.local/lib/python3.12/site-packages/airflow/example_dags/example_sensor_decorator.py
[2026-06-08T13:59:43.287+0000] {logging_mixin.py:188} INFO - [2026-06-08T13:59:43.287+0000] {dag.py:3096} INFO - Sync 1 DAGs
[2026-06-08T13:59:43.300+0000] {logging_mixin.py:188} INFO - [2026-06-08T13:59:43.300+0000] {dag.py:3954} INFO - Setting next_dagrun for example_sensor_decorator to None, run_after=None
[2026-06-08T13:59:43.325+0000] {processor.py:183} INFO - Processing /home/airflow/.local/lib/python3.12/site-packages/airflow/example_dags/example_sensor_decorator.py took 0.070 seconds
[2026-06-08T14:00:13.887+0000] {processor.py:161} INFO - Started process (PID=111729) to work on /home/airflow/.local/lib/python3.12/site-packages/airflow/example_dags/example_sensor_decorator.py
[2026-06-08T14:00:13.888+0000] {processor.py:830} INFO - Processing file /home/airflow/.local/lib/python3.12/site-packages/airflow/example_dags/example_sensor_decorator.py for tasks to queue
[2026-06-08T14:00:13.890+0000] {logging_mixin.py:188} INFO - [2026-06-08T14:00:13.890+0000] {dagbag.py:545} INFO - Filling up the DagBag from /home/airflow/.local/lib/python3.12/site-packages/airflow/example_dags/example_sensor_decorator.py
[2026-06-08T14:00:13.895+0000] {processor.py:840} INFO - DAG(s) 'example_sensor_decorator' retrieved from /home/airflow/.local/lib/python3.12/site-packages/airflow/example_dags/example_sensor_decorator.py
[2026-06-08T14:00:13.915+0000] {logging_mixin.py:188} INFO - [2026-06-08T14:00:13.915+0000] {dag.py:3096} INFO - Sync 1 DAGs
[2026-06-08T14:00:13.927+0000] {logging_mixin.py:188} INFO - [2026-06-08T14:00:13.927+0000] {dag.py:3954} INFO - Setting next_dagrun for example_sensor_decorator to None, run_after=None
[2026-06-08T14:00:13.950+0000] {processor.py:183} INFO - Processing /home/airflow/.local/lib/python3.12/site-packages/airflow/example_dags/example_sensor_decorator.py took 0.068 seconds
[2026-06-08T14:00:44.418+0000] {processor.py:161} INFO - Started process (PID=111989) to work on /home/airflow/.local/lib/python3.12/site-packages/airflow/example_dags/example_sensor_decorator.py
[2026-06-08T14:00:44.419+0000] {processor.py:830} INFO - Processing file /home/airflow/.local/lib/python3.12/site-packages/airflow/example_dags/example_sensor_decorator.py for tasks to queue
[2026-06-08T14:00:44.421+0000] {logging_mixin.py:188} INFO - [2026-06-08T14:00:44.421+0000] {dagbag.py:545} INFO - Filling up the DagBag from /home/airflow/.local/lib/python3.12/site-packages/airflow/example_dags/example_sensor_decorator.py
[2026-06-08T14:00:44.426+0000] {processor.py:840} INFO - DAG(s) 'example_sensor_decorator' retrieved from /home/airflow/.local/lib/python3.12/site-packages/airflow/example_dags/example_sensor_decorator.py
[2026-06-08T14:00:44.446+0000] {logging_mixin.py:188} INFO - [2026-06-08T14:00:44.445+0000] {dag.py:3096} INFO - Sync 1 DAGs
[2026-06-08T14:00:44.458+0000] {logging_mixin.py:188} INFO - [2026-06-08T14:00:44.457+0000] {dag.py:3954} INFO - Setting next_dagrun for example_sensor_decorator to None, run_after=None
[2026-06-08T14:00:44.478+0000] {processor.py:183} INFO - Processing /home/airflow/.local/lib/python3.12/site-packages/airflow/example_dags/example_sensor_decorator.py took 0.065 seconds
[2026-06-08T14:01:15.103+0000] {processor.py:161} INFO - Started process (PID=112253) to work on /home/airflow/.local/lib/python3.12/site-packages/airflow/example_dags/example_sensor_decorator.py
[2026-06-08T14:01:15.105+0000] {processor.py:830} INFO - Processing file /home/airflow/.local/lib/python3.12/site-packages/airflow/example_dags/example_sensor_decorator.py for tasks to queue
[2026-06-08T14:01:15.107+0000] {logging_mixin.py:188} INFO - [2026-06-08T14:01:15.106+0000] {dagbag.py:545} INFO - Filling up the DagBag from /home/airflow/.local/lib/python3.12/site-packages/airflow/example_dags/example_sensor_decorator.py
[2026-06-08T14:01:15.113+0000] {processor.py:840} INFO - DAG(s) 'example_sensor_decorator' retrieved from /home/airflow/.local/lib/python3.12/site-packages/airflow/example_dags/example_sensor_decorator.py
[2026-06-08T14:01:15.134+0000] {logging_mixin.py:188} INFO - [2026-06-08T14:01:15.133+0000] {dag.py:3096} INFO - Sync 1 DAGs
[2026-06-08T14:01:15.143+0000] {logging_mixin.py:188} INFO - [2026-06-08T14:01:15.143+0000] {dag.py:3954} INFO - Setting next_dagrun for example_sensor_decorator to None, run_after=None
[2026-06-08T14:01:15.164+0000] {processor.py:183} INFO - Processing /home/airflow/.local/lib/python3.12/site-packages/airflow/example_dags/example_sensor_decorator.py took 0.066 seconds
[2026-06-08T14:01:45.544+0000] {processor.py:161} INFO - Started process (PID=112513) to work on /home/airflow/.local/lib/python3.12/site-packages/airflow/example_dags/example_sensor_decorator.py
[2026-06-08T14:01:45.545+0000] {processor.py:830} INFO - Processing file /home/airflow/.local/lib/python3.12/site-packages/airflow/example_dags/example_sensor_decorator.py for tasks to queue
[2026-06-08T14:01:45.547+0000] {logging_mixin.py:188} INFO - [2026-06-08T14:01:45.547+0000] {dagbag.py:545} INFO - Filling up the DagBag from /home/airflow/.local/lib/python3.12/site-packages/airflow/example_dags/example_sensor_decorator.py
[2026-06-08T14:01:45.552+0000] {processor.py:840} INFO - DAG(s) 'example_sensor_decorator' retrieved from /home/airflow/.local/lib/python3.12/site-packages/airflow/example_dags/example_sensor_decorator.py
[2026-06-08T14:01:45.574+0000] {logging_mixin.py:188} INFO - [2026-06-08T14:01:45.574+0000] {dag.py:3096} INFO - Sync 1 DAGs
[2026-06-08T14:01:45.587+0000] {logging_mixin.py:188} INFO - [2026-06-08T14:01:45.586+0000] {dag.py:3954} INFO - Setting next_dagrun for example_sensor_decorator to None, run_after=None
[2026-06-08T14:01:45.606+0000] {processor.py:183} INFO - Processing /home/airflow/.local/lib/python3.12/site-packages/airflow/example_dags/example_sensor_decorator.py took 0.067 seconds
[2026-06-08T14:02:16.283+0000] {processor.py:161} INFO - Started process (PID=112777) to work on /home/airflow/.local/lib/python3.12/site-packages/airflow/example_dags/example_sensor_decorator.py
[2026-06-08T14:02:16.284+0000] {processor.py:830} INFO - Processing file /home/airflow/.local/lib/python3.12/site-packages/airflow/example_dags/example_sensor_decorator.py for tasks to queue
[2026-06-08T14:02:16.286+0000] {logging_mixin.py:188} INFO - [2026-06-08T14:02:16.285+0000] {dagbag.py:545} INFO - Filling up the DagBag from /home/airflow/.local/lib/python3.12/site-packages/airflow/example_dags/example_sensor_decorator.py
[2026-06-08T14:02:16.291+0000] {processor.py:840} INFO - DAG(s) 'example_sensor_decorator' retrieved from /home/airflow/.local/lib/python3.12/site-packages/airflow/example_dags/example_sensor_decorator.py
[2026-06-08T14:02:16.309+0000] {logging_mixin.py:188} INFO - [2026-06-08T14:02:16.308+0000] {dag.py:3096} INFO - Sync 1 DAGs
[2026-06-08T14:02:16.320+0000] {logging_mixin.py:188} INFO - [2026-06-08T14:02:16.319+0000] {dag.py:3954} INFO - Setting next_dagrun for example_sensor_decorator to None, run_after=None
[2026-06-08T14:02:16.340+0000] {processor.py:183} INFO - Processing /home/airflow/.local/lib/python3.12/site-packages/airflow/example_dags/example_sensor_decorator.py took 0.061 seconds
[2026-06-08T14:02:46.916+0000] {processor.py:161} INFO - Started process (PID=113039) to work on /home/airflow/.local/lib/python3.12/site-packages/airflow/example_dags/example_sensor_decorator.py
[2026-06-08T14:02:46.917+0000] {processor.py:830} INFO - Processing file /home/airflow/.local/lib/python3.12/site-packages/airflow/example_dags/example_sensor_decorator.py for tasks to queue
[2026-06-08T14:02:46.919+0000] {logging_mixin.py:188} INFO - [2026-06-08T14:02:46.919+0000] {dagbag.py:545} INFO - Filling up the DagBag from /home/airflow/.local/lib/python3.12/site-packages/airflow/example_dags/example_sensor_decorator.py
[2026-06-08T14:02:46.924+0000] {processor.py:840} INFO - DAG(s) 'example_sensor_decorator' retrieved from /home/airflow/.local/lib/python3.12/site-packages/airflow/example_dags/example_sensor_decorator.py
[2026-06-08T14:02:46.946+0000] {logging_mixin.py:188} INFO - [2026-06-08T14:02:46.946+0000] {dag.py:3096} INFO - Sync 1 DAGs
[2026-06-08T14:02:46.958+0000] {logging_mixin.py:188} INFO - [2026-06-08T14:02:46.958+0000] {dag.py:3954} INFO - Setting next_dagrun for example_sensor_decorator to None, run_after=None
[2026-06-08T14:02:46.980+0000] {processor.py:183} INFO - Processing /home/airflow/.local/lib/python3.12/site-packages/airflow/example_dags/example_sensor_decorator.py took 0.070 seconds
[2026-06-08T14:03:17.480+0000] {processor.py:161} INFO - Started process (PID=113301) to work on /home/airflow/.local/lib/python3.12/site-packages/airflow/example_dags/example_sensor_decorator.py
[2026-06-08T14:03:17.480+0000] {processor.py:830} INFO - Processing file /home/airflow/.local/lib/python3.12/site-packages/airflow/example_dags/example_sensor_decorator.py for tasks to queue
[2026-06-08T14:03:17.482+0000] {logging_mixin.py:188} INFO - [2026-06-08T14:03:17.482+0000] {dagbag.py:545} INFO - Filling up the DagBag from /home/airflow/.local/lib/python3.12/site-packages/airflow/example_dags/example_sensor_decorator.py
[2026-06-08T14:03:17.487+0000] {processor.py:840} INFO - DAG(s) 'example_sensor_decorator' retrieved from /home/airflow/.local/lib/python3.12/site-packages/airflow/example_dags/example_sensor_decorator.py
[2026-06-08T14:03:17.507+0000] {logging_mixin.py:188} INFO - [2026-06-08T14:03:17.507+0000] {dag.py:3096} INFO - Sync 1 DAGs
[2026-06-08T14:03:17.518+0000] {logging_mixin.py:188} INFO - [2026-06-08T14:03:17.518+0000] {dag.py:3954} INFO - Setting next_dagrun for example_sensor_decorator to None, run_after=None
[2026-06-08T14:03:17.539+0000] {processor.py:183} INFO - Processing /home/airflow/.local/lib/python3.12/site-packages/airflow/example_dags/example_sensor_decorator.py took 0.064 seconds
[2026-06-08T14:03:47.980+0000] {processor.py:161} INFO - Started process (PID=113563) to work on /home/airflow/.local/lib/python3.12/site-packages/airflow/example_dags/example_sensor_decorator.py
[2026-06-08T14:03:47.981+0000] {processor.py:830} INFO - Processing file /home/airflow/.local/lib/python3.12/site-packages/airflow/example_dags/example_sensor_decorator.py for tasks to queue
[2026-06-08T14:03:47.983+0000] {logging_mixin.py:188} INFO - [2026-06-08T14:03:47.983+0000] {dagbag.py:545} INFO - Filling up the DagBag from /home/airflow/.local/lib/python3.12/site-packages/airflow/example_dags/example_sensor_decorator.py
[2026-06-08T14:03:47.989+0000] {processor.py:840} INFO - DAG(s) 'example_sensor_decorator' retrieved from /home/airflow/.local/lib/python3.12/site-packages/airflow/example_dags/example_sensor_decorator.py
[2026-06-08T14:03:48.012+0000] {logging_mixin.py:188} INFO - [2026-06-08T14:03:48.011+0000] {dag.py:3096} INFO - Sync 1 DAGs
[2026-06-08T14:03:48.024+0000] {logging_mixin.py:188} INFO - [2026-06-08T14:03:48.024+0000] {dag.py:3954} INFO - Setting next_dagrun for example_sensor_decorator to None, run_after=None
[2026-06-08T14:03:48.044+0000] {processor.py:183} INFO - Processing /home/airflow/.local/lib/python3.12/site-packages/airflow/example_dags/example_sensor_decorator.py took 0.070 seconds
[2026-06-08T14:04:18.897+0000] {processor.py:161} INFO - Started process (PID=113825) to work on /home/airflow/.local/lib/python3.12/site-packages/airflow/example_dags/example_sensor_decorator.py
[2026-06-08T14:04:18.898+0000] {processor.py:830} INFO - Processing file /home/airflow/.local/lib/python3.12/site-packages/airflow/example_dags/example_sensor_decorator.py for tasks to queue
[2026-06-08T14:04:18.899+0000] {logging_mixin.py:188} INFO - [2026-06-08T14:04:18.899+0000] {dagbag.py:545} INFO - Filling up the DagBag from /home/airflow/.local/lib/python3.12/site-packages/airflow/example_dags/example_sensor_decorator.py
[2026-06-08T14:04:18.904+0000] {processor.py:840} INFO - DAG(s) 'example_sensor_decorator' retrieved from /home/airflow/.local/lib/python3.12/site-packages/airflow/example_dags/example_sensor_decorator.py
[2026-06-08T14:04:18.924+0000] {logging_mixin.py:188} INFO - [2026-06-08T14:04:18.924+0000] {dag.py:3096} INFO - Sync 1 DAGs
[2026-06-08T14:04:18.936+0000] {logging_mixin.py:188} INFO - [2026-06-08T14:04:18.936+0000] {dag.py:3954} INFO - Setting next_dagrun for example_sensor_decorator to None, run_after=None
[2026-06-08T14:04:18.956+0000] {processor.py:183} INFO - Processing /home/airflow/.local/lib/python3.12/site-packages/airflow/example_dags/example_sensor_decorator.py took 0.064 seconds
[2026-06-08T14:04:49.252+0000] {processor.py:161} INFO - Started process (PID=114087) to work on /home/airflow/.local/lib/python3.12/site-packages/airflow/example_dags/example_sensor_decorator.py
[2026-06-08T14:04:49.253+0000] {processor.py:830} INFO - Processing file /home/airflow/.local/lib/python3.12/site-packages/airflow/example_dags/example_sensor_decorator.py for tasks to queue
[2026-06-08T14:04:49.255+0000] {logging_mixin.py:188} INFO - [2026-06-08T14:04:49.255+0000] {dagbag.py:545} INFO - Filling up the DagBag from /home/airflow/.local/lib/python3.12/site-packages/airflow/example_dags/example_sensor_decorator.py
[2026-06-08T14:04:49.262+0000] {processor.py:840} INFO - DAG(s) 'example_sensor_decorator' retrieved from /home/airflow/.local/lib/python3.12/site-packages/airflow/example_dags/example_sensor_decorator.py
[2026-06-08T14:04:49.287+0000] {logging_mixin.py:188} INFO - [2026-06-08T14:04:49.286+0000] {dag.py:3096} INFO - Sync 1 DAGs
[2026-06-08T14:04:49.303+0000] {logging_mixin.py:188} INFO - [2026-06-08T14:04:49.302+0000] {dag.py:3954} INFO - Setting next_dagrun for example_sensor_decorator to None, run_after=None
[2026-06-08T14:04:49.328+0000] {processor.py:183} INFO - Processing /home/airflow/.local/lib/python3.12/site-packages/airflow/example_dags/example_sensor_decorator.py took 0.082 seconds
[2026-06-08T14:05:19.461+0000] {processor.py:161} INFO - Started process (PID=114349) to work on /home/airflow/.local/lib/python3.12/site-packages/airflow/example_dags/example_sensor_decorator.py
[2026-06-08T14:05:19.462+0000] {processor.py:830} INFO - Processing file /home/airflow/.local/lib/python3.12/site-packages/airflow/example_dags/example_sensor_decorator.py for tasks to queue
[2026-06-08T14:05:19.465+0000] {logging_mixin.py:188} INFO - [2026-06-08T14:05:19.464+0000] {dagbag.py:545} INFO - Filling up the DagBag from /home/airflow/.local/lib/python3.12/site-packages/airflow/example_dags/example_sensor_decorator.py
[2026-06-08T14:05:19.470+0000] {processor.py:840} INFO - DAG(s) 'example_sensor_decorator' retrieved from /home/airflow/.local/lib/python3.12/site-packages/airflow/example_dags/example_sensor_decorator.py
[2026-06-08T14:05:19.490+0000] {logging_mixin.py:188} INFO - [2026-06-08T14:05:19.489+0000] {dag.py:3096} INFO - Sync 1 DAGs
[2026-06-08T14:05:19.502+0000] {logging_mixin.py:188} INFO - [2026-06-08T14:05:19.501+0000] {dag.py:3954} INFO - Setting next_dagrun for example_sensor_decorator to None, run_after=None
[2026-06-08T14:05:19.526+0000] {processor.py:183} INFO - Processing /home/airflow/.local/lib/python3.12/site-packages/airflow/example_dags/example_sensor_decorator.py took 0.070 seconds
[2026-06-08T14:05:49.734+0000] {processor.py:161} INFO - Started process (PID=114609) to work on /home/airflow/.local/lib/python3.12/site-packages/airflow/example_dags/example_sensor_decorator.py
[2026-06-08T14:05:49.736+0000] {processor.py:830} INFO - Processing file /home/airflow/.local/lib/python3.12/site-packages/airflow/example_dags/example_sensor_decorator.py for tasks to queue
[2026-06-08T14:05:49.738+0000] {logging_mixin.py:188} INFO - [2026-06-08T14:05:49.737+0000] {dagbag.py:545} INFO - Filling up the DagBag from /home/airflow/.local/lib/python3.12/site-packages/airflow/example_dags/example_sensor_decorator.py
[2026-06-08T14:05:49.743+0000] {processor.py:840} INFO - DAG(s) 'example_sensor_decorator' retrieved from /home/airflow/.local/lib/python3.12/site-packages/airflow/example_dags/example_sensor_decorator.py
[2026-06-08T14:05:49.765+0000] {logging_mixin.py:188} INFO - [2026-06-08T14:05:49.764+0000] {dag.py:3096} INFO - Sync 1 DAGs
[2026-06-08T14:05:49.777+0000] {logging_mixin.py:188} INFO - [2026-06-08T14:05:49.776+0000] {dag.py:3954} INFO - Setting next_dagrun for example_sensor_decorator to None, run_after=None
[2026-06-08T14:05:49.796+0000] {processor.py:183} INFO - Processing /home/airflow/.local/lib/python3.12/site-packages/airflow/example_dags/example_sensor_decorator.py took 0.066 seconds
[2026-06-08T14:06:19.937+0000] {processor.py:161} INFO - Started process (PID=114871) to work on /home/airflow/.local/lib/python3.12/site-packages/airflow/example_dags/example_sensor_decorator.py
[2026-06-08T14:06:19.937+0000] {processor.py:830} INFO - Processing file /home/airflow/.local/lib/python3.12/site-packages/airflow/example_dags/example_sensor_decorator.py for tasks to queue
[2026-06-08T14:06:19.939+0000] {logging_mixin.py:188} INFO - [2026-06-08T14:06:19.939+0000] {dagbag.py:545} INFO - Filling up the DagBag from /home/airflow/.local/lib/python3.12/site-packages/airflow/example_dags/example_sensor_decorator.py
[2026-06-08T14:06:19.945+0000] {processor.py:840} INFO - DAG(s) 'example_sensor_decorator' retrieved from /home/airflow/.local/lib/python3.12/site-packages/airflow/example_dags/example_sensor_decorator.py
[2026-06-08T14:06:19.965+0000] {logging_mixin.py:188} INFO - [2026-06-08T14:06:19.965+0000] {dag.py:3096} INFO - Sync 1 DAGs
[2026-06-08T14:06:19.979+0000] {logging_mixin.py:188} INFO - [2026-06-08T14:06:19.979+0000] {dag.py:3954} INFO - Setting next_dagrun for example_sensor_decorator to None, run_after=None
[2026-06-08T14:06:20.000+0000] {processor.py:183} INFO - Processing /home/airflow/.local/lib/python3.12/site-packages/airflow/example_dags/example_sensor_decorator.py took 0.068 seconds
[2026-06-08T14:06:50.656+0000] {processor.py:161} INFO - Started process (PID=115130) to work on /home/airflow/.local/lib/python3.12/site-packages/airflow/example_dags/example_sensor_decorator.py
[2026-06-08T14:06:50.658+0000] {processor.py:830} INFO - Processing file /home/airflow/.local/lib/python3.12/site-packages/airflow/example_dags/example_sensor_decorator.py for tasks to queue
[2026-06-08T14:06:50.659+0000] {logging_mixin.py:188} INFO - [2026-06-08T14:06:50.659+0000] {dagbag.py:545} INFO - Filling up the DagBag from /home/airflow/.local/lib/python3.12/site-packages/airflow/example_dags/example_sensor_decorator.py
[2026-06-08T14:06:50.664+0000] {processor.py:840} INFO - DAG(s) 'example_sensor_decorator' retrieved from /home/airflow/.local/lib/python3.12/site-packages/airflow/example_dags/example_sensor_decorator.py
[2026-06-08T14:06:50.684+0000] {logging_mixin.py:188} INFO - [2026-06-08T14:06:50.684+0000] {dag.py:3096} INFO - Sync 1 DAGs
[2026-06-08T14:06:50.696+0000] {logging_mixin.py:188} INFO - [2026-06-08T14:06:50.695+0000] {dag.py:3954} INFO - Setting next_dagrun for example_sensor_decorator to None, run_after=None
[2026-06-08T14:06:50.717+0000] {processor.py:183} INFO - Processing /home/airflow/.local/lib/python3.12/site-packages/airflow/example_dags/example_sensor_decorator.py took 0.067 seconds
[2026-06-08T14:07:20.809+0000] {processor.py:161} INFO - Started process (PID=115390) to work on /home/airflow/.local/lib/python3.12/site-packages/airflow/example_dags/example_sensor_decorator.py
[2026-06-08T14:07:20.810+0000] {processor.py:830} INFO - Processing file /home/airflow/.local/lib/python3.12/site-packages/airflow/example_dags/example_sensor_decorator.py for tasks to queue
[2026-06-08T14:07:20.812+0000] {logging_mixin.py:188} INFO - [2026-06-08T14:07:20.812+0000] {dagbag.py:545} INFO - Filling up the DagBag from /home/airflow/.local/lib/python3.12/site-packages/airflow/example_dags/example_sensor_decorator.py
[2026-06-08T14:07:20.818+0000] {processor.py:840} INFO - DAG(s) 'example_sensor_decorator' retrieved from /home/airflow/.local/lib/python3.12/site-packages/airflow/example_dags/example_sensor_decorator.py
[2026-06-08T14:07:20.842+0000] {logging_mixin.py:188} INFO - [2026-06-08T14:07:20.842+0000] {dag.py:3096} INFO - Sync 1 DAGs
[2026-06-08T14:07:20.856+0000] {logging_mixin.py:188} INFO - [2026-06-08T14:07:20.855+0000] {dag.py:3954} INFO - Setting next_dagrun for example_sensor_decorator to None, run_after=None
[2026-06-08T14:07:20.883+0000] {processor.py:183} INFO - Processing /home/airflow/.local/lib/python3.12/site-packages/airflow/example_dags/example_sensor_decorator.py took 0.081 seconds
[2026-06-08T14:07:51.142+0000] {processor.py:161} INFO - Started process (PID=115652) to work on /home/airflow/.local/lib/python3.12/site-packages/airflow/example_dags/example_sensor_decorator.py
[2026-06-08T14:07:51.143+0000] {processor.py:830} INFO - Processing file /home/airflow/.local/lib/python3.12/site-packages/airflow/example_dags/example_sensor_decorator.py for tasks to queue
[2026-06-08T14:07:51.145+0000] {logging_mixin.py:188} INFO - [2026-06-08T14:07:51.145+0000] {dagbag.py:545} INFO - Filling up the DagBag from /home/airflow/.local/lib/python3.12/site-packages/airflow/example_dags/example_sensor_decorator.py
[2026-06-08T14:07:51.150+0000] {processor.py:840} INFO - DAG(s) 'example_sensor_decorator' retrieved from /home/airflow/.local/lib/python3.12/site-packages/airflow/example_dags/example_sensor_decorator.py
[2026-06-08T14:07:51.172+0000] {logging_mixin.py:188} INFO - [2026-06-08T14:07:51.172+0000] {dag.py:3096} INFO - Sync 1 DAGs
[2026-06-08T14:07:51.185+0000] {logging_mixin.py:188} INFO - [2026-06-08T14:07:51.184+0000] {dag.py:3954} INFO - Setting next_dagrun for example_sensor_decorator to None, run_after=None
[2026-06-08T14:07:51.206+0000] {processor.py:183} INFO - Processing /home/airflow/.local/lib/python3.12/site-packages/airflow/example_dags/example_sensor_decorator.py took 0.069 seconds
[2026-06-08T14:08:21.483+0000] {processor.py:161} INFO - Started process (PID=115916) to work on /home/airflow/.local/lib/python3.12/site-packages/airflow/example_dags/example_sensor_decorator.py
[2026-06-08T14:08:21.484+0000] {processor.py:830} INFO - Processing file /home/airflow/.local/lib/python3.12/site-packages/airflow/example_dags/example_sensor_decorator.py for tasks to queue
[2026-06-08T14:08:21.486+0000] {logging_mixin.py:188} INFO - [2026-06-08T14:08:21.486+0000] {dagbag.py:545} INFO - Filling up the DagBag from /home/airflow/.local/lib/python3.12/site-packages/airflow/example_dags/example_sensor_decorator.py
[2026-06-08T14:08:21.491+0000] {processor.py:840} INFO - DAG(s) 'example_sensor_decorator' retrieved from /home/airflow/.local/lib/python3.12/site-packages/airflow/example_dags/example_sensor_decorator.py
[2026-06-08T14:08:21.509+0000] {logging_mixin.py:188} INFO - [2026-06-08T14:08:21.509+0000] {dag.py:3096} INFO - Sync 1 DAGs
[2026-06-08T14:08:21.522+0000] {logging_mixin.py:188} INFO - [2026-06-08T14:08:21.522+0000] {dag.py:3954} INFO - Setting next_dagrun for example_sensor_decorator to None, run_after=None
[2026-06-08T14:08:21.542+0000] {processor.py:183} INFO - Processing /home/airflow/.local/lib/python3.12/site-packages/airflow/example_dags/example_sensor_decorator.py took 0.064 seconds
[2026-06-08T14:08:52.050+0000] {processor.py:161} INFO - Started process (PID=116181) to work on /home/airflow/.local/lib/python3.12/site-packages/airflow/example_dags/example_sensor_decorator.py
[2026-06-08T14:08:52.051+0000] {processor.py:830} INFO - Processing file /home/airflow/.local/lib/python3.12/site-packages/airflow/example_dags/example_sensor_decorator.py for tasks to queue
[2026-06-08T14:08:52.054+0000] {logging_mixin.py:188} INFO - [2026-06-08T14:08:52.053+0000] {dagbag.py:545} INFO - Filling up the DagBag from /home/airflow/.local/lib/python3.12/site-packages/airflow/example_dags/example_sensor_decorator.py
[2026-06-08T14:08:52.060+0000] {processor.py:840} INFO - DAG(s) 'example_sensor_decorator' retrieved from /home/airflow/.local/lib/python3.12/site-packages/airflow/example_dags/example_sensor_decorator.py
[2026-06-08T14:08:52.087+0000] {logging_mixin.py:188} INFO - [2026-06-08T14:08:52.087+0000] {dag.py:3096} INFO - Sync 1 DAGs
[2026-06-08T14:08:52.102+0000] {logging_mixin.py:188} INFO - [2026-06-08T14:08:52.101+0000] {dag.py:3954} INFO - Setting next_dagrun for example_sensor_decorator to None, run_after=None
[2026-06-08T14:08:52.129+0000] {processor.py:183} INFO - Processing /home/airflow/.local/lib/python3.12/site-packages/airflow/example_dags/example_sensor_decorator.py took 0.084 seconds
[2026-06-08T14:09:22.476+0000] {processor.py:161} INFO - Started process (PID=116443) to work on /home/airflow/.local/lib/python3.12/site-packages/airflow/example_dags/example_sensor_decorator.py
[2026-06-08T14:09:22.477+0000] {processor.py:830} INFO - Processing file /home/airflow/.local/lib/python3.12/site-packages/airflow/example_dags/example_sensor_decorator.py for tasks to queue
[2026-06-08T14:09:22.480+0000] {logging_mixin.py:188} INFO - [2026-06-08T14:09:22.480+0000] {dagbag.py:545} INFO - Filling up the DagBag from /home/airflow/.local/lib/python3.12/site-packages/airflow/example_dags/example_sensor_decorator.py
[2026-06-08T14:09:22.487+0000] {processor.py:840} INFO - DAG(s) 'example_sensor_decorator' retrieved from /home/airflow/.local/lib/python3.12/site-packages/airflow/example_dags/example_sensor_decorator.py
[2026-06-08T14:09:22.508+0000] {logging_mixin.py:188} INFO - [2026-06-08T14:09:22.508+0000] {dag.py:3096} INFO - Sync 1 DAGs
[2026-06-08T14:09:22.524+0000] {logging_mixin.py:188} INFO - [2026-06-08T14:09:22.523+0000] {dag.py:3954} INFO - Setting next_dagrun for example_sensor_decorator to None, run_after=None
[2026-06-08T14:09:22.549+0000] {processor.py:183} INFO - Processing /home/airflow/.local/lib/python3.12/site-packages/airflow/example_dags/example_sensor_decorator.py took 0.079 seconds
[2026-06-08T14:09:53.259+0000] {processor.py:161} INFO - Started process (PID=116707) to work on /home/airflow/.local/lib/python3.12/site-packages/airflow/example_dags/example_sensor_decorator.py
[2026-06-08T14:09:53.260+0000] {processor.py:830} INFO - Processing file /home/airflow/.local/lib/python3.12/site-packages/airflow/example_dags/example_sensor_decorator.py for tasks to queue
[2026-06-08T14:09:53.264+0000] {logging_mixin.py:188} INFO - [2026-06-08T14:09:53.263+0000] {dagbag.py:545} INFO - Filling up the DagBag from /home/airflow/.local/lib/python3.12/site-packages/airflow/example_dags/example_sensor_decorator.py
[2026-06-08T14:09:53.271+0000] {processor.py:840} INFO - DAG(s) 'example_sensor_decorator' retrieved from /home/airflow/.local/lib/python3.12/site-packages/airflow/example_dags/example_sensor_decorator.py
[2026-06-08T14:09:53.300+0000] {logging_mixin.py:188} INFO - [2026-06-08T14:09:53.300+0000] {dag.py:3096} INFO - Sync 1 DAGs
[2026-06-08T14:09:53.316+0000] {logging_mixin.py:188} INFO - [2026-06-08T14:09:53.316+0000] {dag.py:3954} INFO - Setting next_dagrun for example_sensor_decorator to None, run_after=None
[2026-06-08T14:09:53.347+0000] {processor.py:183} INFO - Processing /home/airflow/.local/lib/python3.12/site-packages/airflow/example_dags/example_sensor_decorator.py took 0.099 seconds
[2026-06-08T14:10:23.600+0000] {processor.py:161} INFO - Started process (PID=116967) to work on /home/airflow/.local/lib/python3.12/site-packages/airflow/example_dags/example_sensor_decorator.py
[2026-06-08T14:10:23.602+0000] {processor.py:830} INFO - Processing file /home/airflow/.local/lib/python3.12/site-packages/airflow/example_dags/example_sensor_decorator.py for tasks to queue
[2026-06-08T14:10:23.604+0000] {logging_mixin.py:188} INFO - [2026-06-08T14:10:23.603+0000] {dagbag.py:545} INFO - Filling up the DagBag from /home/airflow/.local/lib/python3.12/site-packages/airflow/example_dags/example_sensor_decorator.py
[2026-06-08T14:10:23.610+0000] {processor.py:840} INFO - DAG(s) 'example_sensor_decorator' retrieved from /home/airflow/.local/lib/python3.12/site-packages/airflow/example_dags/example_sensor_decorator.py
[2026-06-08T14:10:23.633+0000] {logging_mixin.py:188} INFO - [2026-06-08T14:10:23.633+0000] {dag.py:3096} INFO - Sync 1 DAGs
[2026-06-08T14:10:23.647+0000] {logging_mixin.py:188} INFO - [2026-06-08T14:10:23.646+0000] {dag.py:3954} INFO - Setting next_dagrun for example_sensor_decorator to None, run_after=None
[2026-06-08T14:10:23.673+0000] {processor.py:183} INFO - Processing /home/airflow/.local/lib/python3.12/site-packages/airflow/example_dags/example_sensor_decorator.py took 0.078 seconds
[2026-06-08T14:10:54.378+0000] {processor.py:161} INFO - Started process (PID=117231) to work on /home/airflow/.local/lib/python3.12/site-packages/airflow/example_dags/example_sensor_decorator.py
[2026-06-08T14:10:54.379+0000] {processor.py:830} INFO - Processing file /home/airflow/.local/lib/python3.12/site-packages/airflow/example_dags/example_sensor_decorator.py for tasks to queue
[2026-06-08T14:10:54.382+0000] {logging_mixin.py:188} INFO - [2026-06-08T14:10:54.381+0000] {dagbag.py:545} INFO - Filling up the DagBag from /home/airflow/.local/lib/python3.12/site-packages/airflow/example_dags/example_sensor_decorator.py
[2026-06-08T14:10:54.390+0000] {processor.py:840} INFO - DAG(s) 'example_sensor_decorator' retrieved from /home/airflow/.local/lib/python3.12/site-packages/airflow/example_dags/example_sensor_decorator.py
[2026-06-08T14:10:54.416+0000] {logging_mixin.py:188} INFO - [2026-06-08T14:10:54.415+0000] {dag.py:3096} INFO - Sync 1 DAGs
[2026-06-08T14:10:54.432+0000] {logging_mixin.py:188} INFO - [2026-06-08T14:10:54.431+0000] {dag.py:3954} INFO - Setting next_dagrun for example_sensor_decorator to None, run_after=None
[2026-06-08T14:10:54.455+0000] {processor.py:183} INFO - Processing /home/airflow/.local/lib/python3.12/site-packages/airflow/example_dags/example_sensor_decorator.py took 0.083 seconds
[2026-06-08T14:11:25.167+0000] {processor.py:161} INFO - Started process (PID=117491) to work on /home/airflow/.local/lib/python3.12/site-packages/airflow/example_dags/example_sensor_decorator.py
[2026-06-08T14:11:25.168+0000] {processor.py:830} INFO - Processing file /home/airflow/.local/lib/python3.12/site-packages/airflow/example_dags/example_sensor_decorator.py for tasks to queue
[2026-06-08T14:11:25.171+0000] {logging_mixin.py:188} INFO - [2026-06-08T14:11:25.171+0000] {dagbag.py:545} INFO - Filling up the DagBag from /home/airflow/.local/lib/python3.12/site-packages/airflow/example_dags/example_sensor_decorator.py
[2026-06-08T14:11:25.178+0000] {processor.py:840} INFO - DAG(s) 'example_sensor_decorator' retrieved from /home/airflow/.local/lib/python3.12/site-packages/airflow/example_dags/example_sensor_decorator.py
[2026-06-08T14:11:25.204+0000] {logging_mixin.py:188} INFO - [2026-06-08T14:11:25.203+0000] {dag.py:3096} INFO - Sync 1 DAGs
[2026-06-08T14:11:25.223+0000] {logging_mixin.py:188} INFO - [2026-06-08T14:11:25.222+0000] {dag.py:3954} INFO - Setting next_dagrun for example_sensor_decorator to None, run_after=None
[2026-06-08T14:11:25.251+0000] {processor.py:183} INFO - Processing /home/airflow/.local/lib/python3.12/site-packages/airflow/example_dags/example_sensor_decorator.py took 0.092 seconds
[2026-06-08T14:11:55.387+0000] {processor.py:161} INFO - Started process (PID=117753) to work on /home/airflow/.local/lib/python3.12/site-packages/airflow/example_dags/example_sensor_decorator.py
[2026-06-08T14:11:55.388+0000] {processor.py:830} INFO - Processing file /home/airflow/.local/lib/python3.12/site-packages/airflow/example_dags/example_sensor_decorator.py for tasks to queue
[2026-06-08T14:11:55.390+0000] {logging_mixin.py:188} INFO - [2026-06-08T14:11:55.389+0000] {dagbag.py:545} INFO - Filling up the DagBag from /home/airflow/.local/lib/python3.12/site-packages/airflow/example_dags/example_sensor_decorator.py
[2026-06-08T14:11:55.396+0000] {processor.py:840} INFO - DAG(s) 'example_sensor_decorator' retrieved from /home/airflow/.local/lib/python3.12/site-packages/airflow/example_dags/example_sensor_decorator.py
[2026-06-08T14:11:55.422+0000] {logging_mixin.py:188} INFO - [2026-06-08T14:11:55.422+0000] {dag.py:3096} INFO - Sync 1 DAGs
[2026-06-08T14:11:55.437+0000] {logging_mixin.py:188} INFO - [2026-06-08T14:11:55.437+0000] {dag.py:3954} INFO - Setting next_dagrun for example_sensor_decorator to None, run_after=None
[2026-06-08T14:11:55.464+0000] {processor.py:183} INFO - Processing /home/airflow/.local/lib/python3.12/site-packages/airflow/example_dags/example_sensor_decorator.py took 0.083 seconds
[2026-06-08T14:12:25.656+0000] {processor.py:161} INFO - Started process (PID=118017) to work on /home/airflow/.local/lib/python3.12/site-packages/airflow/example_dags/example_sensor_decorator.py
[2026-06-08T14:12:25.657+0000] {processor.py:830} INFO - Processing file /home/airflow/.local/lib/python3.12/site-packages/airflow/example_dags/example_sensor_decorator.py for tasks to queue
[2026-06-08T14:12:25.659+0000] {logging_mixin.py:188} INFO - [2026-06-08T14:12:25.659+0000] {dagbag.py:545} INFO - Filling up the DagBag from /home/airflow/.local/lib/python3.12/site-packages/airflow/example_dags/example_sensor_decorator.py
[2026-06-08T14:12:25.666+0000] {processor.py:840} INFO - DAG(s) 'example_sensor_decorator' retrieved from /home/airflow/.local/lib/python3.12/site-packages/airflow/example_dags/example_sensor_decorator.py
[2026-06-08T14:12:25.691+0000] {logging_mixin.py:188} INFO - [2026-06-08T14:12:25.691+0000] {dag.py:3096} INFO - Sync 1 DAGs
[2026-06-08T14:12:25.706+0000] {logging_mixin.py:188} INFO - [2026-06-08T14:12:25.705+0000] {dag.py:3954} INFO - Setting next_dagrun for example_sensor_decorator to None, run_after=None
[2026-06-08T14:12:25.733+0000] {processor.py:183} INFO - Processing /home/airflow/.local/lib/python3.12/site-packages/airflow/example_dags/example_sensor_decorator.py took 0.085 seconds
[2026-06-08T14:12:55.958+0000] {processor.py:161} INFO - Started process (PID=118277) to work on /home/airflow/.local/lib/python3.12/site-packages/airflow/example_dags/example_sensor_decorator.py
[2026-06-08T14:12:55.959+0000] {processor.py:830} INFO - Processing file /home/airflow/.local/lib/python3.12/site-packages/airflow/example_dags/example_sensor_decorator.py for tasks to queue
[2026-06-08T14:12:55.961+0000] {logging_mixin.py:188} INFO - [2026-06-08T14:12:55.961+0000] {dagbag.py:545} INFO - Filling up the DagBag from /home/airflow/.local/lib/python3.12/site-packages/airflow/example_dags/example_sensor_decorator.py
[2026-06-08T14:12:55.970+0000] {processor.py:840} INFO - DAG(s) 'example_sensor_decorator' retrieved from /home/airflow/.local/lib/python3.12/site-packages/airflow/example_dags/example_sensor_decorator.py
[2026-06-08T14:12:55.996+0000] {logging_mixin.py:188} INFO - [2026-06-08T14:12:55.995+0000] {dag.py:3096} INFO - Sync 1 DAGs
[2026-06-08T14:12:56.013+0000] {logging_mixin.py:188} INFO - [2026-06-08T14:12:56.012+0000] {dag.py:3954} INFO - Setting next_dagrun for example_sensor_decorator to None, run_after=None
[2026-06-08T14:12:56.041+0000] {processor.py:183} INFO - Processing /home/airflow/.local/lib/python3.12/site-packages/airflow/example_dags/example_sensor_decorator.py took 0.091 seconds
[2026-06-08T14:13:26.212+0000] {processor.py:161} INFO - Started process (PID=118541) to work on /home/airflow/.local/lib/python3.12/site-packages/airflow/example_dags/example_sensor_decorator.py
[2026-06-08T14:13:26.213+0000] {processor.py:830} INFO - Processing file /home/airflow/.local/lib/python3.12/site-packages/airflow/example_dags/example_sensor_decorator.py for tasks to queue
[2026-06-08T14:13:26.215+0000] {logging_mixin.py:188} INFO - [2026-06-08T14:13:26.215+0000] {dagbag.py:545} INFO - Filling up the DagBag from /home/airflow/.local/lib/python3.12/site-packages/airflow/example_dags/example_sensor_decorator.py
[2026-06-08T14:13:26.222+0000] {processor.py:840} INFO - DAG(s) 'example_sensor_decorator' retrieved from /home/airflow/.local/lib/python3.12/site-packages/airflow/example_dags/example_sensor_decorator.py
[2026-06-08T14:13:26.247+0000] {logging_mixin.py:188} INFO - [2026-06-08T14:13:26.247+0000] {dag.py:3096} INFO - Sync 1 DAGs
[2026-06-08T14:13:26.262+0000] {logging_mixin.py:188} INFO - [2026-06-08T14:13:26.262+0000] {dag.py:3954} INFO - Setting next_dagrun for example_sensor_decorator to None, run_after=None
[2026-06-08T14:13:26.288+0000] {processor.py:183} INFO - Processing /home/airflow/.local/lib/python3.12/site-packages/airflow/example_dags/example_sensor_decorator.py took 0.082 seconds
[2026-06-08T14:13:56.586+0000] {processor.py:161} INFO - Started process (PID=118801) to work on /home/airflow/.local/lib/python3.12/site-packages/airflow/example_dags/example_sensor_decorator.py
[2026-06-08T14:13:56.588+0000] {processor.py:830} INFO - Processing file /home/airflow/.local/lib/python3.12/site-packages/airflow/example_dags/example_sensor_decorator.py for tasks to queue
[2026-06-08T14:13:56.591+0000] {logging_mixin.py:188} INFO - [2026-06-08T14:13:56.590+0000] {dagbag.py:545} INFO - Filling up the DagBag from /home/airflow/.local/lib/python3.12/site-packages/airflow/example_dags/example_sensor_decorator.py
[2026-06-08T14:13:56.600+0000] {processor.py:840} INFO - DAG(s) 'example_sensor_decorator' retrieved from /home/airflow/.local/lib/python3.12/site-packages/airflow/example_dags/example_sensor_decorator.py
[2026-06-08T14:13:56.637+0000] {logging_mixin.py:188} INFO - [2026-06-08T14:13:56.637+0000] {dag.py:3096} INFO - Sync 1 DAGs
[2026-06-08T14:13:56.661+0000] {logging_mixin.py:188} INFO - [2026-06-08T14:13:56.660+0000] {dag.py:3954} INFO - Setting next_dagrun for example_sensor_decorator to None, run_after=None
[2026-06-08T14:13:56.706+0000] {processor.py:183} INFO - Processing /home/airflow/.local/lib/python3.12/site-packages/airflow/example_dags/example_sensor_decorator.py took 0.131 seconds
[2026-06-08T14:14:26.767+0000] {processor.py:161} INFO - Started process (PID=119063) to work on /home/airflow/.local/lib/python3.12/site-packages/airflow/example_dags/example_sensor_decorator.py
[2026-06-08T14:14:26.768+0000] {processor.py:830} INFO - Processing file /home/airflow/.local/lib/python3.12/site-packages/airflow/example_dags/example_sensor_decorator.py for tasks to queue
[2026-06-08T14:14:26.770+0000] {logging_mixin.py:188} INFO - [2026-06-08T14:14:26.770+0000] {dagbag.py:545} INFO - Filling up the DagBag from /home/airflow/.local/lib/python3.12/site-packages/airflow/example_dags/example_sensor_decorator.py
[2026-06-08T14:14:26.775+0000] {processor.py:840} INFO - DAG(s) 'example_sensor_decorator' retrieved from /home/airflow/.local/lib/python3.12/site-packages/airflow/example_dags/example_sensor_decorator.py
[2026-06-08T14:14:26.799+0000] {logging_mixin.py:188} INFO - [2026-06-08T14:14:26.798+0000] {dag.py:3096} INFO - Sync 1 DAGs
[2026-06-08T14:14:26.814+0000] {logging_mixin.py:188} INFO - [2026-06-08T14:14:26.813+0000] {dag.py:3954} INFO - Setting next_dagrun for example_sensor_decorator to None, run_after=None
[2026-06-08T14:14:26.837+0000] {processor.py:183} INFO - Processing /home/airflow/.local/lib/python3.12/site-packages/airflow/example_dags/example_sensor_decorator.py took 0.075 seconds
[2026-06-08T14:14:57.454+0000] {processor.py:161} INFO - Started process (PID=119328) to work on /home/airflow/.local/lib/python3.12/site-packages/airflow/example_dags/example_sensor_decorator.py
[2026-06-08T14:14:57.455+0000] {processor.py:830} INFO - Processing file /home/airflow/.local/lib/python3.12/site-packages/airflow/example_dags/example_sensor_decorator.py for tasks to queue
[2026-06-08T14:14:57.458+0000] {logging_mixin.py:188} INFO - [2026-06-08T14:14:57.457+0000] {dagbag.py:545} INFO - Filling up the DagBag from /home/airflow/.local/lib/python3.12/site-packages/airflow/example_dags/example_sensor_decorator.py
[2026-06-08T14:14:57.465+0000] {processor.py:840} INFO - DAG(s) 'example_sensor_decorator' retrieved from /home/airflow/.local/lib/python3.12/site-packages/airflow/example_dags/example_sensor_decorator.py
[2026-06-08T14:14:57.494+0000] {logging_mixin.py:188} INFO - [2026-06-08T14:14:57.493+0000] {dag.py:3096} INFO - Sync 1 DAGs
[2026-06-08T14:14:57.518+0000] {logging_mixin.py:188} INFO - [2026-06-08T14:14:57.518+0000] {dag.py:3954} INFO - Setting next_dagrun for example_sensor_decorator to None, run_after=None
[2026-06-08T14:14:57.549+0000] {processor.py:183} INFO - Processing /home/airflow/.local/lib/python3.12/site-packages/airflow/example_dags/example_sensor_decorator.py took 0.103 seconds
[2026-06-08T14:15:28.105+0000] {processor.py:161} INFO - Started process (PID=119588) to work on /home/airflow/.local/lib/python3.12/site-packages/airflow/example_dags/example_sensor_decorator.py
[2026-06-08T14:15:28.107+0000] {processor.py:830} INFO - Processing file /home/airflow/.local/lib/python3.12/site-packages/airflow/example_dags/example_sensor_decorator.py for tasks to queue
[2026-06-08T14:15:28.109+0000] {logging_mixin.py:188} INFO - [2026-06-08T14:15:28.108+0000] {dagbag.py:545} INFO - Filling up the DagBag from /home/airflow/.local/lib/python3.12/site-packages/airflow/example_dags/example_sensor_decorator.py
[2026-06-08T14:15:28.116+0000] {processor.py:840} INFO - DAG(s) 'example_sensor_decorator' retrieved from /home/airflow/.local/lib/python3.12/site-packages/airflow/example_dags/example_sensor_decorator.py
[2026-06-08T14:15:28.146+0000] {logging_mixin.py:188} INFO - [2026-06-08T14:15:28.146+0000] {dag.py:3096} INFO - Sync 1 DAGs
[2026-06-08T14:15:28.164+0000] {logging_mixin.py:188} INFO - [2026-06-08T14:15:28.164+0000] {dag.py:3954} INFO - Setting next_dagrun for example_sensor_decorator to None, run_after=None
[2026-06-08T14:15:28.193+0000] {processor.py:183} INFO - Processing /home/airflow/.local/lib/python3.12/site-packages/airflow/example_dags/example_sensor_decorator.py took 0.094 seconds
[2026-06-08T14:15:58.868+0000] {processor.py:161} INFO - Started process (PID=119852) to work on /home/airflow/.local/lib/python3.12/site-packages/airflow/example_dags/example_sensor_decorator.py
[2026-06-08T14:15:58.870+0000] {processor.py:830} INFO - Processing file /home/airflow/.local/lib/python3.12/site-packages/airflow/example_dags/example_sensor_decorator.py for tasks to queue
[2026-06-08T14:15:58.873+0000] {logging_mixin.py:188} INFO - [2026-06-08T14:15:58.873+0000] {dagbag.py:545} INFO - Filling up the DagBag from /home/airflow/.local/lib/python3.12/site-packages/airflow/example_dags/example_sensor_decorator.py
[2026-06-08T14:15:58.881+0000] {processor.py:840} INFO - DAG(s) 'example_sensor_decorator' retrieved from /home/airflow/.local/lib/python3.12/site-packages/airflow/example_dags/example_sensor_decorator.py
[2026-06-08T14:15:58.913+0000] {logging_mixin.py:188} INFO - [2026-06-08T14:15:58.913+0000] {dag.py:3096} INFO - Sync 1 DAGs
[2026-06-08T14:15:58.932+0000] {logging_mixin.py:188} INFO - [2026-06-08T14:15:58.932+0000] {dag.py:3954} INFO - Setting next_dagrun for example_sensor_decorator to None, run_after=None
[2026-06-08T14:15:58.965+0000] {processor.py:183} INFO - Processing /home/airflow/.local/lib/python3.12/site-packages/airflow/example_dags/example_sensor_decorator.py took 0.105 seconds
[2026-06-08T14:16:29.584+0000] {processor.py:161} INFO - Started process (PID=120114) to work on /home/airflow/.local/lib/python3.12/site-packages/airflow/example_dags/example_sensor_decorator.py
[2026-06-08T14:16:29.585+0000] {processor.py:830} INFO - Processing file /home/airflow/.local/lib/python3.12/site-packages/airflow/example_dags/example_sensor_decorator.py for tasks to queue
[2026-06-08T14:16:29.588+0000] {logging_mixin.py:188} INFO - [2026-06-08T14:16:29.588+0000] {dagbag.py:545} INFO - Filling up the DagBag from /home/airflow/.local/lib/python3.12/site-packages/airflow/example_dags/example_sensor_decorator.py
[2026-06-08T14:16:29.596+0000] {processor.py:840} INFO - DAG(s) 'example_sensor_decorator' retrieved from /home/airflow/.local/lib/python3.12/site-packages/airflow/example_dags/example_sensor_decorator.py
[2026-06-08T14:16:29.625+0000] {logging_mixin.py:188} INFO - [2026-06-08T14:16:29.625+0000] {dag.py:3096} INFO - Sync 1 DAGs
[2026-06-08T14:16:29.639+0000] {logging_mixin.py:188} INFO - [2026-06-08T14:16:29.639+0000] {dag.py:3954} INFO - Setting next_dagrun for example_sensor_decorator to None, run_after=None
[2026-06-08T14:16:29.668+0000] {processor.py:183} INFO - Processing /home/airflow/.local/lib/python3.12/site-packages/airflow/example_dags/example_sensor_decorator.py took 0.091 seconds
[2026-06-08T14:17:00.418+0000] {processor.py:161} INFO - Started process (PID=120374) to work on /home/airflow/.local/lib/python3.12/site-packages/airflow/example_dags/example_sensor_decorator.py
[2026-06-08T14:17:00.420+0000] {processor.py:830} INFO - Processing file /home/airflow/.local/lib/python3.12/site-packages/airflow/example_dags/example_sensor_decorator.py for tasks to queue
[2026-06-08T14:17:00.423+0000] {logging_mixin.py:188} INFO - [2026-06-08T14:17:00.423+0000] {dagbag.py:545} INFO - Filling up the DagBag from /home/airflow/.local/lib/python3.12/site-packages/airflow/example_dags/example_sensor_decorator.py
[2026-06-08T14:17:00.434+0000] {processor.py:840} INFO - DAG(s) 'example_sensor_decorator' retrieved from /home/airflow/.local/lib/python3.12/site-packages/airflow/example_dags/example_sensor_decorator.py
[2026-06-08T14:17:00.469+0000] {logging_mixin.py:188} INFO - [2026-06-08T14:17:00.468+0000] {dag.py:3096} INFO - Sync 1 DAGs
[2026-06-08T14:17:00.486+0000] {logging_mixin.py:188} INFO - [2026-06-08T14:17:00.486+0000] {dag.py:3954} INFO - Setting next_dagrun for example_sensor_decorator to None, run_after=None
[2026-06-08T14:17:00.517+0000] {processor.py:183} INFO - Processing /home/airflow/.local/lib/python3.12/site-packages/airflow/example_dags/example_sensor_decorator.py took 0.106 seconds
[2026-06-08T14:17:30.841+0000] {processor.py:161} INFO - Started process (PID=120638) to work on /home/airflow/.local/lib/python3.12/site-packages/airflow/example_dags/example_sensor_decorator.py
[2026-06-08T14:17:30.843+0000] {processor.py:830} INFO - Processing file /home/airflow/.local/lib/python3.12/site-packages/airflow/example_dags/example_sensor_decorator.py for tasks to queue
[2026-06-08T14:17:30.845+0000] {logging_mixin.py:188} INFO - [2026-06-08T14:17:30.845+0000] {dagbag.py:545} INFO - Filling up the DagBag from /home/airflow/.local/lib/python3.12/site-packages/airflow/example_dags/example_sensor_decorator.py
[2026-06-08T14:17:30.855+0000] {processor.py:840} INFO - DAG(s) 'example_sensor_decorator' retrieved from /home/airflow/.local/lib/python3.12/site-packages/airflow/example_dags/example_sensor_decorator.py
[2026-06-08T14:17:30.885+0000] {logging_mixin.py:188} INFO - [2026-06-08T14:17:30.885+0000] {dag.py:3096} INFO - Sync 1 DAGs
[2026-06-08T14:17:30.899+0000] {logging_mixin.py:188} INFO - [2026-06-08T14:17:30.899+0000] {dag.py:3954} INFO - Setting next_dagrun for example_sensor_decorator to None, run_after=None
[2026-06-08T14:17:30.927+0000] {processor.py:183} INFO - Processing /home/airflow/.local/lib/python3.12/site-packages/airflow/example_dags/example_sensor_decorator.py took 0.095 seconds
[2026-06-08T14:18:01.419+0000] {processor.py:161} INFO - Started process (PID=120900) to work on /home/airflow/.local/lib/python3.12/site-packages/airflow/example_dags/example_sensor_decorator.py
[2026-06-08T14:18:01.420+0000] {processor.py:830} INFO - Processing file /home/airflow/.local/lib/python3.12/site-packages/airflow/example_dags/example_sensor_decorator.py for tasks to queue
[2026-06-08T14:18:01.423+0000] {logging_mixin.py:188} INFO - [2026-06-08T14:18:01.423+0000] {dagbag.py:545} INFO - Filling up the DagBag from /home/airflow/.local/lib/python3.12/site-packages/airflow/example_dags/example_sensor_decorator.py
[2026-06-08T14:18:01.433+0000] {processor.py:840} INFO - DAG(s) 'example_sensor_decorator' retrieved from /home/airflow/.local/lib/python3.12/site-packages/airflow/example_dags/example_sensor_decorator.py
[2026-06-08T14:18:01.472+0000] {logging_mixin.py:188} INFO - [2026-06-08T14:18:01.472+0000] {dag.py:3096} INFO - Sync 1 DAGs
[2026-06-08T14:18:01.502+0000] {logging_mixin.py:188} INFO - [2026-06-08T14:18:01.501+0000] {dag.py:3954} INFO - Setting next_dagrun for example_sensor_decorator to None, run_after=None
[2026-06-08T14:18:01.544+0000] {processor.py:183} INFO - Processing /home/airflow/.local/lib/python3.12/site-packages/airflow/example_dags/example_sensor_decorator.py took 0.132 seconds
[2026-06-08T14:18:32.383+0000] {processor.py:161} INFO - Started process (PID=121162) to work on /home/airflow/.local/lib/python3.12/site-packages/airflow/example_dags/example_sensor_decorator.py
[2026-06-08T14:18:32.384+0000] {processor.py:830} INFO - Processing file /home/airflow/.local/lib/python3.12/site-packages/airflow/example_dags/example_sensor_decorator.py for tasks to queue
[2026-06-08T14:18:32.386+0000] {logging_mixin.py:188} INFO - [2026-06-08T14:18:32.385+0000] {dagbag.py:545} INFO - Filling up the DagBag from /home/airflow/.local/lib/python3.12/site-packages/airflow/example_dags/example_sensor_decorator.py
[2026-06-08T14:18:32.392+0000] {processor.py:840} INFO - DAG(s) 'example_sensor_decorator' retrieved from /home/airflow/.local/lib/python3.12/site-packages/airflow/example_dags/example_sensor_decorator.py
[2026-06-08T14:18:32.418+0000] {logging_mixin.py:188} INFO - [2026-06-08T14:18:32.418+0000] {dag.py:3096} INFO - Sync 1 DAGs
[2026-06-08T14:18:32.432+0000] {logging_mixin.py:188} INFO - [2026-06-08T14:18:32.432+0000] {dag.py:3954} INFO - Setting next_dagrun for example_sensor_decorator to None, run_after=None
[2026-06-08T14:18:32.459+0000] {processor.py:183} INFO - Processing /home/airflow/.local/lib/python3.12/site-packages/airflow/example_dags/example_sensor_decorator.py took 0.083 seconds
[2026-06-08T14:19:02.909+0000] {processor.py:161} INFO - Started process (PID=121424) to work on /home/airflow/.local/lib/python3.12/site-packages/airflow/example_dags/example_sensor_decorator.py
[2026-06-08T14:19:02.911+0000] {processor.py:830} INFO - Processing file /home/airflow/.local/lib/python3.12/site-packages/airflow/example_dags/example_sensor_decorator.py for tasks to queue
[2026-06-08T14:19:02.914+0000] {logging_mixin.py:188} INFO - [2026-06-08T14:19:02.913+0000] {dagbag.py:545} INFO - Filling up the DagBag from /home/airflow/.local/lib/python3.12/site-packages/airflow/example_dags/example_sensor_decorator.py
[2026-06-08T14:19:02.921+0000] {processor.py:840} INFO - DAG(s) 'example_sensor_decorator' retrieved from /home/airflow/.local/lib/python3.12/site-packages/airflow/example_dags/example_sensor_decorator.py
[2026-06-08T14:19:02.951+0000] {logging_mixin.py:188} INFO - [2026-06-08T14:19:02.950+0000] {dag.py:3096} INFO - Sync 1 DAGs
[2026-06-08T14:19:02.968+0000] {logging_mixin.py:188} INFO - [2026-06-08T14:19:02.967+0000] {dag.py:3954} INFO - Setting next_dagrun for example_sensor_decorator to None, run_after=None
[2026-06-08T14:19:02.999+0000] {processor.py:183} INFO - Processing /home/airflow/.local/lib/python3.12/site-packages/airflow/example_dags/example_sensor_decorator.py took 0.098 seconds
[2026-06-08T14:19:33.420+0000] {processor.py:161} INFO - Started process (PID=121686) to work on /home/airflow/.local/lib/python3.12/site-packages/airflow/example_dags/example_sensor_decorator.py
[2026-06-08T14:19:33.421+0000] {processor.py:830} INFO - Processing file /home/airflow/.local/lib/python3.12/site-packages/airflow/example_dags/example_sensor_decorator.py for tasks to queue
[2026-06-08T14:19:33.423+0000] {logging_mixin.py:188} INFO - [2026-06-08T14:19:33.423+0000] {dagbag.py:545} INFO - Filling up the DagBag from /home/airflow/.local/lib/python3.12/site-packages/airflow/example_dags/example_sensor_decorator.py
[2026-06-08T14:19:33.430+0000] {processor.py:840} INFO - DAG(s) 'example_sensor_decorator' retrieved from /home/airflow/.local/lib/python3.12/site-packages/airflow/example_dags/example_sensor_decorator.py
[2026-06-08T14:19:33.455+0000] {logging_mixin.py:188} INFO - [2026-06-08T14:19:33.455+0000] {dag.py:3096} INFO - Sync 1 DAGs
[2026-06-08T14:19:33.470+0000] {logging_mixin.py:188} INFO - [2026-06-08T14:19:33.470+0000] {dag.py:3954} INFO - Setting next_dagrun for example_sensor_decorator to None, run_after=None
[2026-06-08T14:19:33.492+0000] {processor.py:183} INFO - Processing /home/airflow/.local/lib/python3.12/site-packages/airflow/example_dags/example_sensor_decorator.py took 0.078 seconds
[2026-06-08T14:20:03.832+0000] {processor.py:161} INFO - Started process (PID=121948) to work on /home/airflow/.local/lib/python3.12/site-packages/airflow/example_dags/example_sensor_decorator.py
[2026-06-08T14:20:03.833+0000] {processor.py:830} INFO - Processing file /home/airflow/.local/lib/python3.12/site-packages/airflow/example_dags/example_sensor_decorator.py for tasks to queue
[2026-06-08T14:20:03.836+0000] {logging_mixin.py:188} INFO - [2026-06-08T14:20:03.835+0000] {dagbag.py:545} INFO - Filling up the DagBag from /home/airflow/.local/lib/python3.12/site-packages/airflow/example_dags/example_sensor_decorator.py
[2026-06-08T14:20:03.843+0000] {processor.py:840} INFO - DAG(s) 'example_sensor_decorator' retrieved from /home/airflow/.local/lib/python3.12/site-packages/airflow/example_dags/example_sensor_decorator.py
[2026-06-08T14:20:03.870+0000] {logging_mixin.py:188} INFO - [2026-06-08T14:20:03.869+0000] {dag.py:3096} INFO - Sync 1 DAGs
[2026-06-08T14:20:03.886+0000] {logging_mixin.py:188} INFO - [2026-06-08T14:20:03.885+0000] {dag.py:3954} INFO - Setting next_dagrun for example_sensor_decorator to None, run_after=None
[2026-06-08T14:20:03.915+0000] {processor.py:183} INFO - Processing /home/airflow/.local/lib/python3.12/site-packages/airflow/example_dags/example_sensor_decorator.py took 0.089 seconds
[2026-06-08T14:20:34.346+0000] {processor.py:161} INFO - Started process (PID=122210) to work on /home/airflow/.local/lib/python3.12/site-packages/airflow/example_dags/example_sensor_decorator.py
[2026-06-08T14:20:34.349+0000] {processor.py:830} INFO - Processing file /home/airflow/.local/lib/python3.12/site-packages/airflow/example_dags/example_sensor_decorator.py for tasks to queue
[2026-06-08T14:20:34.351+0000] {logging_mixin.py:188} INFO - [2026-06-08T14:20:34.351+0000] {dagbag.py:545} INFO - Filling up the DagBag from /home/airflow/.local/lib/python3.12/site-packages/airflow/example_dags/example_sensor_decorator.py
[2026-06-08T14:20:34.359+0000] {processor.py:840} INFO - DAG(s) 'example_sensor_decorator' retrieved from /home/airflow/.local/lib/python3.12/site-packages/airflow/example_dags/example_sensor_decorator.py
[2026-06-08T14:20:34.389+0000] {logging_mixin.py:188} INFO - [2026-06-08T14:20:34.389+0000] {dag.py:3096} INFO - Sync 1 DAGs
[2026-06-08T14:20:34.407+0000] {logging_mixin.py:188} INFO - [2026-06-08T14:20:34.406+0000] {dag.py:3954} INFO - Setting next_dagrun for example_sensor_decorator to None, run_after=None
[2026-06-08T14:20:34.437+0000] {processor.py:183} INFO - Processing /home/airflow/.local/lib/python3.12/site-packages/airflow/example_dags/example_sensor_decorator.py took 0.099 seconds
[2026-06-08T14:21:04.560+0000] {processor.py:161} INFO - Started process (PID=122473) to work on /home/airflow/.local/lib/python3.12/site-packages/airflow/example_dags/example_sensor_decorator.py
[2026-06-08T14:21:04.562+0000] {processor.py:830} INFO - Processing file /home/airflow/.local/lib/python3.12/site-packages/airflow/example_dags/example_sensor_decorator.py for tasks to queue
[2026-06-08T14:21:04.563+0000] {logging_mixin.py:188} INFO - [2026-06-08T14:21:04.563+0000] {dagbag.py:545} INFO - Filling up the DagBag from /home/airflow/.local/lib/python3.12/site-packages/airflow/example_dags/example_sensor_decorator.py
[2026-06-08T14:21:04.570+0000] {processor.py:840} INFO - DAG(s) 'example_sensor_decorator' retrieved from /home/airflow/.local/lib/python3.12/site-packages/airflow/example_dags/example_sensor_decorator.py
[2026-06-08T14:21:04.598+0000] {logging_mixin.py:188} INFO - [2026-06-08T14:21:04.597+0000] {dag.py:3096} INFO - Sync 1 DAGs
[2026-06-08T14:21:04.613+0000] {logging_mixin.py:188} INFO - [2026-06-08T14:21:04.613+0000] {dag.py:3954} INFO - Setting next_dagrun for example_sensor_decorator to None, run_after=None
[2026-06-08T14:21:04.641+0000] {processor.py:183} INFO - Processing /home/airflow/.local/lib/python3.12/site-packages/airflow/example_dags/example_sensor_decorator.py took 0.087 seconds
[2026-06-08T14:21:34.805+0000] {processor.py:161} INFO - Started process (PID=122736) to work on /home/airflow/.local/lib/python3.12/site-packages/airflow/example_dags/example_sensor_decorator.py
[2026-06-08T14:21:34.807+0000] {processor.py:830} INFO - Processing file /home/airflow/.local/lib/python3.12/site-packages/airflow/example_dags/example_sensor_decorator.py for tasks to queue
[2026-06-08T14:21:34.809+0000] {logging_mixin.py:188} INFO - [2026-06-08T14:21:34.809+0000] {dagbag.py:545} INFO - Filling up the DagBag from /home/airflow/.local/lib/python3.12/site-packages/airflow/example_dags/example_sensor_decorator.py
[2026-06-08T14:21:34.816+0000] {processor.py:840} INFO - DAG(s) 'example_sensor_decorator' retrieved from /home/airflow/.local/lib/python3.12/site-packages/airflow/example_dags/example_sensor_decorator.py
[2026-06-08T14:21:34.841+0000] {logging_mixin.py:188} INFO - [2026-06-08T14:21:34.840+0000] {dag.py:3096} INFO - Sync 1 DAGs
[2026-06-08T14:21:34.856+0000] {logging_mixin.py:188} INFO - [2026-06-08T14:21:34.856+0000] {dag.py:3954} INFO - Setting next_dagrun for example_sensor_decorator to None, run_after=None
[2026-06-08T14:21:34.882+0000] {processor.py:183} INFO - Processing /home/airflow/.local/lib/python3.12/site-packages/airflow/example_dags/example_sensor_decorator.py took 0.082 seconds
[2026-06-08T14:22:05.467+0000] {processor.py:161} INFO - Started process (PID=122996) to work on /home/airflow/.local/lib/python3.12/site-packages/airflow/example_dags/example_sensor_decorator.py
[2026-06-08T14:22:05.468+0000] {processor.py:830} INFO - Processing file /home/airflow/.local/lib/python3.12/site-packages/airflow/example_dags/example_sensor_decorator.py for tasks to queue
[2026-06-08T14:22:05.470+0000] {logging_mixin.py:188} INFO - [2026-06-08T14:22:05.469+0000] {dagbag.py:545} INFO - Filling up the DagBag from /home/airflow/.local/lib/python3.12/site-packages/airflow/example_dags/example_sensor_decorator.py
[2026-06-08T14:22:05.476+0000] {processor.py:840} INFO - DAG(s) 'example_sensor_decorator' retrieved from /home/airflow/.local/lib/python3.12/site-packages/airflow/example_dags/example_sensor_decorator.py
[2026-06-08T14:22:05.501+0000] {logging_mixin.py:188} INFO - [2026-06-08T14:22:05.501+0000] {dag.py:3096} INFO - Sync 1 DAGs
[2026-06-08T14:22:05.516+0000] {logging_mixin.py:188} INFO - [2026-06-08T14:22:05.516+0000] {dag.py:3954} INFO - Setting next_dagrun for example_sensor_decorator to None, run_after=None
[2026-06-08T14:22:05.544+0000] {processor.py:183} INFO - Processing /home/airflow/.local/lib/python3.12/site-packages/airflow/example_dags/example_sensor_decorator.py took 0.084 seconds
[2026-06-08T14:22:35.692+0000] {processor.py:161} INFO - Started process (PID=123258) to work on /home/airflow/.local/lib/python3.12/site-packages/airflow/example_dags/example_sensor_decorator.py
[2026-06-08T14:22:35.693+0000] {processor.py:830} INFO - Processing file /home/airflow/.local/lib/python3.12/site-packages/airflow/example_dags/example_sensor_decorator.py for tasks to queue
[2026-06-08T14:22:35.695+0000] {logging_mixin.py:188} INFO - [2026-06-08T14:22:35.695+0000] {dagbag.py:545} INFO - Filling up the DagBag from /home/airflow/.local/lib/python3.12/site-packages/airflow/example_dags/example_sensor_decorator.py
[2026-06-08T14:22:35.701+0000] {processor.py:840} INFO - DAG(s) 'example_sensor_decorator' retrieved from /home/airflow/.local/lib/python3.12/site-packages/airflow/example_dags/example_sensor_decorator.py
[2026-06-08T14:22:35.726+0000] {logging_mixin.py:188} INFO - [2026-06-08T14:22:35.725+0000] {dag.py:3096} INFO - Sync 1 DAGs
[2026-06-08T14:22:35.741+0000] {logging_mixin.py:188} INFO - [2026-06-08T14:22:35.741+0000] {dag.py:3954} INFO - Setting next_dagrun for example_sensor_decorator to None, run_after=None
[2026-06-08T14:22:35.768+0000] {processor.py:183} INFO - Processing /home/airflow/.local/lib/python3.12/site-packages/airflow/example_dags/example_sensor_decorator.py took 0.082 seconds
[2026-06-08T14:23:05.947+0000] {processor.py:161} INFO - Started process (PID=123520) to work on /home/airflow/.local/lib/python3.12/site-packages/airflow/example_dags/example_sensor_decorator.py
[2026-06-08T14:23:05.949+0000] {processor.py:830} INFO - Processing file /home/airflow/.local/lib/python3.12/site-packages/airflow/example_dags/example_sensor_decorator.py for tasks to queue
[2026-06-08T14:23:05.951+0000] {logging_mixin.py:188} INFO - [2026-06-08T14:23:05.951+0000] {dagbag.py:545} INFO - Filling up the DagBag from /home/airflow/.local/lib/python3.12/site-packages/airflow/example_dags/example_sensor_decorator.py
[2026-06-08T14:23:05.959+0000] {processor.py:840} INFO - DAG(s) 'example_sensor_decorator' retrieved from /home/airflow/.local/lib/python3.12/site-packages/airflow/example_dags/example_sensor_decorator.py
[2026-06-08T14:23:05.986+0000] {logging_mixin.py:188} INFO - [2026-06-08T14:23:05.985+0000] {dag.py:3096} INFO - Sync 1 DAGs
[2026-06-08T14:23:06.002+0000] {logging_mixin.py:188} INFO - [2026-06-08T14:23:06.002+0000] {dag.py:3954} INFO - Setting next_dagrun for example_sensor_decorator to None, run_after=None
[2026-06-08T14:23:06.033+0000] {processor.py:183} INFO - Processing /home/airflow/.local/lib/python3.12/site-packages/airflow/example_dags/example_sensor_decorator.py took 0.093 seconds
[2026-06-08T14:23:36.269+0000] {processor.py:161} INFO - Started process (PID=123782) to work on /home/airflow/.local/lib/python3.12/site-packages/airflow/example_dags/example_sensor_decorator.py
[2026-06-08T14:23:36.270+0000] {processor.py:830} INFO - Processing file /home/airflow/.local/lib/python3.12/site-packages/airflow/example_dags/example_sensor_decorator.py for tasks to queue
[2026-06-08T14:23:36.273+0000] {logging_mixin.py:188} INFO - [2026-06-08T14:23:36.272+0000] {dagbag.py:545} INFO - Filling up the DagBag from /home/airflow/.local/lib/python3.12/site-packages/airflow/example_dags/example_sensor_decorator.py
[2026-06-08T14:23:36.278+0000] {processor.py:840} INFO - DAG(s) 'example_sensor_decorator' retrieved from /home/airflow/.local/lib/python3.12/site-packages/airflow/example_dags/example_sensor_decorator.py
[2026-06-08T14:23:36.303+0000] {logging_mixin.py:188} INFO - [2026-06-08T14:23:36.302+0000] {dag.py:3096} INFO - Sync 1 DAGs
[2026-06-08T14:23:36.317+0000] {logging_mixin.py:188} INFO - [2026-06-08T14:23:36.317+0000] {dag.py:3954} INFO - Setting next_dagrun for example_sensor_decorator to None, run_after=None
[2026-06-08T14:23:36.344+0000] {processor.py:183} INFO - Processing /home/airflow/.local/lib/python3.12/site-packages/airflow/example_dags/example_sensor_decorator.py took 0.081 seconds
[2026-06-08T14:24:07.063+0000] {processor.py:161} INFO - Started process (PID=124046) to work on /home/airflow/.local/lib/python3.12/site-packages/airflow/example_dags/example_sensor_decorator.py
[2026-06-08T14:24:07.064+0000] {processor.py:830} INFO - Processing file /home/airflow/.local/lib/python3.12/site-packages/airflow/example_dags/example_sensor_decorator.py for tasks to queue
[2026-06-08T14:24:07.067+0000] {logging_mixin.py:188} INFO - [2026-06-08T14:24:07.066+0000] {dagbag.py:545} INFO - Filling up the DagBag from /home/airflow/.local/lib/python3.12/site-packages/airflow/example_dags/example_sensor_decorator.py
[2026-06-08T14:24:07.074+0000] {processor.py:840} INFO - DAG(s) 'example_sensor_decorator' retrieved from /home/airflow/.local/lib/python3.12/site-packages/airflow/example_dags/example_sensor_decorator.py
[2026-06-08T14:24:07.097+0000] {logging_mixin.py:188} INFO - [2026-06-08T14:24:07.097+0000] {dag.py:3096} INFO - Sync 1 DAGs
[2026-06-08T14:24:07.113+0000] {logging_mixin.py:188} INFO - [2026-06-08T14:24:07.113+0000] {dag.py:3954} INFO - Setting next_dagrun for example_sensor_decorator to None, run_after=None
[2026-06-08T14:24:07.139+0000] {processor.py:183} INFO - Processing /home/airflow/.local/lib/python3.12/site-packages/airflow/example_dags/example_sensor_decorator.py took 0.084 seconds
[2026-06-08T14:39:35.324+0000] {processor.py:161} INFO - Started process (PID=124299) to work on /home/airflow/.local/lib/python3.12/site-packages/airflow/example_dags/example_sensor_decorator.py
[2026-06-08T14:39:35.326+0000] {processor.py:830} INFO - Processing file /home/airflow/.local/lib/python3.12/site-packages/airflow/example_dags/example_sensor_decorator.py for tasks to queue
[2026-06-08T14:39:35.329+0000] {logging_mixin.py:188} INFO - [2026-06-08T14:39:35.328+0000] {dagbag.py:545} INFO - Filling up the DagBag from /home/airflow/.local/lib/python3.12/site-packages/airflow/example_dags/example_sensor_decorator.py
[2026-06-08T14:39:35.338+0000] {processor.py:840} INFO - DAG(s) 'example_sensor_decorator' retrieved from /home/airflow/.local/lib/python3.12/site-packages/airflow/example_dags/example_sensor_decorator.py
[2026-06-08T14:39:35.368+0000] {logging_mixin.py:188} INFO - [2026-06-08T14:39:35.367+0000] {dag.py:3096} INFO - Sync 1 DAGs
[2026-06-08T14:39:35.390+0000] {logging_mixin.py:188} INFO - [2026-06-08T14:39:35.390+0000] {dag.py:3954} INFO - Setting next_dagrun for example_sensor_decorator to None, run_after=None
[2026-06-08T14:39:35.424+0000] {processor.py:183} INFO - Processing /home/airflow/.local/lib/python3.12/site-packages/airflow/example_dags/example_sensor_decorator.py took 0.108 seconds
