[2026-06-08T08:33:51.401+0000] {processor.py:161} INFO - Started process (PID=221) to work on /home/airflow/.local/lib/python3.12/site-packages/airflow/example_dags/tutorial_taskflow_api_virtualenv.py
[2026-06-08T08:33:51.402+0000] {processor.py:830} INFO - Processing file /home/airflow/.local/lib/python3.12/site-packages/airflow/example_dags/tutorial_taskflow_api_virtualenv.py for tasks to queue
[2026-06-08T08:33:51.404+0000] {logging_mixin.py:188} INFO - [2026-06-08T08:33:51.403+0000] {dagbag.py:545} INFO - Filling up the DagBag from /home/airflow/.local/lib/python3.12/site-packages/airflow/example_dags/tutorial_taskflow_api_virtualenv.py
[2026-06-08T08:33:51.420+0000] {processor.py:840} INFO - DAG(s) 'tutorial_taskflow_api_virtualenv' retrieved from /home/airflow/.local/lib/python3.12/site-packages/airflow/example_dags/tutorial_taskflow_api_virtualenv.py
[2026-06-08T08:33:51.456+0000] {logging_mixin.py:188} INFO - [2026-06-08T08:33:51.456+0000] {dag.py:3096} INFO - Sync 1 DAGs
[2026-06-08T08:33:51.472+0000] {logging_mixin.py:188} INFO - [2026-06-08T08:33:51.472+0000] {dag.py:3954} INFO - Setting next_dagrun for tutorial_taskflow_api_virtualenv to None, run_after=None
[2026-06-08T08:33:51.498+0000] {processor.py:183} INFO - Processing /home/airflow/.local/lib/python3.12/site-packages/airflow/example_dags/tutorial_taskflow_api_virtualenv.py took 0.102 seconds
[2026-06-08T08:34:22.362+0000] {processor.py:161} INFO - Started process (PID=482) to work on /home/airflow/.local/lib/python3.12/site-packages/airflow/example_dags/tutorial_taskflow_api_virtualenv.py
[2026-06-08T08:34:22.364+0000] {processor.py:830} INFO - Processing file /home/airflow/.local/lib/python3.12/site-packages/airflow/example_dags/tutorial_taskflow_api_virtualenv.py for tasks to queue
[2026-06-08T08:34:22.365+0000] {logging_mixin.py:188} INFO - [2026-06-08T08:34:22.365+0000] {dagbag.py:545} INFO - Filling up the DagBag from /home/airflow/.local/lib/python3.12/site-packages/airflow/example_dags/tutorial_taskflow_api_virtualenv.py
[2026-06-08T08:34:22.372+0000] {processor.py:840} INFO - DAG(s) 'tutorial_taskflow_api_virtualenv' retrieved from /home/airflow/.local/lib/python3.12/site-packages/airflow/example_dags/tutorial_taskflow_api_virtualenv.py
[2026-06-08T08:34:22.448+0000] {logging_mixin.py:188} INFO - [2026-06-08T08:34:22.448+0000] {dag.py:3096} INFO - Sync 1 DAGs
[2026-06-08T08:34:22.458+0000] {logging_mixin.py:188} INFO - [2026-06-08T08:34:22.458+0000] {dag.py:3954} INFO - Setting next_dagrun for tutorial_taskflow_api_virtualenv to None, run_after=None
[2026-06-08T08:34:22.479+0000] {processor.py:183} INFO - Processing /home/airflow/.local/lib/python3.12/site-packages/airflow/example_dags/tutorial_taskflow_api_virtualenv.py took 0.121 seconds
[2026-06-08T08:35:34.974+0000] {processor.py:161} INFO - Started process (PID=219) to work on /home/airflow/.local/lib/python3.12/site-packages/airflow/example_dags/tutorial_taskflow_api_virtualenv.py
[2026-06-08T08:35:34.975+0000] {processor.py:830} INFO - Processing file /home/airflow/.local/lib/python3.12/site-packages/airflow/example_dags/tutorial_taskflow_api_virtualenv.py for tasks to queue
[2026-06-08T08:35:34.976+0000] {logging_mixin.py:188} INFO - [2026-06-08T08:35:34.976+0000] {dagbag.py:545} INFO - Filling up the DagBag from /home/airflow/.local/lib/python3.12/site-packages/airflow/example_dags/tutorial_taskflow_api_virtualenv.py
[2026-06-08T08:35:34.985+0000] {processor.py:840} INFO - DAG(s) 'tutorial_taskflow_api_virtualenv' retrieved from /home/airflow/.local/lib/python3.12/site-packages/airflow/example_dags/tutorial_taskflow_api_virtualenv.py
[2026-06-08T08:35:34.995+0000] {logging_mixin.py:188} INFO - [2026-06-08T08:35:34.995+0000] {dag.py:3096} INFO - Sync 1 DAGs
[2026-06-08T08:35:35.005+0000] {logging_mixin.py:188} INFO - [2026-06-08T08:35:35.005+0000] {dag.py:3954} INFO - Setting next_dagrun for tutorial_taskflow_api_virtualenv to None, run_after=None
[2026-06-08T08:35:35.022+0000] {processor.py:183} INFO - Processing /home/airflow/.local/lib/python3.12/site-packages/airflow/example_dags/tutorial_taskflow_api_virtualenv.py took 0.053 seconds
[2026-06-08T08:36:05.440+0000] {processor.py:161} INFO - Started process (PID=481) to work on /home/airflow/.local/lib/python3.12/site-packages/airflow/example_dags/tutorial_taskflow_api_virtualenv.py
[2026-06-08T08:36:05.440+0000] {processor.py:830} INFO - Processing file /home/airflow/.local/lib/python3.12/site-packages/airflow/example_dags/tutorial_taskflow_api_virtualenv.py for tasks to queue
[2026-06-08T08:36:05.442+0000] {logging_mixin.py:188} INFO - [2026-06-08T08:36:05.441+0000] {dagbag.py:545} INFO - Filling up the DagBag from /home/airflow/.local/lib/python3.12/site-packages/airflow/example_dags/tutorial_taskflow_api_virtualenv.py
[2026-06-08T08:36:05.449+0000] {processor.py:840} INFO - DAG(s) 'tutorial_taskflow_api_virtualenv' retrieved from /home/airflow/.local/lib/python3.12/site-packages/airflow/example_dags/tutorial_taskflow_api_virtualenv.py
[2026-06-08T08:36:05.534+0000] {logging_mixin.py:188} INFO - [2026-06-08T08:36:05.534+0000] {dag.py:3096} INFO - Sync 1 DAGs
[2026-06-08T08:36:05.543+0000] {logging_mixin.py:188} INFO - [2026-06-08T08:36:05.543+0000] {dag.py:3954} INFO - Setting next_dagrun for tutorial_taskflow_api_virtualenv to None, run_after=None
[2026-06-08T08:36:05.561+0000] {processor.py:183} INFO - Processing /home/airflow/.local/lib/python3.12/site-packages/airflow/example_dags/tutorial_taskflow_api_virtualenv.py took 0.125 seconds
[2026-06-08T08:36:35.774+0000] {processor.py:161} INFO - Started process (PID=743) to work on /home/airflow/.local/lib/python3.12/site-packages/airflow/example_dags/tutorial_taskflow_api_virtualenv.py
[2026-06-08T08:36:35.775+0000] {processor.py:830} INFO - Processing file /home/airflow/.local/lib/python3.12/site-packages/airflow/example_dags/tutorial_taskflow_api_virtualenv.py for tasks to queue
[2026-06-08T08:36:35.777+0000] {logging_mixin.py:188} INFO - [2026-06-08T08:36:35.777+0000] {dagbag.py:545} INFO - Filling up the DagBag from /home/airflow/.local/lib/python3.12/site-packages/airflow/example_dags/tutorial_taskflow_api_virtualenv.py
[2026-06-08T08:36:35.785+0000] {processor.py:840} INFO - DAG(s) 'tutorial_taskflow_api_virtualenv' retrieved from /home/airflow/.local/lib/python3.12/site-packages/airflow/example_dags/tutorial_taskflow_api_virtualenv.py
[2026-06-08T08:36:35.802+0000] {logging_mixin.py:188} INFO - [2026-06-08T08:36:35.802+0000] {dag.py:3096} INFO - Sync 1 DAGs
[2026-06-08T08:36:35.814+0000] {logging_mixin.py:188} INFO - [2026-06-08T08:36:35.814+0000] {dag.py:3954} INFO - Setting next_dagrun for tutorial_taskflow_api_virtualenv to None, run_after=None
[2026-06-08T08:36:35.833+0000] {processor.py:183} INFO - Processing /home/airflow/.local/lib/python3.12/site-packages/airflow/example_dags/tutorial_taskflow_api_virtualenv.py took 0.063 seconds
[2026-06-08T08:37:06.298+0000] {processor.py:161} INFO - Started process (PID=1005) to work on /home/airflow/.local/lib/python3.12/site-packages/airflow/example_dags/tutorial_taskflow_api_virtualenv.py
[2026-06-08T08:37:06.299+0000] {processor.py:830} INFO - Processing file /home/airflow/.local/lib/python3.12/site-packages/airflow/example_dags/tutorial_taskflow_api_virtualenv.py for tasks to queue
[2026-06-08T08:37:06.301+0000] {logging_mixin.py:188} INFO - [2026-06-08T08:37:06.301+0000] {dagbag.py:545} INFO - Filling up the DagBag from /home/airflow/.local/lib/python3.12/site-packages/airflow/example_dags/tutorial_taskflow_api_virtualenv.py
[2026-06-08T08:37:06.308+0000] {processor.py:840} INFO - DAG(s) 'tutorial_taskflow_api_virtualenv' retrieved from /home/airflow/.local/lib/python3.12/site-packages/airflow/example_dags/tutorial_taskflow_api_virtualenv.py
[2026-06-08T08:37:06.327+0000] {logging_mixin.py:188} INFO - [2026-06-08T08:37:06.327+0000] {dag.py:3096} INFO - Sync 1 DAGs
[2026-06-08T08:37:06.337+0000] {logging_mixin.py:188} INFO - [2026-06-08T08:37:06.337+0000] {dag.py:3954} INFO - Setting next_dagrun for tutorial_taskflow_api_virtualenv to None, run_after=None
[2026-06-08T08:37:06.355+0000] {processor.py:183} INFO - Processing /home/airflow/.local/lib/python3.12/site-packages/airflow/example_dags/tutorial_taskflow_api_virtualenv.py took 0.062 seconds
[2026-06-08T08:37:36.513+0000] {processor.py:161} INFO - Started process (PID=1267) to work on /home/airflow/.local/lib/python3.12/site-packages/airflow/example_dags/tutorial_taskflow_api_virtualenv.py
[2026-06-08T08:37:36.514+0000] {processor.py:830} INFO - Processing file /home/airflow/.local/lib/python3.12/site-packages/airflow/example_dags/tutorial_taskflow_api_virtualenv.py for tasks to queue
[2026-06-08T08:37:36.516+0000] {logging_mixin.py:188} INFO - [2026-06-08T08:37:36.516+0000] {dagbag.py:545} INFO - Filling up the DagBag from /home/airflow/.local/lib/python3.12/site-packages/airflow/example_dags/tutorial_taskflow_api_virtualenv.py
[2026-06-08T08:37:36.524+0000] {processor.py:840} INFO - DAG(s) 'tutorial_taskflow_api_virtualenv' retrieved from /home/airflow/.local/lib/python3.12/site-packages/airflow/example_dags/tutorial_taskflow_api_virtualenv.py
[2026-06-08T08:37:36.542+0000] {logging_mixin.py:188} INFO - [2026-06-08T08:37:36.541+0000] {dag.py:3096} INFO - Sync 1 DAGs
[2026-06-08T08:37:36.554+0000] {logging_mixin.py:188} INFO - [2026-06-08T08:37:36.554+0000] {dag.py:3954} INFO - Setting next_dagrun for tutorial_taskflow_api_virtualenv to None, run_after=None
[2026-06-08T08:37:36.575+0000] {processor.py:183} INFO - Processing /home/airflow/.local/lib/python3.12/site-packages/airflow/example_dags/tutorial_taskflow_api_virtualenv.py took 0.066 seconds
[2026-06-08T08:38:07.128+0000] {processor.py:161} INFO - Started process (PID=1529) to work on /home/airflow/.local/lib/python3.12/site-packages/airflow/example_dags/tutorial_taskflow_api_virtualenv.py
[2026-06-08T08:38:07.129+0000] {processor.py:830} INFO - Processing file /home/airflow/.local/lib/python3.12/site-packages/airflow/example_dags/tutorial_taskflow_api_virtualenv.py for tasks to queue
[2026-06-08T08:38:07.130+0000] {logging_mixin.py:188} INFO - [2026-06-08T08:38:07.130+0000] {dagbag.py:545} INFO - Filling up the DagBag from /home/airflow/.local/lib/python3.12/site-packages/airflow/example_dags/tutorial_taskflow_api_virtualenv.py
[2026-06-08T08:38:07.140+0000] {processor.py:840} INFO - DAG(s) 'tutorial_taskflow_api_virtualenv' retrieved from /home/airflow/.local/lib/python3.12/site-packages/airflow/example_dags/tutorial_taskflow_api_virtualenv.py
[2026-06-08T08:38:07.158+0000] {logging_mixin.py:188} INFO - [2026-06-08T08:38:07.158+0000] {dag.py:3096} INFO - Sync 1 DAGs
[2026-06-08T08:38:07.170+0000] {logging_mixin.py:188} INFO - [2026-06-08T08:38:07.170+0000] {dag.py:3954} INFO - Setting next_dagrun for tutorial_taskflow_api_virtualenv to None, run_after=None
[2026-06-08T08:38:07.190+0000] {processor.py:183} INFO - Processing /home/airflow/.local/lib/python3.12/site-packages/airflow/example_dags/tutorial_taskflow_api_virtualenv.py took 0.068 seconds
[2026-06-08T08:38:37.326+0000] {processor.py:161} INFO - Started process (PID=1791) to work on /home/airflow/.local/lib/python3.12/site-packages/airflow/example_dags/tutorial_taskflow_api_virtualenv.py
[2026-06-08T08:38:37.326+0000] {processor.py:830} INFO - Processing file /home/airflow/.local/lib/python3.12/site-packages/airflow/example_dags/tutorial_taskflow_api_virtualenv.py for tasks to queue
[2026-06-08T08:38:37.328+0000] {logging_mixin.py:188} INFO - [2026-06-08T08:38:37.328+0000] {dagbag.py:545} INFO - Filling up the DagBag from /home/airflow/.local/lib/python3.12/site-packages/airflow/example_dags/tutorial_taskflow_api_virtualenv.py
[2026-06-08T08:38:37.340+0000] {processor.py:840} INFO - DAG(s) 'tutorial_taskflow_api_virtualenv' retrieved from /home/airflow/.local/lib/python3.12/site-packages/airflow/example_dags/tutorial_taskflow_api_virtualenv.py
[2026-06-08T08:38:37.362+0000] {logging_mixin.py:188} INFO - [2026-06-08T08:38:37.362+0000] {dag.py:3096} INFO - Sync 1 DAGs
[2026-06-08T08:38:37.376+0000] {logging_mixin.py:188} INFO - [2026-06-08T08:38:37.376+0000] {dag.py:3954} INFO - Setting next_dagrun for tutorial_taskflow_api_virtualenv to None, run_after=None
[2026-06-08T08:38:37.395+0000] {processor.py:183} INFO - Processing /home/airflow/.local/lib/python3.12/site-packages/airflow/example_dags/tutorial_taskflow_api_virtualenv.py took 0.073 seconds
[2026-06-08T08:39:07.540+0000] {processor.py:161} INFO - Started process (PID=2053) to work on /home/airflow/.local/lib/python3.12/site-packages/airflow/example_dags/tutorial_taskflow_api_virtualenv.py
[2026-06-08T08:39:07.540+0000] {processor.py:830} INFO - Processing file /home/airflow/.local/lib/python3.12/site-packages/airflow/example_dags/tutorial_taskflow_api_virtualenv.py for tasks to queue
[2026-06-08T08:39:07.542+0000] {logging_mixin.py:188} INFO - [2026-06-08T08:39:07.542+0000] {dagbag.py:545} INFO - Filling up the DagBag from /home/airflow/.local/lib/python3.12/site-packages/airflow/example_dags/tutorial_taskflow_api_virtualenv.py
[2026-06-08T08:39:07.551+0000] {processor.py:840} INFO - DAG(s) 'tutorial_taskflow_api_virtualenv' retrieved from /home/airflow/.local/lib/python3.12/site-packages/airflow/example_dags/tutorial_taskflow_api_virtualenv.py
[2026-06-08T08:39:07.573+0000] {logging_mixin.py:188} INFO - [2026-06-08T08:39:07.572+0000] {dag.py:3096} INFO - Sync 1 DAGs
[2026-06-08T08:39:07.585+0000] {logging_mixin.py:188} INFO - [2026-06-08T08:39:07.584+0000] {dag.py:3954} INFO - Setting next_dagrun for tutorial_taskflow_api_virtualenv to None, run_after=None
[2026-06-08T08:39:07.605+0000] {processor.py:183} INFO - Processing /home/airflow/.local/lib/python3.12/site-packages/airflow/example_dags/tutorial_taskflow_api_virtualenv.py took 0.069 seconds
[2026-06-08T08:39:38.044+0000] {processor.py:161} INFO - Started process (PID=2315) to work on /home/airflow/.local/lib/python3.12/site-packages/airflow/example_dags/tutorial_taskflow_api_virtualenv.py
[2026-06-08T08:39:38.045+0000] {processor.py:830} INFO - Processing file /home/airflow/.local/lib/python3.12/site-packages/airflow/example_dags/tutorial_taskflow_api_virtualenv.py for tasks to queue
[2026-06-08T08:39:38.047+0000] {logging_mixin.py:188} INFO - [2026-06-08T08:39:38.046+0000] {dagbag.py:545} INFO - Filling up the DagBag from /home/airflow/.local/lib/python3.12/site-packages/airflow/example_dags/tutorial_taskflow_api_virtualenv.py
[2026-06-08T08:39:38.055+0000] {processor.py:840} INFO - DAG(s) 'tutorial_taskflow_api_virtualenv' retrieved from /home/airflow/.local/lib/python3.12/site-packages/airflow/example_dags/tutorial_taskflow_api_virtualenv.py
[2026-06-08T08:39:38.077+0000] {logging_mixin.py:188} INFO - [2026-06-08T08:39:38.076+0000] {dag.py:3096} INFO - Sync 1 DAGs
[2026-06-08T08:39:38.090+0000] {logging_mixin.py:188} INFO - [2026-06-08T08:39:38.090+0000] {dag.py:3954} INFO - Setting next_dagrun for tutorial_taskflow_api_virtualenv to None, run_after=None
[2026-06-08T08:39:38.110+0000] {processor.py:183} INFO - Processing /home/airflow/.local/lib/python3.12/site-packages/airflow/example_dags/tutorial_taskflow_api_virtualenv.py took 0.069 seconds
[2026-06-08T08:40:08.563+0000] {processor.py:161} INFO - Started process (PID=2577) to work on /home/airflow/.local/lib/python3.12/site-packages/airflow/example_dags/tutorial_taskflow_api_virtualenv.py
[2026-06-08T08:40:08.564+0000] {processor.py:830} INFO - Processing file /home/airflow/.local/lib/python3.12/site-packages/airflow/example_dags/tutorial_taskflow_api_virtualenv.py for tasks to queue
[2026-06-08T08:40:08.567+0000] {logging_mixin.py:188} INFO - [2026-06-08T08:40:08.566+0000] {dagbag.py:545} INFO - Filling up the DagBag from /home/airflow/.local/lib/python3.12/site-packages/airflow/example_dags/tutorial_taskflow_api_virtualenv.py
[2026-06-08T08:40:08.577+0000] {processor.py:840} INFO - DAG(s) 'tutorial_taskflow_api_virtualenv' retrieved from /home/airflow/.local/lib/python3.12/site-packages/airflow/example_dags/tutorial_taskflow_api_virtualenv.py
[2026-06-08T08:40:08.600+0000] {logging_mixin.py:188} INFO - [2026-06-08T08:40:08.599+0000] {dag.py:3096} INFO - Sync 1 DAGs
[2026-06-08T08:40:08.612+0000] {logging_mixin.py:188} INFO - [2026-06-08T08:40:08.611+0000] {dag.py:3954} INFO - Setting next_dagrun for tutorial_taskflow_api_virtualenv to None, run_after=None
[2026-06-08T08:40:08.632+0000] {processor.py:183} INFO - Processing /home/airflow/.local/lib/python3.12/site-packages/airflow/example_dags/tutorial_taskflow_api_virtualenv.py took 0.075 seconds
[2026-06-08T08:40:39.173+0000] {processor.py:161} INFO - Started process (PID=2841) to work on /home/airflow/.local/lib/python3.12/site-packages/airflow/example_dags/tutorial_taskflow_api_virtualenv.py
[2026-06-08T08:40:39.174+0000] {processor.py:830} INFO - Processing file /home/airflow/.local/lib/python3.12/site-packages/airflow/example_dags/tutorial_taskflow_api_virtualenv.py for tasks to queue
[2026-06-08T08:40:39.176+0000] {logging_mixin.py:188} INFO - [2026-06-08T08:40:39.176+0000] {dagbag.py:545} INFO - Filling up the DagBag from /home/airflow/.local/lib/python3.12/site-packages/airflow/example_dags/tutorial_taskflow_api_virtualenv.py
[2026-06-08T08:40:39.184+0000] {processor.py:840} INFO - DAG(s) 'tutorial_taskflow_api_virtualenv' retrieved from /home/airflow/.local/lib/python3.12/site-packages/airflow/example_dags/tutorial_taskflow_api_virtualenv.py
[2026-06-08T08:40:39.204+0000] {logging_mixin.py:188} INFO - [2026-06-08T08:40:39.204+0000] {dag.py:3096} INFO - Sync 1 DAGs
[2026-06-08T08:40:39.216+0000] {logging_mixin.py:188} INFO - [2026-06-08T08:40:39.216+0000] {dag.py:3954} INFO - Setting next_dagrun for tutorial_taskflow_api_virtualenv to None, run_after=None
[2026-06-08T08:40:39.238+0000] {processor.py:183} INFO - Processing /home/airflow/.local/lib/python3.12/site-packages/airflow/example_dags/tutorial_taskflow_api_virtualenv.py took 0.071 seconds
[2026-06-08T08:41:09.559+0000] {processor.py:161} INFO - Started process (PID=3103) to work on /home/airflow/.local/lib/python3.12/site-packages/airflow/example_dags/tutorial_taskflow_api_virtualenv.py
[2026-06-08T08:41:09.560+0000] {processor.py:830} INFO - Processing file /home/airflow/.local/lib/python3.12/site-packages/airflow/example_dags/tutorial_taskflow_api_virtualenv.py for tasks to queue
[2026-06-08T08:41:09.561+0000] {logging_mixin.py:188} INFO - [2026-06-08T08:41:09.561+0000] {dagbag.py:545} INFO - Filling up the DagBag from /home/airflow/.local/lib/python3.12/site-packages/airflow/example_dags/tutorial_taskflow_api_virtualenv.py
[2026-06-08T08:41:09.569+0000] {processor.py:840} INFO - DAG(s) 'tutorial_taskflow_api_virtualenv' retrieved from /home/airflow/.local/lib/python3.12/site-packages/airflow/example_dags/tutorial_taskflow_api_virtualenv.py
[2026-06-08T08:41:09.590+0000] {logging_mixin.py:188} INFO - [2026-06-08T08:41:09.590+0000] {dag.py:3096} INFO - Sync 1 DAGs
[2026-06-08T08:41:09.605+0000] {logging_mixin.py:188} INFO - [2026-06-08T08:41:09.605+0000] {dag.py:3954} INFO - Setting next_dagrun for tutorial_taskflow_api_virtualenv to None, run_after=None
[2026-06-08T08:41:09.628+0000] {processor.py:183} INFO - Processing /home/airflow/.local/lib/python3.12/site-packages/airflow/example_dags/tutorial_taskflow_api_virtualenv.py took 0.073 seconds
[2026-06-08T08:41:39.857+0000] {processor.py:161} INFO - Started process (PID=3363) to work on /home/airflow/.local/lib/python3.12/site-packages/airflow/example_dags/tutorial_taskflow_api_virtualenv.py
[2026-06-08T08:41:39.859+0000] {processor.py:830} INFO - Processing file /home/airflow/.local/lib/python3.12/site-packages/airflow/example_dags/tutorial_taskflow_api_virtualenv.py for tasks to queue
[2026-06-08T08:41:39.861+0000] {logging_mixin.py:188} INFO - [2026-06-08T08:41:39.860+0000] {dagbag.py:545} INFO - Filling up the DagBag from /home/airflow/.local/lib/python3.12/site-packages/airflow/example_dags/tutorial_taskflow_api_virtualenv.py
[2026-06-08T08:41:39.870+0000] {processor.py:840} INFO - DAG(s) 'tutorial_taskflow_api_virtualenv' retrieved from /home/airflow/.local/lib/python3.12/site-packages/airflow/example_dags/tutorial_taskflow_api_virtualenv.py
[2026-06-08T08:41:39.894+0000] {logging_mixin.py:188} INFO - [2026-06-08T08:41:39.893+0000] {dag.py:3096} INFO - Sync 1 DAGs
[2026-06-08T08:41:39.906+0000] {logging_mixin.py:188} INFO - [2026-06-08T08:41:39.906+0000] {dag.py:3954} INFO - Setting next_dagrun for tutorial_taskflow_api_virtualenv to None, run_after=None
[2026-06-08T08:41:39.928+0000] {processor.py:183} INFO - Processing /home/airflow/.local/lib/python3.12/site-packages/airflow/example_dags/tutorial_taskflow_api_virtualenv.py took 0.077 seconds
[2026-06-08T08:42:10.408+0000] {processor.py:161} INFO - Started process (PID=3633) to work on /home/airflow/.local/lib/python3.12/site-packages/airflow/example_dags/tutorial_taskflow_api_virtualenv.py
[2026-06-08T08:42:10.409+0000] {processor.py:830} INFO - Processing file /home/airflow/.local/lib/python3.12/site-packages/airflow/example_dags/tutorial_taskflow_api_virtualenv.py for tasks to queue
[2026-06-08T08:42:10.410+0000] {logging_mixin.py:188} INFO - [2026-06-08T08:42:10.410+0000] {dagbag.py:545} INFO - Filling up the DagBag from /home/airflow/.local/lib/python3.12/site-packages/airflow/example_dags/tutorial_taskflow_api_virtualenv.py
[2026-06-08T08:42:10.418+0000] {processor.py:840} INFO - DAG(s) 'tutorial_taskflow_api_virtualenv' retrieved from /home/airflow/.local/lib/python3.12/site-packages/airflow/example_dags/tutorial_taskflow_api_virtualenv.py
[2026-06-08T08:42:10.436+0000] {logging_mixin.py:188} INFO - [2026-06-08T08:42:10.436+0000] {dag.py:3096} INFO - Sync 1 DAGs
[2026-06-08T08:42:10.448+0000] {logging_mixin.py:188} INFO - [2026-06-08T08:42:10.448+0000] {dag.py:3954} INFO - Setting next_dagrun for tutorial_taskflow_api_virtualenv to None, run_after=None
[2026-06-08T08:42:10.468+0000] {processor.py:183} INFO - Processing /home/airflow/.local/lib/python3.12/site-packages/airflow/example_dags/tutorial_taskflow_api_virtualenv.py took 0.066 seconds
[2026-06-08T08:42:40.559+0000] {processor.py:161} INFO - Started process (PID=3893) to work on /home/airflow/.local/lib/python3.12/site-packages/airflow/example_dags/tutorial_taskflow_api_virtualenv.py
[2026-06-08T08:42:40.562+0000] {processor.py:830} INFO - Processing file /home/airflow/.local/lib/python3.12/site-packages/airflow/example_dags/tutorial_taskflow_api_virtualenv.py for tasks to queue
[2026-06-08T08:42:40.564+0000] {logging_mixin.py:188} INFO - [2026-06-08T08:42:40.563+0000] {dagbag.py:545} INFO - Filling up the DagBag from /home/airflow/.local/lib/python3.12/site-packages/airflow/example_dags/tutorial_taskflow_api_virtualenv.py
[2026-06-08T08:42:40.572+0000] {processor.py:840} INFO - DAG(s) 'tutorial_taskflow_api_virtualenv' retrieved from /home/airflow/.local/lib/python3.12/site-packages/airflow/example_dags/tutorial_taskflow_api_virtualenv.py
[2026-06-08T08:42:40.594+0000] {logging_mixin.py:188} INFO - [2026-06-08T08:42:40.594+0000] {dag.py:3096} INFO - Sync 1 DAGs
[2026-06-08T08:42:40.605+0000] {logging_mixin.py:188} INFO - [2026-06-08T08:42:40.605+0000] {dag.py:3954} INFO - Setting next_dagrun for tutorial_taskflow_api_virtualenv to None, run_after=None
[2026-06-08T08:42:40.627+0000] {processor.py:183} INFO - Processing /home/airflow/.local/lib/python3.12/site-packages/airflow/example_dags/tutorial_taskflow_api_virtualenv.py took 0.074 seconds
[2026-06-08T08:43:10.766+0000] {processor.py:161} INFO - Started process (PID=4155) to work on /home/airflow/.local/lib/python3.12/site-packages/airflow/example_dags/tutorial_taskflow_api_virtualenv.py
[2026-06-08T08:43:10.767+0000] {processor.py:830} INFO - Processing file /home/airflow/.local/lib/python3.12/site-packages/airflow/example_dags/tutorial_taskflow_api_virtualenv.py for tasks to queue
[2026-06-08T08:43:10.769+0000] {logging_mixin.py:188} INFO - [2026-06-08T08:43:10.769+0000] {dagbag.py:545} INFO - Filling up the DagBag from /home/airflow/.local/lib/python3.12/site-packages/airflow/example_dags/tutorial_taskflow_api_virtualenv.py
[2026-06-08T08:43:10.778+0000] {processor.py:840} INFO - DAG(s) 'tutorial_taskflow_api_virtualenv' retrieved from /home/airflow/.local/lib/python3.12/site-packages/airflow/example_dags/tutorial_taskflow_api_virtualenv.py
[2026-06-08T08:43:10.798+0000] {logging_mixin.py:188} INFO - [2026-06-08T08:43:10.798+0000] {dag.py:3096} INFO - Sync 1 DAGs
[2026-06-08T08:43:10.811+0000] {logging_mixin.py:188} INFO - [2026-06-08T08:43:10.811+0000] {dag.py:3954} INFO - Setting next_dagrun for tutorial_taskflow_api_virtualenv to None, run_after=None
[2026-06-08T08:43:10.835+0000] {processor.py:183} INFO - Processing /home/airflow/.local/lib/python3.12/site-packages/airflow/example_dags/tutorial_taskflow_api_virtualenv.py took 0.073 seconds
[2026-06-08T08:43:40.869+0000] {processor.py:161} INFO - Started process (PID=4412) to work on /home/airflow/.local/lib/python3.12/site-packages/airflow/example_dags/tutorial_taskflow_api_virtualenv.py
[2026-06-08T08:43:40.870+0000] {processor.py:830} INFO - Processing file /home/airflow/.local/lib/python3.12/site-packages/airflow/example_dags/tutorial_taskflow_api_virtualenv.py for tasks to queue
[2026-06-08T08:43:40.873+0000] {logging_mixin.py:188} INFO - [2026-06-08T08:43:40.872+0000] {dagbag.py:545} INFO - Filling up the DagBag from /home/airflow/.local/lib/python3.12/site-packages/airflow/example_dags/tutorial_taskflow_api_virtualenv.py
[2026-06-08T08:43:40.882+0000] {processor.py:840} INFO - DAG(s) 'tutorial_taskflow_api_virtualenv' retrieved from /home/airflow/.local/lib/python3.12/site-packages/airflow/example_dags/tutorial_taskflow_api_virtualenv.py
[2026-06-08T08:43:40.901+0000] {logging_mixin.py:188} INFO - [2026-06-08T08:43:40.901+0000] {dag.py:3096} INFO - Sync 1 DAGs
[2026-06-08T08:43:40.914+0000] {logging_mixin.py:188} INFO - [2026-06-08T08:43:40.914+0000] {dag.py:3954} INFO - Setting next_dagrun for tutorial_taskflow_api_virtualenv to None, run_after=None
[2026-06-08T08:43:40.932+0000] {processor.py:183} INFO - Processing /home/airflow/.local/lib/python3.12/site-packages/airflow/example_dags/tutorial_taskflow_api_virtualenv.py took 0.067 seconds
[2026-06-08T08:44:11.376+0000] {processor.py:161} INFO - Started process (PID=4681) to work on /home/airflow/.local/lib/python3.12/site-packages/airflow/example_dags/tutorial_taskflow_api_virtualenv.py
[2026-06-08T08:44:11.377+0000] {processor.py:830} INFO - Processing file /home/airflow/.local/lib/python3.12/site-packages/airflow/example_dags/tutorial_taskflow_api_virtualenv.py for tasks to queue
[2026-06-08T08:44:11.379+0000] {logging_mixin.py:188} INFO - [2026-06-08T08:44:11.379+0000] {dagbag.py:545} INFO - Filling up the DagBag from /home/airflow/.local/lib/python3.12/site-packages/airflow/example_dags/tutorial_taskflow_api_virtualenv.py
[2026-06-08T08:44:11.386+0000] {processor.py:840} INFO - DAG(s) 'tutorial_taskflow_api_virtualenv' retrieved from /home/airflow/.local/lib/python3.12/site-packages/airflow/example_dags/tutorial_taskflow_api_virtualenv.py
[2026-06-08T08:44:11.403+0000] {logging_mixin.py:188} INFO - [2026-06-08T08:44:11.402+0000] {dag.py:3096} INFO - Sync 1 DAGs
[2026-06-08T08:44:11.411+0000] {logging_mixin.py:188} INFO - [2026-06-08T08:44:11.411+0000] {dag.py:3954} INFO - Setting next_dagrun for tutorial_taskflow_api_virtualenv to None, run_after=None
[2026-06-08T08:44:11.429+0000] {processor.py:183} INFO - Processing /home/airflow/.local/lib/python3.12/site-packages/airflow/example_dags/tutorial_taskflow_api_virtualenv.py took 0.058 seconds
[2026-06-08T08:44:41.799+0000] {processor.py:161} INFO - Started process (PID=4941) to work on /home/airflow/.local/lib/python3.12/site-packages/airflow/example_dags/tutorial_taskflow_api_virtualenv.py
[2026-06-08T08:44:41.801+0000] {processor.py:830} INFO - Processing file /home/airflow/.local/lib/python3.12/site-packages/airflow/example_dags/tutorial_taskflow_api_virtualenv.py for tasks to queue
[2026-06-08T08:44:41.804+0000] {logging_mixin.py:188} INFO - [2026-06-08T08:44:41.803+0000] {dagbag.py:545} INFO - Filling up the DagBag from /home/airflow/.local/lib/python3.12/site-packages/airflow/example_dags/tutorial_taskflow_api_virtualenv.py
[2026-06-08T08:44:41.812+0000] {processor.py:840} INFO - DAG(s) 'tutorial_taskflow_api_virtualenv' retrieved from /home/airflow/.local/lib/python3.12/site-packages/airflow/example_dags/tutorial_taskflow_api_virtualenv.py
[2026-06-08T08:44:41.833+0000] {logging_mixin.py:188} INFO - [2026-06-08T08:44:41.832+0000] {dag.py:3096} INFO - Sync 1 DAGs
[2026-06-08T08:44:41.845+0000] {logging_mixin.py:188} INFO - [2026-06-08T08:44:41.845+0000] {dag.py:3954} INFO - Setting next_dagrun for tutorial_taskflow_api_virtualenv to None, run_after=None
[2026-06-08T08:44:41.865+0000] {processor.py:183} INFO - Processing /home/airflow/.local/lib/python3.12/site-packages/airflow/example_dags/tutorial_taskflow_api_virtualenv.py took 0.072 seconds
[2026-06-08T08:45:12.249+0000] {processor.py:161} INFO - Started process (PID=5203) to work on /home/airflow/.local/lib/python3.12/site-packages/airflow/example_dags/tutorial_taskflow_api_virtualenv.py
[2026-06-08T08:45:12.250+0000] {processor.py:830} INFO - Processing file /home/airflow/.local/lib/python3.12/site-packages/airflow/example_dags/tutorial_taskflow_api_virtualenv.py for tasks to queue
[2026-06-08T08:45:12.252+0000] {logging_mixin.py:188} INFO - [2026-06-08T08:45:12.251+0000] {dagbag.py:545} INFO - Filling up the DagBag from /home/airflow/.local/lib/python3.12/site-packages/airflow/example_dags/tutorial_taskflow_api_virtualenv.py
[2026-06-08T08:45:12.259+0000] {processor.py:840} INFO - DAG(s) 'tutorial_taskflow_api_virtualenv' retrieved from /home/airflow/.local/lib/python3.12/site-packages/airflow/example_dags/tutorial_taskflow_api_virtualenv.py
[2026-06-08T08:45:12.277+0000] {logging_mixin.py:188} INFO - [2026-06-08T08:45:12.276+0000] {dag.py:3096} INFO - Sync 1 DAGs
[2026-06-08T08:45:12.287+0000] {logging_mixin.py:188} INFO - [2026-06-08T08:45:12.286+0000] {dag.py:3954} INFO - Setting next_dagrun for tutorial_taskflow_api_virtualenv to None, run_after=None
[2026-06-08T08:45:12.306+0000] {processor.py:183} INFO - Processing /home/airflow/.local/lib/python3.12/site-packages/airflow/example_dags/tutorial_taskflow_api_virtualenv.py took 0.061 seconds
[2026-06-08T08:45:42.594+0000] {processor.py:161} INFO - Started process (PID=5467) to work on /home/airflow/.local/lib/python3.12/site-packages/airflow/example_dags/tutorial_taskflow_api_virtualenv.py
[2026-06-08T08:45:42.595+0000] {processor.py:830} INFO - Processing file /home/airflow/.local/lib/python3.12/site-packages/airflow/example_dags/tutorial_taskflow_api_virtualenv.py for tasks to queue
[2026-06-08T08:45:42.597+0000] {logging_mixin.py:188} INFO - [2026-06-08T08:45:42.596+0000] {dagbag.py:545} INFO - Filling up the DagBag from /home/airflow/.local/lib/python3.12/site-packages/airflow/example_dags/tutorial_taskflow_api_virtualenv.py
[2026-06-08T08:45:42.604+0000] {processor.py:840} INFO - DAG(s) 'tutorial_taskflow_api_virtualenv' retrieved from /home/airflow/.local/lib/python3.12/site-packages/airflow/example_dags/tutorial_taskflow_api_virtualenv.py
[2026-06-08T08:45:42.622+0000] {logging_mixin.py:188} INFO - [2026-06-08T08:45:42.622+0000] {dag.py:3096} INFO - Sync 1 DAGs
[2026-06-08T08:45:42.632+0000] {logging_mixin.py:188} INFO - [2026-06-08T08:45:42.632+0000] {dag.py:3954} INFO - Setting next_dagrun for tutorial_taskflow_api_virtualenv to None, run_after=None
[2026-06-08T08:45:42.647+0000] {processor.py:183} INFO - Processing /home/airflow/.local/lib/python3.12/site-packages/airflow/example_dags/tutorial_taskflow_api_virtualenv.py took 0.057 seconds
[2026-06-08T08:46:12.939+0000] {processor.py:161} INFO - Started process (PID=5729) to work on /home/airflow/.local/lib/python3.12/site-packages/airflow/example_dags/tutorial_taskflow_api_virtualenv.py
[2026-06-08T08:46:12.940+0000] {processor.py:830} INFO - Processing file /home/airflow/.local/lib/python3.12/site-packages/airflow/example_dags/tutorial_taskflow_api_virtualenv.py for tasks to queue
[2026-06-08T08:46:12.941+0000] {logging_mixin.py:188} INFO - [2026-06-08T08:46:12.941+0000] {dagbag.py:545} INFO - Filling up the DagBag from /home/airflow/.local/lib/python3.12/site-packages/airflow/example_dags/tutorial_taskflow_api_virtualenv.py
[2026-06-08T08:46:12.950+0000] {processor.py:840} INFO - DAG(s) 'tutorial_taskflow_api_virtualenv' retrieved from /home/airflow/.local/lib/python3.12/site-packages/airflow/example_dags/tutorial_taskflow_api_virtualenv.py
[2026-06-08T08:46:12.967+0000] {logging_mixin.py:188} INFO - [2026-06-08T08:46:12.967+0000] {dag.py:3096} INFO - Sync 1 DAGs
[2026-06-08T08:46:12.977+0000] {logging_mixin.py:188} INFO - [2026-06-08T08:46:12.976+0000] {dag.py:3954} INFO - Setting next_dagrun for tutorial_taskflow_api_virtualenv to None, run_after=None
[2026-06-08T08:46:12.992+0000] {processor.py:183} INFO - Processing /home/airflow/.local/lib/python3.12/site-packages/airflow/example_dags/tutorial_taskflow_api_virtualenv.py took 0.057 seconds
[2026-06-08T08:46:43.306+0000] {processor.py:161} INFO - Started process (PID=5989) to work on /home/airflow/.local/lib/python3.12/site-packages/airflow/example_dags/tutorial_taskflow_api_virtualenv.py
[2026-06-08T08:46:43.306+0000] {processor.py:830} INFO - Processing file /home/airflow/.local/lib/python3.12/site-packages/airflow/example_dags/tutorial_taskflow_api_virtualenv.py for tasks to queue
[2026-06-08T08:46:43.308+0000] {logging_mixin.py:188} INFO - [2026-06-08T08:46:43.308+0000] {dagbag.py:545} INFO - Filling up the DagBag from /home/airflow/.local/lib/python3.12/site-packages/airflow/example_dags/tutorial_taskflow_api_virtualenv.py
[2026-06-08T08:46:43.318+0000] {processor.py:840} INFO - DAG(s) 'tutorial_taskflow_api_virtualenv' retrieved from /home/airflow/.local/lib/python3.12/site-packages/airflow/example_dags/tutorial_taskflow_api_virtualenv.py
[2026-06-08T08:46:43.337+0000] {logging_mixin.py:188} INFO - [2026-06-08T08:46:43.337+0000] {dag.py:3096} INFO - Sync 1 DAGs
[2026-06-08T08:46:43.350+0000] {logging_mixin.py:188} INFO - [2026-06-08T08:46:43.349+0000] {dag.py:3954} INFO - Setting next_dagrun for tutorial_taskflow_api_virtualenv to None, run_after=None
[2026-06-08T08:46:43.370+0000] {processor.py:183} INFO - Processing /home/airflow/.local/lib/python3.12/site-packages/airflow/example_dags/tutorial_taskflow_api_virtualenv.py took 0.069 seconds
[2026-06-08T08:47:13.590+0000] {processor.py:161} INFO - Started process (PID=6253) to work on /home/airflow/.local/lib/python3.12/site-packages/airflow/example_dags/tutorial_taskflow_api_virtualenv.py
[2026-06-08T08:47:13.591+0000] {processor.py:830} INFO - Processing file /home/airflow/.local/lib/python3.12/site-packages/airflow/example_dags/tutorial_taskflow_api_virtualenv.py for tasks to queue
[2026-06-08T08:47:13.593+0000] {logging_mixin.py:188} INFO - [2026-06-08T08:47:13.592+0000] {dagbag.py:545} INFO - Filling up the DagBag from /home/airflow/.local/lib/python3.12/site-packages/airflow/example_dags/tutorial_taskflow_api_virtualenv.py
[2026-06-08T08:47:13.600+0000] {processor.py:840} INFO - DAG(s) 'tutorial_taskflow_api_virtualenv' retrieved from /home/airflow/.local/lib/python3.12/site-packages/airflow/example_dags/tutorial_taskflow_api_virtualenv.py
[2026-06-08T08:47:13.618+0000] {logging_mixin.py:188} INFO - [2026-06-08T08:47:13.618+0000] {dag.py:3096} INFO - Sync 1 DAGs
[2026-06-08T08:47:13.628+0000] {logging_mixin.py:188} INFO - [2026-06-08T08:47:13.628+0000] {dag.py:3954} INFO - Setting next_dagrun for tutorial_taskflow_api_virtualenv to None, run_after=None
[2026-06-08T08:47:13.645+0000] {processor.py:183} INFO - Processing /home/airflow/.local/lib/python3.12/site-packages/airflow/example_dags/tutorial_taskflow_api_virtualenv.py took 0.058 seconds
[2026-06-08T08:47:43.746+0000] {processor.py:161} INFO - Started process (PID=6515) to work on /home/airflow/.local/lib/python3.12/site-packages/airflow/example_dags/tutorial_taskflow_api_virtualenv.py
[2026-06-08T08:47:43.747+0000] {processor.py:830} INFO - Processing file /home/airflow/.local/lib/python3.12/site-packages/airflow/example_dags/tutorial_taskflow_api_virtualenv.py for tasks to queue
[2026-06-08T08:47:43.749+0000] {logging_mixin.py:188} INFO - [2026-06-08T08:47:43.748+0000] {dagbag.py:545} INFO - Filling up the DagBag from /home/airflow/.local/lib/python3.12/site-packages/airflow/example_dags/tutorial_taskflow_api_virtualenv.py
[2026-06-08T08:47:43.757+0000] {processor.py:840} INFO - DAG(s) 'tutorial_taskflow_api_virtualenv' retrieved from /home/airflow/.local/lib/python3.12/site-packages/airflow/example_dags/tutorial_taskflow_api_virtualenv.py
[2026-06-08T08:47:43.777+0000] {logging_mixin.py:188} INFO - [2026-06-08T08:47:43.776+0000] {dag.py:3096} INFO - Sync 1 DAGs
[2026-06-08T08:47:43.787+0000] {logging_mixin.py:188} INFO - [2026-06-08T08:47:43.787+0000] {dag.py:3954} INFO - Setting next_dagrun for tutorial_taskflow_api_virtualenv to None, run_after=None
[2026-06-08T08:47:43.807+0000] {processor.py:183} INFO - Processing /home/airflow/.local/lib/python3.12/site-packages/airflow/example_dags/tutorial_taskflow_api_virtualenv.py took 0.066 seconds
[2026-06-08T08:48:13.921+0000] {processor.py:161} INFO - Started process (PID=6777) to work on /home/airflow/.local/lib/python3.12/site-packages/airflow/example_dags/tutorial_taskflow_api_virtualenv.py
[2026-06-08T08:48:13.922+0000] {processor.py:830} INFO - Processing file /home/airflow/.local/lib/python3.12/site-packages/airflow/example_dags/tutorial_taskflow_api_virtualenv.py for tasks to queue
[2026-06-08T08:48:13.923+0000] {logging_mixin.py:188} INFO - [2026-06-08T08:48:13.923+0000] {dagbag.py:545} INFO - Filling up the DagBag from /home/airflow/.local/lib/python3.12/site-packages/airflow/example_dags/tutorial_taskflow_api_virtualenv.py
[2026-06-08T08:48:13.931+0000] {processor.py:840} INFO - DAG(s) 'tutorial_taskflow_api_virtualenv' retrieved from /home/airflow/.local/lib/python3.12/site-packages/airflow/example_dags/tutorial_taskflow_api_virtualenv.py
[2026-06-08T08:48:13.949+0000] {logging_mixin.py:188} INFO - [2026-06-08T08:48:13.949+0000] {dag.py:3096} INFO - Sync 1 DAGs
[2026-06-08T08:48:13.960+0000] {logging_mixin.py:188} INFO - [2026-06-08T08:48:13.960+0000] {dag.py:3954} INFO - Setting next_dagrun for tutorial_taskflow_api_virtualenv to None, run_after=None
[2026-06-08T08:48:13.977+0000] {processor.py:183} INFO - Processing /home/airflow/.local/lib/python3.12/site-packages/airflow/example_dags/tutorial_taskflow_api_virtualenv.py took 0.060 seconds
[2026-06-08T08:48:44.140+0000] {processor.py:161} INFO - Started process (PID=7037) to work on /home/airflow/.local/lib/python3.12/site-packages/airflow/example_dags/tutorial_taskflow_api_virtualenv.py
[2026-06-08T08:48:44.141+0000] {processor.py:830} INFO - Processing file /home/airflow/.local/lib/python3.12/site-packages/airflow/example_dags/tutorial_taskflow_api_virtualenv.py for tasks to queue
[2026-06-08T08:48:44.143+0000] {logging_mixin.py:188} INFO - [2026-06-08T08:48:44.142+0000] {dagbag.py:545} INFO - Filling up the DagBag from /home/airflow/.local/lib/python3.12/site-packages/airflow/example_dags/tutorial_taskflow_api_virtualenv.py
[2026-06-08T08:48:44.150+0000] {processor.py:840} INFO - DAG(s) 'tutorial_taskflow_api_virtualenv' retrieved from /home/airflow/.local/lib/python3.12/site-packages/airflow/example_dags/tutorial_taskflow_api_virtualenv.py
[2026-06-08T08:48:44.171+0000] {logging_mixin.py:188} INFO - [2026-06-08T08:48:44.171+0000] {dag.py:3096} INFO - Sync 1 DAGs
[2026-06-08T08:48:44.183+0000] {logging_mixin.py:188} INFO - [2026-06-08T08:48:44.183+0000] {dag.py:3954} INFO - Setting next_dagrun for tutorial_taskflow_api_virtualenv to None, run_after=None
[2026-06-08T08:48:44.202+0000] {processor.py:183} INFO - Processing /home/airflow/.local/lib/python3.12/site-packages/airflow/example_dags/tutorial_taskflow_api_virtualenv.py took 0.068 seconds
[2026-06-08T08:49:14.272+0000] {processor.py:161} INFO - Started process (PID=7294) to work on /home/airflow/.local/lib/python3.12/site-packages/airflow/example_dags/tutorial_taskflow_api_virtualenv.py
[2026-06-08T08:49:14.273+0000] {processor.py:830} INFO - Processing file /home/airflow/.local/lib/python3.12/site-packages/airflow/example_dags/tutorial_taskflow_api_virtualenv.py for tasks to queue
[2026-06-08T08:49:14.275+0000] {logging_mixin.py:188} INFO - [2026-06-08T08:49:14.275+0000] {dagbag.py:545} INFO - Filling up the DagBag from /home/airflow/.local/lib/python3.12/site-packages/airflow/example_dags/tutorial_taskflow_api_virtualenv.py
[2026-06-08T08:49:14.284+0000] {processor.py:840} INFO - DAG(s) 'tutorial_taskflow_api_virtualenv' retrieved from /home/airflow/.local/lib/python3.12/site-packages/airflow/example_dags/tutorial_taskflow_api_virtualenv.py
[2026-06-08T08:49:14.308+0000] {logging_mixin.py:188} INFO - [2026-06-08T08:49:14.308+0000] {dag.py:3096} INFO - Sync 1 DAGs
[2026-06-08T08:49:14.322+0000] {logging_mixin.py:188} INFO - [2026-06-08T08:49:14.321+0000] {dag.py:3954} INFO - Setting next_dagrun for tutorial_taskflow_api_virtualenv to None, run_after=None
[2026-06-08T08:49:14.341+0000] {processor.py:183} INFO - Processing /home/airflow/.local/lib/python3.12/site-packages/airflow/example_dags/tutorial_taskflow_api_virtualenv.py took 0.074 seconds
[2026-06-08T08:49:44.492+0000] {processor.py:161} INFO - Started process (PID=7558) to work on /home/airflow/.local/lib/python3.12/site-packages/airflow/example_dags/tutorial_taskflow_api_virtualenv.py
[2026-06-08T08:49:44.492+0000] {processor.py:830} INFO - Processing file /home/airflow/.local/lib/python3.12/site-packages/airflow/example_dags/tutorial_taskflow_api_virtualenv.py for tasks to queue
[2026-06-08T08:49:44.494+0000] {logging_mixin.py:188} INFO - [2026-06-08T08:49:44.494+0000] {dagbag.py:545} INFO - Filling up the DagBag from /home/airflow/.local/lib/python3.12/site-packages/airflow/example_dags/tutorial_taskflow_api_virtualenv.py
[2026-06-08T08:49:44.505+0000] {processor.py:840} INFO - DAG(s) 'tutorial_taskflow_api_virtualenv' retrieved from /home/airflow/.local/lib/python3.12/site-packages/airflow/example_dags/tutorial_taskflow_api_virtualenv.py
[2026-06-08T08:49:44.527+0000] {logging_mixin.py:188} INFO - [2026-06-08T08:49:44.526+0000] {dag.py:3096} INFO - Sync 1 DAGs
[2026-06-08T08:49:44.540+0000] {logging_mixin.py:188} INFO - [2026-06-08T08:49:44.539+0000] {dag.py:3954} INFO - Setting next_dagrun for tutorial_taskflow_api_virtualenv to None, run_after=None
[2026-06-08T08:49:44.561+0000] {processor.py:183} INFO - Processing /home/airflow/.local/lib/python3.12/site-packages/airflow/example_dags/tutorial_taskflow_api_virtualenv.py took 0.076 seconds
[2026-06-08T08:50:14.950+0000] {processor.py:161} INFO - Started process (PID=7823) to work on /home/airflow/.local/lib/python3.12/site-packages/airflow/example_dags/tutorial_taskflow_api_virtualenv.py
[2026-06-08T08:50:14.951+0000] {processor.py:830} INFO - Processing file /home/airflow/.local/lib/python3.12/site-packages/airflow/example_dags/tutorial_taskflow_api_virtualenv.py for tasks to queue
[2026-06-08T08:50:14.953+0000] {logging_mixin.py:188} INFO - [2026-06-08T08:50:14.952+0000] {dagbag.py:545} INFO - Filling up the DagBag from /home/airflow/.local/lib/python3.12/site-packages/airflow/example_dags/tutorial_taskflow_api_virtualenv.py
[2026-06-08T08:50:14.961+0000] {processor.py:840} INFO - DAG(s) 'tutorial_taskflow_api_virtualenv' retrieved from /home/airflow/.local/lib/python3.12/site-packages/airflow/example_dags/tutorial_taskflow_api_virtualenv.py
[2026-06-08T08:50:14.982+0000] {logging_mixin.py:188} INFO - [2026-06-08T08:50:14.981+0000] {dag.py:3096} INFO - Sync 1 DAGs
[2026-06-08T08:50:14.995+0000] {logging_mixin.py:188} INFO - [2026-06-08T08:50:14.995+0000] {dag.py:3954} INFO - Setting next_dagrun for tutorial_taskflow_api_virtualenv to None, run_after=None
[2026-06-08T08:50:15.017+0000] {processor.py:183} INFO - Processing /home/airflow/.local/lib/python3.12/site-packages/airflow/example_dags/tutorial_taskflow_api_virtualenv.py took 0.072 seconds
[2026-06-08T08:50:45.352+0000] {processor.py:161} INFO - Started process (PID=8085) to work on /home/airflow/.local/lib/python3.12/site-packages/airflow/example_dags/tutorial_taskflow_api_virtualenv.py
[2026-06-08T08:50:45.352+0000] {processor.py:830} INFO - Processing file /home/airflow/.local/lib/python3.12/site-packages/airflow/example_dags/tutorial_taskflow_api_virtualenv.py for tasks to queue
[2026-06-08T08:50:45.354+0000] {logging_mixin.py:188} INFO - [2026-06-08T08:50:45.354+0000] {dagbag.py:545} INFO - Filling up the DagBag from /home/airflow/.local/lib/python3.12/site-packages/airflow/example_dags/tutorial_taskflow_api_virtualenv.py
[2026-06-08T08:50:45.362+0000] {processor.py:840} INFO - DAG(s) 'tutorial_taskflow_api_virtualenv' retrieved from /home/airflow/.local/lib/python3.12/site-packages/airflow/example_dags/tutorial_taskflow_api_virtualenv.py
[2026-06-08T08:50:45.380+0000] {logging_mixin.py:188} INFO - [2026-06-08T08:50:45.380+0000] {dag.py:3096} INFO - Sync 1 DAGs
[2026-06-08T08:50:45.394+0000] {logging_mixin.py:188} INFO - [2026-06-08T08:50:45.394+0000] {dag.py:3954} INFO - Setting next_dagrun for tutorial_taskflow_api_virtualenv to None, run_after=None
[2026-06-08T08:50:45.415+0000] {processor.py:183} INFO - Processing /home/airflow/.local/lib/python3.12/site-packages/airflow/example_dags/tutorial_taskflow_api_virtualenv.py took 0.068 seconds
[2026-06-08T08:51:15.809+0000] {processor.py:161} INFO - Started process (PID=8347) to work on /home/airflow/.local/lib/python3.12/site-packages/airflow/example_dags/tutorial_taskflow_api_virtualenv.py
[2026-06-08T08:51:15.811+0000] {processor.py:830} INFO - Processing file /home/airflow/.local/lib/python3.12/site-packages/airflow/example_dags/tutorial_taskflow_api_virtualenv.py for tasks to queue
[2026-06-08T08:51:15.812+0000] {logging_mixin.py:188} INFO - [2026-06-08T08:51:15.812+0000] {dagbag.py:545} INFO - Filling up the DagBag from /home/airflow/.local/lib/python3.12/site-packages/airflow/example_dags/tutorial_taskflow_api_virtualenv.py
[2026-06-08T08:51:15.820+0000] {processor.py:840} INFO - DAG(s) 'tutorial_taskflow_api_virtualenv' retrieved from /home/airflow/.local/lib/python3.12/site-packages/airflow/example_dags/tutorial_taskflow_api_virtualenv.py
[2026-06-08T08:51:15.838+0000] {logging_mixin.py:188} INFO - [2026-06-08T08:51:15.838+0000] {dag.py:3096} INFO - Sync 1 DAGs
[2026-06-08T08:51:15.849+0000] {logging_mixin.py:188} INFO - [2026-06-08T08:51:15.849+0000] {dag.py:3954} INFO - Setting next_dagrun for tutorial_taskflow_api_virtualenv to None, run_after=None
[2026-06-08T08:51:15.868+0000] {processor.py:183} INFO - Processing /home/airflow/.local/lib/python3.12/site-packages/airflow/example_dags/tutorial_taskflow_api_virtualenv.py took 0.066 seconds
[2026-06-08T08:51:46.432+0000] {processor.py:161} INFO - Started process (PID=8612) to work on /home/airflow/.local/lib/python3.12/site-packages/airflow/example_dags/tutorial_taskflow_api_virtualenv.py
[2026-06-08T08:51:46.434+0000] {processor.py:830} INFO - Processing file /home/airflow/.local/lib/python3.12/site-packages/airflow/example_dags/tutorial_taskflow_api_virtualenv.py for tasks to queue
[2026-06-08T08:51:46.436+0000] {logging_mixin.py:188} INFO - [2026-06-08T08:51:46.436+0000] {dagbag.py:545} INFO - Filling up the DagBag from /home/airflow/.local/lib/python3.12/site-packages/airflow/example_dags/tutorial_taskflow_api_virtualenv.py
[2026-06-08T08:51:46.444+0000] {processor.py:840} INFO - DAG(s) 'tutorial_taskflow_api_virtualenv' retrieved from /home/airflow/.local/lib/python3.12/site-packages/airflow/example_dags/tutorial_taskflow_api_virtualenv.py
[2026-06-08T08:51:46.462+0000] {logging_mixin.py:188} INFO - [2026-06-08T08:51:46.462+0000] {dag.py:3096} INFO - Sync 1 DAGs
[2026-06-08T08:51:46.477+0000] {logging_mixin.py:188} INFO - [2026-06-08T08:51:46.477+0000] {dag.py:3954} INFO - Setting next_dagrun for tutorial_taskflow_api_virtualenv to None, run_after=None
[2026-06-08T08:51:46.500+0000] {processor.py:183} INFO - Processing /home/airflow/.local/lib/python3.12/site-packages/airflow/example_dags/tutorial_taskflow_api_virtualenv.py took 0.073 seconds
[2026-06-08T08:52:17.028+0000] {processor.py:161} INFO - Started process (PID=8872) to work on /home/airflow/.local/lib/python3.12/site-packages/airflow/example_dags/tutorial_taskflow_api_virtualenv.py
[2026-06-08T08:52:17.029+0000] {processor.py:830} INFO - Processing file /home/airflow/.local/lib/python3.12/site-packages/airflow/example_dags/tutorial_taskflow_api_virtualenv.py for tasks to queue
[2026-06-08T08:52:17.032+0000] {logging_mixin.py:188} INFO - [2026-06-08T08:52:17.031+0000] {dagbag.py:545} INFO - Filling up the DagBag from /home/airflow/.local/lib/python3.12/site-packages/airflow/example_dags/tutorial_taskflow_api_virtualenv.py
[2026-06-08T08:52:17.040+0000] {processor.py:840} INFO - DAG(s) 'tutorial_taskflow_api_virtualenv' retrieved from /home/airflow/.local/lib/python3.12/site-packages/airflow/example_dags/tutorial_taskflow_api_virtualenv.py
[2026-06-08T08:52:17.062+0000] {logging_mixin.py:188} INFO - [2026-06-08T08:52:17.062+0000] {dag.py:3096} INFO - Sync 1 DAGs
[2026-06-08T08:52:17.227+0000] {logging_mixin.py:188} INFO - [2026-06-08T08:52:17.227+0000] {dag.py:3954} INFO - Setting next_dagrun for tutorial_taskflow_api_virtualenv to None, run_after=None
[2026-06-08T08:52:17.246+0000] {processor.py:183} INFO - Processing /home/airflow/.local/lib/python3.12/site-packages/airflow/example_dags/tutorial_taskflow_api_virtualenv.py took 0.223 seconds
[2026-06-08T08:52:48.124+0000] {processor.py:161} INFO - Started process (PID=9134) to work on /home/airflow/.local/lib/python3.12/site-packages/airflow/example_dags/tutorial_taskflow_api_virtualenv.py
[2026-06-08T08:52:48.125+0000] {processor.py:830} INFO - Processing file /home/airflow/.local/lib/python3.12/site-packages/airflow/example_dags/tutorial_taskflow_api_virtualenv.py for tasks to queue
[2026-06-08T08:52:48.127+0000] {logging_mixin.py:188} INFO - [2026-06-08T08:52:48.127+0000] {dagbag.py:545} INFO - Filling up the DagBag from /home/airflow/.local/lib/python3.12/site-packages/airflow/example_dags/tutorial_taskflow_api_virtualenv.py
[2026-06-08T08:52:48.134+0000] {processor.py:840} INFO - DAG(s) 'tutorial_taskflow_api_virtualenv' retrieved from /home/airflow/.local/lib/python3.12/site-packages/airflow/example_dags/tutorial_taskflow_api_virtualenv.py
[2026-06-08T08:52:48.154+0000] {logging_mixin.py:188} INFO - [2026-06-08T08:52:48.153+0000] {dag.py:3096} INFO - Sync 1 DAGs
[2026-06-08T08:52:48.307+0000] {logging_mixin.py:188} INFO - [2026-06-08T08:52:48.306+0000] {dag.py:3954} INFO - Setting next_dagrun for tutorial_taskflow_api_virtualenv to None, run_after=None
[2026-06-08T08:52:48.330+0000] {processor.py:183} INFO - Processing /home/airflow/.local/lib/python3.12/site-packages/airflow/example_dags/tutorial_taskflow_api_virtualenv.py took 0.212 seconds
[2026-06-08T08:53:18.655+0000] {processor.py:161} INFO - Started process (PID=9396) to work on /home/airflow/.local/lib/python3.12/site-packages/airflow/example_dags/tutorial_taskflow_api_virtualenv.py
[2026-06-08T08:53:18.657+0000] {processor.py:830} INFO - Processing file /home/airflow/.local/lib/python3.12/site-packages/airflow/example_dags/tutorial_taskflow_api_virtualenv.py for tasks to queue
[2026-06-08T08:53:18.659+0000] {logging_mixin.py:188} INFO - [2026-06-08T08:53:18.659+0000] {dagbag.py:545} INFO - Filling up the DagBag from /home/airflow/.local/lib/python3.12/site-packages/airflow/example_dags/tutorial_taskflow_api_virtualenv.py
[2026-06-08T08:53:18.667+0000] {processor.py:840} INFO - DAG(s) 'tutorial_taskflow_api_virtualenv' retrieved from /home/airflow/.local/lib/python3.12/site-packages/airflow/example_dags/tutorial_taskflow_api_virtualenv.py
[2026-06-08T08:53:18.815+0000] {logging_mixin.py:188} INFO - [2026-06-08T08:53:18.814+0000] {dag.py:3096} INFO - Sync 1 DAGs
[2026-06-08T08:53:18.827+0000] {logging_mixin.py:188} INFO - [2026-06-08T08:53:18.826+0000] {dag.py:3954} INFO - Setting next_dagrun for tutorial_taskflow_api_virtualenv to None, run_after=None
[2026-06-08T08:53:18.845+0000] {processor.py:183} INFO - Processing /home/airflow/.local/lib/python3.12/site-packages/airflow/example_dags/tutorial_taskflow_api_virtualenv.py took 0.196 seconds
[2026-06-08T08:53:49.196+0000] {processor.py:161} INFO - Started process (PID=9659) to work on /home/airflow/.local/lib/python3.12/site-packages/airflow/example_dags/tutorial_taskflow_api_virtualenv.py
[2026-06-08T08:53:49.197+0000] {processor.py:830} INFO - Processing file /home/airflow/.local/lib/python3.12/site-packages/airflow/example_dags/tutorial_taskflow_api_virtualenv.py for tasks to queue
[2026-06-08T08:53:49.199+0000] {logging_mixin.py:188} INFO - [2026-06-08T08:53:49.199+0000] {dagbag.py:545} INFO - Filling up the DagBag from /home/airflow/.local/lib/python3.12/site-packages/airflow/example_dags/tutorial_taskflow_api_virtualenv.py
[2026-06-08T08:53:49.207+0000] {processor.py:840} INFO - DAG(s) 'tutorial_taskflow_api_virtualenv' retrieved from /home/airflow/.local/lib/python3.12/site-packages/airflow/example_dags/tutorial_taskflow_api_virtualenv.py
[2026-06-08T08:53:49.226+0000] {logging_mixin.py:188} INFO - [2026-06-08T08:53:49.226+0000] {dag.py:3096} INFO - Sync 1 DAGs
[2026-06-08T08:53:49.239+0000] {logging_mixin.py:188} INFO - [2026-06-08T08:53:49.239+0000] {dag.py:3954} INFO - Setting next_dagrun for tutorial_taskflow_api_virtualenv to None, run_after=None
[2026-06-08T08:53:49.257+0000] {processor.py:183} INFO - Processing /home/airflow/.local/lib/python3.12/site-packages/airflow/example_dags/tutorial_taskflow_api_virtualenv.py took 0.066 seconds
[2026-06-08T08:54:19.477+0000] {processor.py:161} INFO - Started process (PID=9920) to work on /home/airflow/.local/lib/python3.12/site-packages/airflow/example_dags/tutorial_taskflow_api_virtualenv.py
[2026-06-08T08:54:19.478+0000] {processor.py:830} INFO - Processing file /home/airflow/.local/lib/python3.12/site-packages/airflow/example_dags/tutorial_taskflow_api_virtualenv.py for tasks to queue
[2026-06-08T08:54:19.480+0000] {logging_mixin.py:188} INFO - [2026-06-08T08:54:19.480+0000] {dagbag.py:545} INFO - Filling up the DagBag from /home/airflow/.local/lib/python3.12/site-packages/airflow/example_dags/tutorial_taskflow_api_virtualenv.py
[2026-06-08T08:54:19.489+0000] {processor.py:840} INFO - DAG(s) 'tutorial_taskflow_api_virtualenv' retrieved from /home/airflow/.local/lib/python3.12/site-packages/airflow/example_dags/tutorial_taskflow_api_virtualenv.py
[2026-06-08T08:54:19.509+0000] {logging_mixin.py:188} INFO - [2026-06-08T08:54:19.509+0000] {dag.py:3096} INFO - Sync 1 DAGs
[2026-06-08T08:54:19.521+0000] {logging_mixin.py:188} INFO - [2026-06-08T08:54:19.520+0000] {dag.py:3954} INFO - Setting next_dagrun for tutorial_taskflow_api_virtualenv to None, run_after=None
[2026-06-08T08:54:19.541+0000] {processor.py:183} INFO - Processing /home/airflow/.local/lib/python3.12/site-packages/airflow/example_dags/tutorial_taskflow_api_virtualenv.py took 0.070 seconds
[2026-06-08T08:54:49.755+0000] {processor.py:161} INFO - Started process (PID=10182) to work on /home/airflow/.local/lib/python3.12/site-packages/airflow/example_dags/tutorial_taskflow_api_virtualenv.py
[2026-06-08T08:54:49.755+0000] {processor.py:830} INFO - Processing file /home/airflow/.local/lib/python3.12/site-packages/airflow/example_dags/tutorial_taskflow_api_virtualenv.py for tasks to queue
[2026-06-08T08:54:49.757+0000] {logging_mixin.py:188} INFO - [2026-06-08T08:54:49.757+0000] {dagbag.py:545} INFO - Filling up the DagBag from /home/airflow/.local/lib/python3.12/site-packages/airflow/example_dags/tutorial_taskflow_api_virtualenv.py
[2026-06-08T08:54:49.765+0000] {processor.py:840} INFO - DAG(s) 'tutorial_taskflow_api_virtualenv' retrieved from /home/airflow/.local/lib/python3.12/site-packages/airflow/example_dags/tutorial_taskflow_api_virtualenv.py
[2026-06-08T08:54:49.785+0000] {logging_mixin.py:188} INFO - [2026-06-08T08:54:49.784+0000] {dag.py:3096} INFO - Sync 1 DAGs
[2026-06-08T08:54:49.797+0000] {logging_mixin.py:188} INFO - [2026-06-08T08:54:49.797+0000] {dag.py:3954} INFO - Setting next_dagrun for tutorial_taskflow_api_virtualenv to None, run_after=None
[2026-06-08T08:54:49.818+0000] {processor.py:183} INFO - Processing /home/airflow/.local/lib/python3.12/site-packages/airflow/example_dags/tutorial_taskflow_api_virtualenv.py took 0.069 seconds
[2026-06-08T08:55:20.024+0000] {processor.py:161} INFO - Started process (PID=10444) to work on /home/airflow/.local/lib/python3.12/site-packages/airflow/example_dags/tutorial_taskflow_api_virtualenv.py
[2026-06-08T08:55:20.025+0000] {processor.py:830} INFO - Processing file /home/airflow/.local/lib/python3.12/site-packages/airflow/example_dags/tutorial_taskflow_api_virtualenv.py for tasks to queue
[2026-06-08T08:55:20.027+0000] {logging_mixin.py:188} INFO - [2026-06-08T08:55:20.026+0000] {dagbag.py:545} INFO - Filling up the DagBag from /home/airflow/.local/lib/python3.12/site-packages/airflow/example_dags/tutorial_taskflow_api_virtualenv.py
[2026-06-08T08:55:20.037+0000] {processor.py:840} INFO - DAG(s) 'tutorial_taskflow_api_virtualenv' retrieved from /home/airflow/.local/lib/python3.12/site-packages/airflow/example_dags/tutorial_taskflow_api_virtualenv.py
[2026-06-08T08:55:20.056+0000] {logging_mixin.py:188} INFO - [2026-06-08T08:55:20.055+0000] {dag.py:3096} INFO - Sync 1 DAGs
[2026-06-08T08:55:20.068+0000] {logging_mixin.py:188} INFO - [2026-06-08T08:55:20.068+0000] {dag.py:3954} INFO - Setting next_dagrun for tutorial_taskflow_api_virtualenv to None, run_after=None
[2026-06-08T08:55:20.089+0000] {processor.py:183} INFO - Processing /home/airflow/.local/lib/python3.12/site-packages/airflow/example_dags/tutorial_taskflow_api_virtualenv.py took 0.069 seconds
[2026-06-08T08:55:50.150+0000] {processor.py:161} INFO - Started process (PID=10703) to work on /home/airflow/.local/lib/python3.12/site-packages/airflow/example_dags/tutorial_taskflow_api_virtualenv.py
[2026-06-08T08:55:50.151+0000] {processor.py:830} INFO - Processing file /home/airflow/.local/lib/python3.12/site-packages/airflow/example_dags/tutorial_taskflow_api_virtualenv.py for tasks to queue
[2026-06-08T08:55:50.153+0000] {logging_mixin.py:188} INFO - [2026-06-08T08:55:50.152+0000] {dagbag.py:545} INFO - Filling up the DagBag from /home/airflow/.local/lib/python3.12/site-packages/airflow/example_dags/tutorial_taskflow_api_virtualenv.py
[2026-06-08T08:55:50.163+0000] {processor.py:840} INFO - DAG(s) 'tutorial_taskflow_api_virtualenv' retrieved from /home/airflow/.local/lib/python3.12/site-packages/airflow/example_dags/tutorial_taskflow_api_virtualenv.py
[2026-06-08T08:55:50.186+0000] {logging_mixin.py:188} INFO - [2026-06-08T08:55:50.186+0000] {dag.py:3096} INFO - Sync 1 DAGs
[2026-06-08T08:55:50.199+0000] {logging_mixin.py:188} INFO - [2026-06-08T08:55:50.199+0000] {dag.py:3954} INFO - Setting next_dagrun for tutorial_taskflow_api_virtualenv to None, run_after=None
[2026-06-08T08:55:50.219+0000] {processor.py:183} INFO - Processing /home/airflow/.local/lib/python3.12/site-packages/airflow/example_dags/tutorial_taskflow_api_virtualenv.py took 0.077 seconds
[2026-06-08T08:56:20.411+0000] {processor.py:161} INFO - Started process (PID=10963) to work on /home/airflow/.local/lib/python3.12/site-packages/airflow/example_dags/tutorial_taskflow_api_virtualenv.py
[2026-06-08T08:56:20.411+0000] {processor.py:830} INFO - Processing file /home/airflow/.local/lib/python3.12/site-packages/airflow/example_dags/tutorial_taskflow_api_virtualenv.py for tasks to queue
[2026-06-08T08:56:20.413+0000] {logging_mixin.py:188} INFO - [2026-06-08T08:56:20.413+0000] {dagbag.py:545} INFO - Filling up the DagBag from /home/airflow/.local/lib/python3.12/site-packages/airflow/example_dags/tutorial_taskflow_api_virtualenv.py
[2026-06-08T08:56:20.423+0000] {processor.py:840} INFO - DAG(s) 'tutorial_taskflow_api_virtualenv' retrieved from /home/airflow/.local/lib/python3.12/site-packages/airflow/example_dags/tutorial_taskflow_api_virtualenv.py
[2026-06-08T08:56:20.443+0000] {logging_mixin.py:188} INFO - [2026-06-08T08:56:20.443+0000] {dag.py:3096} INFO - Sync 1 DAGs
[2026-06-08T08:56:20.458+0000] {logging_mixin.py:188} INFO - [2026-06-08T08:56:20.457+0000] {dag.py:3954} INFO - Setting next_dagrun for tutorial_taskflow_api_virtualenv to None, run_after=None
[2026-06-08T08:56:20.478+0000] {processor.py:183} INFO - Processing /home/airflow/.local/lib/python3.12/site-packages/airflow/example_dags/tutorial_taskflow_api_virtualenv.py took 0.071 seconds
[2026-06-08T08:56:50.596+0000] {processor.py:161} INFO - Started process (PID=11225) to work on /home/airflow/.local/lib/python3.12/site-packages/airflow/example_dags/tutorial_taskflow_api_virtualenv.py
[2026-06-08T08:56:50.597+0000] {processor.py:830} INFO - Processing file /home/airflow/.local/lib/python3.12/site-packages/airflow/example_dags/tutorial_taskflow_api_virtualenv.py for tasks to queue
[2026-06-08T08:56:50.599+0000] {logging_mixin.py:188} INFO - [2026-06-08T08:56:50.599+0000] {dagbag.py:545} INFO - Filling up the DagBag from /home/airflow/.local/lib/python3.12/site-packages/airflow/example_dags/tutorial_taskflow_api_virtualenv.py
[2026-06-08T08:56:50.607+0000] {processor.py:840} INFO - DAG(s) 'tutorial_taskflow_api_virtualenv' retrieved from /home/airflow/.local/lib/python3.12/site-packages/airflow/example_dags/tutorial_taskflow_api_virtualenv.py
[2026-06-08T08:56:50.628+0000] {logging_mixin.py:188} INFO - [2026-06-08T08:56:50.627+0000] {dag.py:3096} INFO - Sync 1 DAGs
[2026-06-08T08:56:50.642+0000] {logging_mixin.py:188} INFO - [2026-06-08T08:56:50.642+0000] {dag.py:3954} INFO - Setting next_dagrun for tutorial_taskflow_api_virtualenv to None, run_after=None
[2026-06-08T08:56:50.662+0000] {processor.py:183} INFO - Processing /home/airflow/.local/lib/python3.12/site-packages/airflow/example_dags/tutorial_taskflow_api_virtualenv.py took 0.071 seconds
[2026-06-08T08:57:20.911+0000] {processor.py:161} INFO - Started process (PID=11487) to work on /home/airflow/.local/lib/python3.12/site-packages/airflow/example_dags/tutorial_taskflow_api_virtualenv.py
[2026-06-08T08:57:20.912+0000] {processor.py:830} INFO - Processing file /home/airflow/.local/lib/python3.12/site-packages/airflow/example_dags/tutorial_taskflow_api_virtualenv.py for tasks to queue
[2026-06-08T08:57:20.916+0000] {logging_mixin.py:188} INFO - [2026-06-08T08:57:20.915+0000] {dagbag.py:545} INFO - Filling up the DagBag from /home/airflow/.local/lib/python3.12/site-packages/airflow/example_dags/tutorial_taskflow_api_virtualenv.py
[2026-06-08T08:57:20.923+0000] {processor.py:840} INFO - DAG(s) 'tutorial_taskflow_api_virtualenv' retrieved from /home/airflow/.local/lib/python3.12/site-packages/airflow/example_dags/tutorial_taskflow_api_virtualenv.py
[2026-06-08T08:57:20.942+0000] {logging_mixin.py:188} INFO - [2026-06-08T08:57:20.942+0000] {dag.py:3096} INFO - Sync 1 DAGs
[2026-06-08T08:57:20.954+0000] {logging_mixin.py:188} INFO - [2026-06-08T08:57:20.953+0000] {dag.py:3954} INFO - Setting next_dagrun for tutorial_taskflow_api_virtualenv to None, run_after=None
[2026-06-08T08:57:20.972+0000] {processor.py:183} INFO - Processing /home/airflow/.local/lib/python3.12/site-packages/airflow/example_dags/tutorial_taskflow_api_virtualenv.py took 0.066 seconds
[2026-06-08T08:57:51.205+0000] {processor.py:161} INFO - Started process (PID=11749) to work on /home/airflow/.local/lib/python3.12/site-packages/airflow/example_dags/tutorial_taskflow_api_virtualenv.py
[2026-06-08T08:57:51.206+0000] {processor.py:830} INFO - Processing file /home/airflow/.local/lib/python3.12/site-packages/airflow/example_dags/tutorial_taskflow_api_virtualenv.py for tasks to queue
[2026-06-08T08:57:51.208+0000] {logging_mixin.py:188} INFO - [2026-06-08T08:57:51.208+0000] {dagbag.py:545} INFO - Filling up the DagBag from /home/airflow/.local/lib/python3.12/site-packages/airflow/example_dags/tutorial_taskflow_api_virtualenv.py
[2026-06-08T08:57:51.217+0000] {processor.py:840} INFO - DAG(s) 'tutorial_taskflow_api_virtualenv' retrieved from /home/airflow/.local/lib/python3.12/site-packages/airflow/example_dags/tutorial_taskflow_api_virtualenv.py
[2026-06-08T08:57:51.239+0000] {logging_mixin.py:188} INFO - [2026-06-08T08:57:51.238+0000] {dag.py:3096} INFO - Sync 1 DAGs
[2026-06-08T08:57:51.249+0000] {logging_mixin.py:188} INFO - [2026-06-08T08:57:51.249+0000] {dag.py:3954} INFO - Setting next_dagrun for tutorial_taskflow_api_virtualenv to None, run_after=None
[2026-06-08T08:57:51.271+0000] {processor.py:183} INFO - Processing /home/airflow/.local/lib/python3.12/site-packages/airflow/example_dags/tutorial_taskflow_api_virtualenv.py took 0.072 seconds
[2026-06-08T08:58:21.478+0000] {processor.py:161} INFO - Started process (PID=12012) to work on /home/airflow/.local/lib/python3.12/site-packages/airflow/example_dags/tutorial_taskflow_api_virtualenv.py
[2026-06-08T08:58:21.479+0000] {processor.py:830} INFO - Processing file /home/airflow/.local/lib/python3.12/site-packages/airflow/example_dags/tutorial_taskflow_api_virtualenv.py for tasks to queue
[2026-06-08T08:58:21.481+0000] {logging_mixin.py:188} INFO - [2026-06-08T08:58:21.481+0000] {dagbag.py:545} INFO - Filling up the DagBag from /home/airflow/.local/lib/python3.12/site-packages/airflow/example_dags/tutorial_taskflow_api_virtualenv.py
[2026-06-08T08:58:21.490+0000] {processor.py:840} INFO - DAG(s) 'tutorial_taskflow_api_virtualenv' retrieved from /home/airflow/.local/lib/python3.12/site-packages/airflow/example_dags/tutorial_taskflow_api_virtualenv.py
[2026-06-08T08:58:21.507+0000] {logging_mixin.py:188} INFO - [2026-06-08T08:58:21.507+0000] {dag.py:3096} INFO - Sync 1 DAGs
[2026-06-08T08:58:21.518+0000] {logging_mixin.py:188} INFO - [2026-06-08T08:58:21.518+0000] {dag.py:3954} INFO - Setting next_dagrun for tutorial_taskflow_api_virtualenv to None, run_after=None
[2026-06-08T08:58:21.535+0000] {processor.py:183} INFO - Processing /home/airflow/.local/lib/python3.12/site-packages/airflow/example_dags/tutorial_taskflow_api_virtualenv.py took 0.063 seconds
[2026-06-08T08:58:51.742+0000] {processor.py:161} INFO - Started process (PID=12274) to work on /home/airflow/.local/lib/python3.12/site-packages/airflow/example_dags/tutorial_taskflow_api_virtualenv.py
[2026-06-08T08:58:51.743+0000] {processor.py:830} INFO - Processing file /home/airflow/.local/lib/python3.12/site-packages/airflow/example_dags/tutorial_taskflow_api_virtualenv.py for tasks to queue
[2026-06-08T08:58:51.744+0000] {logging_mixin.py:188} INFO - [2026-06-08T08:58:51.744+0000] {dagbag.py:545} INFO - Filling up the DagBag from /home/airflow/.local/lib/python3.12/site-packages/airflow/example_dags/tutorial_taskflow_api_virtualenv.py
[2026-06-08T08:58:51.752+0000] {processor.py:840} INFO - DAG(s) 'tutorial_taskflow_api_virtualenv' retrieved from /home/airflow/.local/lib/python3.12/site-packages/airflow/example_dags/tutorial_taskflow_api_virtualenv.py
[2026-06-08T08:58:51.770+0000] {logging_mixin.py:188} INFO - [2026-06-08T08:58:51.770+0000] {dag.py:3096} INFO - Sync 1 DAGs
[2026-06-08T08:58:51.782+0000] {logging_mixin.py:188} INFO - [2026-06-08T08:58:51.781+0000] {dag.py:3954} INFO - Setting next_dagrun for tutorial_taskflow_api_virtualenv to None, run_after=None
[2026-06-08T08:58:51.800+0000] {processor.py:183} INFO - Processing /home/airflow/.local/lib/python3.12/site-packages/airflow/example_dags/tutorial_taskflow_api_virtualenv.py took 0.063 seconds
[2026-06-08T08:59:21.897+0000] {processor.py:161} INFO - Started process (PID=12536) to work on /home/airflow/.local/lib/python3.12/site-packages/airflow/example_dags/tutorial_taskflow_api_virtualenv.py
[2026-06-08T08:59:21.898+0000] {processor.py:830} INFO - Processing file /home/airflow/.local/lib/python3.12/site-packages/airflow/example_dags/tutorial_taskflow_api_virtualenv.py for tasks to queue
[2026-06-08T08:59:21.899+0000] {logging_mixin.py:188} INFO - [2026-06-08T08:59:21.899+0000] {dagbag.py:545} INFO - Filling up the DagBag from /home/airflow/.local/lib/python3.12/site-packages/airflow/example_dags/tutorial_taskflow_api_virtualenv.py
[2026-06-08T08:59:21.906+0000] {processor.py:840} INFO - DAG(s) 'tutorial_taskflow_api_virtualenv' retrieved from /home/airflow/.local/lib/python3.12/site-packages/airflow/example_dags/tutorial_taskflow_api_virtualenv.py
[2026-06-08T08:59:21.922+0000] {logging_mixin.py:188} INFO - [2026-06-08T08:59:21.922+0000] {dag.py:3096} INFO - Sync 1 DAGs
[2026-06-08T08:59:21.933+0000] {logging_mixin.py:188} INFO - [2026-06-08T08:59:21.933+0000] {dag.py:3954} INFO - Setting next_dagrun for tutorial_taskflow_api_virtualenv to None, run_after=None
[2026-06-08T08:59:21.948+0000] {processor.py:183} INFO - Processing /home/airflow/.local/lib/python3.12/site-packages/airflow/example_dags/tutorial_taskflow_api_virtualenv.py took 0.055 seconds
[2026-06-08T08:59:52.790+0000] {processor.py:161} INFO - Started process (PID=12803) to work on /home/airflow/.local/lib/python3.12/site-packages/airflow/example_dags/tutorial_taskflow_api_virtualenv.py
[2026-06-08T08:59:52.791+0000] {processor.py:830} INFO - Processing file /home/airflow/.local/lib/python3.12/site-packages/airflow/example_dags/tutorial_taskflow_api_virtualenv.py for tasks to queue
[2026-06-08T08:59:52.792+0000] {logging_mixin.py:188} INFO - [2026-06-08T08:59:52.792+0000] {dagbag.py:545} INFO - Filling up the DagBag from /home/airflow/.local/lib/python3.12/site-packages/airflow/example_dags/tutorial_taskflow_api_virtualenv.py
[2026-06-08T08:59:52.799+0000] {processor.py:840} INFO - DAG(s) 'tutorial_taskflow_api_virtualenv' retrieved from /home/airflow/.local/lib/python3.12/site-packages/airflow/example_dags/tutorial_taskflow_api_virtualenv.py
[2026-06-08T08:59:52.817+0000] {logging_mixin.py:188} INFO - [2026-06-08T08:59:52.817+0000] {dag.py:3096} INFO - Sync 1 DAGs
[2026-06-08T08:59:52.828+0000] {logging_mixin.py:188} INFO - [2026-06-08T08:59:52.827+0000] {dag.py:3954} INFO - Setting next_dagrun for tutorial_taskflow_api_virtualenv to None, run_after=None
[2026-06-08T08:59:52.844+0000] {processor.py:183} INFO - Processing /home/airflow/.local/lib/python3.12/site-packages/airflow/example_dags/tutorial_taskflow_api_virtualenv.py took 0.059 seconds
[2026-06-08T09:00:23.162+0000] {processor.py:161} INFO - Started process (PID=13065) to work on /home/airflow/.local/lib/python3.12/site-packages/airflow/example_dags/tutorial_taskflow_api_virtualenv.py
[2026-06-08T09:00:23.163+0000] {processor.py:830} INFO - Processing file /home/airflow/.local/lib/python3.12/site-packages/airflow/example_dags/tutorial_taskflow_api_virtualenv.py for tasks to queue
[2026-06-08T09:00:23.164+0000] {logging_mixin.py:188} INFO - [2026-06-08T09:00:23.164+0000] {dagbag.py:545} INFO - Filling up the DagBag from /home/airflow/.local/lib/python3.12/site-packages/airflow/example_dags/tutorial_taskflow_api_virtualenv.py
[2026-06-08T09:00:23.171+0000] {processor.py:840} INFO - DAG(s) 'tutorial_taskflow_api_virtualenv' retrieved from /home/airflow/.local/lib/python3.12/site-packages/airflow/example_dags/tutorial_taskflow_api_virtualenv.py
[2026-06-08T09:00:23.190+0000] {logging_mixin.py:188} INFO - [2026-06-08T09:00:23.189+0000] {dag.py:3096} INFO - Sync 1 DAGs
[2026-06-08T09:00:23.205+0000] {logging_mixin.py:188} INFO - [2026-06-08T09:00:23.204+0000] {dag.py:3954} INFO - Setting next_dagrun for tutorial_taskflow_api_virtualenv to None, run_after=None
[2026-06-08T09:00:23.231+0000] {processor.py:183} INFO - Processing /home/airflow/.local/lib/python3.12/site-packages/airflow/example_dags/tutorial_taskflow_api_virtualenv.py took 0.074 seconds
[2026-06-08T09:00:53.343+0000] {processor.py:161} INFO - Started process (PID=13327) to work on /home/airflow/.local/lib/python3.12/site-packages/airflow/example_dags/tutorial_taskflow_api_virtualenv.py
[2026-06-08T09:00:53.344+0000] {processor.py:830} INFO - Processing file /home/airflow/.local/lib/python3.12/site-packages/airflow/example_dags/tutorial_taskflow_api_virtualenv.py for tasks to queue
[2026-06-08T09:00:53.345+0000] {logging_mixin.py:188} INFO - [2026-06-08T09:00:53.345+0000] {dagbag.py:545} INFO - Filling up the DagBag from /home/airflow/.local/lib/python3.12/site-packages/airflow/example_dags/tutorial_taskflow_api_virtualenv.py
[2026-06-08T09:00:53.352+0000] {processor.py:840} INFO - DAG(s) 'tutorial_taskflow_api_virtualenv' retrieved from /home/airflow/.local/lib/python3.12/site-packages/airflow/example_dags/tutorial_taskflow_api_virtualenv.py
[2026-06-08T09:00:53.370+0000] {logging_mixin.py:188} INFO - [2026-06-08T09:00:53.370+0000] {dag.py:3096} INFO - Sync 1 DAGs
[2026-06-08T09:00:53.381+0000] {logging_mixin.py:188} INFO - [2026-06-08T09:00:53.380+0000] {dag.py:3954} INFO - Setting next_dagrun for tutorial_taskflow_api_virtualenv to None, run_after=None
[2026-06-08T09:00:53.396+0000] {processor.py:183} INFO - Processing /home/airflow/.local/lib/python3.12/site-packages/airflow/example_dags/tutorial_taskflow_api_virtualenv.py took 0.057 seconds
[2026-06-08T09:16:19.071+0000] {processor.py:161} INFO - Started process (PID=13577) to work on /home/airflow/.local/lib/python3.12/site-packages/airflow/example_dags/tutorial_taskflow_api_virtualenv.py
[2026-06-08T09:16:19.073+0000] {processor.py:830} INFO - Processing file /home/airflow/.local/lib/python3.12/site-packages/airflow/example_dags/tutorial_taskflow_api_virtualenv.py for tasks to queue
[2026-06-08T09:16:19.075+0000] {logging_mixin.py:188} INFO - [2026-06-08T09:16:19.074+0000] {dagbag.py:545} INFO - Filling up the DagBag from /home/airflow/.local/lib/python3.12/site-packages/airflow/example_dags/tutorial_taskflow_api_virtualenv.py
[2026-06-08T09:16:19.085+0000] {processor.py:840} INFO - DAG(s) 'tutorial_taskflow_api_virtualenv' retrieved from /home/airflow/.local/lib/python3.12/site-packages/airflow/example_dags/tutorial_taskflow_api_virtualenv.py
[2026-06-08T09:16:19.107+0000] {logging_mixin.py:188} INFO - [2026-06-08T09:16:19.107+0000] {dag.py:3096} INFO - Sync 1 DAGs
[2026-06-08T09:16:19.121+0000] {logging_mixin.py:188} INFO - [2026-06-08T09:16:19.121+0000] {dag.py:3954} INFO - Setting next_dagrun for tutorial_taskflow_api_virtualenv to None, run_after=None
[2026-06-08T09:16:19.142+0000] {processor.py:183} INFO - Processing /home/airflow/.local/lib/python3.12/site-packages/airflow/example_dags/tutorial_taskflow_api_virtualenv.py took 0.077 seconds
[2026-06-08T10:50:42.236+0000] {processor.py:161} INFO - Started process (PID=13839) to work on /home/airflow/.local/lib/python3.12/site-packages/airflow/example_dags/tutorial_taskflow_api_virtualenv.py
[2026-06-08T10:50:42.238+0000] {processor.py:830} INFO - Processing file /home/airflow/.local/lib/python3.12/site-packages/airflow/example_dags/tutorial_taskflow_api_virtualenv.py for tasks to queue
[2026-06-08T10:50:42.241+0000] {logging_mixin.py:188} INFO - [2026-06-08T10:50:42.240+0000] {dagbag.py:545} INFO - Filling up the DagBag from /home/airflow/.local/lib/python3.12/site-packages/airflow/example_dags/tutorial_taskflow_api_virtualenv.py
[2026-06-08T10:50:42.257+0000] {processor.py:840} INFO - DAG(s) 'tutorial_taskflow_api_virtualenv' retrieved from /home/airflow/.local/lib/python3.12/site-packages/airflow/example_dags/tutorial_taskflow_api_virtualenv.py
[2026-06-08T10:50:42.287+0000] {logging_mixin.py:188} INFO - [2026-06-08T10:50:42.286+0000] {dag.py:3096} INFO - Sync 1 DAGs
[2026-06-08T10:50:42.307+0000] {logging_mixin.py:188} INFO - [2026-06-08T10:50:42.307+0000] {dag.py:3954} INFO - Setting next_dagrun for tutorial_taskflow_api_virtualenv to None, run_after=None
[2026-06-08T10:50:42.352+0000] {processor.py:183} INFO - Processing /home/airflow/.local/lib/python3.12/site-packages/airflow/example_dags/tutorial_taskflow_api_virtualenv.py took 0.134 seconds
[2026-06-08T10:51:15.292+0000] {processor.py:161} INFO - Started process (PID=14102) to work on /home/airflow/.local/lib/python3.12/site-packages/airflow/example_dags/tutorial_taskflow_api_virtualenv.py
[2026-06-08T10:51:15.293+0000] {processor.py:830} INFO - Processing file /home/airflow/.local/lib/python3.12/site-packages/airflow/example_dags/tutorial_taskflow_api_virtualenv.py for tasks to queue
[2026-06-08T10:51:15.295+0000] {logging_mixin.py:188} INFO - [2026-06-08T10:51:15.295+0000] {dagbag.py:545} INFO - Filling up the DagBag from /home/airflow/.local/lib/python3.12/site-packages/airflow/example_dags/tutorial_taskflow_api_virtualenv.py
[2026-06-08T10:51:15.306+0000] {processor.py:840} INFO - DAG(s) 'tutorial_taskflow_api_virtualenv' retrieved from /home/airflow/.local/lib/python3.12/site-packages/airflow/example_dags/tutorial_taskflow_api_virtualenv.py
[2026-06-08T10:51:15.331+0000] {logging_mixin.py:188} INFO - [2026-06-08T10:51:15.331+0000] {dag.py:3096} INFO - Sync 1 DAGs
[2026-06-08T10:51:15.346+0000] {logging_mixin.py:188} INFO - [2026-06-08T10:51:15.345+0000] {dag.py:3954} INFO - Setting next_dagrun for tutorial_taskflow_api_virtualenv to None, run_after=None
[2026-06-08T10:51:15.372+0000] {processor.py:183} INFO - Processing /home/airflow/.local/lib/python3.12/site-packages/airflow/example_dags/tutorial_taskflow_api_virtualenv.py took 0.086 seconds
[2026-06-08T10:51:46.062+0000] {processor.py:161} INFO - Started process (PID=14360) to work on /home/airflow/.local/lib/python3.12/site-packages/airflow/example_dags/tutorial_taskflow_api_virtualenv.py
[2026-06-08T10:51:46.063+0000] {processor.py:830} INFO - Processing file /home/airflow/.local/lib/python3.12/site-packages/airflow/example_dags/tutorial_taskflow_api_virtualenv.py for tasks to queue
[2026-06-08T10:51:46.065+0000] {logging_mixin.py:188} INFO - [2026-06-08T10:51:46.065+0000] {dagbag.py:545} INFO - Filling up the DagBag from /home/airflow/.local/lib/python3.12/site-packages/airflow/example_dags/tutorial_taskflow_api_virtualenv.py
[2026-06-08T10:51:46.074+0000] {processor.py:840} INFO - DAG(s) 'tutorial_taskflow_api_virtualenv' retrieved from /home/airflow/.local/lib/python3.12/site-packages/airflow/example_dags/tutorial_taskflow_api_virtualenv.py
[2026-06-08T10:51:46.092+0000] {logging_mixin.py:188} INFO - [2026-06-08T10:51:46.091+0000] {dag.py:3096} INFO - Sync 1 DAGs
[2026-06-08T10:51:46.107+0000] {logging_mixin.py:188} INFO - [2026-06-08T10:51:46.107+0000] {dag.py:3954} INFO - Setting next_dagrun for tutorial_taskflow_api_virtualenv to None, run_after=None
[2026-06-08T10:51:46.125+0000] {processor.py:183} INFO - Processing /home/airflow/.local/lib/python3.12/site-packages/airflow/example_dags/tutorial_taskflow_api_virtualenv.py took 0.067 seconds
[2026-06-08T10:52:16.593+0000] {processor.py:161} INFO - Started process (PID=14622) to work on /home/airflow/.local/lib/python3.12/site-packages/airflow/example_dags/tutorial_taskflow_api_virtualenv.py
[2026-06-08T10:52:16.594+0000] {processor.py:830} INFO - Processing file /home/airflow/.local/lib/python3.12/site-packages/airflow/example_dags/tutorial_taskflow_api_virtualenv.py for tasks to queue
[2026-06-08T10:52:16.595+0000] {logging_mixin.py:188} INFO - [2026-06-08T10:52:16.595+0000] {dagbag.py:545} INFO - Filling up the DagBag from /home/airflow/.local/lib/python3.12/site-packages/airflow/example_dags/tutorial_taskflow_api_virtualenv.py
[2026-06-08T10:52:16.604+0000] {processor.py:840} INFO - DAG(s) 'tutorial_taskflow_api_virtualenv' retrieved from /home/airflow/.local/lib/python3.12/site-packages/airflow/example_dags/tutorial_taskflow_api_virtualenv.py
[2026-06-08T10:52:16.623+0000] {logging_mixin.py:188} INFO - [2026-06-08T10:52:16.622+0000] {dag.py:3096} INFO - Sync 1 DAGs
[2026-06-08T10:52:16.634+0000] {logging_mixin.py:188} INFO - [2026-06-08T10:52:16.634+0000] {dag.py:3954} INFO - Setting next_dagrun for tutorial_taskflow_api_virtualenv to None, run_after=None
[2026-06-08T10:52:16.652+0000] {processor.py:183} INFO - Processing /home/airflow/.local/lib/python3.12/site-packages/airflow/example_dags/tutorial_taskflow_api_virtualenv.py took 0.065 seconds
[2026-06-08T10:52:46.992+0000] {processor.py:161} INFO - Started process (PID=14884) to work on /home/airflow/.local/lib/python3.12/site-packages/airflow/example_dags/tutorial_taskflow_api_virtualenv.py
[2026-06-08T10:52:46.993+0000] {processor.py:830} INFO - Processing file /home/airflow/.local/lib/python3.12/site-packages/airflow/example_dags/tutorial_taskflow_api_virtualenv.py for tasks to queue
[2026-06-08T10:52:46.996+0000] {logging_mixin.py:188} INFO - [2026-06-08T10:52:46.995+0000] {dagbag.py:545} INFO - Filling up the DagBag from /home/airflow/.local/lib/python3.12/site-packages/airflow/example_dags/tutorial_taskflow_api_virtualenv.py
[2026-06-08T10:52:47.004+0000] {processor.py:840} INFO - DAG(s) 'tutorial_taskflow_api_virtualenv' retrieved from /home/airflow/.local/lib/python3.12/site-packages/airflow/example_dags/tutorial_taskflow_api_virtualenv.py
[2026-06-08T10:52:47.024+0000] {logging_mixin.py:188} INFO - [2026-06-08T10:52:47.023+0000] {dag.py:3096} INFO - Sync 1 DAGs
[2026-06-08T10:52:47.035+0000] {logging_mixin.py:188} INFO - [2026-06-08T10:52:47.035+0000] {dag.py:3954} INFO - Setting next_dagrun for tutorial_taskflow_api_virtualenv to None, run_after=None
[2026-06-08T10:52:47.058+0000] {processor.py:183} INFO - Processing /home/airflow/.local/lib/python3.12/site-packages/airflow/example_dags/tutorial_taskflow_api_virtualenv.py took 0.071 seconds
[2026-06-08T10:53:17.530+0000] {processor.py:161} INFO - Started process (PID=15146) to work on /home/airflow/.local/lib/python3.12/site-packages/airflow/example_dags/tutorial_taskflow_api_virtualenv.py
[2026-06-08T10:53:17.532+0000] {processor.py:830} INFO - Processing file /home/airflow/.local/lib/python3.12/site-packages/airflow/example_dags/tutorial_taskflow_api_virtualenv.py for tasks to queue
[2026-06-08T10:53:17.534+0000] {logging_mixin.py:188} INFO - [2026-06-08T10:53:17.534+0000] {dagbag.py:545} INFO - Filling up the DagBag from /home/airflow/.local/lib/python3.12/site-packages/airflow/example_dags/tutorial_taskflow_api_virtualenv.py
[2026-06-08T10:53:17.546+0000] {processor.py:840} INFO - DAG(s) 'tutorial_taskflow_api_virtualenv' retrieved from /home/airflow/.local/lib/python3.12/site-packages/airflow/example_dags/tutorial_taskflow_api_virtualenv.py
[2026-06-08T10:53:17.573+0000] {logging_mixin.py:188} INFO - [2026-06-08T10:53:17.573+0000] {dag.py:3096} INFO - Sync 1 DAGs
[2026-06-08T10:53:17.588+0000] {logging_mixin.py:188} INFO - [2026-06-08T10:53:17.588+0000] {dag.py:3954} INFO - Setting next_dagrun for tutorial_taskflow_api_virtualenv to None, run_after=None
[2026-06-08T10:53:17.613+0000] {processor.py:183} INFO - Processing /home/airflow/.local/lib/python3.12/site-packages/airflow/example_dags/tutorial_taskflow_api_virtualenv.py took 0.089 seconds
[2026-06-08T10:53:47.728+0000] {processor.py:161} INFO - Started process (PID=15408) to work on /home/airflow/.local/lib/python3.12/site-packages/airflow/example_dags/tutorial_taskflow_api_virtualenv.py
[2026-06-08T10:53:47.729+0000] {processor.py:830} INFO - Processing file /home/airflow/.local/lib/python3.12/site-packages/airflow/example_dags/tutorial_taskflow_api_virtualenv.py for tasks to queue
[2026-06-08T10:53:47.731+0000] {logging_mixin.py:188} INFO - [2026-06-08T10:53:47.731+0000] {dagbag.py:545} INFO - Filling up the DagBag from /home/airflow/.local/lib/python3.12/site-packages/airflow/example_dags/tutorial_taskflow_api_virtualenv.py
[2026-06-08T10:53:47.740+0000] {processor.py:840} INFO - DAG(s) 'tutorial_taskflow_api_virtualenv' retrieved from /home/airflow/.local/lib/python3.12/site-packages/airflow/example_dags/tutorial_taskflow_api_virtualenv.py
[2026-06-08T10:53:47.759+0000] {logging_mixin.py:188} INFO - [2026-06-08T10:53:47.759+0000] {dag.py:3096} INFO - Sync 1 DAGs
[2026-06-08T10:53:47.771+0000] {logging_mixin.py:188} INFO - [2026-06-08T10:53:47.771+0000] {dag.py:3954} INFO - Setting next_dagrun for tutorial_taskflow_api_virtualenv to None, run_after=None
[2026-06-08T10:53:47.800+0000] {processor.py:183} INFO - Processing /home/airflow/.local/lib/python3.12/site-packages/airflow/example_dags/tutorial_taskflow_api_virtualenv.py took 0.077 seconds
[2026-06-08T10:54:17.939+0000] {processor.py:161} INFO - Started process (PID=15670) to work on /home/airflow/.local/lib/python3.12/site-packages/airflow/example_dags/tutorial_taskflow_api_virtualenv.py
[2026-06-08T10:54:17.940+0000] {processor.py:830} INFO - Processing file /home/airflow/.local/lib/python3.12/site-packages/airflow/example_dags/tutorial_taskflow_api_virtualenv.py for tasks to queue
[2026-06-08T10:54:17.942+0000] {logging_mixin.py:188} INFO - [2026-06-08T10:54:17.941+0000] {dagbag.py:545} INFO - Filling up the DagBag from /home/airflow/.local/lib/python3.12/site-packages/airflow/example_dags/tutorial_taskflow_api_virtualenv.py
[2026-06-08T10:54:17.949+0000] {processor.py:840} INFO - DAG(s) 'tutorial_taskflow_api_virtualenv' retrieved from /home/airflow/.local/lib/python3.12/site-packages/airflow/example_dags/tutorial_taskflow_api_virtualenv.py
[2026-06-08T10:54:17.968+0000] {logging_mixin.py:188} INFO - [2026-06-08T10:54:17.968+0000] {dag.py:3096} INFO - Sync 1 DAGs
[2026-06-08T10:54:17.978+0000] {logging_mixin.py:188} INFO - [2026-06-08T10:54:17.978+0000] {dag.py:3954} INFO - Setting next_dagrun for tutorial_taskflow_api_virtualenv to None, run_after=None
[2026-06-08T10:54:17.997+0000] {processor.py:183} INFO - Processing /home/airflow/.local/lib/python3.12/site-packages/airflow/example_dags/tutorial_taskflow_api_virtualenv.py took 0.064 seconds
[2026-06-08T10:54:48.164+0000] {processor.py:161} INFO - Started process (PID=15932) to work on /home/airflow/.local/lib/python3.12/site-packages/airflow/example_dags/tutorial_taskflow_api_virtualenv.py
[2026-06-08T10:54:48.165+0000] {processor.py:830} INFO - Processing file /home/airflow/.local/lib/python3.12/site-packages/airflow/example_dags/tutorial_taskflow_api_virtualenv.py for tasks to queue
[2026-06-08T10:54:48.167+0000] {logging_mixin.py:188} INFO - [2026-06-08T10:54:48.167+0000] {dagbag.py:545} INFO - Filling up the DagBag from /home/airflow/.local/lib/python3.12/site-packages/airflow/example_dags/tutorial_taskflow_api_virtualenv.py
[2026-06-08T10:54:48.177+0000] {processor.py:840} INFO - DAG(s) 'tutorial_taskflow_api_virtualenv' retrieved from /home/airflow/.local/lib/python3.12/site-packages/airflow/example_dags/tutorial_taskflow_api_virtualenv.py
[2026-06-08T10:54:48.202+0000] {logging_mixin.py:188} INFO - [2026-06-08T10:54:48.202+0000] {dag.py:3096} INFO - Sync 1 DAGs
[2026-06-08T10:54:48.216+0000] {logging_mixin.py:188} INFO - [2026-06-08T10:54:48.216+0000] {dag.py:3954} INFO - Setting next_dagrun for tutorial_taskflow_api_virtualenv to None, run_after=None
[2026-06-08T10:54:48.239+0000] {processor.py:183} INFO - Processing /home/airflow/.local/lib/python3.12/site-packages/airflow/example_dags/tutorial_taskflow_api_virtualenv.py took 0.080 seconds
[2026-06-08T10:55:19.245+0000] {processor.py:161} INFO - Started process (PID=16192) to work on /home/airflow/.local/lib/python3.12/site-packages/airflow/example_dags/tutorial_taskflow_api_virtualenv.py
[2026-06-08T10:55:19.247+0000] {processor.py:830} INFO - Processing file /home/airflow/.local/lib/python3.12/site-packages/airflow/example_dags/tutorial_taskflow_api_virtualenv.py for tasks to queue
[2026-06-08T10:55:19.250+0000] {logging_mixin.py:188} INFO - [2026-06-08T10:55:19.249+0000] {dagbag.py:545} INFO - Filling up the DagBag from /home/airflow/.local/lib/python3.12/site-packages/airflow/example_dags/tutorial_taskflow_api_virtualenv.py
[2026-06-08T10:55:19.261+0000] {processor.py:840} INFO - DAG(s) 'tutorial_taskflow_api_virtualenv' retrieved from /home/airflow/.local/lib/python3.12/site-packages/airflow/example_dags/tutorial_taskflow_api_virtualenv.py
[2026-06-08T10:55:19.288+0000] {logging_mixin.py:188} INFO - [2026-06-08T10:55:19.287+0000] {dag.py:3096} INFO - Sync 1 DAGs
[2026-06-08T10:55:19.302+0000] {logging_mixin.py:188} INFO - [2026-06-08T10:55:19.302+0000] {dag.py:3954} INFO - Setting next_dagrun for tutorial_taskflow_api_virtualenv to None, run_after=None
[2026-06-08T10:55:19.326+0000] {processor.py:183} INFO - Processing /home/airflow/.local/lib/python3.12/site-packages/airflow/example_dags/tutorial_taskflow_api_virtualenv.py took 0.089 seconds
[2026-06-08T10:55:49.478+0000] {processor.py:161} INFO - Started process (PID=16456) to work on /home/airflow/.local/lib/python3.12/site-packages/airflow/example_dags/tutorial_taskflow_api_virtualenv.py
[2026-06-08T10:55:49.479+0000] {processor.py:830} INFO - Processing file /home/airflow/.local/lib/python3.12/site-packages/airflow/example_dags/tutorial_taskflow_api_virtualenv.py for tasks to queue
[2026-06-08T10:55:49.481+0000] {logging_mixin.py:188} INFO - [2026-06-08T10:55:49.481+0000] {dagbag.py:545} INFO - Filling up the DagBag from /home/airflow/.local/lib/python3.12/site-packages/airflow/example_dags/tutorial_taskflow_api_virtualenv.py
[2026-06-08T10:55:49.490+0000] {processor.py:840} INFO - DAG(s) 'tutorial_taskflow_api_virtualenv' retrieved from /home/airflow/.local/lib/python3.12/site-packages/airflow/example_dags/tutorial_taskflow_api_virtualenv.py
[2026-06-08T10:55:49.511+0000] {logging_mixin.py:188} INFO - [2026-06-08T10:55:49.511+0000] {dag.py:3096} INFO - Sync 1 DAGs
[2026-06-08T10:55:49.523+0000] {logging_mixin.py:188} INFO - [2026-06-08T10:55:49.523+0000] {dag.py:3954} INFO - Setting next_dagrun for tutorial_taskflow_api_virtualenv to None, run_after=None
[2026-06-08T10:55:49.545+0000] {processor.py:183} INFO - Processing /home/airflow/.local/lib/python3.12/site-packages/airflow/example_dags/tutorial_taskflow_api_virtualenv.py took 0.072 seconds
[2026-06-08T10:56:20.118+0000] {processor.py:161} INFO - Started process (PID=16718) to work on /home/airflow/.local/lib/python3.12/site-packages/airflow/example_dags/tutorial_taskflow_api_virtualenv.py
[2026-06-08T10:56:20.119+0000] {processor.py:830} INFO - Processing file /home/airflow/.local/lib/python3.12/site-packages/airflow/example_dags/tutorial_taskflow_api_virtualenv.py for tasks to queue
[2026-06-08T10:56:20.120+0000] {logging_mixin.py:188} INFO - [2026-06-08T10:56:20.120+0000] {dagbag.py:545} INFO - Filling up the DagBag from /home/airflow/.local/lib/python3.12/site-packages/airflow/example_dags/tutorial_taskflow_api_virtualenv.py
[2026-06-08T10:56:20.129+0000] {processor.py:840} INFO - DAG(s) 'tutorial_taskflow_api_virtualenv' retrieved from /home/airflow/.local/lib/python3.12/site-packages/airflow/example_dags/tutorial_taskflow_api_virtualenv.py
[2026-06-08T10:56:20.149+0000] {logging_mixin.py:188} INFO - [2026-06-08T10:56:20.149+0000] {dag.py:3096} INFO - Sync 1 DAGs
[2026-06-08T10:56:20.160+0000] {logging_mixin.py:188} INFO - [2026-06-08T10:56:20.160+0000] {dag.py:3954} INFO - Setting next_dagrun for tutorial_taskflow_api_virtualenv to None, run_after=None
[2026-06-08T10:56:20.181+0000] {processor.py:183} INFO - Processing /home/airflow/.local/lib/python3.12/site-packages/airflow/example_dags/tutorial_taskflow_api_virtualenv.py took 0.068 seconds
[2026-06-08T10:56:50.613+0000] {processor.py:161} INFO - Started process (PID=16980) to work on /home/airflow/.local/lib/python3.12/site-packages/airflow/example_dags/tutorial_taskflow_api_virtualenv.py
[2026-06-08T10:56:50.614+0000] {processor.py:830} INFO - Processing file /home/airflow/.local/lib/python3.12/site-packages/airflow/example_dags/tutorial_taskflow_api_virtualenv.py for tasks to queue
[2026-06-08T10:56:50.616+0000] {logging_mixin.py:188} INFO - [2026-06-08T10:56:50.616+0000] {dagbag.py:545} INFO - Filling up the DagBag from /home/airflow/.local/lib/python3.12/site-packages/airflow/example_dags/tutorial_taskflow_api_virtualenv.py
[2026-06-08T10:56:50.629+0000] {processor.py:840} INFO - DAG(s) 'tutorial_taskflow_api_virtualenv' retrieved from /home/airflow/.local/lib/python3.12/site-packages/airflow/example_dags/tutorial_taskflow_api_virtualenv.py
[2026-06-08T10:56:50.653+0000] {logging_mixin.py:188} INFO - [2026-06-08T10:56:50.653+0000] {dag.py:3096} INFO - Sync 1 DAGs
[2026-06-08T10:56:50.668+0000] {logging_mixin.py:188} INFO - [2026-06-08T10:56:50.668+0000] {dag.py:3954} INFO - Setting next_dagrun for tutorial_taskflow_api_virtualenv to None, run_after=None
[2026-06-08T10:56:50.694+0000] {processor.py:183} INFO - Processing /home/airflow/.local/lib/python3.12/site-packages/airflow/example_dags/tutorial_taskflow_api_virtualenv.py took 0.086 seconds
[2026-06-08T10:57:21.080+0000] {processor.py:161} INFO - Started process (PID=17243) to work on /home/airflow/.local/lib/python3.12/site-packages/airflow/example_dags/tutorial_taskflow_api_virtualenv.py
[2026-06-08T10:57:21.081+0000] {processor.py:830} INFO - Processing file /home/airflow/.local/lib/python3.12/site-packages/airflow/example_dags/tutorial_taskflow_api_virtualenv.py for tasks to queue
[2026-06-08T10:57:21.083+0000] {logging_mixin.py:188} INFO - [2026-06-08T10:57:21.083+0000] {dagbag.py:545} INFO - Filling up the DagBag from /home/airflow/.local/lib/python3.12/site-packages/airflow/example_dags/tutorial_taskflow_api_virtualenv.py
[2026-06-08T10:57:21.092+0000] {processor.py:840} INFO - DAG(s) 'tutorial_taskflow_api_virtualenv' retrieved from /home/airflow/.local/lib/python3.12/site-packages/airflow/example_dags/tutorial_taskflow_api_virtualenv.py
[2026-06-08T10:57:21.109+0000] {logging_mixin.py:188} INFO - [2026-06-08T10:57:21.109+0000] {dag.py:3096} INFO - Sync 1 DAGs
[2026-06-08T10:57:21.121+0000] {logging_mixin.py:188} INFO - [2026-06-08T10:57:21.121+0000] {dag.py:3954} INFO - Setting next_dagrun for tutorial_taskflow_api_virtualenv to None, run_after=None
[2026-06-08T10:57:21.142+0000] {processor.py:183} INFO - Processing /home/airflow/.local/lib/python3.12/site-packages/airflow/example_dags/tutorial_taskflow_api_virtualenv.py took 0.066 seconds
[2026-06-08T10:57:51.523+0000] {processor.py:161} INFO - Started process (PID=17505) to work on /home/airflow/.local/lib/python3.12/site-packages/airflow/example_dags/tutorial_taskflow_api_virtualenv.py
[2026-06-08T10:57:51.524+0000] {processor.py:830} INFO - Processing file /home/airflow/.local/lib/python3.12/site-packages/airflow/example_dags/tutorial_taskflow_api_virtualenv.py for tasks to queue
[2026-06-08T10:57:51.527+0000] {logging_mixin.py:188} INFO - [2026-06-08T10:57:51.526+0000] {dagbag.py:545} INFO - Filling up the DagBag from /home/airflow/.local/lib/python3.12/site-packages/airflow/example_dags/tutorial_taskflow_api_virtualenv.py
[2026-06-08T10:57:51.536+0000] {processor.py:840} INFO - DAG(s) 'tutorial_taskflow_api_virtualenv' retrieved from /home/airflow/.local/lib/python3.12/site-packages/airflow/example_dags/tutorial_taskflow_api_virtualenv.py
[2026-06-08T10:57:51.559+0000] {logging_mixin.py:188} INFO - [2026-06-08T10:57:51.559+0000] {dag.py:3096} INFO - Sync 1 DAGs
[2026-06-08T10:57:51.570+0000] {logging_mixin.py:188} INFO - [2026-06-08T10:57:51.570+0000] {dag.py:3954} INFO - Setting next_dagrun for tutorial_taskflow_api_virtualenv to None, run_after=None
[2026-06-08T10:57:51.593+0000] {processor.py:183} INFO - Processing /home/airflow/.local/lib/python3.12/site-packages/airflow/example_dags/tutorial_taskflow_api_virtualenv.py took 0.075 seconds
[2026-06-08T10:58:22.128+0000] {processor.py:161} INFO - Started process (PID=17765) to work on /home/airflow/.local/lib/python3.12/site-packages/airflow/example_dags/tutorial_taskflow_api_virtualenv.py
[2026-06-08T10:58:22.129+0000] {processor.py:830} INFO - Processing file /home/airflow/.local/lib/python3.12/site-packages/airflow/example_dags/tutorial_taskflow_api_virtualenv.py for tasks to queue
[2026-06-08T10:58:22.131+0000] {logging_mixin.py:188} INFO - [2026-06-08T10:58:22.131+0000] {dagbag.py:545} INFO - Filling up the DagBag from /home/airflow/.local/lib/python3.12/site-packages/airflow/example_dags/tutorial_taskflow_api_virtualenv.py
[2026-06-08T10:58:22.140+0000] {processor.py:840} INFO - DAG(s) 'tutorial_taskflow_api_virtualenv' retrieved from /home/airflow/.local/lib/python3.12/site-packages/airflow/example_dags/tutorial_taskflow_api_virtualenv.py
[2026-06-08T10:58:22.160+0000] {logging_mixin.py:188} INFO - [2026-06-08T10:58:22.160+0000] {dag.py:3096} INFO - Sync 1 DAGs
[2026-06-08T10:58:22.170+0000] {logging_mixin.py:188} INFO - [2026-06-08T10:58:22.170+0000] {dag.py:3954} INFO - Setting next_dagrun for tutorial_taskflow_api_virtualenv to None, run_after=None
[2026-06-08T10:58:22.190+0000] {processor.py:183} INFO - Processing /home/airflow/.local/lib/python3.12/site-packages/airflow/example_dags/tutorial_taskflow_api_virtualenv.py took 0.067 seconds
[2026-06-08T10:58:52.522+0000] {processor.py:161} INFO - Started process (PID=18029) to work on /home/airflow/.local/lib/python3.12/site-packages/airflow/example_dags/tutorial_taskflow_api_virtualenv.py
[2026-06-08T10:58:52.523+0000] {processor.py:830} INFO - Processing file /home/airflow/.local/lib/python3.12/site-packages/airflow/example_dags/tutorial_taskflow_api_virtualenv.py for tasks to queue
[2026-06-08T10:58:52.525+0000] {logging_mixin.py:188} INFO - [2026-06-08T10:58:52.525+0000] {dagbag.py:545} INFO - Filling up the DagBag from /home/airflow/.local/lib/python3.12/site-packages/airflow/example_dags/tutorial_taskflow_api_virtualenv.py
[2026-06-08T10:58:52.534+0000] {processor.py:840} INFO - DAG(s) 'tutorial_taskflow_api_virtualenv' retrieved from /home/airflow/.local/lib/python3.12/site-packages/airflow/example_dags/tutorial_taskflow_api_virtualenv.py
[2026-06-08T10:58:52.555+0000] {logging_mixin.py:188} INFO - [2026-06-08T10:58:52.554+0000] {dag.py:3096} INFO - Sync 1 DAGs
[2026-06-08T10:58:52.565+0000] {logging_mixin.py:188} INFO - [2026-06-08T10:58:52.565+0000] {dag.py:3954} INFO - Setting next_dagrun for tutorial_taskflow_api_virtualenv to None, run_after=None
[2026-06-08T10:58:52.585+0000] {processor.py:183} INFO - Processing /home/airflow/.local/lib/python3.12/site-packages/airflow/example_dags/tutorial_taskflow_api_virtualenv.py took 0.068 seconds
[2026-06-08T10:59:22.900+0000] {processor.py:161} INFO - Started process (PID=18291) to work on /home/airflow/.local/lib/python3.12/site-packages/airflow/example_dags/tutorial_taskflow_api_virtualenv.py
[2026-06-08T10:59:22.901+0000] {processor.py:830} INFO - Processing file /home/airflow/.local/lib/python3.12/site-packages/airflow/example_dags/tutorial_taskflow_api_virtualenv.py for tasks to queue
[2026-06-08T10:59:22.903+0000] {logging_mixin.py:188} INFO - [2026-06-08T10:59:22.903+0000] {dagbag.py:545} INFO - Filling up the DagBag from /home/airflow/.local/lib/python3.12/site-packages/airflow/example_dags/tutorial_taskflow_api_virtualenv.py
[2026-06-08T10:59:22.913+0000] {processor.py:840} INFO - DAG(s) 'tutorial_taskflow_api_virtualenv' retrieved from /home/airflow/.local/lib/python3.12/site-packages/airflow/example_dags/tutorial_taskflow_api_virtualenv.py
[2026-06-08T10:59:22.932+0000] {logging_mixin.py:188} INFO - [2026-06-08T10:59:22.932+0000] {dag.py:3096} INFO - Sync 1 DAGs
[2026-06-08T10:59:22.945+0000] {logging_mixin.py:188} INFO - [2026-06-08T10:59:22.945+0000] {dag.py:3954} INFO - Setting next_dagrun for tutorial_taskflow_api_virtualenv to None, run_after=None
[2026-06-08T10:59:22.967+0000] {processor.py:183} INFO - Processing /home/airflow/.local/lib/python3.12/site-packages/airflow/example_dags/tutorial_taskflow_api_virtualenv.py took 0.072 seconds
[2026-06-08T10:59:53.295+0000] {processor.py:161} INFO - Started process (PID=18553) to work on /home/airflow/.local/lib/python3.12/site-packages/airflow/example_dags/tutorial_taskflow_api_virtualenv.py
[2026-06-08T10:59:53.296+0000] {processor.py:830} INFO - Processing file /home/airflow/.local/lib/python3.12/site-packages/airflow/example_dags/tutorial_taskflow_api_virtualenv.py for tasks to queue
[2026-06-08T10:59:53.297+0000] {logging_mixin.py:188} INFO - [2026-06-08T10:59:53.297+0000] {dagbag.py:545} INFO - Filling up the DagBag from /home/airflow/.local/lib/python3.12/site-packages/airflow/example_dags/tutorial_taskflow_api_virtualenv.py
[2026-06-08T10:59:53.306+0000] {processor.py:840} INFO - DAG(s) 'tutorial_taskflow_api_virtualenv' retrieved from /home/airflow/.local/lib/python3.12/site-packages/airflow/example_dags/tutorial_taskflow_api_virtualenv.py
[2026-06-08T10:59:53.328+0000] {logging_mixin.py:188} INFO - [2026-06-08T10:59:53.328+0000] {dag.py:3096} INFO - Sync 1 DAGs
[2026-06-08T10:59:53.342+0000] {logging_mixin.py:188} INFO - [2026-06-08T10:59:53.341+0000] {dag.py:3954} INFO - Setting next_dagrun for tutorial_taskflow_api_virtualenv to None, run_after=None
[2026-06-08T10:59:53.362+0000] {processor.py:183} INFO - Processing /home/airflow/.local/lib/python3.12/site-packages/airflow/example_dags/tutorial_taskflow_api_virtualenv.py took 0.072 seconds
[2026-06-08T11:00:23.952+0000] {processor.py:161} INFO - Started process (PID=18815) to work on /home/airflow/.local/lib/python3.12/site-packages/airflow/example_dags/tutorial_taskflow_api_virtualenv.py
[2026-06-08T11:00:23.953+0000] {processor.py:830} INFO - Processing file /home/airflow/.local/lib/python3.12/site-packages/airflow/example_dags/tutorial_taskflow_api_virtualenv.py for tasks to queue
[2026-06-08T11:00:23.956+0000] {logging_mixin.py:188} INFO - [2026-06-08T11:00:23.955+0000] {dagbag.py:545} INFO - Filling up the DagBag from /home/airflow/.local/lib/python3.12/site-packages/airflow/example_dags/tutorial_taskflow_api_virtualenv.py
[2026-06-08T11:00:23.966+0000] {processor.py:840} INFO - DAG(s) 'tutorial_taskflow_api_virtualenv' retrieved from /home/airflow/.local/lib/python3.12/site-packages/airflow/example_dags/tutorial_taskflow_api_virtualenv.py
[2026-06-08T11:00:23.989+0000] {logging_mixin.py:188} INFO - [2026-06-08T11:00:23.989+0000] {dag.py:3096} INFO - Sync 1 DAGs
[2026-06-08T11:00:24.002+0000] {logging_mixin.py:188} INFO - [2026-06-08T11:00:24.002+0000] {dag.py:3954} INFO - Setting next_dagrun for tutorial_taskflow_api_virtualenv to None, run_after=None
[2026-06-08T11:00:24.022+0000] {processor.py:183} INFO - Processing /home/airflow/.local/lib/python3.12/site-packages/airflow/example_dags/tutorial_taskflow_api_virtualenv.py took 0.077 seconds
[2026-06-08T11:00:54.693+0000] {processor.py:161} INFO - Started process (PID=19084) to work on /home/airflow/.local/lib/python3.12/site-packages/airflow/example_dags/tutorial_taskflow_api_virtualenv.py
[2026-06-08T11:00:54.694+0000] {processor.py:830} INFO - Processing file /home/airflow/.local/lib/python3.12/site-packages/airflow/example_dags/tutorial_taskflow_api_virtualenv.py for tasks to queue
[2026-06-08T11:00:54.695+0000] {logging_mixin.py:188} INFO - [2026-06-08T11:00:54.695+0000] {dagbag.py:545} INFO - Filling up the DagBag from /home/airflow/.local/lib/python3.12/site-packages/airflow/example_dags/tutorial_taskflow_api_virtualenv.py
[2026-06-08T11:00:54.704+0000] {processor.py:840} INFO - DAG(s) 'tutorial_taskflow_api_virtualenv' retrieved from /home/airflow/.local/lib/python3.12/site-packages/airflow/example_dags/tutorial_taskflow_api_virtualenv.py
[2026-06-08T11:00:54.724+0000] {logging_mixin.py:188} INFO - [2026-06-08T11:00:54.724+0000] {dag.py:3096} INFO - Sync 1 DAGs
[2026-06-08T11:00:54.737+0000] {logging_mixin.py:188} INFO - [2026-06-08T11:00:54.737+0000] {dag.py:3954} INFO - Setting next_dagrun for tutorial_taskflow_api_virtualenv to None, run_after=None
[2026-06-08T11:00:54.759+0000] {processor.py:183} INFO - Processing /home/airflow/.local/lib/python3.12/site-packages/airflow/example_dags/tutorial_taskflow_api_virtualenv.py took 0.072 seconds
[2026-06-08T11:01:25.013+0000] {processor.py:161} INFO - Started process (PID=19345) to work on /home/airflow/.local/lib/python3.12/site-packages/airflow/example_dags/tutorial_taskflow_api_virtualenv.py
[2026-06-08T11:01:25.014+0000] {processor.py:830} INFO - Processing file /home/airflow/.local/lib/python3.12/site-packages/airflow/example_dags/tutorial_taskflow_api_virtualenv.py for tasks to queue
[2026-06-08T11:01:25.017+0000] {logging_mixin.py:188} INFO - [2026-06-08T11:01:25.016+0000] {dagbag.py:545} INFO - Filling up the DagBag from /home/airflow/.local/lib/python3.12/site-packages/airflow/example_dags/tutorial_taskflow_api_virtualenv.py
[2026-06-08T11:01:25.029+0000] {processor.py:840} INFO - DAG(s) 'tutorial_taskflow_api_virtualenv' retrieved from /home/airflow/.local/lib/python3.12/site-packages/airflow/example_dags/tutorial_taskflow_api_virtualenv.py
[2026-06-08T11:01:25.054+0000] {logging_mixin.py:188} INFO - [2026-06-08T11:01:25.054+0000] {dag.py:3096} INFO - Sync 1 DAGs
[2026-06-08T11:01:25.069+0000] {logging_mixin.py:188} INFO - [2026-06-08T11:01:25.069+0000] {dag.py:3954} INFO - Setting next_dagrun for tutorial_taskflow_api_virtualenv to None, run_after=None
[2026-06-08T11:01:25.097+0000] {processor.py:183} INFO - Processing /home/airflow/.local/lib/python3.12/site-packages/airflow/example_dags/tutorial_taskflow_api_virtualenv.py took 0.092 seconds
[2026-06-08T11:01:55.233+0000] {processor.py:161} INFO - Started process (PID=19608) to work on /home/airflow/.local/lib/python3.12/site-packages/airflow/example_dags/tutorial_taskflow_api_virtualenv.py
[2026-06-08T11:01:55.234+0000] {processor.py:830} INFO - Processing file /home/airflow/.local/lib/python3.12/site-packages/airflow/example_dags/tutorial_taskflow_api_virtualenv.py for tasks to queue
[2026-06-08T11:01:55.236+0000] {logging_mixin.py:188} INFO - [2026-06-08T11:01:55.236+0000] {dagbag.py:545} INFO - Filling up the DagBag from /home/airflow/.local/lib/python3.12/site-packages/airflow/example_dags/tutorial_taskflow_api_virtualenv.py
[2026-06-08T11:01:55.244+0000] {processor.py:840} INFO - DAG(s) 'tutorial_taskflow_api_virtualenv' retrieved from /home/airflow/.local/lib/python3.12/site-packages/airflow/example_dags/tutorial_taskflow_api_virtualenv.py
[2026-06-08T11:01:55.265+0000] {logging_mixin.py:188} INFO - [2026-06-08T11:01:55.265+0000] {dag.py:3096} INFO - Sync 1 DAGs
[2026-06-08T11:01:55.279+0000] {logging_mixin.py:188} INFO - [2026-06-08T11:01:55.278+0000] {dag.py:3954} INFO - Setting next_dagrun for tutorial_taskflow_api_virtualenv to None, run_after=None
[2026-06-08T11:01:55.301+0000] {processor.py:183} INFO - Processing /home/airflow/.local/lib/python3.12/site-packages/airflow/example_dags/tutorial_taskflow_api_virtualenv.py took 0.074 seconds
[2026-06-08T11:02:25.380+0000] {processor.py:161} INFO - Started process (PID=19870) to work on /home/airflow/.local/lib/python3.12/site-packages/airflow/example_dags/tutorial_taskflow_api_virtualenv.py
[2026-06-08T11:02:25.381+0000] {processor.py:830} INFO - Processing file /home/airflow/.local/lib/python3.12/site-packages/airflow/example_dags/tutorial_taskflow_api_virtualenv.py for tasks to queue
[2026-06-08T11:02:25.383+0000] {logging_mixin.py:188} INFO - [2026-06-08T11:02:25.382+0000] {dagbag.py:545} INFO - Filling up the DagBag from /home/airflow/.local/lib/python3.12/site-packages/airflow/example_dags/tutorial_taskflow_api_virtualenv.py
[2026-06-08T11:02:25.391+0000] {processor.py:840} INFO - DAG(s) 'tutorial_taskflow_api_virtualenv' retrieved from /home/airflow/.local/lib/python3.12/site-packages/airflow/example_dags/tutorial_taskflow_api_virtualenv.py
[2026-06-08T11:02:25.412+0000] {logging_mixin.py:188} INFO - [2026-06-08T11:02:25.412+0000] {dag.py:3096} INFO - Sync 1 DAGs
[2026-06-08T11:02:25.424+0000] {logging_mixin.py:188} INFO - [2026-06-08T11:02:25.424+0000] {dag.py:3954} INFO - Setting next_dagrun for tutorial_taskflow_api_virtualenv to None, run_after=None
[2026-06-08T11:02:25.448+0000] {processor.py:183} INFO - Processing /home/airflow/.local/lib/python3.12/site-packages/airflow/example_dags/tutorial_taskflow_api_virtualenv.py took 0.073 seconds
[2026-06-08T11:02:55.882+0000] {processor.py:161} INFO - Started process (PID=20132) to work on /home/airflow/.local/lib/python3.12/site-packages/airflow/example_dags/tutorial_taskflow_api_virtualenv.py
[2026-06-08T11:02:55.883+0000] {processor.py:830} INFO - Processing file /home/airflow/.local/lib/python3.12/site-packages/airflow/example_dags/tutorial_taskflow_api_virtualenv.py for tasks to queue
[2026-06-08T11:02:55.884+0000] {logging_mixin.py:188} INFO - [2026-06-08T11:02:55.884+0000] {dagbag.py:545} INFO - Filling up the DagBag from /home/airflow/.local/lib/python3.12/site-packages/airflow/example_dags/tutorial_taskflow_api_virtualenv.py
[2026-06-08T11:02:55.893+0000] {processor.py:840} INFO - DAG(s) 'tutorial_taskflow_api_virtualenv' retrieved from /home/airflow/.local/lib/python3.12/site-packages/airflow/example_dags/tutorial_taskflow_api_virtualenv.py
[2026-06-08T11:02:55.914+0000] {logging_mixin.py:188} INFO - [2026-06-08T11:02:55.914+0000] {dag.py:3096} INFO - Sync 1 DAGs
[2026-06-08T11:02:55.927+0000] {logging_mixin.py:188} INFO - [2026-06-08T11:02:55.927+0000] {dag.py:3954} INFO - Setting next_dagrun for tutorial_taskflow_api_virtualenv to None, run_after=None
[2026-06-08T11:02:55.947+0000] {processor.py:183} INFO - Processing /home/airflow/.local/lib/python3.12/site-packages/airflow/example_dags/tutorial_taskflow_api_virtualenv.py took 0.071 seconds
[2026-06-08T11:03:26.524+0000] {processor.py:161} INFO - Started process (PID=20394) to work on /home/airflow/.local/lib/python3.12/site-packages/airflow/example_dags/tutorial_taskflow_api_virtualenv.py
[2026-06-08T11:03:26.525+0000] {processor.py:830} INFO - Processing file /home/airflow/.local/lib/python3.12/site-packages/airflow/example_dags/tutorial_taskflow_api_virtualenv.py for tasks to queue
[2026-06-08T11:03:26.527+0000] {logging_mixin.py:188} INFO - [2026-06-08T11:03:26.527+0000] {dagbag.py:545} INFO - Filling up the DagBag from /home/airflow/.local/lib/python3.12/site-packages/airflow/example_dags/tutorial_taskflow_api_virtualenv.py
[2026-06-08T11:03:26.536+0000] {processor.py:840} INFO - DAG(s) 'tutorial_taskflow_api_virtualenv' retrieved from /home/airflow/.local/lib/python3.12/site-packages/airflow/example_dags/tutorial_taskflow_api_virtualenv.py
[2026-06-08T11:03:26.555+0000] {logging_mixin.py:188} INFO - [2026-06-08T11:03:26.555+0000] {dag.py:3096} INFO - Sync 1 DAGs
[2026-06-08T11:03:26.567+0000] {logging_mixin.py:188} INFO - [2026-06-08T11:03:26.566+0000] {dag.py:3954} INFO - Setting next_dagrun for tutorial_taskflow_api_virtualenv to None, run_after=None
[2026-06-08T11:03:26.586+0000] {processor.py:183} INFO - Processing /home/airflow/.local/lib/python3.12/site-packages/airflow/example_dags/tutorial_taskflow_api_virtualenv.py took 0.067 seconds
[2026-06-08T11:03:56.830+0000] {processor.py:161} INFO - Started process (PID=20655) to work on /home/airflow/.local/lib/python3.12/site-packages/airflow/example_dags/tutorial_taskflow_api_virtualenv.py
[2026-06-08T11:03:56.831+0000] {processor.py:830} INFO - Processing file /home/airflow/.local/lib/python3.12/site-packages/airflow/example_dags/tutorial_taskflow_api_virtualenv.py for tasks to queue
[2026-06-08T11:03:56.833+0000] {logging_mixin.py:188} INFO - [2026-06-08T11:03:56.833+0000] {dagbag.py:545} INFO - Filling up the DagBag from /home/airflow/.local/lib/python3.12/site-packages/airflow/example_dags/tutorial_taskflow_api_virtualenv.py
[2026-06-08T11:03:56.842+0000] {processor.py:840} INFO - DAG(s) 'tutorial_taskflow_api_virtualenv' retrieved from /home/airflow/.local/lib/python3.12/site-packages/airflow/example_dags/tutorial_taskflow_api_virtualenv.py
[2026-06-08T11:03:56.862+0000] {logging_mixin.py:188} INFO - [2026-06-08T11:03:56.861+0000] {dag.py:3096} INFO - Sync 1 DAGs
[2026-06-08T11:03:56.873+0000] {logging_mixin.py:188} INFO - [2026-06-08T11:03:56.873+0000] {dag.py:3954} INFO - Setting next_dagrun for tutorial_taskflow_api_virtualenv to None, run_after=None
[2026-06-08T11:03:56.893+0000] {processor.py:183} INFO - Processing /home/airflow/.local/lib/python3.12/site-packages/airflow/example_dags/tutorial_taskflow_api_virtualenv.py took 0.069 seconds
[2026-06-08T11:04:27.108+0000] {processor.py:161} INFO - Started process (PID=20918) to work on /home/airflow/.local/lib/python3.12/site-packages/airflow/example_dags/tutorial_taskflow_api_virtualenv.py
[2026-06-08T11:04:27.109+0000] {processor.py:830} INFO - Processing file /home/airflow/.local/lib/python3.12/site-packages/airflow/example_dags/tutorial_taskflow_api_virtualenv.py for tasks to queue
[2026-06-08T11:04:27.111+0000] {logging_mixin.py:188} INFO - [2026-06-08T11:04:27.111+0000] {dagbag.py:545} INFO - Filling up the DagBag from /home/airflow/.local/lib/python3.12/site-packages/airflow/example_dags/tutorial_taskflow_api_virtualenv.py
[2026-06-08T11:04:27.119+0000] {processor.py:840} INFO - DAG(s) 'tutorial_taskflow_api_virtualenv' retrieved from /home/airflow/.local/lib/python3.12/site-packages/airflow/example_dags/tutorial_taskflow_api_virtualenv.py
[2026-06-08T11:04:27.137+0000] {logging_mixin.py:188} INFO - [2026-06-08T11:04:27.136+0000] {dag.py:3096} INFO - Sync 1 DAGs
[2026-06-08T11:04:27.148+0000] {logging_mixin.py:188} INFO - [2026-06-08T11:04:27.147+0000] {dag.py:3954} INFO - Setting next_dagrun for tutorial_taskflow_api_virtualenv to None, run_after=None
[2026-06-08T11:04:27.169+0000] {processor.py:183} INFO - Processing /home/airflow/.local/lib/python3.12/site-packages/airflow/example_dags/tutorial_taskflow_api_virtualenv.py took 0.066 seconds
[2026-06-08T11:04:57.477+0000] {processor.py:161} INFO - Started process (PID=21179) to work on /home/airflow/.local/lib/python3.12/site-packages/airflow/example_dags/tutorial_taskflow_api_virtualenv.py
[2026-06-08T11:04:57.478+0000] {processor.py:830} INFO - Processing file /home/airflow/.local/lib/python3.12/site-packages/airflow/example_dags/tutorial_taskflow_api_virtualenv.py for tasks to queue
[2026-06-08T11:04:57.480+0000] {logging_mixin.py:188} INFO - [2026-06-08T11:04:57.480+0000] {dagbag.py:545} INFO - Filling up the DagBag from /home/airflow/.local/lib/python3.12/site-packages/airflow/example_dags/tutorial_taskflow_api_virtualenv.py
[2026-06-08T11:04:57.491+0000] {processor.py:840} INFO - DAG(s) 'tutorial_taskflow_api_virtualenv' retrieved from /home/airflow/.local/lib/python3.12/site-packages/airflow/example_dags/tutorial_taskflow_api_virtualenv.py
[2026-06-08T11:04:57.510+0000] {logging_mixin.py:188} INFO - [2026-06-08T11:04:57.510+0000] {dag.py:3096} INFO - Sync 1 DAGs
[2026-06-08T11:04:57.522+0000] {logging_mixin.py:188} INFO - [2026-06-08T11:04:57.522+0000] {dag.py:3954} INFO - Setting next_dagrun for tutorial_taskflow_api_virtualenv to None, run_after=None
[2026-06-08T11:04:57.542+0000] {processor.py:183} INFO - Processing /home/airflow/.local/lib/python3.12/site-packages/airflow/example_dags/tutorial_taskflow_api_virtualenv.py took 0.070 seconds
[2026-06-08T11:05:27.732+0000] {processor.py:161} INFO - Started process (PID=21442) to work on /home/airflow/.local/lib/python3.12/site-packages/airflow/example_dags/tutorial_taskflow_api_virtualenv.py
[2026-06-08T11:05:27.733+0000] {processor.py:830} INFO - Processing file /home/airflow/.local/lib/python3.12/site-packages/airflow/example_dags/tutorial_taskflow_api_virtualenv.py for tasks to queue
[2026-06-08T11:05:27.735+0000] {logging_mixin.py:188} INFO - [2026-06-08T11:05:27.735+0000] {dagbag.py:545} INFO - Filling up the DagBag from /home/airflow/.local/lib/python3.12/site-packages/airflow/example_dags/tutorial_taskflow_api_virtualenv.py
[2026-06-08T11:05:27.744+0000] {processor.py:840} INFO - DAG(s) 'tutorial_taskflow_api_virtualenv' retrieved from /home/airflow/.local/lib/python3.12/site-packages/airflow/example_dags/tutorial_taskflow_api_virtualenv.py
[2026-06-08T11:05:27.765+0000] {logging_mixin.py:188} INFO - [2026-06-08T11:05:27.765+0000] {dag.py:3096} INFO - Sync 1 DAGs
[2026-06-08T11:05:27.778+0000] {logging_mixin.py:188} INFO - [2026-06-08T11:05:27.778+0000] {dag.py:3954} INFO - Setting next_dagrun for tutorial_taskflow_api_virtualenv to None, run_after=None
[2026-06-08T11:05:27.801+0000] {processor.py:183} INFO - Processing /home/airflow/.local/lib/python3.12/site-packages/airflow/example_dags/tutorial_taskflow_api_virtualenv.py took 0.073 seconds
[2026-06-08T11:05:58.092+0000] {processor.py:161} INFO - Started process (PID=21703) to work on /home/airflow/.local/lib/python3.12/site-packages/airflow/example_dags/tutorial_taskflow_api_virtualenv.py
[2026-06-08T11:05:58.093+0000] {processor.py:830} INFO - Processing file /home/airflow/.local/lib/python3.12/site-packages/airflow/example_dags/tutorial_taskflow_api_virtualenv.py for tasks to queue
[2026-06-08T11:05:58.095+0000] {logging_mixin.py:188} INFO - [2026-06-08T11:05:58.095+0000] {dagbag.py:545} INFO - Filling up the DagBag from /home/airflow/.local/lib/python3.12/site-packages/airflow/example_dags/tutorial_taskflow_api_virtualenv.py
[2026-06-08T11:05:58.108+0000] {processor.py:840} INFO - DAG(s) 'tutorial_taskflow_api_virtualenv' retrieved from /home/airflow/.local/lib/python3.12/site-packages/airflow/example_dags/tutorial_taskflow_api_virtualenv.py
[2026-06-08T11:05:58.142+0000] {logging_mixin.py:188} INFO - [2026-06-08T11:05:58.141+0000] {dag.py:3096} INFO - Sync 1 DAGs
[2026-06-08T11:05:58.163+0000] {logging_mixin.py:188} INFO - [2026-06-08T11:05:58.163+0000] {dag.py:3954} INFO - Setting next_dagrun for tutorial_taskflow_api_virtualenv to None, run_after=None
[2026-06-08T11:05:58.191+0000] {processor.py:183} INFO - Processing /home/airflow/.local/lib/python3.12/site-packages/airflow/example_dags/tutorial_taskflow_api_virtualenv.py took 0.106 seconds
[2026-06-08T11:06:28.406+0000] {processor.py:161} INFO - Started process (PID=21966) to work on /home/airflow/.local/lib/python3.12/site-packages/airflow/example_dags/tutorial_taskflow_api_virtualenv.py
[2026-06-08T11:06:28.407+0000] {processor.py:830} INFO - Processing file /home/airflow/.local/lib/python3.12/site-packages/airflow/example_dags/tutorial_taskflow_api_virtualenv.py for tasks to queue
[2026-06-08T11:06:28.409+0000] {logging_mixin.py:188} INFO - [2026-06-08T11:06:28.409+0000] {dagbag.py:545} INFO - Filling up the DagBag from /home/airflow/.local/lib/python3.12/site-packages/airflow/example_dags/tutorial_taskflow_api_virtualenv.py
[2026-06-08T11:06:28.417+0000] {processor.py:840} INFO - DAG(s) 'tutorial_taskflow_api_virtualenv' retrieved from /home/airflow/.local/lib/python3.12/site-packages/airflow/example_dags/tutorial_taskflow_api_virtualenv.py
[2026-06-08T11:06:28.437+0000] {logging_mixin.py:188} INFO - [2026-06-08T11:06:28.437+0000] {dag.py:3096} INFO - Sync 1 DAGs
[2026-06-08T11:06:28.449+0000] {logging_mixin.py:188} INFO - [2026-06-08T11:06:28.449+0000] {dag.py:3954} INFO - Setting next_dagrun for tutorial_taskflow_api_virtualenv to None, run_after=None
[2026-06-08T11:06:28.466+0000] {processor.py:183} INFO - Processing /home/airflow/.local/lib/python3.12/site-packages/airflow/example_dags/tutorial_taskflow_api_virtualenv.py took 0.066 seconds
[2026-06-08T11:06:58.703+0000] {processor.py:161} INFO - Started process (PID=22228) to work on /home/airflow/.local/lib/python3.12/site-packages/airflow/example_dags/tutorial_taskflow_api_virtualenv.py
[2026-06-08T11:06:58.704+0000] {processor.py:830} INFO - Processing file /home/airflow/.local/lib/python3.12/site-packages/airflow/example_dags/tutorial_taskflow_api_virtualenv.py for tasks to queue
[2026-06-08T11:06:58.706+0000] {logging_mixin.py:188} INFO - [2026-06-08T11:06:58.706+0000] {dagbag.py:545} INFO - Filling up the DagBag from /home/airflow/.local/lib/python3.12/site-packages/airflow/example_dags/tutorial_taskflow_api_virtualenv.py
[2026-06-08T11:06:58.714+0000] {processor.py:840} INFO - DAG(s) 'tutorial_taskflow_api_virtualenv' retrieved from /home/airflow/.local/lib/python3.12/site-packages/airflow/example_dags/tutorial_taskflow_api_virtualenv.py
[2026-06-08T11:06:58.732+0000] {logging_mixin.py:188} INFO - [2026-06-08T11:06:58.731+0000] {dag.py:3096} INFO - Sync 1 DAGs
[2026-06-08T11:06:58.743+0000] {logging_mixin.py:188} INFO - [2026-06-08T11:06:58.743+0000] {dag.py:3954} INFO - Setting next_dagrun for tutorial_taskflow_api_virtualenv to None, run_after=None
[2026-06-08T11:06:58.761+0000] {processor.py:183} INFO - Processing /home/airflow/.local/lib/python3.12/site-packages/airflow/example_dags/tutorial_taskflow_api_virtualenv.py took 0.064 seconds
[2026-06-08T11:07:28.933+0000] {processor.py:161} INFO - Started process (PID=22491) to work on /home/airflow/.local/lib/python3.12/site-packages/airflow/example_dags/tutorial_taskflow_api_virtualenv.py
[2026-06-08T11:07:28.934+0000] {processor.py:830} INFO - Processing file /home/airflow/.local/lib/python3.12/site-packages/airflow/example_dags/tutorial_taskflow_api_virtualenv.py for tasks to queue
[2026-06-08T11:07:28.936+0000] {logging_mixin.py:188} INFO - [2026-06-08T11:07:28.935+0000] {dagbag.py:545} INFO - Filling up the DagBag from /home/airflow/.local/lib/python3.12/site-packages/airflow/example_dags/tutorial_taskflow_api_virtualenv.py
[2026-06-08T11:07:28.945+0000] {processor.py:840} INFO - DAG(s) 'tutorial_taskflow_api_virtualenv' retrieved from /home/airflow/.local/lib/python3.12/site-packages/airflow/example_dags/tutorial_taskflow_api_virtualenv.py
[2026-06-08T11:07:28.964+0000] {logging_mixin.py:188} INFO - [2026-06-08T11:07:28.964+0000] {dag.py:3096} INFO - Sync 1 DAGs
[2026-06-08T11:07:28.976+0000] {logging_mixin.py:188} INFO - [2026-06-08T11:07:28.976+0000] {dag.py:3954} INFO - Setting next_dagrun for tutorial_taskflow_api_virtualenv to None, run_after=None
[2026-06-08T11:07:28.999+0000] {processor.py:183} INFO - Processing /home/airflow/.local/lib/python3.12/site-packages/airflow/example_dags/tutorial_taskflow_api_virtualenv.py took 0.070 seconds
[2026-06-08T11:07:59.250+0000] {processor.py:161} INFO - Started process (PID=22753) to work on /home/airflow/.local/lib/python3.12/site-packages/airflow/example_dags/tutorial_taskflow_api_virtualenv.py
[2026-06-08T11:07:59.251+0000] {processor.py:830} INFO - Processing file /home/airflow/.local/lib/python3.12/site-packages/airflow/example_dags/tutorial_taskflow_api_virtualenv.py for tasks to queue
[2026-06-08T11:07:59.253+0000] {logging_mixin.py:188} INFO - [2026-06-08T11:07:59.253+0000] {dagbag.py:545} INFO - Filling up the DagBag from /home/airflow/.local/lib/python3.12/site-packages/airflow/example_dags/tutorial_taskflow_api_virtualenv.py
[2026-06-08T11:07:59.261+0000] {processor.py:840} INFO - DAG(s) 'tutorial_taskflow_api_virtualenv' retrieved from /home/airflow/.local/lib/python3.12/site-packages/airflow/example_dags/tutorial_taskflow_api_virtualenv.py
[2026-06-08T11:07:59.281+0000] {logging_mixin.py:188} INFO - [2026-06-08T11:07:59.281+0000] {dag.py:3096} INFO - Sync 1 DAGs
[2026-06-08T11:07:59.293+0000] {logging_mixin.py:188} INFO - [2026-06-08T11:07:59.292+0000] {dag.py:3954} INFO - Setting next_dagrun for tutorial_taskflow_api_virtualenv to None, run_after=None
[2026-06-08T11:07:59.313+0000] {processor.py:183} INFO - Processing /home/airflow/.local/lib/python3.12/site-packages/airflow/example_dags/tutorial_taskflow_api_virtualenv.py took 0.068 seconds
[2026-06-08T11:08:29.431+0000] {processor.py:161} INFO - Started process (PID=23015) to work on /home/airflow/.local/lib/python3.12/site-packages/airflow/example_dags/tutorial_taskflow_api_virtualenv.py
[2026-06-08T11:08:29.433+0000] {processor.py:830} INFO - Processing file /home/airflow/.local/lib/python3.12/site-packages/airflow/example_dags/tutorial_taskflow_api_virtualenv.py for tasks to queue
[2026-06-08T11:08:29.435+0000] {logging_mixin.py:188} INFO - [2026-06-08T11:08:29.435+0000] {dagbag.py:545} INFO - Filling up the DagBag from /home/airflow/.local/lib/python3.12/site-packages/airflow/example_dags/tutorial_taskflow_api_virtualenv.py
[2026-06-08T11:08:29.444+0000] {processor.py:840} INFO - DAG(s) 'tutorial_taskflow_api_virtualenv' retrieved from /home/airflow/.local/lib/python3.12/site-packages/airflow/example_dags/tutorial_taskflow_api_virtualenv.py
[2026-06-08T11:08:29.468+0000] {logging_mixin.py:188} INFO - [2026-06-08T11:08:29.468+0000] {dag.py:3096} INFO - Sync 1 DAGs
[2026-06-08T11:08:29.481+0000] {logging_mixin.py:188} INFO - [2026-06-08T11:08:29.481+0000] {dag.py:3954} INFO - Setting next_dagrun for tutorial_taskflow_api_virtualenv to None, run_after=None
[2026-06-08T11:08:29.503+0000] {processor.py:183} INFO - Processing /home/airflow/.local/lib/python3.12/site-packages/airflow/example_dags/tutorial_taskflow_api_virtualenv.py took 0.076 seconds
[2026-06-08T11:09:00.031+0000] {processor.py:161} INFO - Started process (PID=23275) to work on /home/airflow/.local/lib/python3.12/site-packages/airflow/example_dags/tutorial_taskflow_api_virtualenv.py
[2026-06-08T11:09:00.032+0000] {processor.py:830} INFO - Processing file /home/airflow/.local/lib/python3.12/site-packages/airflow/example_dags/tutorial_taskflow_api_virtualenv.py for tasks to queue
[2026-06-08T11:09:00.035+0000] {logging_mixin.py:188} INFO - [2026-06-08T11:09:00.034+0000] {dagbag.py:545} INFO - Filling up the DagBag from /home/airflow/.local/lib/python3.12/site-packages/airflow/example_dags/tutorial_taskflow_api_virtualenv.py
[2026-06-08T11:09:00.045+0000] {processor.py:840} INFO - DAG(s) 'tutorial_taskflow_api_virtualenv' retrieved from /home/airflow/.local/lib/python3.12/site-packages/airflow/example_dags/tutorial_taskflow_api_virtualenv.py
[2026-06-08T11:09:00.065+0000] {logging_mixin.py:188} INFO - [2026-06-08T11:09:00.064+0000] {dag.py:3096} INFO - Sync 1 DAGs
[2026-06-08T11:09:00.079+0000] {logging_mixin.py:188} INFO - [2026-06-08T11:09:00.078+0000] {dag.py:3954} INFO - Setting next_dagrun for tutorial_taskflow_api_virtualenv to None, run_after=None
[2026-06-08T11:09:00.099+0000] {processor.py:183} INFO - Processing /home/airflow/.local/lib/python3.12/site-packages/airflow/example_dags/tutorial_taskflow_api_virtualenv.py took 0.074 seconds
[2026-06-08T11:09:30.344+0000] {processor.py:161} INFO - Started process (PID=23539) to work on /home/airflow/.local/lib/python3.12/site-packages/airflow/example_dags/tutorial_taskflow_api_virtualenv.py
[2026-06-08T11:09:30.345+0000] {processor.py:830} INFO - Processing file /home/airflow/.local/lib/python3.12/site-packages/airflow/example_dags/tutorial_taskflow_api_virtualenv.py for tasks to queue
[2026-06-08T11:09:30.347+0000] {logging_mixin.py:188} INFO - [2026-06-08T11:09:30.347+0000] {dagbag.py:545} INFO - Filling up the DagBag from /home/airflow/.local/lib/python3.12/site-packages/airflow/example_dags/tutorial_taskflow_api_virtualenv.py
[2026-06-08T11:09:30.356+0000] {processor.py:840} INFO - DAG(s) 'tutorial_taskflow_api_virtualenv' retrieved from /home/airflow/.local/lib/python3.12/site-packages/airflow/example_dags/tutorial_taskflow_api_virtualenv.py
[2026-06-08T11:09:30.376+0000] {logging_mixin.py:188} INFO - [2026-06-08T11:09:30.376+0000] {dag.py:3096} INFO - Sync 1 DAGs
[2026-06-08T11:09:30.389+0000] {logging_mixin.py:188} INFO - [2026-06-08T11:09:30.389+0000] {dag.py:3954} INFO - Setting next_dagrun for tutorial_taskflow_api_virtualenv to None, run_after=None
[2026-06-08T11:09:30.411+0000] {processor.py:183} INFO - Processing /home/airflow/.local/lib/python3.12/site-packages/airflow/example_dags/tutorial_taskflow_api_virtualenv.py took 0.071 seconds
[2026-06-08T11:10:00.773+0000] {processor.py:161} INFO - Started process (PID=23801) to work on /home/airflow/.local/lib/python3.12/site-packages/airflow/example_dags/tutorial_taskflow_api_virtualenv.py
[2026-06-08T11:10:00.774+0000] {processor.py:830} INFO - Processing file /home/airflow/.local/lib/python3.12/site-packages/airflow/example_dags/tutorial_taskflow_api_virtualenv.py for tasks to queue
[2026-06-08T11:10:00.776+0000] {logging_mixin.py:188} INFO - [2026-06-08T11:10:00.776+0000] {dagbag.py:545} INFO - Filling up the DagBag from /home/airflow/.local/lib/python3.12/site-packages/airflow/example_dags/tutorial_taskflow_api_virtualenv.py
[2026-06-08T11:10:00.787+0000] {processor.py:840} INFO - DAG(s) 'tutorial_taskflow_api_virtualenv' retrieved from /home/airflow/.local/lib/python3.12/site-packages/airflow/example_dags/tutorial_taskflow_api_virtualenv.py
[2026-06-08T11:10:00.808+0000] {logging_mixin.py:188} INFO - [2026-06-08T11:10:00.808+0000] {dag.py:3096} INFO - Sync 1 DAGs
[2026-06-08T11:10:00.821+0000] {logging_mixin.py:188} INFO - [2026-06-08T11:10:00.821+0000] {dag.py:3954} INFO - Setting next_dagrun for tutorial_taskflow_api_virtualenv to None, run_after=None
[2026-06-08T11:10:00.844+0000] {processor.py:183} INFO - Processing /home/airflow/.local/lib/python3.12/site-packages/airflow/example_dags/tutorial_taskflow_api_virtualenv.py took 0.075 seconds
[2026-06-08T11:10:31.756+0000] {processor.py:161} INFO - Started process (PID=24063) to work on /home/airflow/.local/lib/python3.12/site-packages/airflow/example_dags/tutorial_taskflow_api_virtualenv.py
[2026-06-08T11:10:31.757+0000] {processor.py:830} INFO - Processing file /home/airflow/.local/lib/python3.12/site-packages/airflow/example_dags/tutorial_taskflow_api_virtualenv.py for tasks to queue
[2026-06-08T11:10:31.759+0000] {logging_mixin.py:188} INFO - [2026-06-08T11:10:31.758+0000] {dagbag.py:545} INFO - Filling up the DagBag from /home/airflow/.local/lib/python3.12/site-packages/airflow/example_dags/tutorial_taskflow_api_virtualenv.py
[2026-06-08T11:10:31.768+0000] {processor.py:840} INFO - DAG(s) 'tutorial_taskflow_api_virtualenv' retrieved from /home/airflow/.local/lib/python3.12/site-packages/airflow/example_dags/tutorial_taskflow_api_virtualenv.py
[2026-06-08T11:10:31.788+0000] {logging_mixin.py:188} INFO - [2026-06-08T11:10:31.787+0000] {dag.py:3096} INFO - Sync 1 DAGs
[2026-06-08T11:10:31.800+0000] {logging_mixin.py:188} INFO - [2026-06-08T11:10:31.800+0000] {dag.py:3954} INFO - Setting next_dagrun for tutorial_taskflow_api_virtualenv to None, run_after=None
[2026-06-08T11:10:31.824+0000] {processor.py:183} INFO - Processing /home/airflow/.local/lib/python3.12/site-packages/airflow/example_dags/tutorial_taskflow_api_virtualenv.py took 0.073 seconds
[2026-06-08T11:11:02.062+0000] {processor.py:161} INFO - Started process (PID=24325) to work on /home/airflow/.local/lib/python3.12/site-packages/airflow/example_dags/tutorial_taskflow_api_virtualenv.py
[2026-06-08T11:11:02.063+0000] {processor.py:830} INFO - Processing file /home/airflow/.local/lib/python3.12/site-packages/airflow/example_dags/tutorial_taskflow_api_virtualenv.py for tasks to queue
[2026-06-08T11:11:02.064+0000] {logging_mixin.py:188} INFO - [2026-06-08T11:11:02.064+0000] {dagbag.py:545} INFO - Filling up the DagBag from /home/airflow/.local/lib/python3.12/site-packages/airflow/example_dags/tutorial_taskflow_api_virtualenv.py
[2026-06-08T11:11:02.074+0000] {processor.py:840} INFO - DAG(s) 'tutorial_taskflow_api_virtualenv' retrieved from /home/airflow/.local/lib/python3.12/site-packages/airflow/example_dags/tutorial_taskflow_api_virtualenv.py
[2026-06-08T11:11:02.095+0000] {logging_mixin.py:188} INFO - [2026-06-08T11:11:02.094+0000] {dag.py:3096} INFO - Sync 1 DAGs
[2026-06-08T11:11:02.107+0000] {logging_mixin.py:188} INFO - [2026-06-08T11:11:02.107+0000] {dag.py:3954} INFO - Setting next_dagrun for tutorial_taskflow_api_virtualenv to None, run_after=None
[2026-06-08T11:11:02.128+0000] {processor.py:183} INFO - Processing /home/airflow/.local/lib/python3.12/site-packages/airflow/example_dags/tutorial_taskflow_api_virtualenv.py took 0.071 seconds
[2026-06-08T11:11:32.215+0000] {processor.py:161} INFO - Started process (PID=24587) to work on /home/airflow/.local/lib/python3.12/site-packages/airflow/example_dags/tutorial_taskflow_api_virtualenv.py
[2026-06-08T11:11:32.216+0000] {processor.py:830} INFO - Processing file /home/airflow/.local/lib/python3.12/site-packages/airflow/example_dags/tutorial_taskflow_api_virtualenv.py for tasks to queue
[2026-06-08T11:11:32.217+0000] {logging_mixin.py:188} INFO - [2026-06-08T11:11:32.217+0000] {dagbag.py:545} INFO - Filling up the DagBag from /home/airflow/.local/lib/python3.12/site-packages/airflow/example_dags/tutorial_taskflow_api_virtualenv.py
[2026-06-08T11:11:32.228+0000] {processor.py:840} INFO - DAG(s) 'tutorial_taskflow_api_virtualenv' retrieved from /home/airflow/.local/lib/python3.12/site-packages/airflow/example_dags/tutorial_taskflow_api_virtualenv.py
[2026-06-08T11:11:32.249+0000] {logging_mixin.py:188} INFO - [2026-06-08T11:11:32.248+0000] {dag.py:3096} INFO - Sync 1 DAGs
[2026-06-08T11:11:32.262+0000] {logging_mixin.py:188} INFO - [2026-06-08T11:11:32.262+0000] {dag.py:3954} INFO - Setting next_dagrun for tutorial_taskflow_api_virtualenv to None, run_after=None
[2026-06-08T11:11:32.286+0000] {processor.py:183} INFO - Processing /home/airflow/.local/lib/python3.12/site-packages/airflow/example_dags/tutorial_taskflow_api_virtualenv.py took 0.076 seconds
[2026-06-08T11:12:02.731+0000] {processor.py:161} INFO - Started process (PID=24847) to work on /home/airflow/.local/lib/python3.12/site-packages/airflow/example_dags/tutorial_taskflow_api_virtualenv.py
[2026-06-08T11:12:02.733+0000] {processor.py:830} INFO - Processing file /home/airflow/.local/lib/python3.12/site-packages/airflow/example_dags/tutorial_taskflow_api_virtualenv.py for tasks to queue
[2026-06-08T11:12:02.735+0000] {logging_mixin.py:188} INFO - [2026-06-08T11:12:02.735+0000] {dagbag.py:545} INFO - Filling up the DagBag from /home/airflow/.local/lib/python3.12/site-packages/airflow/example_dags/tutorial_taskflow_api_virtualenv.py
[2026-06-08T11:12:02.746+0000] {processor.py:840} INFO - DAG(s) 'tutorial_taskflow_api_virtualenv' retrieved from /home/airflow/.local/lib/python3.12/site-packages/airflow/example_dags/tutorial_taskflow_api_virtualenv.py
[2026-06-08T11:12:02.771+0000] {logging_mixin.py:188} INFO - [2026-06-08T11:12:02.770+0000] {dag.py:3096} INFO - Sync 1 DAGs
[2026-06-08T11:12:02.786+0000] {logging_mixin.py:188} INFO - [2026-06-08T11:12:02.786+0000] {dag.py:3954} INFO - Setting next_dagrun for tutorial_taskflow_api_virtualenv to None, run_after=None
[2026-06-08T11:12:02.811+0000] {processor.py:183} INFO - Processing /home/airflow/.local/lib/python3.12/site-packages/airflow/example_dags/tutorial_taskflow_api_virtualenv.py took 0.086 seconds
[2026-06-08T11:12:33.010+0000] {processor.py:161} INFO - Started process (PID=25109) to work on /home/airflow/.local/lib/python3.12/site-packages/airflow/example_dags/tutorial_taskflow_api_virtualenv.py
[2026-06-08T11:12:33.011+0000] {processor.py:830} INFO - Processing file /home/airflow/.local/lib/python3.12/site-packages/airflow/example_dags/tutorial_taskflow_api_virtualenv.py for tasks to queue
[2026-06-08T11:12:33.014+0000] {logging_mixin.py:188} INFO - [2026-06-08T11:12:33.013+0000] {dagbag.py:545} INFO - Filling up the DagBag from /home/airflow/.local/lib/python3.12/site-packages/airflow/example_dags/tutorial_taskflow_api_virtualenv.py
[2026-06-08T11:12:33.024+0000] {processor.py:840} INFO - DAG(s) 'tutorial_taskflow_api_virtualenv' retrieved from /home/airflow/.local/lib/python3.12/site-packages/airflow/example_dags/tutorial_taskflow_api_virtualenv.py
[2026-06-08T11:12:33.047+0000] {logging_mixin.py:188} INFO - [2026-06-08T11:12:33.047+0000] {dag.py:3096} INFO - Sync 1 DAGs
[2026-06-08T11:12:33.060+0000] {logging_mixin.py:188} INFO - [2026-06-08T11:12:33.060+0000] {dag.py:3954} INFO - Setting next_dagrun for tutorial_taskflow_api_virtualenv to None, run_after=None
[2026-06-08T11:12:33.083+0000] {processor.py:183} INFO - Processing /home/airflow/.local/lib/python3.12/site-packages/airflow/example_dags/tutorial_taskflow_api_virtualenv.py took 0.080 seconds
[2026-06-08T11:13:03.562+0000] {processor.py:161} INFO - Started process (PID=25373) to work on /home/airflow/.local/lib/python3.12/site-packages/airflow/example_dags/tutorial_taskflow_api_virtualenv.py
[2026-06-08T11:13:03.563+0000] {processor.py:830} INFO - Processing file /home/airflow/.local/lib/python3.12/site-packages/airflow/example_dags/tutorial_taskflow_api_virtualenv.py for tasks to queue
[2026-06-08T11:13:03.565+0000] {logging_mixin.py:188} INFO - [2026-06-08T11:13:03.565+0000] {dagbag.py:545} INFO - Filling up the DagBag from /home/airflow/.local/lib/python3.12/site-packages/airflow/example_dags/tutorial_taskflow_api_virtualenv.py
[2026-06-08T11:13:03.575+0000] {processor.py:840} INFO - DAG(s) 'tutorial_taskflow_api_virtualenv' retrieved from /home/airflow/.local/lib/python3.12/site-packages/airflow/example_dags/tutorial_taskflow_api_virtualenv.py
[2026-06-08T11:13:03.598+0000] {logging_mixin.py:188} INFO - [2026-06-08T11:13:03.598+0000] {dag.py:3096} INFO - Sync 1 DAGs
[2026-06-08T11:13:03.611+0000] {logging_mixin.py:188} INFO - [2026-06-08T11:13:03.611+0000] {dag.py:3954} INFO - Setting next_dagrun for tutorial_taskflow_api_virtualenv to None, run_after=None
[2026-06-08T11:13:03.636+0000] {processor.py:183} INFO - Processing /home/airflow/.local/lib/python3.12/site-packages/airflow/example_dags/tutorial_taskflow_api_virtualenv.py took 0.079 seconds
[2026-06-08T11:13:33.972+0000] {processor.py:161} INFO - Started process (PID=25639) to work on /home/airflow/.local/lib/python3.12/site-packages/airflow/example_dags/tutorial_taskflow_api_virtualenv.py
[2026-06-08T11:13:33.973+0000] {processor.py:830} INFO - Processing file /home/airflow/.local/lib/python3.12/site-packages/airflow/example_dags/tutorial_taskflow_api_virtualenv.py for tasks to queue
[2026-06-08T11:13:33.976+0000] {logging_mixin.py:188} INFO - [2026-06-08T11:13:33.975+0000] {dagbag.py:545} INFO - Filling up the DagBag from /home/airflow/.local/lib/python3.12/site-packages/airflow/example_dags/tutorial_taskflow_api_virtualenv.py
[2026-06-08T11:13:33.988+0000] {processor.py:840} INFO - DAG(s) 'tutorial_taskflow_api_virtualenv' retrieved from /home/airflow/.local/lib/python3.12/site-packages/airflow/example_dags/tutorial_taskflow_api_virtualenv.py
[2026-06-08T11:13:34.011+0000] {logging_mixin.py:188} INFO - [2026-06-08T11:13:34.010+0000] {dag.py:3096} INFO - Sync 1 DAGs
[2026-06-08T11:13:34.025+0000] {logging_mixin.py:188} INFO - [2026-06-08T11:13:34.025+0000] {dag.py:3954} INFO - Setting next_dagrun for tutorial_taskflow_api_virtualenv to None, run_after=None
[2026-06-08T11:13:34.048+0000] {processor.py:183} INFO - Processing /home/airflow/.local/lib/python3.12/site-packages/airflow/example_dags/tutorial_taskflow_api_virtualenv.py took 0.082 seconds
[2026-06-08T11:14:04.342+0000] {processor.py:161} INFO - Started process (PID=25901) to work on /home/airflow/.local/lib/python3.12/site-packages/airflow/example_dags/tutorial_taskflow_api_virtualenv.py
[2026-06-08T11:14:04.343+0000] {processor.py:830} INFO - Processing file /home/airflow/.local/lib/python3.12/site-packages/airflow/example_dags/tutorial_taskflow_api_virtualenv.py for tasks to queue
[2026-06-08T11:14:04.346+0000] {logging_mixin.py:188} INFO - [2026-06-08T11:14:04.345+0000] {dagbag.py:545} INFO - Filling up the DagBag from /home/airflow/.local/lib/python3.12/site-packages/airflow/example_dags/tutorial_taskflow_api_virtualenv.py
[2026-06-08T11:14:04.359+0000] {processor.py:840} INFO - DAG(s) 'tutorial_taskflow_api_virtualenv' retrieved from /home/airflow/.local/lib/python3.12/site-packages/airflow/example_dags/tutorial_taskflow_api_virtualenv.py
[2026-06-08T11:14:04.391+0000] {logging_mixin.py:188} INFO - [2026-06-08T11:14:04.390+0000] {dag.py:3096} INFO - Sync 1 DAGs
[2026-06-08T11:14:04.408+0000] {logging_mixin.py:188} INFO - [2026-06-08T11:14:04.408+0000] {dag.py:3954} INFO - Setting next_dagrun for tutorial_taskflow_api_virtualenv to None, run_after=None
[2026-06-08T11:14:04.438+0000] {processor.py:183} INFO - Processing /home/airflow/.local/lib/python3.12/site-packages/airflow/example_dags/tutorial_taskflow_api_virtualenv.py took 0.103 seconds
[2026-06-08T11:14:34.597+0000] {processor.py:161} INFO - Started process (PID=26165) to work on /home/airflow/.local/lib/python3.12/site-packages/airflow/example_dags/tutorial_taskflow_api_virtualenv.py
[2026-06-08T11:14:34.600+0000] {processor.py:830} INFO - Processing file /home/airflow/.local/lib/python3.12/site-packages/airflow/example_dags/tutorial_taskflow_api_virtualenv.py for tasks to queue
[2026-06-08T11:14:34.602+0000] {logging_mixin.py:188} INFO - [2026-06-08T11:14:34.602+0000] {dagbag.py:545} INFO - Filling up the DagBag from /home/airflow/.local/lib/python3.12/site-packages/airflow/example_dags/tutorial_taskflow_api_virtualenv.py
[2026-06-08T11:14:34.618+0000] {processor.py:840} INFO - DAG(s) 'tutorial_taskflow_api_virtualenv' retrieved from /home/airflow/.local/lib/python3.12/site-packages/airflow/example_dags/tutorial_taskflow_api_virtualenv.py
[2026-06-08T11:14:34.649+0000] {logging_mixin.py:188} INFO - [2026-06-08T11:14:34.648+0000] {dag.py:3096} INFO - Sync 1 DAGs
[2026-06-08T11:14:34.671+0000] {logging_mixin.py:188} INFO - [2026-06-08T11:14:34.670+0000] {dag.py:3954} INFO - Setting next_dagrun for tutorial_taskflow_api_virtualenv to None, run_after=None
[2026-06-08T11:14:34.699+0000] {processor.py:183} INFO - Processing /home/airflow/.local/lib/python3.12/site-packages/airflow/example_dags/tutorial_taskflow_api_virtualenv.py took 0.112 seconds
[2026-06-08T11:15:04.995+0000] {processor.py:161} INFO - Started process (PID=26425) to work on /home/airflow/.local/lib/python3.12/site-packages/airflow/example_dags/tutorial_taskflow_api_virtualenv.py
[2026-06-08T11:15:04.996+0000] {processor.py:830} INFO - Processing file /home/airflow/.local/lib/python3.12/site-packages/airflow/example_dags/tutorial_taskflow_api_virtualenv.py for tasks to queue
[2026-06-08T11:15:04.998+0000] {logging_mixin.py:188} INFO - [2026-06-08T11:15:04.998+0000] {dagbag.py:545} INFO - Filling up the DagBag from /home/airflow/.local/lib/python3.12/site-packages/airflow/example_dags/tutorial_taskflow_api_virtualenv.py
[2026-06-08T11:15:05.009+0000] {processor.py:840} INFO - DAG(s) 'tutorial_taskflow_api_virtualenv' retrieved from /home/airflow/.local/lib/python3.12/site-packages/airflow/example_dags/tutorial_taskflow_api_virtualenv.py
[2026-06-08T11:15:05.033+0000] {logging_mixin.py:188} INFO - [2026-06-08T11:15:05.033+0000] {dag.py:3096} INFO - Sync 1 DAGs
[2026-06-08T11:15:05.048+0000] {logging_mixin.py:188} INFO - [2026-06-08T11:15:05.048+0000] {dag.py:3954} INFO - Setting next_dagrun for tutorial_taskflow_api_virtualenv to None, run_after=None
[2026-06-08T11:15:05.073+0000] {processor.py:183} INFO - Processing /home/airflow/.local/lib/python3.12/site-packages/airflow/example_dags/tutorial_taskflow_api_virtualenv.py took 0.084 seconds
[2026-06-08T11:15:35.145+0000] {processor.py:161} INFO - Started process (PID=26683) to work on /home/airflow/.local/lib/python3.12/site-packages/airflow/example_dags/tutorial_taskflow_api_virtualenv.py
[2026-06-08T11:15:35.147+0000] {processor.py:830} INFO - Processing file /home/airflow/.local/lib/python3.12/site-packages/airflow/example_dags/tutorial_taskflow_api_virtualenv.py for tasks to queue
[2026-06-08T11:15:35.149+0000] {logging_mixin.py:188} INFO - [2026-06-08T11:15:35.149+0000] {dagbag.py:545} INFO - Filling up the DagBag from /home/airflow/.local/lib/python3.12/site-packages/airflow/example_dags/tutorial_taskflow_api_virtualenv.py
[2026-06-08T11:15:35.159+0000] {processor.py:840} INFO - DAG(s) 'tutorial_taskflow_api_virtualenv' retrieved from /home/airflow/.local/lib/python3.12/site-packages/airflow/example_dags/tutorial_taskflow_api_virtualenv.py
[2026-06-08T11:15:35.184+0000] {logging_mixin.py:188} INFO - [2026-06-08T11:15:35.183+0000] {dag.py:3096} INFO - Sync 1 DAGs
[2026-06-08T11:15:35.196+0000] {logging_mixin.py:188} INFO - [2026-06-08T11:15:35.196+0000] {dag.py:3954} INFO - Setting next_dagrun for tutorial_taskflow_api_virtualenv to None, run_after=None
[2026-06-08T11:15:35.220+0000] {processor.py:183} INFO - Processing /home/airflow/.local/lib/python3.12/site-packages/airflow/example_dags/tutorial_taskflow_api_virtualenv.py took 0.081 seconds
[2026-06-08T11:16:05.405+0000] {processor.py:161} INFO - Started process (PID=26945) to work on /home/airflow/.local/lib/python3.12/site-packages/airflow/example_dags/tutorial_taskflow_api_virtualenv.py
[2026-06-08T11:16:05.406+0000] {processor.py:830} INFO - Processing file /home/airflow/.local/lib/python3.12/site-packages/airflow/example_dags/tutorial_taskflow_api_virtualenv.py for tasks to queue
[2026-06-08T11:16:05.408+0000] {logging_mixin.py:188} INFO - [2026-06-08T11:16:05.408+0000] {dagbag.py:545} INFO - Filling up the DagBag from /home/airflow/.local/lib/python3.12/site-packages/airflow/example_dags/tutorial_taskflow_api_virtualenv.py
[2026-06-08T11:16:05.416+0000] {processor.py:840} INFO - DAG(s) 'tutorial_taskflow_api_virtualenv' retrieved from /home/airflow/.local/lib/python3.12/site-packages/airflow/example_dags/tutorial_taskflow_api_virtualenv.py
[2026-06-08T11:16:05.436+0000] {logging_mixin.py:188} INFO - [2026-06-08T11:16:05.435+0000] {dag.py:3096} INFO - Sync 1 DAGs
[2026-06-08T11:16:05.447+0000] {logging_mixin.py:188} INFO - [2026-06-08T11:16:05.447+0000] {dag.py:3954} INFO - Setting next_dagrun for tutorial_taskflow_api_virtualenv to None, run_after=None
[2026-06-08T11:16:05.466+0000] {processor.py:183} INFO - Processing /home/airflow/.local/lib/python3.12/site-packages/airflow/example_dags/tutorial_taskflow_api_virtualenv.py took 0.067 seconds
[2026-06-08T11:16:35.573+0000] {processor.py:161} INFO - Started process (PID=27208) to work on /home/airflow/.local/lib/python3.12/site-packages/airflow/example_dags/tutorial_taskflow_api_virtualenv.py
[2026-06-08T11:16:35.574+0000] {processor.py:830} INFO - Processing file /home/airflow/.local/lib/python3.12/site-packages/airflow/example_dags/tutorial_taskflow_api_virtualenv.py for tasks to queue
[2026-06-08T11:16:35.576+0000] {logging_mixin.py:188} INFO - [2026-06-08T11:16:35.576+0000] {dagbag.py:545} INFO - Filling up the DagBag from /home/airflow/.local/lib/python3.12/site-packages/airflow/example_dags/tutorial_taskflow_api_virtualenv.py
[2026-06-08T11:16:35.585+0000] {processor.py:840} INFO - DAG(s) 'tutorial_taskflow_api_virtualenv' retrieved from /home/airflow/.local/lib/python3.12/site-packages/airflow/example_dags/tutorial_taskflow_api_virtualenv.py
[2026-06-08T11:16:35.605+0000] {logging_mixin.py:188} INFO - [2026-06-08T11:16:35.605+0000] {dag.py:3096} INFO - Sync 1 DAGs
[2026-06-08T11:16:35.617+0000] {logging_mixin.py:188} INFO - [2026-06-08T11:16:35.617+0000] {dag.py:3954} INFO - Setting next_dagrun for tutorial_taskflow_api_virtualenv to None, run_after=None
[2026-06-08T11:16:35.637+0000] {processor.py:183} INFO - Processing /home/airflow/.local/lib/python3.12/site-packages/airflow/example_dags/tutorial_taskflow_api_virtualenv.py took 0.069 seconds
[2026-06-08T11:17:05.805+0000] {processor.py:161} INFO - Started process (PID=27470) to work on /home/airflow/.local/lib/python3.12/site-packages/airflow/example_dags/tutorial_taskflow_api_virtualenv.py
[2026-06-08T11:17:05.807+0000] {processor.py:830} INFO - Processing file /home/airflow/.local/lib/python3.12/site-packages/airflow/example_dags/tutorial_taskflow_api_virtualenv.py for tasks to queue
[2026-06-08T11:17:05.809+0000] {logging_mixin.py:188} INFO - [2026-06-08T11:17:05.809+0000] {dagbag.py:545} INFO - Filling up the DagBag from /home/airflow/.local/lib/python3.12/site-packages/airflow/example_dags/tutorial_taskflow_api_virtualenv.py
[2026-06-08T11:17:05.820+0000] {processor.py:840} INFO - DAG(s) 'tutorial_taskflow_api_virtualenv' retrieved from /home/airflow/.local/lib/python3.12/site-packages/airflow/example_dags/tutorial_taskflow_api_virtualenv.py
[2026-06-08T11:17:05.842+0000] {logging_mixin.py:188} INFO - [2026-06-08T11:17:05.842+0000] {dag.py:3096} INFO - Sync 1 DAGs
[2026-06-08T11:17:05.854+0000] {logging_mixin.py:188} INFO - [2026-06-08T11:17:05.854+0000] {dag.py:3954} INFO - Setting next_dagrun for tutorial_taskflow_api_virtualenv to None, run_after=None
[2026-06-08T11:17:05.878+0000] {processor.py:183} INFO - Processing /home/airflow/.local/lib/python3.12/site-packages/airflow/example_dags/tutorial_taskflow_api_virtualenv.py took 0.079 seconds
[2026-06-08T11:17:36.213+0000] {processor.py:161} INFO - Started process (PID=27725) to work on /home/airflow/.local/lib/python3.12/site-packages/airflow/example_dags/tutorial_taskflow_api_virtualenv.py
[2026-06-08T11:17:36.215+0000] {processor.py:830} INFO - Processing file /home/airflow/.local/lib/python3.12/site-packages/airflow/example_dags/tutorial_taskflow_api_virtualenv.py for tasks to queue
[2026-06-08T11:17:36.217+0000] {logging_mixin.py:188} INFO - [2026-06-08T11:17:36.217+0000] {dagbag.py:545} INFO - Filling up the DagBag from /home/airflow/.local/lib/python3.12/site-packages/airflow/example_dags/tutorial_taskflow_api_virtualenv.py
[2026-06-08T11:17:36.227+0000] {processor.py:840} INFO - DAG(s) 'tutorial_taskflow_api_virtualenv' retrieved from /home/airflow/.local/lib/python3.12/site-packages/airflow/example_dags/tutorial_taskflow_api_virtualenv.py
[2026-06-08T11:17:36.252+0000] {logging_mixin.py:188} INFO - [2026-06-08T11:17:36.252+0000] {dag.py:3096} INFO - Sync 1 DAGs
[2026-06-08T11:17:36.268+0000] {logging_mixin.py:188} INFO - [2026-06-08T11:17:36.268+0000] {dag.py:3954} INFO - Setting next_dagrun for tutorial_taskflow_api_virtualenv to None, run_after=None
[2026-06-08T11:17:36.294+0000] {processor.py:183} INFO - Processing /home/airflow/.local/lib/python3.12/site-packages/airflow/example_dags/tutorial_taskflow_api_virtualenv.py took 0.086 seconds
[2026-06-08T11:18:06.547+0000] {processor.py:161} INFO - Started process (PID=27987) to work on /home/airflow/.local/lib/python3.12/site-packages/airflow/example_dags/tutorial_taskflow_api_virtualenv.py
[2026-06-08T11:18:06.548+0000] {processor.py:830} INFO - Processing file /home/airflow/.local/lib/python3.12/site-packages/airflow/example_dags/tutorial_taskflow_api_virtualenv.py for tasks to queue
[2026-06-08T11:18:06.550+0000] {logging_mixin.py:188} INFO - [2026-06-08T11:18:06.550+0000] {dagbag.py:545} INFO - Filling up the DagBag from /home/airflow/.local/lib/python3.12/site-packages/airflow/example_dags/tutorial_taskflow_api_virtualenv.py
[2026-06-08T11:18:06.563+0000] {processor.py:840} INFO - DAG(s) 'tutorial_taskflow_api_virtualenv' retrieved from /home/airflow/.local/lib/python3.12/site-packages/airflow/example_dags/tutorial_taskflow_api_virtualenv.py
[2026-06-08T11:18:06.594+0000] {logging_mixin.py:188} INFO - [2026-06-08T11:18:06.594+0000] {dag.py:3096} INFO - Sync 1 DAGs
[2026-06-08T11:18:06.611+0000] {logging_mixin.py:188} INFO - [2026-06-08T11:18:06.610+0000] {dag.py:3954} INFO - Setting next_dagrun for tutorial_taskflow_api_virtualenv to None, run_after=None
[2026-06-08T11:18:06.639+0000] {processor.py:183} INFO - Processing /home/airflow/.local/lib/python3.12/site-packages/airflow/example_dags/tutorial_taskflow_api_virtualenv.py took 0.101 seconds
[2026-06-08T11:18:36.732+0000] {processor.py:161} INFO - Started process (PID=28244) to work on /home/airflow/.local/lib/python3.12/site-packages/airflow/example_dags/tutorial_taskflow_api_virtualenv.py
[2026-06-08T11:18:36.734+0000] {processor.py:830} INFO - Processing file /home/airflow/.local/lib/python3.12/site-packages/airflow/example_dags/tutorial_taskflow_api_virtualenv.py for tasks to queue
[2026-06-08T11:18:36.736+0000] {logging_mixin.py:188} INFO - [2026-06-08T11:18:36.736+0000] {dagbag.py:545} INFO - Filling up the DagBag from /home/airflow/.local/lib/python3.12/site-packages/airflow/example_dags/tutorial_taskflow_api_virtualenv.py
[2026-06-08T11:18:36.748+0000] {processor.py:840} INFO - DAG(s) 'tutorial_taskflow_api_virtualenv' retrieved from /home/airflow/.local/lib/python3.12/site-packages/airflow/example_dags/tutorial_taskflow_api_virtualenv.py
[2026-06-08T11:18:36.771+0000] {logging_mixin.py:188} INFO - [2026-06-08T11:18:36.771+0000] {dag.py:3096} INFO - Sync 1 DAGs
[2026-06-08T11:18:36.786+0000] {logging_mixin.py:188} INFO - [2026-06-08T11:18:36.786+0000] {dag.py:3954} INFO - Setting next_dagrun for tutorial_taskflow_api_virtualenv to None, run_after=None
[2026-06-08T11:18:36.811+0000] {processor.py:183} INFO - Processing /home/airflow/.local/lib/python3.12/site-packages/airflow/example_dags/tutorial_taskflow_api_virtualenv.py took 0.086 seconds
[2026-06-08T11:19:07.185+0000] {processor.py:161} INFO - Started process (PID=28506) to work on /home/airflow/.local/lib/python3.12/site-packages/airflow/example_dags/tutorial_taskflow_api_virtualenv.py
[2026-06-08T11:19:07.188+0000] {processor.py:830} INFO - Processing file /home/airflow/.local/lib/python3.12/site-packages/airflow/example_dags/tutorial_taskflow_api_virtualenv.py for tasks to queue
[2026-06-08T11:19:07.190+0000] {logging_mixin.py:188} INFO - [2026-06-08T11:19:07.189+0000] {dagbag.py:545} INFO - Filling up the DagBag from /home/airflow/.local/lib/python3.12/site-packages/airflow/example_dags/tutorial_taskflow_api_virtualenv.py
[2026-06-08T11:19:07.207+0000] {processor.py:840} INFO - DAG(s) 'tutorial_taskflow_api_virtualenv' retrieved from /home/airflow/.local/lib/python3.12/site-packages/airflow/example_dags/tutorial_taskflow_api_virtualenv.py
[2026-06-08T11:19:07.238+0000] {logging_mixin.py:188} INFO - [2026-06-08T11:19:07.238+0000] {dag.py:3096} INFO - Sync 1 DAGs
[2026-06-08T11:19:07.255+0000] {logging_mixin.py:188} INFO - [2026-06-08T11:19:07.255+0000] {dag.py:3954} INFO - Setting next_dagrun for tutorial_taskflow_api_virtualenv to None, run_after=None
[2026-06-08T11:19:07.287+0000] {processor.py:183} INFO - Processing /home/airflow/.local/lib/python3.12/site-packages/airflow/example_dags/tutorial_taskflow_api_virtualenv.py took 0.114 seconds
[2026-06-08T11:19:37.844+0000] {processor.py:161} INFO - Started process (PID=28770) to work on /home/airflow/.local/lib/python3.12/site-packages/airflow/example_dags/tutorial_taskflow_api_virtualenv.py
[2026-06-08T11:19:37.846+0000] {processor.py:830} INFO - Processing file /home/airflow/.local/lib/python3.12/site-packages/airflow/example_dags/tutorial_taskflow_api_virtualenv.py for tasks to queue
[2026-06-08T11:19:37.848+0000] {logging_mixin.py:188} INFO - [2026-06-08T11:19:37.848+0000] {dagbag.py:545} INFO - Filling up the DagBag from /home/airflow/.local/lib/python3.12/site-packages/airflow/example_dags/tutorial_taskflow_api_virtualenv.py
[2026-06-08T11:19:37.860+0000] {processor.py:840} INFO - DAG(s) 'tutorial_taskflow_api_virtualenv' retrieved from /home/airflow/.local/lib/python3.12/site-packages/airflow/example_dags/tutorial_taskflow_api_virtualenv.py
[2026-06-08T11:19:37.886+0000] {logging_mixin.py:188} INFO - [2026-06-08T11:19:37.886+0000] {dag.py:3096} INFO - Sync 1 DAGs
[2026-06-08T11:19:37.902+0000] {logging_mixin.py:188} INFO - [2026-06-08T11:19:37.902+0000] {dag.py:3954} INFO - Setting next_dagrun for tutorial_taskflow_api_virtualenv to None, run_after=None
[2026-06-08T11:19:37.929+0000] {processor.py:183} INFO - Processing /home/airflow/.local/lib/python3.12/site-packages/airflow/example_dags/tutorial_taskflow_api_virtualenv.py took 0.092 seconds
[2026-06-08T11:20:08.305+0000] {processor.py:161} INFO - Started process (PID=29032) to work on /home/airflow/.local/lib/python3.12/site-packages/airflow/example_dags/tutorial_taskflow_api_virtualenv.py
[2026-06-08T11:20:08.307+0000] {processor.py:830} INFO - Processing file /home/airflow/.local/lib/python3.12/site-packages/airflow/example_dags/tutorial_taskflow_api_virtualenv.py for tasks to queue
[2026-06-08T11:20:08.309+0000] {logging_mixin.py:188} INFO - [2026-06-08T11:20:08.309+0000] {dagbag.py:545} INFO - Filling up the DagBag from /home/airflow/.local/lib/python3.12/site-packages/airflow/example_dags/tutorial_taskflow_api_virtualenv.py
[2026-06-08T11:20:08.319+0000] {processor.py:840} INFO - DAG(s) 'tutorial_taskflow_api_virtualenv' retrieved from /home/airflow/.local/lib/python3.12/site-packages/airflow/example_dags/tutorial_taskflow_api_virtualenv.py
[2026-06-08T11:20:08.344+0000] {logging_mixin.py:188} INFO - [2026-06-08T11:20:08.344+0000] {dag.py:3096} INFO - Sync 1 DAGs
[2026-06-08T11:20:08.357+0000] {logging_mixin.py:188} INFO - [2026-06-08T11:20:08.357+0000] {dag.py:3954} INFO - Setting next_dagrun for tutorial_taskflow_api_virtualenv to None, run_after=None
[2026-06-08T11:20:08.384+0000] {processor.py:183} INFO - Processing /home/airflow/.local/lib/python3.12/site-packages/airflow/example_dags/tutorial_taskflow_api_virtualenv.py took 0.086 seconds
[2026-06-08T11:20:38.663+0000] {processor.py:161} INFO - Started process (PID=29293) to work on /home/airflow/.local/lib/python3.12/site-packages/airflow/example_dags/tutorial_taskflow_api_virtualenv.py
[2026-06-08T11:20:38.665+0000] {processor.py:830} INFO - Processing file /home/airflow/.local/lib/python3.12/site-packages/airflow/example_dags/tutorial_taskflow_api_virtualenv.py for tasks to queue
[2026-06-08T11:20:38.669+0000] {logging_mixin.py:188} INFO - [2026-06-08T11:20:38.668+0000] {dagbag.py:545} INFO - Filling up the DagBag from /home/airflow/.local/lib/python3.12/site-packages/airflow/example_dags/tutorial_taskflow_api_virtualenv.py
[2026-06-08T11:20:38.685+0000] {processor.py:840} INFO - DAG(s) 'tutorial_taskflow_api_virtualenv' retrieved from /home/airflow/.local/lib/python3.12/site-packages/airflow/example_dags/tutorial_taskflow_api_virtualenv.py
[2026-06-08T11:20:38.719+0000] {logging_mixin.py:188} INFO - [2026-06-08T11:20:38.718+0000] {dag.py:3096} INFO - Sync 1 DAGs
[2026-06-08T11:20:38.737+0000] {logging_mixin.py:188} INFO - [2026-06-08T11:20:38.737+0000] {dag.py:3954} INFO - Setting next_dagrun for tutorial_taskflow_api_virtualenv to None, run_after=None
[2026-06-08T11:20:38.771+0000] {processor.py:183} INFO - Processing /home/airflow/.local/lib/python3.12/site-packages/airflow/example_dags/tutorial_taskflow_api_virtualenv.py took 0.117 seconds
[2026-06-08T11:21:09.159+0000] {processor.py:161} INFO - Started process (PID=29555) to work on /home/airflow/.local/lib/python3.12/site-packages/airflow/example_dags/tutorial_taskflow_api_virtualenv.py
[2026-06-08T11:21:09.160+0000] {processor.py:830} INFO - Processing file /home/airflow/.local/lib/python3.12/site-packages/airflow/example_dags/tutorial_taskflow_api_virtualenv.py for tasks to queue
[2026-06-08T11:21:09.165+0000] {logging_mixin.py:188} INFO - [2026-06-08T11:21:09.164+0000] {dagbag.py:545} INFO - Filling up the DagBag from /home/airflow/.local/lib/python3.12/site-packages/airflow/example_dags/tutorial_taskflow_api_virtualenv.py
[2026-06-08T11:21:09.178+0000] {processor.py:840} INFO - DAG(s) 'tutorial_taskflow_api_virtualenv' retrieved from /home/airflow/.local/lib/python3.12/site-packages/airflow/example_dags/tutorial_taskflow_api_virtualenv.py
[2026-06-08T11:21:09.207+0000] {logging_mixin.py:188} INFO - [2026-06-08T11:21:09.207+0000] {dag.py:3096} INFO - Sync 1 DAGs
[2026-06-08T11:21:09.231+0000] {logging_mixin.py:188} INFO - [2026-06-08T11:21:09.231+0000] {dag.py:3954} INFO - Setting next_dagrun for tutorial_taskflow_api_virtualenv to None, run_after=None
[2026-06-08T11:21:09.264+0000] {processor.py:183} INFO - Processing /home/airflow/.local/lib/python3.12/site-packages/airflow/example_dags/tutorial_taskflow_api_virtualenv.py took 0.112 seconds
[2026-06-08T11:21:39.932+0000] {processor.py:161} INFO - Started process (PID=29817) to work on /home/airflow/.local/lib/python3.12/site-packages/airflow/example_dags/tutorial_taskflow_api_virtualenv.py
[2026-06-08T11:21:39.933+0000] {processor.py:830} INFO - Processing file /home/airflow/.local/lib/python3.12/site-packages/airflow/example_dags/tutorial_taskflow_api_virtualenv.py for tasks to queue
[2026-06-08T11:21:39.937+0000] {logging_mixin.py:188} INFO - [2026-06-08T11:21:39.936+0000] {dagbag.py:545} INFO - Filling up the DagBag from /home/airflow/.local/lib/python3.12/site-packages/airflow/example_dags/tutorial_taskflow_api_virtualenv.py
[2026-06-08T11:21:39.953+0000] {processor.py:840} INFO - DAG(s) 'tutorial_taskflow_api_virtualenv' retrieved from /home/airflow/.local/lib/python3.12/site-packages/airflow/example_dags/tutorial_taskflow_api_virtualenv.py
[2026-06-08T11:21:39.988+0000] {logging_mixin.py:188} INFO - [2026-06-08T11:21:39.988+0000] {dag.py:3096} INFO - Sync 1 DAGs
[2026-06-08T11:21:40.009+0000] {logging_mixin.py:188} INFO - [2026-06-08T11:21:40.009+0000] {dag.py:3954} INFO - Setting next_dagrun for tutorial_taskflow_api_virtualenv to None, run_after=None
[2026-06-08T11:21:40.046+0000] {processor.py:183} INFO - Processing /home/airflow/.local/lib/python3.12/site-packages/airflow/example_dags/tutorial_taskflow_api_virtualenv.py took 0.121 seconds
[2026-06-08T11:22:10.270+0000] {processor.py:161} INFO - Started process (PID=30079) to work on /home/airflow/.local/lib/python3.12/site-packages/airflow/example_dags/tutorial_taskflow_api_virtualenv.py
[2026-06-08T11:22:10.271+0000] {processor.py:830} INFO - Processing file /home/airflow/.local/lib/python3.12/site-packages/airflow/example_dags/tutorial_taskflow_api_virtualenv.py for tasks to queue
[2026-06-08T11:22:10.274+0000] {logging_mixin.py:188} INFO - [2026-06-08T11:22:10.273+0000] {dagbag.py:545} INFO - Filling up the DagBag from /home/airflow/.local/lib/python3.12/site-packages/airflow/example_dags/tutorial_taskflow_api_virtualenv.py
[2026-06-08T11:22:10.284+0000] {processor.py:840} INFO - DAG(s) 'tutorial_taskflow_api_virtualenv' retrieved from /home/airflow/.local/lib/python3.12/site-packages/airflow/example_dags/tutorial_taskflow_api_virtualenv.py
[2026-06-08T11:22:10.305+0000] {logging_mixin.py:188} INFO - [2026-06-08T11:22:10.305+0000] {dag.py:3096} INFO - Sync 1 DAGs
[2026-06-08T11:22:10.320+0000] {logging_mixin.py:188} INFO - [2026-06-08T11:22:10.319+0000] {dag.py:3954} INFO - Setting next_dagrun for tutorial_taskflow_api_virtualenv to None, run_after=None
[2026-06-08T11:22:10.342+0000] {processor.py:183} INFO - Processing /home/airflow/.local/lib/python3.12/site-packages/airflow/example_dags/tutorial_taskflow_api_virtualenv.py took 0.079 seconds
[2026-06-08T11:22:41.207+0000] {processor.py:161} INFO - Started process (PID=30341) to work on /home/airflow/.local/lib/python3.12/site-packages/airflow/example_dags/tutorial_taskflow_api_virtualenv.py
[2026-06-08T11:22:41.209+0000] {processor.py:830} INFO - Processing file /home/airflow/.local/lib/python3.12/site-packages/airflow/example_dags/tutorial_taskflow_api_virtualenv.py for tasks to queue
[2026-06-08T11:22:41.212+0000] {logging_mixin.py:188} INFO - [2026-06-08T11:22:41.212+0000] {dagbag.py:545} INFO - Filling up the DagBag from /home/airflow/.local/lib/python3.12/site-packages/airflow/example_dags/tutorial_taskflow_api_virtualenv.py
[2026-06-08T11:22:41.230+0000] {processor.py:840} INFO - DAG(s) 'tutorial_taskflow_api_virtualenv' retrieved from /home/airflow/.local/lib/python3.12/site-packages/airflow/example_dags/tutorial_taskflow_api_virtualenv.py
[2026-06-08T11:22:41.266+0000] {logging_mixin.py:188} INFO - [2026-06-08T11:22:41.264+0000] {dag.py:3096} INFO - Sync 1 DAGs
[2026-06-08T11:22:41.287+0000] {logging_mixin.py:188} INFO - [2026-06-08T11:22:41.287+0000] {dag.py:3954} INFO - Setting next_dagrun for tutorial_taskflow_api_virtualenv to None, run_after=None
[2026-06-08T11:22:41.764+0000] {processor.py:183} INFO - Processing /home/airflow/.local/lib/python3.12/site-packages/airflow/example_dags/tutorial_taskflow_api_virtualenv.py took 0.565 seconds
[2026-06-08T11:23:12.523+0000] {processor.py:161} INFO - Started process (PID=30605) to work on /home/airflow/.local/lib/python3.12/site-packages/airflow/example_dags/tutorial_taskflow_api_virtualenv.py
[2026-06-08T11:23:12.524+0000] {processor.py:830} INFO - Processing file /home/airflow/.local/lib/python3.12/site-packages/airflow/example_dags/tutorial_taskflow_api_virtualenv.py for tasks to queue
[2026-06-08T11:23:12.526+0000] {logging_mixin.py:188} INFO - [2026-06-08T11:23:12.526+0000] {dagbag.py:545} INFO - Filling up the DagBag from /home/airflow/.local/lib/python3.12/site-packages/airflow/example_dags/tutorial_taskflow_api_virtualenv.py
[2026-06-08T11:23:12.537+0000] {processor.py:840} INFO - DAG(s) 'tutorial_taskflow_api_virtualenv' retrieved from /home/airflow/.local/lib/python3.12/site-packages/airflow/example_dags/tutorial_taskflow_api_virtualenv.py
[2026-06-08T11:23:12.563+0000] {logging_mixin.py:188} INFO - [2026-06-08T11:23:12.563+0000] {dag.py:3096} INFO - Sync 1 DAGs
[2026-06-08T11:23:12.578+0000] {logging_mixin.py:188} INFO - [2026-06-08T11:23:12.577+0000] {dag.py:3954} INFO - Setting next_dagrun for tutorial_taskflow_api_virtualenv to None, run_after=None
[2026-06-08T11:23:12.603+0000] {processor.py:183} INFO - Processing /home/airflow/.local/lib/python3.12/site-packages/airflow/example_dags/tutorial_taskflow_api_virtualenv.py took 0.086 seconds
[2026-06-08T11:23:42.795+0000] {processor.py:161} INFO - Started process (PID=30867) to work on /home/airflow/.local/lib/python3.12/site-packages/airflow/example_dags/tutorial_taskflow_api_virtualenv.py
[2026-06-08T11:23:42.797+0000] {processor.py:830} INFO - Processing file /home/airflow/.local/lib/python3.12/site-packages/airflow/example_dags/tutorial_taskflow_api_virtualenv.py for tasks to queue
[2026-06-08T11:23:42.798+0000] {logging_mixin.py:188} INFO - [2026-06-08T11:23:42.798+0000] {dagbag.py:545} INFO - Filling up the DagBag from /home/airflow/.local/lib/python3.12/site-packages/airflow/example_dags/tutorial_taskflow_api_virtualenv.py
[2026-06-08T11:23:42.810+0000] {processor.py:840} INFO - DAG(s) 'tutorial_taskflow_api_virtualenv' retrieved from /home/airflow/.local/lib/python3.12/site-packages/airflow/example_dags/tutorial_taskflow_api_virtualenv.py
[2026-06-08T11:23:42.832+0000] {logging_mixin.py:188} INFO - [2026-06-08T11:23:42.831+0000] {dag.py:3096} INFO - Sync 1 DAGs
[2026-06-08T11:23:42.846+0000] {logging_mixin.py:188} INFO - [2026-06-08T11:23:42.845+0000] {dag.py:3954} INFO - Setting next_dagrun for tutorial_taskflow_api_virtualenv to None, run_after=None
[2026-06-08T11:23:42.871+0000] {processor.py:183} INFO - Processing /home/airflow/.local/lib/python3.12/site-packages/airflow/example_dags/tutorial_taskflow_api_virtualenv.py took 0.081 seconds
[2026-06-08T11:24:13.347+0000] {processor.py:161} INFO - Started process (PID=31129) to work on /home/airflow/.local/lib/python3.12/site-packages/airflow/example_dags/tutorial_taskflow_api_virtualenv.py
[2026-06-08T11:24:13.348+0000] {processor.py:830} INFO - Processing file /home/airflow/.local/lib/python3.12/site-packages/airflow/example_dags/tutorial_taskflow_api_virtualenv.py for tasks to queue
[2026-06-08T11:24:13.351+0000] {logging_mixin.py:188} INFO - [2026-06-08T11:24:13.351+0000] {dagbag.py:545} INFO - Filling up the DagBag from /home/airflow/.local/lib/python3.12/site-packages/airflow/example_dags/tutorial_taskflow_api_virtualenv.py
[2026-06-08T11:24:13.362+0000] {processor.py:840} INFO - DAG(s) 'tutorial_taskflow_api_virtualenv' retrieved from /home/airflow/.local/lib/python3.12/site-packages/airflow/example_dags/tutorial_taskflow_api_virtualenv.py
[2026-06-08T11:24:13.388+0000] {logging_mixin.py:188} INFO - [2026-06-08T11:24:13.388+0000] {dag.py:3096} INFO - Sync 1 DAGs
[2026-06-08T11:24:13.405+0000] {logging_mixin.py:188} INFO - [2026-06-08T11:24:13.405+0000] {dag.py:3954} INFO - Setting next_dagrun for tutorial_taskflow_api_virtualenv to None, run_after=None
[2026-06-08T11:24:13.432+0000] {processor.py:183} INFO - Processing /home/airflow/.local/lib/python3.12/site-packages/airflow/example_dags/tutorial_taskflow_api_virtualenv.py took 0.093 seconds
[2026-06-08T11:24:43.639+0000] {processor.py:161} INFO - Started process (PID=31397) to work on /home/airflow/.local/lib/python3.12/site-packages/airflow/example_dags/tutorial_taskflow_api_virtualenv.py
[2026-06-08T11:24:43.640+0000] {processor.py:830} INFO - Processing file /home/airflow/.local/lib/python3.12/site-packages/airflow/example_dags/tutorial_taskflow_api_virtualenv.py for tasks to queue
[2026-06-08T11:24:43.643+0000] {logging_mixin.py:188} INFO - [2026-06-08T11:24:43.643+0000] {dagbag.py:545} INFO - Filling up the DagBag from /home/airflow/.local/lib/python3.12/site-packages/airflow/example_dags/tutorial_taskflow_api_virtualenv.py
[2026-06-08T11:24:43.654+0000] {processor.py:840} INFO - DAG(s) 'tutorial_taskflow_api_virtualenv' retrieved from /home/airflow/.local/lib/python3.12/site-packages/airflow/example_dags/tutorial_taskflow_api_virtualenv.py
[2026-06-08T11:24:43.678+0000] {logging_mixin.py:188} INFO - [2026-06-08T11:24:43.678+0000] {dag.py:3096} INFO - Sync 1 DAGs
[2026-06-08T11:24:43.693+0000] {logging_mixin.py:188} INFO - [2026-06-08T11:24:43.693+0000] {dag.py:3954} INFO - Setting next_dagrun for tutorial_taskflow_api_virtualenv to None, run_after=None
[2026-06-08T11:24:43.721+0000] {processor.py:183} INFO - Processing /home/airflow/.local/lib/python3.12/site-packages/airflow/example_dags/tutorial_taskflow_api_virtualenv.py took 0.088 seconds
[2026-06-08T11:25:13.789+0000] {processor.py:161} INFO - Started process (PID=31659) to work on /home/airflow/.local/lib/python3.12/site-packages/airflow/example_dags/tutorial_taskflow_api_virtualenv.py
[2026-06-08T11:25:13.790+0000] {processor.py:830} INFO - Processing file /home/airflow/.local/lib/python3.12/site-packages/airflow/example_dags/tutorial_taskflow_api_virtualenv.py for tasks to queue
[2026-06-08T11:25:13.791+0000] {logging_mixin.py:188} INFO - [2026-06-08T11:25:13.791+0000] {dagbag.py:545} INFO - Filling up the DagBag from /home/airflow/.local/lib/python3.12/site-packages/airflow/example_dags/tutorial_taskflow_api_virtualenv.py
[2026-06-08T11:25:13.802+0000] {processor.py:840} INFO - DAG(s) 'tutorial_taskflow_api_virtualenv' retrieved from /home/airflow/.local/lib/python3.12/site-packages/airflow/example_dags/tutorial_taskflow_api_virtualenv.py
[2026-06-08T11:25:13.827+0000] {logging_mixin.py:188} INFO - [2026-06-08T11:25:13.826+0000] {dag.py:3096} INFO - Sync 1 DAGs
[2026-06-08T11:25:13.842+0000] {logging_mixin.py:188} INFO - [2026-06-08T11:25:13.842+0000] {dag.py:3954} INFO - Setting next_dagrun for tutorial_taskflow_api_virtualenv to None, run_after=None
[2026-06-08T11:25:13.868+0000] {processor.py:183} INFO - Processing /home/airflow/.local/lib/python3.12/site-packages/airflow/example_dags/tutorial_taskflow_api_virtualenv.py took 0.085 seconds
[2026-06-08T11:25:44.984+0000] {processor.py:161} INFO - Started process (PID=31921) to work on /home/airflow/.local/lib/python3.12/site-packages/airflow/example_dags/tutorial_taskflow_api_virtualenv.py
[2026-06-08T11:25:44.985+0000] {processor.py:830} INFO - Processing file /home/airflow/.local/lib/python3.12/site-packages/airflow/example_dags/tutorial_taskflow_api_virtualenv.py for tasks to queue
[2026-06-08T11:25:44.987+0000] {logging_mixin.py:188} INFO - [2026-06-08T11:25:44.986+0000] {dagbag.py:545} INFO - Filling up the DagBag from /home/airflow/.local/lib/python3.12/site-packages/airflow/example_dags/tutorial_taskflow_api_virtualenv.py
[2026-06-08T11:25:44.997+0000] {processor.py:840} INFO - DAG(s) 'tutorial_taskflow_api_virtualenv' retrieved from /home/airflow/.local/lib/python3.12/site-packages/airflow/example_dags/tutorial_taskflow_api_virtualenv.py
[2026-06-08T11:25:45.021+0000] {logging_mixin.py:188} INFO - [2026-06-08T11:25:45.021+0000] {dag.py:3096} INFO - Sync 1 DAGs
[2026-06-08T11:25:45.036+0000] {logging_mixin.py:188} INFO - [2026-06-08T11:25:45.036+0000] {dag.py:3954} INFO - Setting next_dagrun for tutorial_taskflow_api_virtualenv to None, run_after=None
[2026-06-08T11:25:45.062+0000] {processor.py:183} INFO - Processing /home/airflow/.local/lib/python3.12/site-packages/airflow/example_dags/tutorial_taskflow_api_virtualenv.py took 0.085 seconds
[2026-06-08T11:26:15.178+0000] {processor.py:161} INFO - Started process (PID=32183) to work on /home/airflow/.local/lib/python3.12/site-packages/airflow/example_dags/tutorial_taskflow_api_virtualenv.py
[2026-06-08T11:26:15.180+0000] {processor.py:830} INFO - Processing file /home/airflow/.local/lib/python3.12/site-packages/airflow/example_dags/tutorial_taskflow_api_virtualenv.py for tasks to queue
[2026-06-08T11:26:15.183+0000] {logging_mixin.py:188} INFO - [2026-06-08T11:26:15.183+0000] {dagbag.py:545} INFO - Filling up the DagBag from /home/airflow/.local/lib/python3.12/site-packages/airflow/example_dags/tutorial_taskflow_api_virtualenv.py
[2026-06-08T11:26:15.195+0000] {processor.py:840} INFO - DAG(s) 'tutorial_taskflow_api_virtualenv' retrieved from /home/airflow/.local/lib/python3.12/site-packages/airflow/example_dags/tutorial_taskflow_api_virtualenv.py
[2026-06-08T11:26:15.220+0000] {logging_mixin.py:188} INFO - [2026-06-08T11:26:15.219+0000] {dag.py:3096} INFO - Sync 1 DAGs
[2026-06-08T11:26:15.235+0000] {logging_mixin.py:188} INFO - [2026-06-08T11:26:15.235+0000] {dag.py:3954} INFO - Setting next_dagrun for tutorial_taskflow_api_virtualenv to None, run_after=None
[2026-06-08T11:26:15.259+0000] {processor.py:183} INFO - Processing /home/airflow/.local/lib/python3.12/site-packages/airflow/example_dags/tutorial_taskflow_api_virtualenv.py took 0.087 seconds
[2026-06-08T11:26:45.410+0000] {processor.py:161} INFO - Started process (PID=32443) to work on /home/airflow/.local/lib/python3.12/site-packages/airflow/example_dags/tutorial_taskflow_api_virtualenv.py
[2026-06-08T11:26:45.412+0000] {processor.py:830} INFO - Processing file /home/airflow/.local/lib/python3.12/site-packages/airflow/example_dags/tutorial_taskflow_api_virtualenv.py for tasks to queue
[2026-06-08T11:26:45.414+0000] {logging_mixin.py:188} INFO - [2026-06-08T11:26:45.413+0000] {dagbag.py:545} INFO - Filling up the DagBag from /home/airflow/.local/lib/python3.12/site-packages/airflow/example_dags/tutorial_taskflow_api_virtualenv.py
[2026-06-08T11:26:45.426+0000] {processor.py:840} INFO - DAG(s) 'tutorial_taskflow_api_virtualenv' retrieved from /home/airflow/.local/lib/python3.12/site-packages/airflow/example_dags/tutorial_taskflow_api_virtualenv.py
[2026-06-08T11:26:45.455+0000] {logging_mixin.py:188} INFO - [2026-06-08T11:26:45.455+0000] {dag.py:3096} INFO - Sync 1 DAGs
[2026-06-08T11:26:45.473+0000] {logging_mixin.py:188} INFO - [2026-06-08T11:26:45.472+0000] {dag.py:3954} INFO - Setting next_dagrun for tutorial_taskflow_api_virtualenv to None, run_after=None
[2026-06-08T11:26:45.503+0000] {processor.py:183} INFO - Processing /home/airflow/.local/lib/python3.12/site-packages/airflow/example_dags/tutorial_taskflow_api_virtualenv.py took 0.101 seconds
[2026-06-08T11:27:15.560+0000] {processor.py:161} INFO - Started process (PID=32695) to work on /home/airflow/.local/lib/python3.12/site-packages/airflow/example_dags/tutorial_taskflow_api_virtualenv.py
[2026-06-08T11:27:15.562+0000] {processor.py:830} INFO - Processing file /home/airflow/.local/lib/python3.12/site-packages/airflow/example_dags/tutorial_taskflow_api_virtualenv.py for tasks to queue
[2026-06-08T11:27:15.565+0000] {logging_mixin.py:188} INFO - [2026-06-08T11:27:15.564+0000] {dagbag.py:545} INFO - Filling up the DagBag from /home/airflow/.local/lib/python3.12/site-packages/airflow/example_dags/tutorial_taskflow_api_virtualenv.py
[2026-06-08T11:27:15.575+0000] {processor.py:840} INFO - DAG(s) 'tutorial_taskflow_api_virtualenv' retrieved from /home/airflow/.local/lib/python3.12/site-packages/airflow/example_dags/tutorial_taskflow_api_virtualenv.py
[2026-06-08T11:27:15.600+0000] {logging_mixin.py:188} INFO - [2026-06-08T11:27:15.600+0000] {dag.py:3096} INFO - Sync 1 DAGs
[2026-06-08T11:27:15.615+0000] {logging_mixin.py:188} INFO - [2026-06-08T11:27:15.614+0000] {dag.py:3954} INFO - Setting next_dagrun for tutorial_taskflow_api_virtualenv to None, run_after=None
[2026-06-08T11:27:15.639+0000] {processor.py:183} INFO - Processing /home/airflow/.local/lib/python3.12/site-packages/airflow/example_dags/tutorial_taskflow_api_virtualenv.py took 0.086 seconds
[2026-06-08T11:27:46.981+0000] {processor.py:161} INFO - Started process (PID=32967) to work on /home/airflow/.local/lib/python3.12/site-packages/airflow/example_dags/tutorial_taskflow_api_virtualenv.py
[2026-06-08T11:27:46.982+0000] {processor.py:830} INFO - Processing file /home/airflow/.local/lib/python3.12/site-packages/airflow/example_dags/tutorial_taskflow_api_virtualenv.py for tasks to queue
[2026-06-08T11:27:46.985+0000] {logging_mixin.py:188} INFO - [2026-06-08T11:27:46.984+0000] {dagbag.py:545} INFO - Filling up the DagBag from /home/airflow/.local/lib/python3.12/site-packages/airflow/example_dags/tutorial_taskflow_api_virtualenv.py
[2026-06-08T11:27:46.996+0000] {processor.py:840} INFO - DAG(s) 'tutorial_taskflow_api_virtualenv' retrieved from /home/airflow/.local/lib/python3.12/site-packages/airflow/example_dags/tutorial_taskflow_api_virtualenv.py
[2026-06-08T11:27:47.026+0000] {logging_mixin.py:188} INFO - [2026-06-08T11:27:47.025+0000] {dag.py:3096} INFO - Sync 1 DAGs
[2026-06-08T11:27:47.044+0000] {logging_mixin.py:188} INFO - [2026-06-08T11:27:47.043+0000] {dag.py:3954} INFO - Setting next_dagrun for tutorial_taskflow_api_virtualenv to None, run_after=None
[2026-06-08T11:27:47.071+0000] {processor.py:183} INFO - Processing /home/airflow/.local/lib/python3.12/site-packages/airflow/example_dags/tutorial_taskflow_api_virtualenv.py took 0.096 seconds
[2026-06-08T11:28:17.264+0000] {processor.py:161} INFO - Started process (PID=33229) to work on /home/airflow/.local/lib/python3.12/site-packages/airflow/example_dags/tutorial_taskflow_api_virtualenv.py
[2026-06-08T11:28:17.266+0000] {processor.py:830} INFO - Processing file /home/airflow/.local/lib/python3.12/site-packages/airflow/example_dags/tutorial_taskflow_api_virtualenv.py for tasks to queue
[2026-06-08T11:28:17.268+0000] {logging_mixin.py:188} INFO - [2026-06-08T11:28:17.268+0000] {dagbag.py:545} INFO - Filling up the DagBag from /home/airflow/.local/lib/python3.12/site-packages/airflow/example_dags/tutorial_taskflow_api_virtualenv.py
[2026-06-08T11:28:17.277+0000] {processor.py:840} INFO - DAG(s) 'tutorial_taskflow_api_virtualenv' retrieved from /home/airflow/.local/lib/python3.12/site-packages/airflow/example_dags/tutorial_taskflow_api_virtualenv.py
[2026-06-08T11:28:17.303+0000] {logging_mixin.py:188} INFO - [2026-06-08T11:28:17.303+0000] {dag.py:3096} INFO - Sync 1 DAGs
[2026-06-08T11:28:17.317+0000] {logging_mixin.py:188} INFO - [2026-06-08T11:28:17.317+0000] {dag.py:3954} INFO - Setting next_dagrun for tutorial_taskflow_api_virtualenv to None, run_after=None
[2026-06-08T11:28:17.343+0000] {processor.py:183} INFO - Processing /home/airflow/.local/lib/python3.12/site-packages/airflow/example_dags/tutorial_taskflow_api_virtualenv.py took 0.087 seconds
[2026-06-08T11:28:47.817+0000] {processor.py:161} INFO - Started process (PID=33493) to work on /home/airflow/.local/lib/python3.12/site-packages/airflow/example_dags/tutorial_taskflow_api_virtualenv.py
[2026-06-08T11:28:47.818+0000] {processor.py:830} INFO - Processing file /home/airflow/.local/lib/python3.12/site-packages/airflow/example_dags/tutorial_taskflow_api_virtualenv.py for tasks to queue
[2026-06-08T11:28:47.820+0000] {logging_mixin.py:188} INFO - [2026-06-08T11:28:47.819+0000] {dagbag.py:545} INFO - Filling up the DagBag from /home/airflow/.local/lib/python3.12/site-packages/airflow/example_dags/tutorial_taskflow_api_virtualenv.py
[2026-06-08T11:28:47.830+0000] {processor.py:840} INFO - DAG(s) 'tutorial_taskflow_api_virtualenv' retrieved from /home/airflow/.local/lib/python3.12/site-packages/airflow/example_dags/tutorial_taskflow_api_virtualenv.py
[2026-06-08T11:28:47.857+0000] {logging_mixin.py:188} INFO - [2026-06-08T11:28:47.857+0000] {dag.py:3096} INFO - Sync 1 DAGs
[2026-06-08T11:28:47.873+0000] {logging_mixin.py:188} INFO - [2026-06-08T11:28:47.873+0000] {dag.py:3954} INFO - Setting next_dagrun for tutorial_taskflow_api_virtualenv to None, run_after=None
[2026-06-08T11:28:47.902+0000] {processor.py:183} INFO - Processing /home/airflow/.local/lib/python3.12/site-packages/airflow/example_dags/tutorial_taskflow_api_virtualenv.py took 0.091 seconds
[2026-06-08T11:29:18.067+0000] {processor.py:161} INFO - Started process (PID=33755) to work on /home/airflow/.local/lib/python3.12/site-packages/airflow/example_dags/tutorial_taskflow_api_virtualenv.py
[2026-06-08T11:29:18.069+0000] {processor.py:830} INFO - Processing file /home/airflow/.local/lib/python3.12/site-packages/airflow/example_dags/tutorial_taskflow_api_virtualenv.py for tasks to queue
[2026-06-08T11:29:18.071+0000] {logging_mixin.py:188} INFO - [2026-06-08T11:29:18.071+0000] {dagbag.py:545} INFO - Filling up the DagBag from /home/airflow/.local/lib/python3.12/site-packages/airflow/example_dags/tutorial_taskflow_api_virtualenv.py
[2026-06-08T11:29:18.083+0000] {processor.py:840} INFO - DAG(s) 'tutorial_taskflow_api_virtualenv' retrieved from /home/airflow/.local/lib/python3.12/site-packages/airflow/example_dags/tutorial_taskflow_api_virtualenv.py
[2026-06-08T11:29:18.108+0000] {logging_mixin.py:188} INFO - [2026-06-08T11:29:18.108+0000] {dag.py:3096} INFO - Sync 1 DAGs
[2026-06-08T11:29:18.122+0000] {logging_mixin.py:188} INFO - [2026-06-08T11:29:18.122+0000] {dag.py:3954} INFO - Setting next_dagrun for tutorial_taskflow_api_virtualenv to None, run_after=None
[2026-06-08T11:29:18.149+0000] {processor.py:183} INFO - Processing /home/airflow/.local/lib/python3.12/site-packages/airflow/example_dags/tutorial_taskflow_api_virtualenv.py took 0.088 seconds
[2026-06-08T11:29:48.320+0000] {processor.py:161} INFO - Started process (PID=34015) to work on /home/airflow/.local/lib/python3.12/site-packages/airflow/example_dags/tutorial_taskflow_api_virtualenv.py
[2026-06-08T11:29:48.322+0000] {processor.py:830} INFO - Processing file /home/airflow/.local/lib/python3.12/site-packages/airflow/example_dags/tutorial_taskflow_api_virtualenv.py for tasks to queue
[2026-06-08T11:29:48.324+0000] {logging_mixin.py:188} INFO - [2026-06-08T11:29:48.324+0000] {dagbag.py:545} INFO - Filling up the DagBag from /home/airflow/.local/lib/python3.12/site-packages/airflow/example_dags/tutorial_taskflow_api_virtualenv.py
[2026-06-08T11:29:48.336+0000] {processor.py:840} INFO - DAG(s) 'tutorial_taskflow_api_virtualenv' retrieved from /home/airflow/.local/lib/python3.12/site-packages/airflow/example_dags/tutorial_taskflow_api_virtualenv.py
[2026-06-08T11:29:48.362+0000] {logging_mixin.py:188} INFO - [2026-06-08T11:29:48.361+0000] {dag.py:3096} INFO - Sync 1 DAGs
[2026-06-08T11:29:48.377+0000] {logging_mixin.py:188} INFO - [2026-06-08T11:29:48.376+0000] {dag.py:3954} INFO - Setting next_dagrun for tutorial_taskflow_api_virtualenv to None, run_after=None
[2026-06-08T11:29:48.402+0000] {processor.py:183} INFO - Processing /home/airflow/.local/lib/python3.12/site-packages/airflow/example_dags/tutorial_taskflow_api_virtualenv.py took 0.089 seconds
[2026-06-08T11:30:18.638+0000] {processor.py:161} INFO - Started process (PID=34277) to work on /home/airflow/.local/lib/python3.12/site-packages/airflow/example_dags/tutorial_taskflow_api_virtualenv.py
[2026-06-08T11:30:18.639+0000] {processor.py:830} INFO - Processing file /home/airflow/.local/lib/python3.12/site-packages/airflow/example_dags/tutorial_taskflow_api_virtualenv.py for tasks to queue
[2026-06-08T11:30:18.642+0000] {logging_mixin.py:188} INFO - [2026-06-08T11:30:18.641+0000] {dagbag.py:545} INFO - Filling up the DagBag from /home/airflow/.local/lib/python3.12/site-packages/airflow/example_dags/tutorial_taskflow_api_virtualenv.py
[2026-06-08T11:30:18.655+0000] {processor.py:840} INFO - DAG(s) 'tutorial_taskflow_api_virtualenv' retrieved from /home/airflow/.local/lib/python3.12/site-packages/airflow/example_dags/tutorial_taskflow_api_virtualenv.py
[2026-06-08T11:30:18.688+0000] {logging_mixin.py:188} INFO - [2026-06-08T11:30:18.687+0000] {dag.py:3096} INFO - Sync 1 DAGs
[2026-06-08T11:30:18.705+0000] {logging_mixin.py:188} INFO - [2026-06-08T11:30:18.704+0000] {dag.py:3954} INFO - Setting next_dagrun for tutorial_taskflow_api_virtualenv to None, run_after=None
[2026-06-08T11:30:18.732+0000] {processor.py:183} INFO - Processing /home/airflow/.local/lib/python3.12/site-packages/airflow/example_dags/tutorial_taskflow_api_virtualenv.py took 0.102 seconds
[2026-06-08T11:30:48.969+0000] {processor.py:161} INFO - Started process (PID=34539) to work on /home/airflow/.local/lib/python3.12/site-packages/airflow/example_dags/tutorial_taskflow_api_virtualenv.py
[2026-06-08T11:30:48.971+0000] {processor.py:830} INFO - Processing file /home/airflow/.local/lib/python3.12/site-packages/airflow/example_dags/tutorial_taskflow_api_virtualenv.py for tasks to queue
[2026-06-08T11:30:48.973+0000] {logging_mixin.py:188} INFO - [2026-06-08T11:30:48.973+0000] {dagbag.py:545} INFO - Filling up the DagBag from /home/airflow/.local/lib/python3.12/site-packages/airflow/example_dags/tutorial_taskflow_api_virtualenv.py
[2026-06-08T11:30:48.985+0000] {processor.py:840} INFO - DAG(s) 'tutorial_taskflow_api_virtualenv' retrieved from /home/airflow/.local/lib/python3.12/site-packages/airflow/example_dags/tutorial_taskflow_api_virtualenv.py
[2026-06-08T11:30:49.011+0000] {logging_mixin.py:188} INFO - [2026-06-08T11:30:49.011+0000] {dag.py:3096} INFO - Sync 1 DAGs
[2026-06-08T11:30:49.026+0000] {logging_mixin.py:188} INFO - [2026-06-08T11:30:49.026+0000] {dag.py:3954} INFO - Setting next_dagrun for tutorial_taskflow_api_virtualenv to None, run_after=None
[2026-06-08T11:30:49.055+0000] {processor.py:183} INFO - Processing /home/airflow/.local/lib/python3.12/site-packages/airflow/example_dags/tutorial_taskflow_api_virtualenv.py took 0.093 seconds
[2026-06-08T11:31:19.599+0000] {processor.py:161} INFO - Started process (PID=34804) to work on /home/airflow/.local/lib/python3.12/site-packages/airflow/example_dags/tutorial_taskflow_api_virtualenv.py
[2026-06-08T11:31:19.602+0000] {processor.py:830} INFO - Processing file /home/airflow/.local/lib/python3.12/site-packages/airflow/example_dags/tutorial_taskflow_api_virtualenv.py for tasks to queue
[2026-06-08T11:31:19.605+0000] {logging_mixin.py:188} INFO - [2026-06-08T11:31:19.604+0000] {dagbag.py:545} INFO - Filling up the DagBag from /home/airflow/.local/lib/python3.12/site-packages/airflow/example_dags/tutorial_taskflow_api_virtualenv.py
[2026-06-08T11:31:19.618+0000] {processor.py:840} INFO - DAG(s) 'tutorial_taskflow_api_virtualenv' retrieved from /home/airflow/.local/lib/python3.12/site-packages/airflow/example_dags/tutorial_taskflow_api_virtualenv.py
[2026-06-08T11:31:19.652+0000] {logging_mixin.py:188} INFO - [2026-06-08T11:31:19.652+0000] {dag.py:3096} INFO - Sync 1 DAGs
[2026-06-08T11:31:19.669+0000] {logging_mixin.py:188} INFO - [2026-06-08T11:31:19.669+0000] {dag.py:3954} INFO - Setting next_dagrun for tutorial_taskflow_api_virtualenv to None, run_after=None
[2026-06-08T11:31:19.701+0000] {processor.py:183} INFO - Processing /home/airflow/.local/lib/python3.12/site-packages/airflow/example_dags/tutorial_taskflow_api_virtualenv.py took 0.110 seconds
[2026-06-08T11:31:50.109+0000] {processor.py:161} INFO - Started process (PID=35066) to work on /home/airflow/.local/lib/python3.12/site-packages/airflow/example_dags/tutorial_taskflow_api_virtualenv.py
[2026-06-08T11:31:50.111+0000] {processor.py:830} INFO - Processing file /home/airflow/.local/lib/python3.12/site-packages/airflow/example_dags/tutorial_taskflow_api_virtualenv.py for tasks to queue
[2026-06-08T11:31:50.113+0000] {logging_mixin.py:188} INFO - [2026-06-08T11:31:50.112+0000] {dagbag.py:545} INFO - Filling up the DagBag from /home/airflow/.local/lib/python3.12/site-packages/airflow/example_dags/tutorial_taskflow_api_virtualenv.py
[2026-06-08T11:31:50.126+0000] {processor.py:840} INFO - DAG(s) 'tutorial_taskflow_api_virtualenv' retrieved from /home/airflow/.local/lib/python3.12/site-packages/airflow/example_dags/tutorial_taskflow_api_virtualenv.py
[2026-06-08T11:31:50.157+0000] {logging_mixin.py:188} INFO - [2026-06-08T11:31:50.156+0000] {dag.py:3096} INFO - Sync 1 DAGs
[2026-06-08T11:31:50.179+0000] {logging_mixin.py:188} INFO - [2026-06-08T11:31:50.178+0000] {dag.py:3954} INFO - Setting next_dagrun for tutorial_taskflow_api_virtualenv to None, run_after=None
[2026-06-08T11:31:50.208+0000] {processor.py:183} INFO - Processing /home/airflow/.local/lib/python3.12/site-packages/airflow/example_dags/tutorial_taskflow_api_virtualenv.py took 0.107 seconds
[2026-06-08T11:32:20.344+0000] {processor.py:161} INFO - Started process (PID=35328) to work on /home/airflow/.local/lib/python3.12/site-packages/airflow/example_dags/tutorial_taskflow_api_virtualenv.py
[2026-06-08T11:32:20.348+0000] {processor.py:830} INFO - Processing file /home/airflow/.local/lib/python3.12/site-packages/airflow/example_dags/tutorial_taskflow_api_virtualenv.py for tasks to queue
[2026-06-08T11:32:20.350+0000] {logging_mixin.py:188} INFO - [2026-06-08T11:32:20.350+0000] {dagbag.py:545} INFO - Filling up the DagBag from /home/airflow/.local/lib/python3.12/site-packages/airflow/example_dags/tutorial_taskflow_api_virtualenv.py
[2026-06-08T11:32:20.360+0000] {processor.py:840} INFO - DAG(s) 'tutorial_taskflow_api_virtualenv' retrieved from /home/airflow/.local/lib/python3.12/site-packages/airflow/example_dags/tutorial_taskflow_api_virtualenv.py
[2026-06-08T11:32:20.383+0000] {logging_mixin.py:188} INFO - [2026-06-08T11:32:20.383+0000] {dag.py:3096} INFO - Sync 1 DAGs
[2026-06-08T11:32:20.398+0000] {logging_mixin.py:188} INFO - [2026-06-08T11:32:20.397+0000] {dag.py:3954} INFO - Setting next_dagrun for tutorial_taskflow_api_virtualenv to None, run_after=None
[2026-06-08T11:32:20.422+0000] {processor.py:183} INFO - Processing /home/airflow/.local/lib/python3.12/site-packages/airflow/example_dags/tutorial_taskflow_api_virtualenv.py took 0.085 seconds
[2026-06-08T11:32:50.537+0000] {processor.py:161} INFO - Started process (PID=35590) to work on /home/airflow/.local/lib/python3.12/site-packages/airflow/example_dags/tutorial_taskflow_api_virtualenv.py
[2026-06-08T11:32:50.538+0000] {processor.py:830} INFO - Processing file /home/airflow/.local/lib/python3.12/site-packages/airflow/example_dags/tutorial_taskflow_api_virtualenv.py for tasks to queue
[2026-06-08T11:32:50.541+0000] {logging_mixin.py:188} INFO - [2026-06-08T11:32:50.540+0000] {dagbag.py:545} INFO - Filling up the DagBag from /home/airflow/.local/lib/python3.12/site-packages/airflow/example_dags/tutorial_taskflow_api_virtualenv.py
[2026-06-08T11:32:50.552+0000] {processor.py:840} INFO - DAG(s) 'tutorial_taskflow_api_virtualenv' retrieved from /home/airflow/.local/lib/python3.12/site-packages/airflow/example_dags/tutorial_taskflow_api_virtualenv.py
[2026-06-08T11:32:50.577+0000] {logging_mixin.py:188} INFO - [2026-06-08T11:32:50.576+0000] {dag.py:3096} INFO - Sync 1 DAGs
[2026-06-08T11:32:50.594+0000] {logging_mixin.py:188} INFO - [2026-06-08T11:32:50.594+0000] {dag.py:3954} INFO - Setting next_dagrun for tutorial_taskflow_api_virtualenv to None, run_after=None
[2026-06-08T11:32:50.621+0000] {processor.py:183} INFO - Processing /home/airflow/.local/lib/python3.12/site-packages/airflow/example_dags/tutorial_taskflow_api_virtualenv.py took 0.090 seconds
[2026-06-08T11:33:20.952+0000] {processor.py:161} INFO - Started process (PID=35850) to work on /home/airflow/.local/lib/python3.12/site-packages/airflow/example_dags/tutorial_taskflow_api_virtualenv.py
[2026-06-08T11:33:20.954+0000] {processor.py:830} INFO - Processing file /home/airflow/.local/lib/python3.12/site-packages/airflow/example_dags/tutorial_taskflow_api_virtualenv.py for tasks to queue
[2026-06-08T11:33:20.959+0000] {logging_mixin.py:188} INFO - [2026-06-08T11:33:20.958+0000] {dagbag.py:545} INFO - Filling up the DagBag from /home/airflow/.local/lib/python3.12/site-packages/airflow/example_dags/tutorial_taskflow_api_virtualenv.py
[2026-06-08T11:33:20.979+0000] {processor.py:840} INFO - DAG(s) 'tutorial_taskflow_api_virtualenv' retrieved from /home/airflow/.local/lib/python3.12/site-packages/airflow/example_dags/tutorial_taskflow_api_virtualenv.py
[2026-06-08T11:33:21.023+0000] {logging_mixin.py:188} INFO - [2026-06-08T11:33:21.022+0000] {dag.py:3096} INFO - Sync 1 DAGs
[2026-06-08T11:33:21.048+0000] {logging_mixin.py:188} INFO - [2026-06-08T11:33:21.047+0000] {dag.py:3954} INFO - Setting next_dagrun for tutorial_taskflow_api_virtualenv to None, run_after=None
[2026-06-08T11:33:21.093+0000] {processor.py:183} INFO - Processing /home/airflow/.local/lib/python3.12/site-packages/airflow/example_dags/tutorial_taskflow_api_virtualenv.py took 0.151 seconds
[2026-06-08T11:33:51.909+0000] {processor.py:161} INFO - Started process (PID=36112) to work on /home/airflow/.local/lib/python3.12/site-packages/airflow/example_dags/tutorial_taskflow_api_virtualenv.py
[2026-06-08T11:33:51.911+0000] {processor.py:830} INFO - Processing file /home/airflow/.local/lib/python3.12/site-packages/airflow/example_dags/tutorial_taskflow_api_virtualenv.py for tasks to queue
[2026-06-08T11:33:51.913+0000] {logging_mixin.py:188} INFO - [2026-06-08T11:33:51.913+0000] {dagbag.py:545} INFO - Filling up the DagBag from /home/airflow/.local/lib/python3.12/site-packages/airflow/example_dags/tutorial_taskflow_api_virtualenv.py
[2026-06-08T11:33:51.923+0000] {processor.py:840} INFO - DAG(s) 'tutorial_taskflow_api_virtualenv' retrieved from /home/airflow/.local/lib/python3.12/site-packages/airflow/example_dags/tutorial_taskflow_api_virtualenv.py
[2026-06-08T11:33:51.949+0000] {logging_mixin.py:188} INFO - [2026-06-08T11:33:51.949+0000] {dag.py:3096} INFO - Sync 1 DAGs
[2026-06-08T11:33:51.964+0000] {logging_mixin.py:188} INFO - [2026-06-08T11:33:51.963+0000] {dag.py:3954} INFO - Setting next_dagrun for tutorial_taskflow_api_virtualenv to None, run_after=None
[2026-06-08T11:33:51.987+0000] {processor.py:183} INFO - Processing /home/airflow/.local/lib/python3.12/site-packages/airflow/example_dags/tutorial_taskflow_api_virtualenv.py took 0.085 seconds
[2026-06-08T11:34:22.352+0000] {processor.py:161} INFO - Started process (PID=36374) to work on /home/airflow/.local/lib/python3.12/site-packages/airflow/example_dags/tutorial_taskflow_api_virtualenv.py
[2026-06-08T11:34:22.353+0000] {processor.py:830} INFO - Processing file /home/airflow/.local/lib/python3.12/site-packages/airflow/example_dags/tutorial_taskflow_api_virtualenv.py for tasks to queue
[2026-06-08T11:34:22.355+0000] {logging_mixin.py:188} INFO - [2026-06-08T11:34:22.355+0000] {dagbag.py:545} INFO - Filling up the DagBag from /home/airflow/.local/lib/python3.12/site-packages/airflow/example_dags/tutorial_taskflow_api_virtualenv.py
[2026-06-08T11:34:22.367+0000] {processor.py:840} INFO - DAG(s) 'tutorial_taskflow_api_virtualenv' retrieved from /home/airflow/.local/lib/python3.12/site-packages/airflow/example_dags/tutorial_taskflow_api_virtualenv.py
[2026-06-08T11:34:22.392+0000] {logging_mixin.py:188} INFO - [2026-06-08T11:34:22.391+0000] {dag.py:3096} INFO - Sync 1 DAGs
[2026-06-08T11:34:22.408+0000] {logging_mixin.py:188} INFO - [2026-06-08T11:34:22.407+0000] {dag.py:3954} INFO - Setting next_dagrun for tutorial_taskflow_api_virtualenv to None, run_after=None
[2026-06-08T11:34:22.434+0000] {processor.py:183} INFO - Processing /home/airflow/.local/lib/python3.12/site-packages/airflow/example_dags/tutorial_taskflow_api_virtualenv.py took 0.088 seconds
[2026-06-08T11:34:52.840+0000] {processor.py:161} INFO - Started process (PID=36636) to work on /home/airflow/.local/lib/python3.12/site-packages/airflow/example_dags/tutorial_taskflow_api_virtualenv.py
[2026-06-08T11:34:52.841+0000] {processor.py:830} INFO - Processing file /home/airflow/.local/lib/python3.12/site-packages/airflow/example_dags/tutorial_taskflow_api_virtualenv.py for tasks to queue
[2026-06-08T11:34:52.843+0000] {logging_mixin.py:188} INFO - [2026-06-08T11:34:52.843+0000] {dagbag.py:545} INFO - Filling up the DagBag from /home/airflow/.local/lib/python3.12/site-packages/airflow/example_dags/tutorial_taskflow_api_virtualenv.py
[2026-06-08T11:34:52.856+0000] {processor.py:840} INFO - DAG(s) 'tutorial_taskflow_api_virtualenv' retrieved from /home/airflow/.local/lib/python3.12/site-packages/airflow/example_dags/tutorial_taskflow_api_virtualenv.py
[2026-06-08T11:34:52.884+0000] {logging_mixin.py:188} INFO - [2026-06-08T11:34:52.884+0000] {dag.py:3096} INFO - Sync 1 DAGs
[2026-06-08T11:34:52.899+0000] {logging_mixin.py:188} INFO - [2026-06-08T11:34:52.899+0000] {dag.py:3954} INFO - Setting next_dagrun for tutorial_taskflow_api_virtualenv to None, run_after=None
[2026-06-08T11:34:52.925+0000] {processor.py:183} INFO - Processing /home/airflow/.local/lib/python3.12/site-packages/airflow/example_dags/tutorial_taskflow_api_virtualenv.py took 0.092 seconds
[2026-06-08T11:35:23.376+0000] {processor.py:161} INFO - Started process (PID=36905) to work on /home/airflow/.local/lib/python3.12/site-packages/airflow/example_dags/tutorial_taskflow_api_virtualenv.py
[2026-06-08T11:35:23.377+0000] {processor.py:830} INFO - Processing file /home/airflow/.local/lib/python3.12/site-packages/airflow/example_dags/tutorial_taskflow_api_virtualenv.py for tasks to queue
[2026-06-08T11:35:23.380+0000] {logging_mixin.py:188} INFO - [2026-06-08T11:35:23.379+0000] {dagbag.py:545} INFO - Filling up the DagBag from /home/airflow/.local/lib/python3.12/site-packages/airflow/example_dags/tutorial_taskflow_api_virtualenv.py
[2026-06-08T11:35:23.394+0000] {processor.py:840} INFO - DAG(s) 'tutorial_taskflow_api_virtualenv' retrieved from /home/airflow/.local/lib/python3.12/site-packages/airflow/example_dags/tutorial_taskflow_api_virtualenv.py
[2026-06-08T11:35:23.420+0000] {logging_mixin.py:188} INFO - [2026-06-08T11:35:23.420+0000] {dag.py:3096} INFO - Sync 1 DAGs
[2026-06-08T11:35:23.436+0000] {logging_mixin.py:188} INFO - [2026-06-08T11:35:23.435+0000] {dag.py:3954} INFO - Setting next_dagrun for tutorial_taskflow_api_virtualenv to None, run_after=None
[2026-06-08T11:35:23.463+0000] {processor.py:183} INFO - Processing /home/airflow/.local/lib/python3.12/site-packages/airflow/example_dags/tutorial_taskflow_api_virtualenv.py took 0.094 seconds
[2026-06-08T11:35:53.546+0000] {processor.py:161} INFO - Started process (PID=37167) to work on /home/airflow/.local/lib/python3.12/site-packages/airflow/example_dags/tutorial_taskflow_api_virtualenv.py
[2026-06-08T11:35:53.547+0000] {processor.py:830} INFO - Processing file /home/airflow/.local/lib/python3.12/site-packages/airflow/example_dags/tutorial_taskflow_api_virtualenv.py for tasks to queue
[2026-06-08T11:35:53.548+0000] {logging_mixin.py:188} INFO - [2026-06-08T11:35:53.548+0000] {dagbag.py:545} INFO - Filling up the DagBag from /home/airflow/.local/lib/python3.12/site-packages/airflow/example_dags/tutorial_taskflow_api_virtualenv.py
[2026-06-08T11:35:53.560+0000] {processor.py:840} INFO - DAG(s) 'tutorial_taskflow_api_virtualenv' retrieved from /home/airflow/.local/lib/python3.12/site-packages/airflow/example_dags/tutorial_taskflow_api_virtualenv.py
[2026-06-08T11:35:53.585+0000] {logging_mixin.py:188} INFO - [2026-06-08T11:35:53.585+0000] {dag.py:3096} INFO - Sync 1 DAGs
[2026-06-08T11:35:53.601+0000] {logging_mixin.py:188} INFO - [2026-06-08T11:35:53.600+0000] {dag.py:3954} INFO - Setting next_dagrun for tutorial_taskflow_api_virtualenv to None, run_after=None
[2026-06-08T11:35:53.627+0000] {processor.py:183} INFO - Processing /home/airflow/.local/lib/python3.12/site-packages/airflow/example_dags/tutorial_taskflow_api_virtualenv.py took 0.088 seconds
[2026-06-08T11:36:23.786+0000] {processor.py:161} INFO - Started process (PID=37430) to work on /home/airflow/.local/lib/python3.12/site-packages/airflow/example_dags/tutorial_taskflow_api_virtualenv.py
[2026-06-08T11:36:23.787+0000] {processor.py:830} INFO - Processing file /home/airflow/.local/lib/python3.12/site-packages/airflow/example_dags/tutorial_taskflow_api_virtualenv.py for tasks to queue
[2026-06-08T11:36:23.789+0000] {logging_mixin.py:188} INFO - [2026-06-08T11:36:23.789+0000] {dagbag.py:545} INFO - Filling up the DagBag from /home/airflow/.local/lib/python3.12/site-packages/airflow/example_dags/tutorial_taskflow_api_virtualenv.py
[2026-06-08T11:36:23.799+0000] {processor.py:840} INFO - DAG(s) 'tutorial_taskflow_api_virtualenv' retrieved from /home/airflow/.local/lib/python3.12/site-packages/airflow/example_dags/tutorial_taskflow_api_virtualenv.py
[2026-06-08T11:36:23.823+0000] {logging_mixin.py:188} INFO - [2026-06-08T11:36:23.822+0000] {dag.py:3096} INFO - Sync 1 DAGs
[2026-06-08T11:36:23.836+0000] {logging_mixin.py:188} INFO - [2026-06-08T11:36:23.835+0000] {dag.py:3954} INFO - Setting next_dagrun for tutorial_taskflow_api_virtualenv to None, run_after=None
[2026-06-08T11:36:23.860+0000] {processor.py:183} INFO - Processing /home/airflow/.local/lib/python3.12/site-packages/airflow/example_dags/tutorial_taskflow_api_virtualenv.py took 0.079 seconds
[2026-06-08T11:36:54.387+0000] {processor.py:161} INFO - Started process (PID=37692) to work on /home/airflow/.local/lib/python3.12/site-packages/airflow/example_dags/tutorial_taskflow_api_virtualenv.py
[2026-06-08T11:36:54.389+0000] {processor.py:830} INFO - Processing file /home/airflow/.local/lib/python3.12/site-packages/airflow/example_dags/tutorial_taskflow_api_virtualenv.py for tasks to queue
[2026-06-08T11:36:54.392+0000] {logging_mixin.py:188} INFO - [2026-06-08T11:36:54.392+0000] {dagbag.py:545} INFO - Filling up the DagBag from /home/airflow/.local/lib/python3.12/site-packages/airflow/example_dags/tutorial_taskflow_api_virtualenv.py
[2026-06-08T11:36:54.406+0000] {processor.py:840} INFO - DAG(s) 'tutorial_taskflow_api_virtualenv' retrieved from /home/airflow/.local/lib/python3.12/site-packages/airflow/example_dags/tutorial_taskflow_api_virtualenv.py
[2026-06-08T11:36:54.430+0000] {logging_mixin.py:188} INFO - [2026-06-08T11:36:54.430+0000] {dag.py:3096} INFO - Sync 1 DAGs
[2026-06-08T11:36:54.446+0000] {logging_mixin.py:188} INFO - [2026-06-08T11:36:54.445+0000] {dag.py:3954} INFO - Setting next_dagrun for tutorial_taskflow_api_virtualenv to None, run_after=None
[2026-06-08T11:36:54.475+0000] {processor.py:183} INFO - Processing /home/airflow/.local/lib/python3.12/site-packages/airflow/example_dags/tutorial_taskflow_api_virtualenv.py took 0.097 seconds
[2026-06-08T11:37:25.070+0000] {processor.py:161} INFO - Started process (PID=37954) to work on /home/airflow/.local/lib/python3.12/site-packages/airflow/example_dags/tutorial_taskflow_api_virtualenv.py
[2026-06-08T11:37:25.071+0000] {processor.py:830} INFO - Processing file /home/airflow/.local/lib/python3.12/site-packages/airflow/example_dags/tutorial_taskflow_api_virtualenv.py for tasks to queue
[2026-06-08T11:37:25.074+0000] {logging_mixin.py:188} INFO - [2026-06-08T11:37:25.073+0000] {dagbag.py:545} INFO - Filling up the DagBag from /home/airflow/.local/lib/python3.12/site-packages/airflow/example_dags/tutorial_taskflow_api_virtualenv.py
[2026-06-08T11:37:25.084+0000] {processor.py:840} INFO - DAG(s) 'tutorial_taskflow_api_virtualenv' retrieved from /home/airflow/.local/lib/python3.12/site-packages/airflow/example_dags/tutorial_taskflow_api_virtualenv.py
[2026-06-08T11:37:25.108+0000] {logging_mixin.py:188} INFO - [2026-06-08T11:37:25.107+0000] {dag.py:3096} INFO - Sync 1 DAGs
[2026-06-08T11:37:25.122+0000] {logging_mixin.py:188} INFO - [2026-06-08T11:37:25.121+0000] {dag.py:3954} INFO - Setting next_dagrun for tutorial_taskflow_api_virtualenv to None, run_after=None
[2026-06-08T11:37:25.145+0000] {processor.py:183} INFO - Processing /home/airflow/.local/lib/python3.12/site-packages/airflow/example_dags/tutorial_taskflow_api_virtualenv.py took 0.081 seconds
[2026-06-08T11:37:55.548+0000] {processor.py:161} INFO - Started process (PID=38216) to work on /home/airflow/.local/lib/python3.12/site-packages/airflow/example_dags/tutorial_taskflow_api_virtualenv.py
[2026-06-08T11:37:55.550+0000] {processor.py:830} INFO - Processing file /home/airflow/.local/lib/python3.12/site-packages/airflow/example_dags/tutorial_taskflow_api_virtualenv.py for tasks to queue
[2026-06-08T11:37:55.552+0000] {logging_mixin.py:188} INFO - [2026-06-08T11:37:55.552+0000] {dagbag.py:545} INFO - Filling up the DagBag from /home/airflow/.local/lib/python3.12/site-packages/airflow/example_dags/tutorial_taskflow_api_virtualenv.py
[2026-06-08T11:37:55.562+0000] {processor.py:840} INFO - DAG(s) 'tutorial_taskflow_api_virtualenv' retrieved from /home/airflow/.local/lib/python3.12/site-packages/airflow/example_dags/tutorial_taskflow_api_virtualenv.py
[2026-06-08T11:37:55.585+0000] {logging_mixin.py:188} INFO - [2026-06-08T11:37:55.584+0000] {dag.py:3096} INFO - Sync 1 DAGs
[2026-06-08T11:37:55.597+0000] {logging_mixin.py:188} INFO - [2026-06-08T11:37:55.597+0000] {dag.py:3954} INFO - Setting next_dagrun for tutorial_taskflow_api_virtualenv to None, run_after=None
[2026-06-08T11:37:55.620+0000] {processor.py:183} INFO - Processing /home/airflow/.local/lib/python3.12/site-packages/airflow/example_dags/tutorial_taskflow_api_virtualenv.py took 0.078 seconds
[2026-06-08T11:38:25.854+0000] {processor.py:161} INFO - Started process (PID=38480) to work on /home/airflow/.local/lib/python3.12/site-packages/airflow/example_dags/tutorial_taskflow_api_virtualenv.py
[2026-06-08T11:38:25.855+0000] {processor.py:830} INFO - Processing file /home/airflow/.local/lib/python3.12/site-packages/airflow/example_dags/tutorial_taskflow_api_virtualenv.py for tasks to queue
[2026-06-08T11:38:25.857+0000] {logging_mixin.py:188} INFO - [2026-06-08T11:38:25.857+0000] {dagbag.py:545} INFO - Filling up the DagBag from /home/airflow/.local/lib/python3.12/site-packages/airflow/example_dags/tutorial_taskflow_api_virtualenv.py
[2026-06-08T11:38:25.868+0000] {processor.py:840} INFO - DAG(s) 'tutorial_taskflow_api_virtualenv' retrieved from /home/airflow/.local/lib/python3.12/site-packages/airflow/example_dags/tutorial_taskflow_api_virtualenv.py
[2026-06-08T11:38:25.890+0000] {logging_mixin.py:188} INFO - [2026-06-08T11:38:25.889+0000] {dag.py:3096} INFO - Sync 1 DAGs
[2026-06-08T11:38:25.903+0000] {logging_mixin.py:188} INFO - [2026-06-08T11:38:25.903+0000] {dag.py:3954} INFO - Setting next_dagrun for tutorial_taskflow_api_virtualenv to None, run_after=None
[2026-06-08T11:38:25.927+0000] {processor.py:183} INFO - Processing /home/airflow/.local/lib/python3.12/site-packages/airflow/example_dags/tutorial_taskflow_api_virtualenv.py took 0.079 seconds
[2026-06-08T11:38:56.048+0000] {processor.py:161} INFO - Started process (PID=38740) to work on /home/airflow/.local/lib/python3.12/site-packages/airflow/example_dags/tutorial_taskflow_api_virtualenv.py
[2026-06-08T11:38:56.049+0000] {processor.py:830} INFO - Processing file /home/airflow/.local/lib/python3.12/site-packages/airflow/example_dags/tutorial_taskflow_api_virtualenv.py for tasks to queue
[2026-06-08T11:38:56.051+0000] {logging_mixin.py:188} INFO - [2026-06-08T11:38:56.051+0000] {dagbag.py:545} INFO - Filling up the DagBag from /home/airflow/.local/lib/python3.12/site-packages/airflow/example_dags/tutorial_taskflow_api_virtualenv.py
[2026-06-08T11:38:56.060+0000] {processor.py:840} INFO - DAG(s) 'tutorial_taskflow_api_virtualenv' retrieved from /home/airflow/.local/lib/python3.12/site-packages/airflow/example_dags/tutorial_taskflow_api_virtualenv.py
[2026-06-08T11:38:56.081+0000] {logging_mixin.py:188} INFO - [2026-06-08T11:38:56.081+0000] {dag.py:3096} INFO - Sync 1 DAGs
[2026-06-08T11:38:56.094+0000] {logging_mixin.py:188} INFO - [2026-06-08T11:38:56.093+0000] {dag.py:3954} INFO - Setting next_dagrun for tutorial_taskflow_api_virtualenv to None, run_after=None
[2026-06-08T11:38:56.115+0000] {processor.py:183} INFO - Processing /home/airflow/.local/lib/python3.12/site-packages/airflow/example_dags/tutorial_taskflow_api_virtualenv.py took 0.072 seconds
[2026-06-08T11:39:26.397+0000] {processor.py:161} INFO - Started process (PID=39004) to work on /home/airflow/.local/lib/python3.12/site-packages/airflow/example_dags/tutorial_taskflow_api_virtualenv.py
[2026-06-08T11:39:26.398+0000] {processor.py:830} INFO - Processing file /home/airflow/.local/lib/python3.12/site-packages/airflow/example_dags/tutorial_taskflow_api_virtualenv.py for tasks to queue
[2026-06-08T11:39:26.400+0000] {logging_mixin.py:188} INFO - [2026-06-08T11:39:26.400+0000] {dagbag.py:545} INFO - Filling up the DagBag from /home/airflow/.local/lib/python3.12/site-packages/airflow/example_dags/tutorial_taskflow_api_virtualenv.py
[2026-06-08T11:39:26.411+0000] {processor.py:840} INFO - DAG(s) 'tutorial_taskflow_api_virtualenv' retrieved from /home/airflow/.local/lib/python3.12/site-packages/airflow/example_dags/tutorial_taskflow_api_virtualenv.py
[2026-06-08T11:39:26.433+0000] {logging_mixin.py:188} INFO - [2026-06-08T11:39:26.432+0000] {dag.py:3096} INFO - Sync 1 DAGs
[2026-06-08T11:39:26.445+0000] {logging_mixin.py:188} INFO - [2026-06-08T11:39:26.445+0000] {dag.py:3954} INFO - Setting next_dagrun for tutorial_taskflow_api_virtualenv to None, run_after=None
[2026-06-08T11:39:26.467+0000] {processor.py:183} INFO - Processing /home/airflow/.local/lib/python3.12/site-packages/airflow/example_dags/tutorial_taskflow_api_virtualenv.py took 0.075 seconds
[2026-06-08T11:39:56.984+0000] {processor.py:161} INFO - Started process (PID=39266) to work on /home/airflow/.local/lib/python3.12/site-packages/airflow/example_dags/tutorial_taskflow_api_virtualenv.py
[2026-06-08T11:39:56.985+0000] {processor.py:830} INFO - Processing file /home/airflow/.local/lib/python3.12/site-packages/airflow/example_dags/tutorial_taskflow_api_virtualenv.py for tasks to queue
[2026-06-08T11:39:56.987+0000] {logging_mixin.py:188} INFO - [2026-06-08T11:39:56.987+0000] {dagbag.py:545} INFO - Filling up the DagBag from /home/airflow/.local/lib/python3.12/site-packages/airflow/example_dags/tutorial_taskflow_api_virtualenv.py
[2026-06-08T11:39:56.996+0000] {processor.py:840} INFO - DAG(s) 'tutorial_taskflow_api_virtualenv' retrieved from /home/airflow/.local/lib/python3.12/site-packages/airflow/example_dags/tutorial_taskflow_api_virtualenv.py
[2026-06-08T11:39:57.016+0000] {logging_mixin.py:188} INFO - [2026-06-08T11:39:57.016+0000] {dag.py:3096} INFO - Sync 1 DAGs
[2026-06-08T11:39:57.030+0000] {logging_mixin.py:188} INFO - [2026-06-08T11:39:57.030+0000] {dag.py:3954} INFO - Setting next_dagrun for tutorial_taskflow_api_virtualenv to None, run_after=None
[2026-06-08T11:39:57.054+0000] {processor.py:183} INFO - Processing /home/airflow/.local/lib/python3.12/site-packages/airflow/example_dags/tutorial_taskflow_api_virtualenv.py took 0.075 seconds
[2026-06-08T11:40:27.217+0000] {processor.py:161} INFO - Started process (PID=39528) to work on /home/airflow/.local/lib/python3.12/site-packages/airflow/example_dags/tutorial_taskflow_api_virtualenv.py
[2026-06-08T11:40:27.218+0000] {processor.py:830} INFO - Processing file /home/airflow/.local/lib/python3.12/site-packages/airflow/example_dags/tutorial_taskflow_api_virtualenv.py for tasks to queue
[2026-06-08T11:40:27.220+0000] {logging_mixin.py:188} INFO - [2026-06-08T11:40:27.220+0000] {dagbag.py:545} INFO - Filling up the DagBag from /home/airflow/.local/lib/python3.12/site-packages/airflow/example_dags/tutorial_taskflow_api_virtualenv.py
[2026-06-08T11:40:27.231+0000] {processor.py:840} INFO - DAG(s) 'tutorial_taskflow_api_virtualenv' retrieved from /home/airflow/.local/lib/python3.12/site-packages/airflow/example_dags/tutorial_taskflow_api_virtualenv.py
[2026-06-08T11:40:27.253+0000] {logging_mixin.py:188} INFO - [2026-06-08T11:40:27.252+0000] {dag.py:3096} INFO - Sync 1 DAGs
[2026-06-08T11:40:27.266+0000] {logging_mixin.py:188} INFO - [2026-06-08T11:40:27.266+0000] {dag.py:3954} INFO - Setting next_dagrun for tutorial_taskflow_api_virtualenv to None, run_after=None
[2026-06-08T11:40:27.287+0000] {processor.py:183} INFO - Processing /home/airflow/.local/lib/python3.12/site-packages/airflow/example_dags/tutorial_taskflow_api_virtualenv.py took 0.076 seconds
[2026-06-08T11:40:57.650+0000] {processor.py:161} INFO - Started process (PID=39790) to work on /home/airflow/.local/lib/python3.12/site-packages/airflow/example_dags/tutorial_taskflow_api_virtualenv.py
[2026-06-08T11:40:57.651+0000] {processor.py:830} INFO - Processing file /home/airflow/.local/lib/python3.12/site-packages/airflow/example_dags/tutorial_taskflow_api_virtualenv.py for tasks to queue
[2026-06-08T11:40:57.653+0000] {logging_mixin.py:188} INFO - [2026-06-08T11:40:57.653+0000] {dagbag.py:545} INFO - Filling up the DagBag from /home/airflow/.local/lib/python3.12/site-packages/airflow/example_dags/tutorial_taskflow_api_virtualenv.py
[2026-06-08T11:40:57.663+0000] {processor.py:840} INFO - DAG(s) 'tutorial_taskflow_api_virtualenv' retrieved from /home/airflow/.local/lib/python3.12/site-packages/airflow/example_dags/tutorial_taskflow_api_virtualenv.py
[2026-06-08T11:40:57.683+0000] {logging_mixin.py:188} INFO - [2026-06-08T11:40:57.682+0000] {dag.py:3096} INFO - Sync 1 DAGs
[2026-06-08T11:40:57.695+0000] {logging_mixin.py:188} INFO - [2026-06-08T11:40:57.695+0000] {dag.py:3954} INFO - Setting next_dagrun for tutorial_taskflow_api_virtualenv to None, run_after=None
[2026-06-08T11:40:57.717+0000] {processor.py:183} INFO - Processing /home/airflow/.local/lib/python3.12/site-packages/airflow/example_dags/tutorial_taskflow_api_virtualenv.py took 0.072 seconds
[2026-06-08T11:41:27.792+0000] {processor.py:161} INFO - Started process (PID=40051) to work on /home/airflow/.local/lib/python3.12/site-packages/airflow/example_dags/tutorial_taskflow_api_virtualenv.py
[2026-06-08T11:41:27.793+0000] {processor.py:830} INFO - Processing file /home/airflow/.local/lib/python3.12/site-packages/airflow/example_dags/tutorial_taskflow_api_virtualenv.py for tasks to queue
[2026-06-08T11:41:27.795+0000] {logging_mixin.py:188} INFO - [2026-06-08T11:41:27.794+0000] {dagbag.py:545} INFO - Filling up the DagBag from /home/airflow/.local/lib/python3.12/site-packages/airflow/example_dags/tutorial_taskflow_api_virtualenv.py
[2026-06-08T11:41:27.803+0000] {processor.py:840} INFO - DAG(s) 'tutorial_taskflow_api_virtualenv' retrieved from /home/airflow/.local/lib/python3.12/site-packages/airflow/example_dags/tutorial_taskflow_api_virtualenv.py
[2026-06-08T11:41:27.823+0000] {logging_mixin.py:188} INFO - [2026-06-08T11:41:27.823+0000] {dag.py:3096} INFO - Sync 1 DAGs
[2026-06-08T11:41:27.836+0000] {logging_mixin.py:188} INFO - [2026-06-08T11:41:27.836+0000] {dag.py:3954} INFO - Setting next_dagrun for tutorial_taskflow_api_virtualenv to None, run_after=None
[2026-06-08T11:41:27.859+0000] {processor.py:183} INFO - Processing /home/airflow/.local/lib/python3.12/site-packages/airflow/example_dags/tutorial_taskflow_api_virtualenv.py took 0.072 seconds
[2026-06-08T11:41:58.320+0000] {processor.py:161} INFO - Started process (PID=40313) to work on /home/airflow/.local/lib/python3.12/site-packages/airflow/example_dags/tutorial_taskflow_api_virtualenv.py
[2026-06-08T11:41:58.321+0000] {processor.py:830} INFO - Processing file /home/airflow/.local/lib/python3.12/site-packages/airflow/example_dags/tutorial_taskflow_api_virtualenv.py for tasks to queue
[2026-06-08T11:41:58.323+0000] {logging_mixin.py:188} INFO - [2026-06-08T11:41:58.323+0000] {dagbag.py:545} INFO - Filling up the DagBag from /home/airflow/.local/lib/python3.12/site-packages/airflow/example_dags/tutorial_taskflow_api_virtualenv.py
[2026-06-08T11:41:58.333+0000] {processor.py:840} INFO - DAG(s) 'tutorial_taskflow_api_virtualenv' retrieved from /home/airflow/.local/lib/python3.12/site-packages/airflow/example_dags/tutorial_taskflow_api_virtualenv.py
[2026-06-08T11:41:58.356+0000] {logging_mixin.py:188} INFO - [2026-06-08T11:41:58.356+0000] {dag.py:3096} INFO - Sync 1 DAGs
[2026-06-08T11:41:58.367+0000] {logging_mixin.py:188} INFO - [2026-06-08T11:41:58.367+0000] {dag.py:3954} INFO - Setting next_dagrun for tutorial_taskflow_api_virtualenv to None, run_after=None
[2026-06-08T11:41:58.389+0000] {processor.py:183} INFO - Processing /home/airflow/.local/lib/python3.12/site-packages/airflow/example_dags/tutorial_taskflow_api_virtualenv.py took 0.074 seconds
[2026-06-08T11:42:28.872+0000] {processor.py:161} INFO - Started process (PID=40576) to work on /home/airflow/.local/lib/python3.12/site-packages/airflow/example_dags/tutorial_taskflow_api_virtualenv.py
[2026-06-08T11:42:28.874+0000] {processor.py:830} INFO - Processing file /home/airflow/.local/lib/python3.12/site-packages/airflow/example_dags/tutorial_taskflow_api_virtualenv.py for tasks to queue
[2026-06-08T11:42:28.875+0000] {logging_mixin.py:188} INFO - [2026-06-08T11:42:28.875+0000] {dagbag.py:545} INFO - Filling up the DagBag from /home/airflow/.local/lib/python3.12/site-packages/airflow/example_dags/tutorial_taskflow_api_virtualenv.py
[2026-06-08T11:42:28.884+0000] {processor.py:840} INFO - DAG(s) 'tutorial_taskflow_api_virtualenv' retrieved from /home/airflow/.local/lib/python3.12/site-packages/airflow/example_dags/tutorial_taskflow_api_virtualenv.py
[2026-06-08T11:42:28.905+0000] {logging_mixin.py:188} INFO - [2026-06-08T11:42:28.904+0000] {dag.py:3096} INFO - Sync 1 DAGs
[2026-06-08T11:42:28.917+0000] {logging_mixin.py:188} INFO - [2026-06-08T11:42:28.917+0000] {dag.py:3954} INFO - Setting next_dagrun for tutorial_taskflow_api_virtualenv to None, run_after=None
[2026-06-08T11:42:28.940+0000] {processor.py:183} INFO - Processing /home/airflow/.local/lib/python3.12/site-packages/airflow/example_dags/tutorial_taskflow_api_virtualenv.py took 0.073 seconds
[2026-06-08T11:42:59.298+0000] {processor.py:161} INFO - Started process (PID=40839) to work on /home/airflow/.local/lib/python3.12/site-packages/airflow/example_dags/tutorial_taskflow_api_virtualenv.py
[2026-06-08T11:42:59.299+0000] {processor.py:830} INFO - Processing file /home/airflow/.local/lib/python3.12/site-packages/airflow/example_dags/tutorial_taskflow_api_virtualenv.py for tasks to queue
[2026-06-08T11:42:59.301+0000] {logging_mixin.py:188} INFO - [2026-06-08T11:42:59.301+0000] {dagbag.py:545} INFO - Filling up the DagBag from /home/airflow/.local/lib/python3.12/site-packages/airflow/example_dags/tutorial_taskflow_api_virtualenv.py
[2026-06-08T11:42:59.311+0000] {processor.py:840} INFO - DAG(s) 'tutorial_taskflow_api_virtualenv' retrieved from /home/airflow/.local/lib/python3.12/site-packages/airflow/example_dags/tutorial_taskflow_api_virtualenv.py
[2026-06-08T11:42:59.331+0000] {logging_mixin.py:188} INFO - [2026-06-08T11:42:59.331+0000] {dag.py:3096} INFO - Sync 1 DAGs
[2026-06-08T11:42:59.344+0000] {logging_mixin.py:188} INFO - [2026-06-08T11:42:59.343+0000] {dag.py:3954} INFO - Setting next_dagrun for tutorial_taskflow_api_virtualenv to None, run_after=None
[2026-06-08T11:42:59.364+0000] {processor.py:183} INFO - Processing /home/airflow/.local/lib/python3.12/site-packages/airflow/example_dags/tutorial_taskflow_api_virtualenv.py took 0.071 seconds
[2026-06-08T11:43:29.779+0000] {processor.py:161} INFO - Started process (PID=41101) to work on /home/airflow/.local/lib/python3.12/site-packages/airflow/example_dags/tutorial_taskflow_api_virtualenv.py
[2026-06-08T11:43:29.780+0000] {processor.py:830} INFO - Processing file /home/airflow/.local/lib/python3.12/site-packages/airflow/example_dags/tutorial_taskflow_api_virtualenv.py for tasks to queue
[2026-06-08T11:43:29.781+0000] {logging_mixin.py:188} INFO - [2026-06-08T11:43:29.781+0000] {dagbag.py:545} INFO - Filling up the DagBag from /home/airflow/.local/lib/python3.12/site-packages/airflow/example_dags/tutorial_taskflow_api_virtualenv.py
[2026-06-08T11:43:29.791+0000] {processor.py:840} INFO - DAG(s) 'tutorial_taskflow_api_virtualenv' retrieved from /home/airflow/.local/lib/python3.12/site-packages/airflow/example_dags/tutorial_taskflow_api_virtualenv.py
[2026-06-08T11:43:29.812+0000] {logging_mixin.py:188} INFO - [2026-06-08T11:43:29.812+0000] {dag.py:3096} INFO - Sync 1 DAGs
[2026-06-08T11:43:29.825+0000] {logging_mixin.py:188} INFO - [2026-06-08T11:43:29.825+0000] {dag.py:3954} INFO - Setting next_dagrun for tutorial_taskflow_api_virtualenv to None, run_after=None
[2026-06-08T11:43:29.848+0000] {processor.py:183} INFO - Processing /home/airflow/.local/lib/python3.12/site-packages/airflow/example_dags/tutorial_taskflow_api_virtualenv.py took 0.075 seconds
[2026-06-08T11:44:00.389+0000] {processor.py:161} INFO - Started process (PID=41361) to work on /home/airflow/.local/lib/python3.12/site-packages/airflow/example_dags/tutorial_taskflow_api_virtualenv.py
[2026-06-08T11:44:00.390+0000] {processor.py:830} INFO - Processing file /home/airflow/.local/lib/python3.12/site-packages/airflow/example_dags/tutorial_taskflow_api_virtualenv.py for tasks to queue
[2026-06-08T11:44:00.392+0000] {logging_mixin.py:188} INFO - [2026-06-08T11:44:00.391+0000] {dagbag.py:545} INFO - Filling up the DagBag from /home/airflow/.local/lib/python3.12/site-packages/airflow/example_dags/tutorial_taskflow_api_virtualenv.py
[2026-06-08T11:44:00.401+0000] {processor.py:840} INFO - DAG(s) 'tutorial_taskflow_api_virtualenv' retrieved from /home/airflow/.local/lib/python3.12/site-packages/airflow/example_dags/tutorial_taskflow_api_virtualenv.py
[2026-06-08T11:44:00.424+0000] {logging_mixin.py:188} INFO - [2026-06-08T11:44:00.423+0000] {dag.py:3096} INFO - Sync 1 DAGs
[2026-06-08T11:44:00.436+0000] {logging_mixin.py:188} INFO - [2026-06-08T11:44:00.436+0000] {dag.py:3954} INFO - Setting next_dagrun for tutorial_taskflow_api_virtualenv to None, run_after=None
[2026-06-08T11:44:00.470+0000] {processor.py:183} INFO - Processing /home/airflow/.local/lib/python3.12/site-packages/airflow/example_dags/tutorial_taskflow_api_virtualenv.py took 0.087 seconds
[2026-06-08T11:44:30.999+0000] {processor.py:161} INFO - Started process (PID=41625) to work on /home/airflow/.local/lib/python3.12/site-packages/airflow/example_dags/tutorial_taskflow_api_virtualenv.py
[2026-06-08T11:44:31.000+0000] {processor.py:830} INFO - Processing file /home/airflow/.local/lib/python3.12/site-packages/airflow/example_dags/tutorial_taskflow_api_virtualenv.py for tasks to queue
[2026-06-08T11:44:31.003+0000] {logging_mixin.py:188} INFO - [2026-06-08T11:44:31.002+0000] {dagbag.py:545} INFO - Filling up the DagBag from /home/airflow/.local/lib/python3.12/site-packages/airflow/example_dags/tutorial_taskflow_api_virtualenv.py
[2026-06-08T11:44:31.011+0000] {processor.py:840} INFO - DAG(s) 'tutorial_taskflow_api_virtualenv' retrieved from /home/airflow/.local/lib/python3.12/site-packages/airflow/example_dags/tutorial_taskflow_api_virtualenv.py
[2026-06-08T11:44:31.033+0000] {logging_mixin.py:188} INFO - [2026-06-08T11:44:31.033+0000] {dag.py:3096} INFO - Sync 1 DAGs
[2026-06-08T11:44:31.046+0000] {logging_mixin.py:188} INFO - [2026-06-08T11:44:31.046+0000] {dag.py:3954} INFO - Setting next_dagrun for tutorial_taskflow_api_virtualenv to None, run_after=None
[2026-06-08T11:44:31.067+0000] {processor.py:183} INFO - Processing /home/airflow/.local/lib/python3.12/site-packages/airflow/example_dags/tutorial_taskflow_api_virtualenv.py took 0.073 seconds
[2026-06-08T11:45:01.839+0000] {processor.py:161} INFO - Started process (PID=41885) to work on /home/airflow/.local/lib/python3.12/site-packages/airflow/example_dags/tutorial_taskflow_api_virtualenv.py
[2026-06-08T11:45:01.840+0000] {processor.py:830} INFO - Processing file /home/airflow/.local/lib/python3.12/site-packages/airflow/example_dags/tutorial_taskflow_api_virtualenv.py for tasks to queue
[2026-06-08T11:45:01.842+0000] {logging_mixin.py:188} INFO - [2026-06-08T11:45:01.842+0000] {dagbag.py:545} INFO - Filling up the DagBag from /home/airflow/.local/lib/python3.12/site-packages/airflow/example_dags/tutorial_taskflow_api_virtualenv.py
[2026-06-08T11:45:01.855+0000] {processor.py:840} INFO - DAG(s) 'tutorial_taskflow_api_virtualenv' retrieved from /home/airflow/.local/lib/python3.12/site-packages/airflow/example_dags/tutorial_taskflow_api_virtualenv.py
[2026-06-08T11:45:01.878+0000] {logging_mixin.py:188} INFO - [2026-06-08T11:45:01.878+0000] {dag.py:3096} INFO - Sync 1 DAGs
[2026-06-08T11:45:01.893+0000] {logging_mixin.py:188} INFO - [2026-06-08T11:45:01.892+0000] {dag.py:3954} INFO - Setting next_dagrun for tutorial_taskflow_api_virtualenv to None, run_after=None
[2026-06-08T11:45:01.915+0000] {processor.py:183} INFO - Processing /home/airflow/.local/lib/python3.12/site-packages/airflow/example_dags/tutorial_taskflow_api_virtualenv.py took 0.083 seconds
[2026-06-08T11:45:32.457+0000] {processor.py:161} INFO - Started process (PID=42148) to work on /home/airflow/.local/lib/python3.12/site-packages/airflow/example_dags/tutorial_taskflow_api_virtualenv.py
[2026-06-08T11:45:32.457+0000] {processor.py:830} INFO - Processing file /home/airflow/.local/lib/python3.12/site-packages/airflow/example_dags/tutorial_taskflow_api_virtualenv.py for tasks to queue
[2026-06-08T11:45:32.460+0000] {logging_mixin.py:188} INFO - [2026-06-08T11:45:32.459+0000] {dagbag.py:545} INFO - Filling up the DagBag from /home/airflow/.local/lib/python3.12/site-packages/airflow/example_dags/tutorial_taskflow_api_virtualenv.py
[2026-06-08T11:45:32.469+0000] {processor.py:840} INFO - DAG(s) 'tutorial_taskflow_api_virtualenv' retrieved from /home/airflow/.local/lib/python3.12/site-packages/airflow/example_dags/tutorial_taskflow_api_virtualenv.py
[2026-06-08T11:45:32.490+0000] {logging_mixin.py:188} INFO - [2026-06-08T11:45:32.490+0000] {dag.py:3096} INFO - Sync 1 DAGs
[2026-06-08T11:45:32.502+0000] {logging_mixin.py:188} INFO - [2026-06-08T11:45:32.502+0000] {dag.py:3954} INFO - Setting next_dagrun for tutorial_taskflow_api_virtualenv to None, run_after=None
[2026-06-08T11:45:32.525+0000] {processor.py:183} INFO - Processing /home/airflow/.local/lib/python3.12/site-packages/airflow/example_dags/tutorial_taskflow_api_virtualenv.py took 0.074 seconds
[2026-06-08T11:46:03.042+0000] {processor.py:161} INFO - Started process (PID=42410) to work on /home/airflow/.local/lib/python3.12/site-packages/airflow/example_dags/tutorial_taskflow_api_virtualenv.py
[2026-06-08T11:46:03.044+0000] {processor.py:830} INFO - Processing file /home/airflow/.local/lib/python3.12/site-packages/airflow/example_dags/tutorial_taskflow_api_virtualenv.py for tasks to queue
[2026-06-08T11:46:03.045+0000] {logging_mixin.py:188} INFO - [2026-06-08T11:46:03.045+0000] {dagbag.py:545} INFO - Filling up the DagBag from /home/airflow/.local/lib/python3.12/site-packages/airflow/example_dags/tutorial_taskflow_api_virtualenv.py
[2026-06-08T11:46:03.054+0000] {processor.py:840} INFO - DAG(s) 'tutorial_taskflow_api_virtualenv' retrieved from /home/airflow/.local/lib/python3.12/site-packages/airflow/example_dags/tutorial_taskflow_api_virtualenv.py
[2026-06-08T11:46:03.075+0000] {logging_mixin.py:188} INFO - [2026-06-08T11:46:03.074+0000] {dag.py:3096} INFO - Sync 1 DAGs
[2026-06-08T11:46:03.088+0000] {logging_mixin.py:188} INFO - [2026-06-08T11:46:03.088+0000] {dag.py:3954} INFO - Setting next_dagrun for tutorial_taskflow_api_virtualenv to None, run_after=None
[2026-06-08T11:46:03.112+0000] {processor.py:183} INFO - Processing /home/airflow/.local/lib/python3.12/site-packages/airflow/example_dags/tutorial_taskflow_api_virtualenv.py took 0.074 seconds
[2026-06-08T11:46:33.477+0000] {processor.py:161} INFO - Started process (PID=42672) to work on /home/airflow/.local/lib/python3.12/site-packages/airflow/example_dags/tutorial_taskflow_api_virtualenv.py
[2026-06-08T11:46:33.478+0000] {processor.py:830} INFO - Processing file /home/airflow/.local/lib/python3.12/site-packages/airflow/example_dags/tutorial_taskflow_api_virtualenv.py for tasks to queue
[2026-06-08T11:46:33.480+0000] {logging_mixin.py:188} INFO - [2026-06-08T11:46:33.480+0000] {dagbag.py:545} INFO - Filling up the DagBag from /home/airflow/.local/lib/python3.12/site-packages/airflow/example_dags/tutorial_taskflow_api_virtualenv.py
[2026-06-08T11:46:33.490+0000] {processor.py:840} INFO - DAG(s) 'tutorial_taskflow_api_virtualenv' retrieved from /home/airflow/.local/lib/python3.12/site-packages/airflow/example_dags/tutorial_taskflow_api_virtualenv.py
[2026-06-08T11:46:33.514+0000] {logging_mixin.py:188} INFO - [2026-06-08T11:46:33.514+0000] {dag.py:3096} INFO - Sync 1 DAGs
[2026-06-08T11:46:33.528+0000] {logging_mixin.py:188} INFO - [2026-06-08T11:46:33.527+0000] {dag.py:3954} INFO - Setting next_dagrun for tutorial_taskflow_api_virtualenv to None, run_after=None
[2026-06-08T11:46:33.553+0000] {processor.py:183} INFO - Processing /home/airflow/.local/lib/python3.12/site-packages/airflow/example_dags/tutorial_taskflow_api_virtualenv.py took 0.081 seconds
[2026-06-08T11:47:03.916+0000] {processor.py:161} INFO - Started process (PID=42934) to work on /home/airflow/.local/lib/python3.12/site-packages/airflow/example_dags/tutorial_taskflow_api_virtualenv.py
[2026-06-08T11:47:03.917+0000] {processor.py:830} INFO - Processing file /home/airflow/.local/lib/python3.12/site-packages/airflow/example_dags/tutorial_taskflow_api_virtualenv.py for tasks to queue
[2026-06-08T11:47:03.919+0000] {logging_mixin.py:188} INFO - [2026-06-08T11:47:03.918+0000] {dagbag.py:545} INFO - Filling up the DagBag from /home/airflow/.local/lib/python3.12/site-packages/airflow/example_dags/tutorial_taskflow_api_virtualenv.py
[2026-06-08T11:47:03.929+0000] {processor.py:840} INFO - DAG(s) 'tutorial_taskflow_api_virtualenv' retrieved from /home/airflow/.local/lib/python3.12/site-packages/airflow/example_dags/tutorial_taskflow_api_virtualenv.py
[2026-06-08T11:47:03.951+0000] {logging_mixin.py:188} INFO - [2026-06-08T11:47:03.950+0000] {dag.py:3096} INFO - Sync 1 DAGs
[2026-06-08T11:47:03.964+0000] {logging_mixin.py:188} INFO - [2026-06-08T11:47:03.964+0000] {dag.py:3954} INFO - Setting next_dagrun for tutorial_taskflow_api_virtualenv to None, run_after=None
[2026-06-08T11:47:03.986+0000] {processor.py:183} INFO - Processing /home/airflow/.local/lib/python3.12/site-packages/airflow/example_dags/tutorial_taskflow_api_virtualenv.py took 0.076 seconds
[2026-06-08T11:47:34.196+0000] {processor.py:161} INFO - Started process (PID=43196) to work on /home/airflow/.local/lib/python3.12/site-packages/airflow/example_dags/tutorial_taskflow_api_virtualenv.py
[2026-06-08T11:47:34.197+0000] {processor.py:830} INFO - Processing file /home/airflow/.local/lib/python3.12/site-packages/airflow/example_dags/tutorial_taskflow_api_virtualenv.py for tasks to queue
[2026-06-08T11:47:34.200+0000] {logging_mixin.py:188} INFO - [2026-06-08T11:47:34.199+0000] {dagbag.py:545} INFO - Filling up the DagBag from /home/airflow/.local/lib/python3.12/site-packages/airflow/example_dags/tutorial_taskflow_api_virtualenv.py
[2026-06-08T11:47:34.220+0000] {processor.py:840} INFO - DAG(s) 'tutorial_taskflow_api_virtualenv' retrieved from /home/airflow/.local/lib/python3.12/site-packages/airflow/example_dags/tutorial_taskflow_api_virtualenv.py
[2026-06-08T11:47:34.244+0000] {logging_mixin.py:188} INFO - [2026-06-08T11:47:34.244+0000] {dag.py:3096} INFO - Sync 1 DAGs
[2026-06-08T11:47:34.260+0000] {logging_mixin.py:188} INFO - [2026-06-08T11:47:34.259+0000] {dag.py:3954} INFO - Setting next_dagrun for tutorial_taskflow_api_virtualenv to None, run_after=None
[2026-06-08T11:47:34.281+0000] {processor.py:183} INFO - Processing /home/airflow/.local/lib/python3.12/site-packages/airflow/example_dags/tutorial_taskflow_api_virtualenv.py took 0.091 seconds
[2026-06-08T11:48:04.497+0000] {processor.py:161} INFO - Started process (PID=43458) to work on /home/airflow/.local/lib/python3.12/site-packages/airflow/example_dags/tutorial_taskflow_api_virtualenv.py
[2026-06-08T11:48:04.498+0000] {processor.py:830} INFO - Processing file /home/airflow/.local/lib/python3.12/site-packages/airflow/example_dags/tutorial_taskflow_api_virtualenv.py for tasks to queue
[2026-06-08T11:48:04.500+0000] {logging_mixin.py:188} INFO - [2026-06-08T11:48:04.500+0000] {dagbag.py:545} INFO - Filling up the DagBag from /home/airflow/.local/lib/python3.12/site-packages/airflow/example_dags/tutorial_taskflow_api_virtualenv.py
[2026-06-08T11:48:04.514+0000] {processor.py:840} INFO - DAG(s) 'tutorial_taskflow_api_virtualenv' retrieved from /home/airflow/.local/lib/python3.12/site-packages/airflow/example_dags/tutorial_taskflow_api_virtualenv.py
[2026-06-08T11:48:04.534+0000] {logging_mixin.py:188} INFO - [2026-06-08T11:48:04.534+0000] {dag.py:3096} INFO - Sync 1 DAGs
[2026-06-08T11:48:04.547+0000] {logging_mixin.py:188} INFO - [2026-06-08T11:48:04.547+0000] {dag.py:3954} INFO - Setting next_dagrun for tutorial_taskflow_api_virtualenv to None, run_after=None
[2026-06-08T11:48:04.570+0000] {processor.py:183} INFO - Processing /home/airflow/.local/lib/python3.12/site-packages/airflow/example_dags/tutorial_taskflow_api_virtualenv.py took 0.077 seconds
[2026-06-08T11:48:34.978+0000] {processor.py:161} INFO - Started process (PID=43720) to work on /home/airflow/.local/lib/python3.12/site-packages/airflow/example_dags/tutorial_taskflow_api_virtualenv.py
[2026-06-08T11:48:34.979+0000] {processor.py:830} INFO - Processing file /home/airflow/.local/lib/python3.12/site-packages/airflow/example_dags/tutorial_taskflow_api_virtualenv.py for tasks to queue
[2026-06-08T11:48:34.981+0000] {logging_mixin.py:188} INFO - [2026-06-08T11:48:34.980+0000] {dagbag.py:545} INFO - Filling up the DagBag from /home/airflow/.local/lib/python3.12/site-packages/airflow/example_dags/tutorial_taskflow_api_virtualenv.py
[2026-06-08T11:48:34.990+0000] {processor.py:840} INFO - DAG(s) 'tutorial_taskflow_api_virtualenv' retrieved from /home/airflow/.local/lib/python3.12/site-packages/airflow/example_dags/tutorial_taskflow_api_virtualenv.py
[2026-06-08T11:48:35.011+0000] {logging_mixin.py:188} INFO - [2026-06-08T11:48:35.011+0000] {dag.py:3096} INFO - Sync 1 DAGs
[2026-06-08T11:48:35.025+0000] {logging_mixin.py:188} INFO - [2026-06-08T11:48:35.024+0000] {dag.py:3954} INFO - Setting next_dagrun for tutorial_taskflow_api_virtualenv to None, run_after=None
[2026-06-08T11:48:35.050+0000] {processor.py:183} INFO - Processing /home/airflow/.local/lib/python3.12/site-packages/airflow/example_dags/tutorial_taskflow_api_virtualenv.py took 0.077 seconds
[2026-06-08T11:49:05.242+0000] {processor.py:161} INFO - Started process (PID=43982) to work on /home/airflow/.local/lib/python3.12/site-packages/airflow/example_dags/tutorial_taskflow_api_virtualenv.py
[2026-06-08T11:49:05.244+0000] {processor.py:830} INFO - Processing file /home/airflow/.local/lib/python3.12/site-packages/airflow/example_dags/tutorial_taskflow_api_virtualenv.py for tasks to queue
[2026-06-08T11:49:05.245+0000] {logging_mixin.py:188} INFO - [2026-06-08T11:49:05.245+0000] {dagbag.py:545} INFO - Filling up the DagBag from /home/airflow/.local/lib/python3.12/site-packages/airflow/example_dags/tutorial_taskflow_api_virtualenv.py
[2026-06-08T11:49:05.255+0000] {processor.py:840} INFO - DAG(s) 'tutorial_taskflow_api_virtualenv' retrieved from /home/airflow/.local/lib/python3.12/site-packages/airflow/example_dags/tutorial_taskflow_api_virtualenv.py
[2026-06-08T11:49:05.278+0000] {logging_mixin.py:188} INFO - [2026-06-08T11:49:05.278+0000] {dag.py:3096} INFO - Sync 1 DAGs
[2026-06-08T11:49:05.291+0000] {logging_mixin.py:188} INFO - [2026-06-08T11:49:05.291+0000] {dag.py:3954} INFO - Setting next_dagrun for tutorial_taskflow_api_virtualenv to None, run_after=None
[2026-06-08T11:49:05.314+0000] {processor.py:183} INFO - Processing /home/airflow/.local/lib/python3.12/site-packages/airflow/example_dags/tutorial_taskflow_api_virtualenv.py took 0.077 seconds
[2026-06-08T11:49:35.853+0000] {processor.py:161} INFO - Started process (PID=44244) to work on /home/airflow/.local/lib/python3.12/site-packages/airflow/example_dags/tutorial_taskflow_api_virtualenv.py
[2026-06-08T11:49:35.854+0000] {processor.py:830} INFO - Processing file /home/airflow/.local/lib/python3.12/site-packages/airflow/example_dags/tutorial_taskflow_api_virtualenv.py for tasks to queue
[2026-06-08T11:49:35.855+0000] {logging_mixin.py:188} INFO - [2026-06-08T11:49:35.855+0000] {dagbag.py:545} INFO - Filling up the DagBag from /home/airflow/.local/lib/python3.12/site-packages/airflow/example_dags/tutorial_taskflow_api_virtualenv.py
[2026-06-08T11:49:35.864+0000] {processor.py:840} INFO - DAG(s) 'tutorial_taskflow_api_virtualenv' retrieved from /home/airflow/.local/lib/python3.12/site-packages/airflow/example_dags/tutorial_taskflow_api_virtualenv.py
[2026-06-08T11:49:35.886+0000] {logging_mixin.py:188} INFO - [2026-06-08T11:49:35.886+0000] {dag.py:3096} INFO - Sync 1 DAGs
[2026-06-08T11:49:35.899+0000] {logging_mixin.py:188} INFO - [2026-06-08T11:49:35.899+0000] {dag.py:3954} INFO - Setting next_dagrun for tutorial_taskflow_api_virtualenv to None, run_after=None
[2026-06-08T11:49:35.922+0000] {processor.py:183} INFO - Processing /home/airflow/.local/lib/python3.12/site-packages/airflow/example_dags/tutorial_taskflow_api_virtualenv.py took 0.075 seconds
[2026-06-08T11:50:06.224+0000] {processor.py:161} INFO - Started process (PID=44506) to work on /home/airflow/.local/lib/python3.12/site-packages/airflow/example_dags/tutorial_taskflow_api_virtualenv.py
[2026-06-08T11:50:06.225+0000] {processor.py:830} INFO - Processing file /home/airflow/.local/lib/python3.12/site-packages/airflow/example_dags/tutorial_taskflow_api_virtualenv.py for tasks to queue
[2026-06-08T11:50:06.227+0000] {logging_mixin.py:188} INFO - [2026-06-08T11:50:06.227+0000] {dagbag.py:545} INFO - Filling up the DagBag from /home/airflow/.local/lib/python3.12/site-packages/airflow/example_dags/tutorial_taskflow_api_virtualenv.py
[2026-06-08T11:50:06.237+0000] {processor.py:840} INFO - DAG(s) 'tutorial_taskflow_api_virtualenv' retrieved from /home/airflow/.local/lib/python3.12/site-packages/airflow/example_dags/tutorial_taskflow_api_virtualenv.py
[2026-06-08T11:50:06.260+0000] {logging_mixin.py:188} INFO - [2026-06-08T11:50:06.260+0000] {dag.py:3096} INFO - Sync 1 DAGs
[2026-06-08T11:50:06.274+0000] {logging_mixin.py:188} INFO - [2026-06-08T11:50:06.274+0000] {dag.py:3954} INFO - Setting next_dagrun for tutorial_taskflow_api_virtualenv to None, run_after=None
[2026-06-08T11:50:06.298+0000] {processor.py:183} INFO - Processing /home/airflow/.local/lib/python3.12/site-packages/airflow/example_dags/tutorial_taskflow_api_virtualenv.py took 0.079 seconds
[2026-06-08T11:50:36.674+0000] {processor.py:161} INFO - Started process (PID=44768) to work on /home/airflow/.local/lib/python3.12/site-packages/airflow/example_dags/tutorial_taskflow_api_virtualenv.py
[2026-06-08T11:50:36.675+0000] {processor.py:830} INFO - Processing file /home/airflow/.local/lib/python3.12/site-packages/airflow/example_dags/tutorial_taskflow_api_virtualenv.py for tasks to queue
[2026-06-08T11:50:36.677+0000] {logging_mixin.py:188} INFO - [2026-06-08T11:50:36.677+0000] {dagbag.py:545} INFO - Filling up the DagBag from /home/airflow/.local/lib/python3.12/site-packages/airflow/example_dags/tutorial_taskflow_api_virtualenv.py
[2026-06-08T11:50:36.689+0000] {processor.py:840} INFO - DAG(s) 'tutorial_taskflow_api_virtualenv' retrieved from /home/airflow/.local/lib/python3.12/site-packages/airflow/example_dags/tutorial_taskflow_api_virtualenv.py
[2026-06-08T11:50:36.717+0000] {logging_mixin.py:188} INFO - [2026-06-08T11:50:36.717+0000] {dag.py:3096} INFO - Sync 1 DAGs
[2026-06-08T11:50:36.734+0000] {logging_mixin.py:188} INFO - [2026-06-08T11:50:36.734+0000] {dag.py:3954} INFO - Setting next_dagrun for tutorial_taskflow_api_virtualenv to None, run_after=None
[2026-06-08T11:50:36.767+0000] {processor.py:183} INFO - Processing /home/airflow/.local/lib/python3.12/site-packages/airflow/example_dags/tutorial_taskflow_api_virtualenv.py took 0.097 seconds
[2026-06-08T11:51:07.013+0000] {processor.py:161} INFO - Started process (PID=45031) to work on /home/airflow/.local/lib/python3.12/site-packages/airflow/example_dags/tutorial_taskflow_api_virtualenv.py
[2026-06-08T11:51:07.014+0000] {processor.py:830} INFO - Processing file /home/airflow/.local/lib/python3.12/site-packages/airflow/example_dags/tutorial_taskflow_api_virtualenv.py for tasks to queue
[2026-06-08T11:51:07.017+0000] {logging_mixin.py:188} INFO - [2026-06-08T11:51:07.016+0000] {dagbag.py:545} INFO - Filling up the DagBag from /home/airflow/.local/lib/python3.12/site-packages/airflow/example_dags/tutorial_taskflow_api_virtualenv.py
[2026-06-08T11:51:07.029+0000] {processor.py:840} INFO - DAG(s) 'tutorial_taskflow_api_virtualenv' retrieved from /home/airflow/.local/lib/python3.12/site-packages/airflow/example_dags/tutorial_taskflow_api_virtualenv.py
[2026-06-08T11:51:07.051+0000] {logging_mixin.py:188} INFO - [2026-06-08T11:51:07.051+0000] {dag.py:3096} INFO - Sync 1 DAGs
[2026-06-08T11:51:07.067+0000] {logging_mixin.py:188} INFO - [2026-06-08T11:51:07.067+0000] {dag.py:3954} INFO - Setting next_dagrun for tutorial_taskflow_api_virtualenv to None, run_after=None
[2026-06-08T11:51:07.091+0000] {processor.py:183} INFO - Processing /home/airflow/.local/lib/python3.12/site-packages/airflow/example_dags/tutorial_taskflow_api_virtualenv.py took 0.084 seconds
[2026-06-08T11:51:37.395+0000] {processor.py:161} INFO - Started process (PID=45295) to work on /home/airflow/.local/lib/python3.12/site-packages/airflow/example_dags/tutorial_taskflow_api_virtualenv.py
[2026-06-08T11:51:37.397+0000] {processor.py:830} INFO - Processing file /home/airflow/.local/lib/python3.12/site-packages/airflow/example_dags/tutorial_taskflow_api_virtualenv.py for tasks to queue
[2026-06-08T11:51:37.399+0000] {logging_mixin.py:188} INFO - [2026-06-08T11:51:37.399+0000] {dagbag.py:545} INFO - Filling up the DagBag from /home/airflow/.local/lib/python3.12/site-packages/airflow/example_dags/tutorial_taskflow_api_virtualenv.py
[2026-06-08T11:51:37.411+0000] {processor.py:840} INFO - DAG(s) 'tutorial_taskflow_api_virtualenv' retrieved from /home/airflow/.local/lib/python3.12/site-packages/airflow/example_dags/tutorial_taskflow_api_virtualenv.py
[2026-06-08T11:51:37.437+0000] {logging_mixin.py:188} INFO - [2026-06-08T11:51:37.436+0000] {dag.py:3096} INFO - Sync 1 DAGs
[2026-06-08T11:51:37.454+0000] {logging_mixin.py:188} INFO - [2026-06-08T11:51:37.453+0000] {dag.py:3954} INFO - Setting next_dagrun for tutorial_taskflow_api_virtualenv to None, run_after=None
[2026-06-08T11:51:37.483+0000] {processor.py:183} INFO - Processing /home/airflow/.local/lib/python3.12/site-packages/airflow/example_dags/tutorial_taskflow_api_virtualenv.py took 0.094 seconds
[2026-06-08T11:52:08.359+0000] {processor.py:161} INFO - Started process (PID=45555) to work on /home/airflow/.local/lib/python3.12/site-packages/airflow/example_dags/tutorial_taskflow_api_virtualenv.py
[2026-06-08T11:52:08.360+0000] {processor.py:830} INFO - Processing file /home/airflow/.local/lib/python3.12/site-packages/airflow/example_dags/tutorial_taskflow_api_virtualenv.py for tasks to queue
[2026-06-08T11:52:08.361+0000] {logging_mixin.py:188} INFO - [2026-06-08T11:52:08.361+0000] {dagbag.py:545} INFO - Filling up the DagBag from /home/airflow/.local/lib/python3.12/site-packages/airflow/example_dags/tutorial_taskflow_api_virtualenv.py
[2026-06-08T11:52:08.370+0000] {processor.py:840} INFO - DAG(s) 'tutorial_taskflow_api_virtualenv' retrieved from /home/airflow/.local/lib/python3.12/site-packages/airflow/example_dags/tutorial_taskflow_api_virtualenv.py
[2026-06-08T11:52:08.389+0000] {logging_mixin.py:188} INFO - [2026-06-08T11:52:08.389+0000] {dag.py:3096} INFO - Sync 1 DAGs
[2026-06-08T11:52:08.402+0000] {logging_mixin.py:188} INFO - [2026-06-08T11:52:08.401+0000] {dag.py:3954} INFO - Setting next_dagrun for tutorial_taskflow_api_virtualenv to None, run_after=None
[2026-06-08T11:52:08.424+0000] {processor.py:183} INFO - Processing /home/airflow/.local/lib/python3.12/site-packages/airflow/example_dags/tutorial_taskflow_api_virtualenv.py took 0.071 seconds
[2026-06-08T11:52:38.989+0000] {processor.py:161} INFO - Started process (PID=45817) to work on /home/airflow/.local/lib/python3.12/site-packages/airflow/example_dags/tutorial_taskflow_api_virtualenv.py
[2026-06-08T11:52:38.990+0000] {processor.py:830} INFO - Processing file /home/airflow/.local/lib/python3.12/site-packages/airflow/example_dags/tutorial_taskflow_api_virtualenv.py for tasks to queue
[2026-06-08T11:52:38.992+0000] {logging_mixin.py:188} INFO - [2026-06-08T11:52:38.991+0000] {dagbag.py:545} INFO - Filling up the DagBag from /home/airflow/.local/lib/python3.12/site-packages/airflow/example_dags/tutorial_taskflow_api_virtualenv.py
[2026-06-08T11:52:39.000+0000] {processor.py:840} INFO - DAG(s) 'tutorial_taskflow_api_virtualenv' retrieved from /home/airflow/.local/lib/python3.12/site-packages/airflow/example_dags/tutorial_taskflow_api_virtualenv.py
[2026-06-08T11:52:39.023+0000] {logging_mixin.py:188} INFO - [2026-06-08T11:52:39.023+0000] {dag.py:3096} INFO - Sync 1 DAGs
[2026-06-08T11:52:39.037+0000] {logging_mixin.py:188} INFO - [2026-06-08T11:52:39.037+0000] {dag.py:3954} INFO - Setting next_dagrun for tutorial_taskflow_api_virtualenv to None, run_after=None
[2026-06-08T11:52:39.059+0000] {processor.py:183} INFO - Processing /home/airflow/.local/lib/python3.12/site-packages/airflow/example_dags/tutorial_taskflow_api_virtualenv.py took 0.076 seconds
[2026-06-08T11:53:09.157+0000] {processor.py:161} INFO - Started process (PID=46079) to work on /home/airflow/.local/lib/python3.12/site-packages/airflow/example_dags/tutorial_taskflow_api_virtualenv.py
[2026-06-08T11:53:09.158+0000] {processor.py:830} INFO - Processing file /home/airflow/.local/lib/python3.12/site-packages/airflow/example_dags/tutorial_taskflow_api_virtualenv.py for tasks to queue
[2026-06-08T11:53:09.159+0000] {logging_mixin.py:188} INFO - [2026-06-08T11:53:09.159+0000] {dagbag.py:545} INFO - Filling up the DagBag from /home/airflow/.local/lib/python3.12/site-packages/airflow/example_dags/tutorial_taskflow_api_virtualenv.py
[2026-06-08T11:53:09.168+0000] {processor.py:840} INFO - DAG(s) 'tutorial_taskflow_api_virtualenv' retrieved from /home/airflow/.local/lib/python3.12/site-packages/airflow/example_dags/tutorial_taskflow_api_virtualenv.py
[2026-06-08T11:53:09.188+0000] {logging_mixin.py:188} INFO - [2026-06-08T11:53:09.188+0000] {dag.py:3096} INFO - Sync 1 DAGs
[2026-06-08T11:53:09.201+0000] {logging_mixin.py:188} INFO - [2026-06-08T11:53:09.201+0000] {dag.py:3954} INFO - Setting next_dagrun for tutorial_taskflow_api_virtualenv to None, run_after=None
[2026-06-08T11:53:09.224+0000] {processor.py:183} INFO - Processing /home/airflow/.local/lib/python3.12/site-packages/airflow/example_dags/tutorial_taskflow_api_virtualenv.py took 0.072 seconds
[2026-06-08T11:53:39.460+0000] {processor.py:161} INFO - Started process (PID=46341) to work on /home/airflow/.local/lib/python3.12/site-packages/airflow/example_dags/tutorial_taskflow_api_virtualenv.py
[2026-06-08T11:53:39.461+0000] {processor.py:830} INFO - Processing file /home/airflow/.local/lib/python3.12/site-packages/airflow/example_dags/tutorial_taskflow_api_virtualenv.py for tasks to queue
[2026-06-08T11:53:39.463+0000] {logging_mixin.py:188} INFO - [2026-06-08T11:53:39.462+0000] {dagbag.py:545} INFO - Filling up the DagBag from /home/airflow/.local/lib/python3.12/site-packages/airflow/example_dags/tutorial_taskflow_api_virtualenv.py
[2026-06-08T11:53:39.471+0000] {processor.py:840} INFO - DAG(s) 'tutorial_taskflow_api_virtualenv' retrieved from /home/airflow/.local/lib/python3.12/site-packages/airflow/example_dags/tutorial_taskflow_api_virtualenv.py
[2026-06-08T11:53:39.493+0000] {logging_mixin.py:188} INFO - [2026-06-08T11:53:39.493+0000] {dag.py:3096} INFO - Sync 1 DAGs
[2026-06-08T11:53:39.506+0000] {logging_mixin.py:188} INFO - [2026-06-08T11:53:39.505+0000] {dag.py:3954} INFO - Setting next_dagrun for tutorial_taskflow_api_virtualenv to None, run_after=None
[2026-06-08T11:53:39.527+0000] {processor.py:183} INFO - Processing /home/airflow/.local/lib/python3.12/site-packages/airflow/example_dags/tutorial_taskflow_api_virtualenv.py took 0.073 seconds
[2026-06-08T11:54:09.702+0000] {processor.py:161} INFO - Started process (PID=46603) to work on /home/airflow/.local/lib/python3.12/site-packages/airflow/example_dags/tutorial_taskflow_api_virtualenv.py
[2026-06-08T11:54:09.704+0000] {processor.py:830} INFO - Processing file /home/airflow/.local/lib/python3.12/site-packages/airflow/example_dags/tutorial_taskflow_api_virtualenv.py for tasks to queue
[2026-06-08T11:54:09.706+0000] {logging_mixin.py:188} INFO - [2026-06-08T11:54:09.705+0000] {dagbag.py:545} INFO - Filling up the DagBag from /home/airflow/.local/lib/python3.12/site-packages/airflow/example_dags/tutorial_taskflow_api_virtualenv.py
[2026-06-08T11:54:09.715+0000] {processor.py:840} INFO - DAG(s) 'tutorial_taskflow_api_virtualenv' retrieved from /home/airflow/.local/lib/python3.12/site-packages/airflow/example_dags/tutorial_taskflow_api_virtualenv.py
[2026-06-08T11:54:09.736+0000] {logging_mixin.py:188} INFO - [2026-06-08T11:54:09.736+0000] {dag.py:3096} INFO - Sync 1 DAGs
[2026-06-08T11:54:09.748+0000] {logging_mixin.py:188} INFO - [2026-06-08T11:54:09.748+0000] {dag.py:3954} INFO - Setting next_dagrun for tutorial_taskflow_api_virtualenv to None, run_after=None
[2026-06-08T11:54:09.769+0000] {processor.py:183} INFO - Processing /home/airflow/.local/lib/python3.12/site-packages/airflow/example_dags/tutorial_taskflow_api_virtualenv.py took 0.072 seconds
[2026-06-08T11:54:40.015+0000] {processor.py:161} INFO - Started process (PID=46865) to work on /home/airflow/.local/lib/python3.12/site-packages/airflow/example_dags/tutorial_taskflow_api_virtualenv.py
[2026-06-08T11:54:40.016+0000] {processor.py:830} INFO - Processing file /home/airflow/.local/lib/python3.12/site-packages/airflow/example_dags/tutorial_taskflow_api_virtualenv.py for tasks to queue
[2026-06-08T11:54:40.018+0000] {logging_mixin.py:188} INFO - [2026-06-08T11:54:40.017+0000] {dagbag.py:545} INFO - Filling up the DagBag from /home/airflow/.local/lib/python3.12/site-packages/airflow/example_dags/tutorial_taskflow_api_virtualenv.py
[2026-06-08T11:54:40.025+0000] {processor.py:840} INFO - DAG(s) 'tutorial_taskflow_api_virtualenv' retrieved from /home/airflow/.local/lib/python3.12/site-packages/airflow/example_dags/tutorial_taskflow_api_virtualenv.py
[2026-06-08T11:54:40.046+0000] {logging_mixin.py:188} INFO - [2026-06-08T11:54:40.046+0000] {dag.py:3096} INFO - Sync 1 DAGs
[2026-06-08T11:54:40.059+0000] {logging_mixin.py:188} INFO - [2026-06-08T11:54:40.059+0000] {dag.py:3954} INFO - Setting next_dagrun for tutorial_taskflow_api_virtualenv to None, run_after=None
[2026-06-08T11:54:40.083+0000] {processor.py:183} INFO - Processing /home/airflow/.local/lib/python3.12/site-packages/airflow/example_dags/tutorial_taskflow_api_virtualenv.py took 0.072 seconds
[2026-06-08T11:55:10.795+0000] {processor.py:161} INFO - Started process (PID=47127) to work on /home/airflow/.local/lib/python3.12/site-packages/airflow/example_dags/tutorial_taskflow_api_virtualenv.py
[2026-06-08T11:55:10.797+0000] {processor.py:830} INFO - Processing file /home/airflow/.local/lib/python3.12/site-packages/airflow/example_dags/tutorial_taskflow_api_virtualenv.py for tasks to queue
[2026-06-08T11:55:10.798+0000] {logging_mixin.py:188} INFO - [2026-06-08T11:55:10.798+0000] {dagbag.py:545} INFO - Filling up the DagBag from /home/airflow/.local/lib/python3.12/site-packages/airflow/example_dags/tutorial_taskflow_api_virtualenv.py
[2026-06-08T11:55:10.808+0000] {processor.py:840} INFO - DAG(s) 'tutorial_taskflow_api_virtualenv' retrieved from /home/airflow/.local/lib/python3.12/site-packages/airflow/example_dags/tutorial_taskflow_api_virtualenv.py
[2026-06-08T11:55:10.835+0000] {logging_mixin.py:188} INFO - [2026-06-08T11:55:10.835+0000] {dag.py:3096} INFO - Sync 1 DAGs
[2026-06-08T11:55:10.851+0000] {logging_mixin.py:188} INFO - [2026-06-08T11:55:10.850+0000] {dag.py:3954} INFO - Setting next_dagrun for tutorial_taskflow_api_virtualenv to None, run_after=None
[2026-06-08T11:55:10.877+0000] {processor.py:183} INFO - Processing /home/airflow/.local/lib/python3.12/site-packages/airflow/example_dags/tutorial_taskflow_api_virtualenv.py took 0.089 seconds
[2026-06-08T11:55:41.355+0000] {processor.py:161} INFO - Started process (PID=47389) to work on /home/airflow/.local/lib/python3.12/site-packages/airflow/example_dags/tutorial_taskflow_api_virtualenv.py
[2026-06-08T11:55:41.357+0000] {processor.py:830} INFO - Processing file /home/airflow/.local/lib/python3.12/site-packages/airflow/example_dags/tutorial_taskflow_api_virtualenv.py for tasks to queue
[2026-06-08T11:55:41.360+0000] {logging_mixin.py:188} INFO - [2026-06-08T11:55:41.360+0000] {dagbag.py:545} INFO - Filling up the DagBag from /home/airflow/.local/lib/python3.12/site-packages/airflow/example_dags/tutorial_taskflow_api_virtualenv.py
[2026-06-08T11:55:41.376+0000] {processor.py:840} INFO - DAG(s) 'tutorial_taskflow_api_virtualenv' retrieved from /home/airflow/.local/lib/python3.12/site-packages/airflow/example_dags/tutorial_taskflow_api_virtualenv.py
[2026-06-08T11:55:41.420+0000] {logging_mixin.py:188} INFO - [2026-06-08T11:55:41.420+0000] {dag.py:3096} INFO - Sync 1 DAGs
[2026-06-08T11:55:41.449+0000] {logging_mixin.py:188} INFO - [2026-06-08T11:55:41.448+0000] {dag.py:3954} INFO - Setting next_dagrun for tutorial_taskflow_api_virtualenv to None, run_after=None
[2026-06-08T11:55:41.506+0000] {processor.py:183} INFO - Processing /home/airflow/.local/lib/python3.12/site-packages/airflow/example_dags/tutorial_taskflow_api_virtualenv.py took 0.158 seconds
[2026-06-08T11:56:11.881+0000] {processor.py:161} INFO - Started process (PID=47651) to work on /home/airflow/.local/lib/python3.12/site-packages/airflow/example_dags/tutorial_taskflow_api_virtualenv.py
[2026-06-08T11:56:11.882+0000] {processor.py:830} INFO - Processing file /home/airflow/.local/lib/python3.12/site-packages/airflow/example_dags/tutorial_taskflow_api_virtualenv.py for tasks to queue
[2026-06-08T11:56:11.884+0000] {logging_mixin.py:188} INFO - [2026-06-08T11:56:11.883+0000] {dagbag.py:545} INFO - Filling up the DagBag from /home/airflow/.local/lib/python3.12/site-packages/airflow/example_dags/tutorial_taskflow_api_virtualenv.py
[2026-06-08T11:56:11.894+0000] {processor.py:840} INFO - DAG(s) 'tutorial_taskflow_api_virtualenv' retrieved from /home/airflow/.local/lib/python3.12/site-packages/airflow/example_dags/tutorial_taskflow_api_virtualenv.py
[2026-06-08T11:56:11.917+0000] {logging_mixin.py:188} INFO - [2026-06-08T11:56:11.917+0000] {dag.py:3096} INFO - Sync 1 DAGs
[2026-06-08T11:56:11.931+0000] {logging_mixin.py:188} INFO - [2026-06-08T11:56:11.931+0000] {dag.py:3954} INFO - Setting next_dagrun for tutorial_taskflow_api_virtualenv to None, run_after=None
[2026-06-08T11:56:11.956+0000] {processor.py:183} INFO - Processing /home/airflow/.local/lib/python3.12/site-packages/airflow/example_dags/tutorial_taskflow_api_virtualenv.py took 0.082 seconds
[2026-06-08T11:56:42.365+0000] {processor.py:161} INFO - Started process (PID=47920) to work on /home/airflow/.local/lib/python3.12/site-packages/airflow/example_dags/tutorial_taskflow_api_virtualenv.py
[2026-06-08T11:56:42.367+0000] {processor.py:830} INFO - Processing file /home/airflow/.local/lib/python3.12/site-packages/airflow/example_dags/tutorial_taskflow_api_virtualenv.py for tasks to queue
[2026-06-08T11:56:42.369+0000] {logging_mixin.py:188} INFO - [2026-06-08T11:56:42.368+0000] {dagbag.py:545} INFO - Filling up the DagBag from /home/airflow/.local/lib/python3.12/site-packages/airflow/example_dags/tutorial_taskflow_api_virtualenv.py
[2026-06-08T11:56:42.381+0000] {processor.py:840} INFO - DAG(s) 'tutorial_taskflow_api_virtualenv' retrieved from /home/airflow/.local/lib/python3.12/site-packages/airflow/example_dags/tutorial_taskflow_api_virtualenv.py
[2026-06-08T11:56:42.406+0000] {logging_mixin.py:188} INFO - [2026-06-08T11:56:42.406+0000] {dag.py:3096} INFO - Sync 1 DAGs
[2026-06-08T11:56:42.421+0000] {logging_mixin.py:188} INFO - [2026-06-08T11:56:42.421+0000] {dag.py:3954} INFO - Setting next_dagrun for tutorial_taskflow_api_virtualenv to None, run_after=None
[2026-06-08T11:56:42.452+0000] {processor.py:183} INFO - Processing /home/airflow/.local/lib/python3.12/site-packages/airflow/example_dags/tutorial_taskflow_api_virtualenv.py took 0.093 seconds
[2026-06-08T11:57:12.900+0000] {processor.py:161} INFO - Started process (PID=48182) to work on /home/airflow/.local/lib/python3.12/site-packages/airflow/example_dags/tutorial_taskflow_api_virtualenv.py
[2026-06-08T11:57:12.901+0000] {processor.py:830} INFO - Processing file /home/airflow/.local/lib/python3.12/site-packages/airflow/example_dags/tutorial_taskflow_api_virtualenv.py for tasks to queue
[2026-06-08T11:57:12.902+0000] {logging_mixin.py:188} INFO - [2026-06-08T11:57:12.902+0000] {dagbag.py:545} INFO - Filling up the DagBag from /home/airflow/.local/lib/python3.12/site-packages/airflow/example_dags/tutorial_taskflow_api_virtualenv.py
[2026-06-08T11:57:12.913+0000] {processor.py:840} INFO - DAG(s) 'tutorial_taskflow_api_virtualenv' retrieved from /home/airflow/.local/lib/python3.12/site-packages/airflow/example_dags/tutorial_taskflow_api_virtualenv.py
[2026-06-08T11:57:12.939+0000] {logging_mixin.py:188} INFO - [2026-06-08T11:57:12.939+0000] {dag.py:3096} INFO - Sync 1 DAGs
[2026-06-08T11:57:12.954+0000] {logging_mixin.py:188} INFO - [2026-06-08T11:57:12.954+0000] {dag.py:3954} INFO - Setting next_dagrun for tutorial_taskflow_api_virtualenv to None, run_after=None
[2026-06-08T11:57:12.980+0000] {processor.py:183} INFO - Processing /home/airflow/.local/lib/python3.12/site-packages/airflow/example_dags/tutorial_taskflow_api_virtualenv.py took 0.086 seconds
[2026-06-08T11:57:43.340+0000] {processor.py:161} INFO - Started process (PID=48445) to work on /home/airflow/.local/lib/python3.12/site-packages/airflow/example_dags/tutorial_taskflow_api_virtualenv.py
[2026-06-08T11:57:43.342+0000] {processor.py:830} INFO - Processing file /home/airflow/.local/lib/python3.12/site-packages/airflow/example_dags/tutorial_taskflow_api_virtualenv.py for tasks to queue
[2026-06-08T11:57:43.345+0000] {logging_mixin.py:188} INFO - [2026-06-08T11:57:43.344+0000] {dagbag.py:545} INFO - Filling up the DagBag from /home/airflow/.local/lib/python3.12/site-packages/airflow/example_dags/tutorial_taskflow_api_virtualenv.py
[2026-06-08T11:57:43.363+0000] {processor.py:840} INFO - DAG(s) 'tutorial_taskflow_api_virtualenv' retrieved from /home/airflow/.local/lib/python3.12/site-packages/airflow/example_dags/tutorial_taskflow_api_virtualenv.py
[2026-06-08T11:57:43.394+0000] {logging_mixin.py:188} INFO - [2026-06-08T11:57:43.394+0000] {dag.py:3096} INFO - Sync 1 DAGs
[2026-06-08T11:57:43.414+0000] {logging_mixin.py:188} INFO - [2026-06-08T11:57:43.414+0000] {dag.py:3954} INFO - Setting next_dagrun for tutorial_taskflow_api_virtualenv to None, run_after=None
[2026-06-08T11:57:43.444+0000] {processor.py:183} INFO - Processing /home/airflow/.local/lib/python3.12/site-packages/airflow/example_dags/tutorial_taskflow_api_virtualenv.py took 0.114 seconds
[2026-06-08T11:58:14.270+0000] {processor.py:161} INFO - Started process (PID=48707) to work on /home/airflow/.local/lib/python3.12/site-packages/airflow/example_dags/tutorial_taskflow_api_virtualenv.py
[2026-06-08T11:58:14.271+0000] {processor.py:830} INFO - Processing file /home/airflow/.local/lib/python3.12/site-packages/airflow/example_dags/tutorial_taskflow_api_virtualenv.py for tasks to queue
[2026-06-08T11:58:14.273+0000] {logging_mixin.py:188} INFO - [2026-06-08T11:58:14.273+0000] {dagbag.py:545} INFO - Filling up the DagBag from /home/airflow/.local/lib/python3.12/site-packages/airflow/example_dags/tutorial_taskflow_api_virtualenv.py
[2026-06-08T11:58:14.287+0000] {processor.py:840} INFO - DAG(s) 'tutorial_taskflow_api_virtualenv' retrieved from /home/airflow/.local/lib/python3.12/site-packages/airflow/example_dags/tutorial_taskflow_api_virtualenv.py
[2026-06-08T11:58:14.314+0000] {logging_mixin.py:188} INFO - [2026-06-08T11:58:14.314+0000] {dag.py:3096} INFO - Sync 1 DAGs
[2026-06-08T11:58:14.328+0000] {logging_mixin.py:188} INFO - [2026-06-08T11:58:14.327+0000] {dag.py:3954} INFO - Setting next_dagrun for tutorial_taskflow_api_virtualenv to None, run_after=None
[2026-06-08T11:58:14.358+0000] {processor.py:183} INFO - Processing /home/airflow/.local/lib/python3.12/site-packages/airflow/example_dags/tutorial_taskflow_api_virtualenv.py took 0.095 seconds
[2026-06-08T11:58:44.510+0000] {processor.py:161} INFO - Started process (PID=48969) to work on /home/airflow/.local/lib/python3.12/site-packages/airflow/example_dags/tutorial_taskflow_api_virtualenv.py
[2026-06-08T11:58:44.511+0000] {processor.py:830} INFO - Processing file /home/airflow/.local/lib/python3.12/site-packages/airflow/example_dags/tutorial_taskflow_api_virtualenv.py for tasks to queue
[2026-06-08T11:58:44.512+0000] {logging_mixin.py:188} INFO - [2026-06-08T11:58:44.512+0000] {dagbag.py:545} INFO - Filling up the DagBag from /home/airflow/.local/lib/python3.12/site-packages/airflow/example_dags/tutorial_taskflow_api_virtualenv.py
[2026-06-08T11:58:44.523+0000] {processor.py:840} INFO - DAG(s) 'tutorial_taskflow_api_virtualenv' retrieved from /home/airflow/.local/lib/python3.12/site-packages/airflow/example_dags/tutorial_taskflow_api_virtualenv.py
[2026-06-08T11:58:44.547+0000] {logging_mixin.py:188} INFO - [2026-06-08T11:58:44.546+0000] {dag.py:3096} INFO - Sync 1 DAGs
[2026-06-08T11:58:44.561+0000] {logging_mixin.py:188} INFO - [2026-06-08T11:58:44.561+0000] {dag.py:3954} INFO - Setting next_dagrun for tutorial_taskflow_api_virtualenv to None, run_after=None
[2026-06-08T11:58:44.584+0000] {processor.py:183} INFO - Processing /home/airflow/.local/lib/python3.12/site-packages/airflow/example_dags/tutorial_taskflow_api_virtualenv.py took 0.080 seconds
[2026-06-08T11:59:14.664+0000] {processor.py:161} INFO - Started process (PID=49228) to work on /home/airflow/.local/lib/python3.12/site-packages/airflow/example_dags/tutorial_taskflow_api_virtualenv.py
[2026-06-08T11:59:14.665+0000] {processor.py:830} INFO - Processing file /home/airflow/.local/lib/python3.12/site-packages/airflow/example_dags/tutorial_taskflow_api_virtualenv.py for tasks to queue
[2026-06-08T11:59:14.669+0000] {logging_mixin.py:188} INFO - [2026-06-08T11:59:14.668+0000] {dagbag.py:545} INFO - Filling up the DagBag from /home/airflow/.local/lib/python3.12/site-packages/airflow/example_dags/tutorial_taskflow_api_virtualenv.py
[2026-06-08T11:59:14.679+0000] {processor.py:840} INFO - DAG(s) 'tutorial_taskflow_api_virtualenv' retrieved from /home/airflow/.local/lib/python3.12/site-packages/airflow/example_dags/tutorial_taskflow_api_virtualenv.py
[2026-06-08T11:59:14.703+0000] {logging_mixin.py:188} INFO - [2026-06-08T11:59:14.702+0000] {dag.py:3096} INFO - Sync 1 DAGs
[2026-06-08T11:59:14.716+0000] {logging_mixin.py:188} INFO - [2026-06-08T11:59:14.715+0000] {dag.py:3954} INFO - Setting next_dagrun for tutorial_taskflow_api_virtualenv to None, run_after=None
[2026-06-08T11:59:14.739+0000] {processor.py:183} INFO - Processing /home/airflow/.local/lib/python3.12/site-packages/airflow/example_dags/tutorial_taskflow_api_virtualenv.py took 0.082 seconds
[2026-06-08T11:59:45.512+0000] {processor.py:161} INFO - Started process (PID=49488) to work on /home/airflow/.local/lib/python3.12/site-packages/airflow/example_dags/tutorial_taskflow_api_virtualenv.py
[2026-06-08T11:59:45.513+0000] {processor.py:830} INFO - Processing file /home/airflow/.local/lib/python3.12/site-packages/airflow/example_dags/tutorial_taskflow_api_virtualenv.py for tasks to queue
[2026-06-08T11:59:45.515+0000] {logging_mixin.py:188} INFO - [2026-06-08T11:59:45.514+0000] {dagbag.py:545} INFO - Filling up the DagBag from /home/airflow/.local/lib/python3.12/site-packages/airflow/example_dags/tutorial_taskflow_api_virtualenv.py
[2026-06-08T11:59:45.525+0000] {processor.py:840} INFO - DAG(s) 'tutorial_taskflow_api_virtualenv' retrieved from /home/airflow/.local/lib/python3.12/site-packages/airflow/example_dags/tutorial_taskflow_api_virtualenv.py
[2026-06-08T11:59:45.551+0000] {logging_mixin.py:188} INFO - [2026-06-08T11:59:45.550+0000] {dag.py:3096} INFO - Sync 1 DAGs
[2026-06-08T11:59:45.569+0000] {logging_mixin.py:188} INFO - [2026-06-08T11:59:45.569+0000] {dag.py:3954} INFO - Setting next_dagrun for tutorial_taskflow_api_virtualenv to None, run_after=None
[2026-06-08T11:59:45.594+0000] {processor.py:183} INFO - Processing /home/airflow/.local/lib/python3.12/site-packages/airflow/example_dags/tutorial_taskflow_api_virtualenv.py took 0.089 seconds
[2026-06-08T12:00:16.181+0000] {processor.py:161} INFO - Started process (PID=49750) to work on /home/airflow/.local/lib/python3.12/site-packages/airflow/example_dags/tutorial_taskflow_api_virtualenv.py
[2026-06-08T12:00:16.182+0000] {processor.py:830} INFO - Processing file /home/airflow/.local/lib/python3.12/site-packages/airflow/example_dags/tutorial_taskflow_api_virtualenv.py for tasks to queue
[2026-06-08T12:00:16.184+0000] {logging_mixin.py:188} INFO - [2026-06-08T12:00:16.184+0000] {dagbag.py:545} INFO - Filling up the DagBag from /home/airflow/.local/lib/python3.12/site-packages/airflow/example_dags/tutorial_taskflow_api_virtualenv.py
[2026-06-08T12:00:16.196+0000] {processor.py:840} INFO - DAG(s) 'tutorial_taskflow_api_virtualenv' retrieved from /home/airflow/.local/lib/python3.12/site-packages/airflow/example_dags/tutorial_taskflow_api_virtualenv.py
[2026-06-08T12:00:16.223+0000] {logging_mixin.py:188} INFO - [2026-06-08T12:00:16.223+0000] {dag.py:3096} INFO - Sync 1 DAGs
[2026-06-08T12:00:16.240+0000] {logging_mixin.py:188} INFO - [2026-06-08T12:00:16.240+0000] {dag.py:3954} INFO - Setting next_dagrun for tutorial_taskflow_api_virtualenv to None, run_after=None
[2026-06-08T12:00:16.269+0000] {processor.py:183} INFO - Processing /home/airflow/.local/lib/python3.12/site-packages/airflow/example_dags/tutorial_taskflow_api_virtualenv.py took 0.094 seconds
[2026-06-08T12:00:46.965+0000] {processor.py:161} INFO - Started process (PID=50012) to work on /home/airflow/.local/lib/python3.12/site-packages/airflow/example_dags/tutorial_taskflow_api_virtualenv.py
[2026-06-08T12:00:46.966+0000] {processor.py:830} INFO - Processing file /home/airflow/.local/lib/python3.12/site-packages/airflow/example_dags/tutorial_taskflow_api_virtualenv.py for tasks to queue
[2026-06-08T12:00:46.968+0000] {logging_mixin.py:188} INFO - [2026-06-08T12:00:46.967+0000] {dagbag.py:545} INFO - Filling up the DagBag from /home/airflow/.local/lib/python3.12/site-packages/airflow/example_dags/tutorial_taskflow_api_virtualenv.py
[2026-06-08T12:00:46.978+0000] {processor.py:840} INFO - DAG(s) 'tutorial_taskflow_api_virtualenv' retrieved from /home/airflow/.local/lib/python3.12/site-packages/airflow/example_dags/tutorial_taskflow_api_virtualenv.py
[2026-06-08T12:00:47.002+0000] {logging_mixin.py:188} INFO - [2026-06-08T12:00:47.002+0000] {dag.py:3096} INFO - Sync 1 DAGs
[2026-06-08T12:00:47.018+0000] {logging_mixin.py:188} INFO - [2026-06-08T12:00:47.017+0000] {dag.py:3954} INFO - Setting next_dagrun for tutorial_taskflow_api_virtualenv to None, run_after=None
[2026-06-08T12:00:47.045+0000] {processor.py:183} INFO - Processing /home/airflow/.local/lib/python3.12/site-packages/airflow/example_dags/tutorial_taskflow_api_virtualenv.py took 0.086 seconds
[2026-06-08T12:01:17.302+0000] {processor.py:161} INFO - Started process (PID=50275) to work on /home/airflow/.local/lib/python3.12/site-packages/airflow/example_dags/tutorial_taskflow_api_virtualenv.py
[2026-06-08T12:01:17.303+0000] {processor.py:830} INFO - Processing file /home/airflow/.local/lib/python3.12/site-packages/airflow/example_dags/tutorial_taskflow_api_virtualenv.py for tasks to queue
[2026-06-08T12:01:17.306+0000] {logging_mixin.py:188} INFO - [2026-06-08T12:01:17.306+0000] {dagbag.py:545} INFO - Filling up the DagBag from /home/airflow/.local/lib/python3.12/site-packages/airflow/example_dags/tutorial_taskflow_api_virtualenv.py
[2026-06-08T12:01:17.317+0000] {processor.py:840} INFO - DAG(s) 'tutorial_taskflow_api_virtualenv' retrieved from /home/airflow/.local/lib/python3.12/site-packages/airflow/example_dags/tutorial_taskflow_api_virtualenv.py
[2026-06-08T12:01:17.343+0000] {logging_mixin.py:188} INFO - [2026-06-08T12:01:17.342+0000] {dag.py:3096} INFO - Sync 1 DAGs
[2026-06-08T12:01:17.357+0000] {logging_mixin.py:188} INFO - [2026-06-08T12:01:17.357+0000] {dag.py:3954} INFO - Setting next_dagrun for tutorial_taskflow_api_virtualenv to None, run_after=None
[2026-06-08T12:01:17.388+0000] {processor.py:183} INFO - Processing /home/airflow/.local/lib/python3.12/site-packages/airflow/example_dags/tutorial_taskflow_api_virtualenv.py took 0.092 seconds
[2026-06-08T12:01:47.798+0000] {processor.py:161} INFO - Started process (PID=50538) to work on /home/airflow/.local/lib/python3.12/site-packages/airflow/example_dags/tutorial_taskflow_api_virtualenv.py
[2026-06-08T12:01:47.798+0000] {processor.py:830} INFO - Processing file /home/airflow/.local/lib/python3.12/site-packages/airflow/example_dags/tutorial_taskflow_api_virtualenv.py for tasks to queue
[2026-06-08T12:01:47.802+0000] {logging_mixin.py:188} INFO - [2026-06-08T12:01:47.801+0000] {dagbag.py:545} INFO - Filling up the DagBag from /home/airflow/.local/lib/python3.12/site-packages/airflow/example_dags/tutorial_taskflow_api_virtualenv.py
[2026-06-08T12:01:47.812+0000] {processor.py:840} INFO - DAG(s) 'tutorial_taskflow_api_virtualenv' retrieved from /home/airflow/.local/lib/python3.12/site-packages/airflow/example_dags/tutorial_taskflow_api_virtualenv.py
[2026-06-08T12:01:47.839+0000] {logging_mixin.py:188} INFO - [2026-06-08T12:01:47.839+0000] {dag.py:3096} INFO - Sync 1 DAGs
[2026-06-08T12:01:47.856+0000] {logging_mixin.py:188} INFO - [2026-06-08T12:01:47.856+0000] {dag.py:3954} INFO - Setting next_dagrun for tutorial_taskflow_api_virtualenv to None, run_after=None
[2026-06-08T12:01:47.883+0000] {processor.py:183} INFO - Processing /home/airflow/.local/lib/python3.12/site-packages/airflow/example_dags/tutorial_taskflow_api_virtualenv.py took 0.092 seconds
[2026-06-08T12:02:18.212+0000] {processor.py:161} INFO - Started process (PID=50800) to work on /home/airflow/.local/lib/python3.12/site-packages/airflow/example_dags/tutorial_taskflow_api_virtualenv.py
[2026-06-08T12:02:18.213+0000] {processor.py:830} INFO - Processing file /home/airflow/.local/lib/python3.12/site-packages/airflow/example_dags/tutorial_taskflow_api_virtualenv.py for tasks to queue
[2026-06-08T12:02:18.214+0000] {logging_mixin.py:188} INFO - [2026-06-08T12:02:18.214+0000] {dagbag.py:545} INFO - Filling up the DagBag from /home/airflow/.local/lib/python3.12/site-packages/airflow/example_dags/tutorial_taskflow_api_virtualenv.py
[2026-06-08T12:02:18.226+0000] {processor.py:840} INFO - DAG(s) 'tutorial_taskflow_api_virtualenv' retrieved from /home/airflow/.local/lib/python3.12/site-packages/airflow/example_dags/tutorial_taskflow_api_virtualenv.py
[2026-06-08T12:02:18.250+0000] {logging_mixin.py:188} INFO - [2026-06-08T12:02:18.249+0000] {dag.py:3096} INFO - Sync 1 DAGs
[2026-06-08T12:02:18.264+0000] {logging_mixin.py:188} INFO - [2026-06-08T12:02:18.264+0000] {dag.py:3954} INFO - Setting next_dagrun for tutorial_taskflow_api_virtualenv to None, run_after=None
[2026-06-08T12:02:18.287+0000] {processor.py:183} INFO - Processing /home/airflow/.local/lib/python3.12/site-packages/airflow/example_dags/tutorial_taskflow_api_virtualenv.py took 0.081 seconds
[2026-06-08T12:02:49.242+0000] {processor.py:161} INFO - Started process (PID=51062) to work on /home/airflow/.local/lib/python3.12/site-packages/airflow/example_dags/tutorial_taskflow_api_virtualenv.py
[2026-06-08T12:02:49.243+0000] {processor.py:830} INFO - Processing file /home/airflow/.local/lib/python3.12/site-packages/airflow/example_dags/tutorial_taskflow_api_virtualenv.py for tasks to queue
[2026-06-08T12:02:49.246+0000] {logging_mixin.py:188} INFO - [2026-06-08T12:02:49.245+0000] {dagbag.py:545} INFO - Filling up the DagBag from /home/airflow/.local/lib/python3.12/site-packages/airflow/example_dags/tutorial_taskflow_api_virtualenv.py
[2026-06-08T12:02:49.259+0000] {processor.py:840} INFO - DAG(s) 'tutorial_taskflow_api_virtualenv' retrieved from /home/airflow/.local/lib/python3.12/site-packages/airflow/example_dags/tutorial_taskflow_api_virtualenv.py
[2026-06-08T12:02:49.288+0000] {logging_mixin.py:188} INFO - [2026-06-08T12:02:49.287+0000] {dag.py:3096} INFO - Sync 1 DAGs
[2026-06-08T12:02:49.305+0000] {logging_mixin.py:188} INFO - [2026-06-08T12:02:49.304+0000] {dag.py:3954} INFO - Setting next_dagrun for tutorial_taskflow_api_virtualenv to None, run_after=None
[2026-06-08T12:02:49.343+0000] {processor.py:183} INFO - Processing /home/airflow/.local/lib/python3.12/site-packages/airflow/example_dags/tutorial_taskflow_api_virtualenv.py took 0.107 seconds
[2026-06-08T12:03:19.826+0000] {processor.py:161} INFO - Started process (PID=51325) to work on /home/airflow/.local/lib/python3.12/site-packages/airflow/example_dags/tutorial_taskflow_api_virtualenv.py
[2026-06-08T12:03:19.828+0000] {processor.py:830} INFO - Processing file /home/airflow/.local/lib/python3.12/site-packages/airflow/example_dags/tutorial_taskflow_api_virtualenv.py for tasks to queue
[2026-06-08T12:03:19.830+0000] {logging_mixin.py:188} INFO - [2026-06-08T12:03:19.830+0000] {dagbag.py:545} INFO - Filling up the DagBag from /home/airflow/.local/lib/python3.12/site-packages/airflow/example_dags/tutorial_taskflow_api_virtualenv.py
[2026-06-08T12:03:19.842+0000] {processor.py:840} INFO - DAG(s) 'tutorial_taskflow_api_virtualenv' retrieved from /home/airflow/.local/lib/python3.12/site-packages/airflow/example_dags/tutorial_taskflow_api_virtualenv.py
[2026-06-08T12:03:19.868+0000] {logging_mixin.py:188} INFO - [2026-06-08T12:03:19.868+0000] {dag.py:3096} INFO - Sync 1 DAGs
[2026-06-08T12:03:19.888+0000] {logging_mixin.py:188} INFO - [2026-06-08T12:03:19.887+0000] {dag.py:3954} INFO - Setting next_dagrun for tutorial_taskflow_api_virtualenv to None, run_after=None
[2026-06-08T12:03:19.917+0000] {processor.py:183} INFO - Processing /home/airflow/.local/lib/python3.12/site-packages/airflow/example_dags/tutorial_taskflow_api_virtualenv.py took 0.097 seconds
[2026-06-08T12:03:50.760+0000] {processor.py:161} INFO - Started process (PID=51587) to work on /home/airflow/.local/lib/python3.12/site-packages/airflow/example_dags/tutorial_taskflow_api_virtualenv.py
[2026-06-08T12:03:50.761+0000] {processor.py:830} INFO - Processing file /home/airflow/.local/lib/python3.12/site-packages/airflow/example_dags/tutorial_taskflow_api_virtualenv.py for tasks to queue
[2026-06-08T12:03:50.764+0000] {logging_mixin.py:188} INFO - [2026-06-08T12:03:50.764+0000] {dagbag.py:545} INFO - Filling up the DagBag from /home/airflow/.local/lib/python3.12/site-packages/airflow/example_dags/tutorial_taskflow_api_virtualenv.py
[2026-06-08T12:03:50.778+0000] {processor.py:840} INFO - DAG(s) 'tutorial_taskflow_api_virtualenv' retrieved from /home/airflow/.local/lib/python3.12/site-packages/airflow/example_dags/tutorial_taskflow_api_virtualenv.py
[2026-06-08T12:03:50.812+0000] {logging_mixin.py:188} INFO - [2026-06-08T12:03:50.811+0000] {dag.py:3096} INFO - Sync 1 DAGs
[2026-06-08T12:03:50.829+0000] {logging_mixin.py:188} INFO - [2026-06-08T12:03:50.828+0000] {dag.py:3954} INFO - Setting next_dagrun for tutorial_taskflow_api_virtualenv to None, run_after=None
[2026-06-08T12:03:50.866+0000] {processor.py:183} INFO - Processing /home/airflow/.local/lib/python3.12/site-packages/airflow/example_dags/tutorial_taskflow_api_virtualenv.py took 0.113 seconds
[2026-06-08T12:04:21.108+0000] {processor.py:161} INFO - Started process (PID=51849) to work on /home/airflow/.local/lib/python3.12/site-packages/airflow/example_dags/tutorial_taskflow_api_virtualenv.py
[2026-06-08T12:04:21.109+0000] {processor.py:830} INFO - Processing file /home/airflow/.local/lib/python3.12/site-packages/airflow/example_dags/tutorial_taskflow_api_virtualenv.py for tasks to queue
[2026-06-08T12:04:21.111+0000] {logging_mixin.py:188} INFO - [2026-06-08T12:04:21.111+0000] {dagbag.py:545} INFO - Filling up the DagBag from /home/airflow/.local/lib/python3.12/site-packages/airflow/example_dags/tutorial_taskflow_api_virtualenv.py
[2026-06-08T12:04:21.125+0000] {processor.py:840} INFO - DAG(s) 'tutorial_taskflow_api_virtualenv' retrieved from /home/airflow/.local/lib/python3.12/site-packages/airflow/example_dags/tutorial_taskflow_api_virtualenv.py
[2026-06-08T12:04:21.347+0000] {logging_mixin.py:188} INFO - [2026-06-08T12:04:21.347+0000] {dag.py:3096} INFO - Sync 1 DAGs
[2026-06-08T12:04:21.360+0000] {logging_mixin.py:188} INFO - [2026-06-08T12:04:21.360+0000] {dag.py:3954} INFO - Setting next_dagrun for tutorial_taskflow_api_virtualenv to None, run_after=None
[2026-06-08T12:04:21.382+0000] {processor.py:183} INFO - Processing /home/airflow/.local/lib/python3.12/site-packages/airflow/example_dags/tutorial_taskflow_api_virtualenv.py took 0.281 seconds
[2026-06-08T12:04:52.009+0000] {processor.py:161} INFO - Started process (PID=52112) to work on /home/airflow/.local/lib/python3.12/site-packages/airflow/example_dags/tutorial_taskflow_api_virtualenv.py
[2026-06-08T12:04:52.010+0000] {processor.py:830} INFO - Processing file /home/airflow/.local/lib/python3.12/site-packages/airflow/example_dags/tutorial_taskflow_api_virtualenv.py for tasks to queue
[2026-06-08T12:04:52.012+0000] {logging_mixin.py:188} INFO - [2026-06-08T12:04:52.012+0000] {dagbag.py:545} INFO - Filling up the DagBag from /home/airflow/.local/lib/python3.12/site-packages/airflow/example_dags/tutorial_taskflow_api_virtualenv.py
[2026-06-08T12:04:52.023+0000] {processor.py:840} INFO - DAG(s) 'tutorial_taskflow_api_virtualenv' retrieved from /home/airflow/.local/lib/python3.12/site-packages/airflow/example_dags/tutorial_taskflow_api_virtualenv.py
[2026-06-08T12:04:52.048+0000] {logging_mixin.py:188} INFO - [2026-06-08T12:04:52.048+0000] {dag.py:3096} INFO - Sync 1 DAGs
[2026-06-08T12:04:52.062+0000] {logging_mixin.py:188} INFO - [2026-06-08T12:04:52.062+0000] {dag.py:3954} INFO - Setting next_dagrun for tutorial_taskflow_api_virtualenv to None, run_after=None
[2026-06-08T12:04:52.089+0000] {processor.py:183} INFO - Processing /home/airflow/.local/lib/python3.12/site-packages/airflow/example_dags/tutorial_taskflow_api_virtualenv.py took 0.086 seconds
[2026-06-08T12:05:22.544+0000] {processor.py:161} INFO - Started process (PID=52374) to work on /home/airflow/.local/lib/python3.12/site-packages/airflow/example_dags/tutorial_taskflow_api_virtualenv.py
[2026-06-08T12:05:22.545+0000] {processor.py:830} INFO - Processing file /home/airflow/.local/lib/python3.12/site-packages/airflow/example_dags/tutorial_taskflow_api_virtualenv.py for tasks to queue
[2026-06-08T12:05:22.548+0000] {logging_mixin.py:188} INFO - [2026-06-08T12:05:22.548+0000] {dagbag.py:545} INFO - Filling up the DagBag from /home/airflow/.local/lib/python3.12/site-packages/airflow/example_dags/tutorial_taskflow_api_virtualenv.py
[2026-06-08T12:05:22.558+0000] {processor.py:840} INFO - DAG(s) 'tutorial_taskflow_api_virtualenv' retrieved from /home/airflow/.local/lib/python3.12/site-packages/airflow/example_dags/tutorial_taskflow_api_virtualenv.py
[2026-06-08T12:05:22.586+0000] {logging_mixin.py:188} INFO - [2026-06-08T12:05:22.586+0000] {dag.py:3096} INFO - Sync 1 DAGs
[2026-06-08T12:05:22.601+0000] {logging_mixin.py:188} INFO - [2026-06-08T12:05:22.601+0000] {dag.py:3954} INFO - Setting next_dagrun for tutorial_taskflow_api_virtualenv to None, run_after=None
[2026-06-08T12:05:22.630+0000] {processor.py:183} INFO - Processing /home/airflow/.local/lib/python3.12/site-packages/airflow/example_dags/tutorial_taskflow_api_virtualenv.py took 0.092 seconds
[2026-06-08T12:05:53.198+0000] {processor.py:161} INFO - Started process (PID=52636) to work on /home/airflow/.local/lib/python3.12/site-packages/airflow/example_dags/tutorial_taskflow_api_virtualenv.py
[2026-06-08T12:05:53.199+0000] {processor.py:830} INFO - Processing file /home/airflow/.local/lib/python3.12/site-packages/airflow/example_dags/tutorial_taskflow_api_virtualenv.py for tasks to queue
[2026-06-08T12:05:53.200+0000] {logging_mixin.py:188} INFO - [2026-06-08T12:05:53.200+0000] {dagbag.py:545} INFO - Filling up the DagBag from /home/airflow/.local/lib/python3.12/site-packages/airflow/example_dags/tutorial_taskflow_api_virtualenv.py
[2026-06-08T12:05:53.212+0000] {processor.py:840} INFO - DAG(s) 'tutorial_taskflow_api_virtualenv' retrieved from /home/airflow/.local/lib/python3.12/site-packages/airflow/example_dags/tutorial_taskflow_api_virtualenv.py
[2026-06-08T12:05:53.236+0000] {logging_mixin.py:188} INFO - [2026-06-08T12:05:53.235+0000] {dag.py:3096} INFO - Sync 1 DAGs
[2026-06-08T12:05:53.250+0000] {logging_mixin.py:188} INFO - [2026-06-08T12:05:53.250+0000] {dag.py:3954} INFO - Setting next_dagrun for tutorial_taskflow_api_virtualenv to None, run_after=None
[2026-06-08T12:05:53.277+0000] {processor.py:183} INFO - Processing /home/airflow/.local/lib/python3.12/site-packages/airflow/example_dags/tutorial_taskflow_api_virtualenv.py took 0.086 seconds
[2026-06-08T12:06:23.835+0000] {processor.py:161} INFO - Started process (PID=52904) to work on /home/airflow/.local/lib/python3.12/site-packages/airflow/example_dags/tutorial_taskflow_api_virtualenv.py
[2026-06-08T12:06:23.836+0000] {processor.py:830} INFO - Processing file /home/airflow/.local/lib/python3.12/site-packages/airflow/example_dags/tutorial_taskflow_api_virtualenv.py for tasks to queue
[2026-06-08T12:06:23.838+0000] {logging_mixin.py:188} INFO - [2026-06-08T12:06:23.838+0000] {dagbag.py:545} INFO - Filling up the DagBag from /home/airflow/.local/lib/python3.12/site-packages/airflow/example_dags/tutorial_taskflow_api_virtualenv.py
[2026-06-08T12:06:23.854+0000] {processor.py:840} INFO - DAG(s) 'tutorial_taskflow_api_virtualenv' retrieved from /home/airflow/.local/lib/python3.12/site-packages/airflow/example_dags/tutorial_taskflow_api_virtualenv.py
[2026-06-08T12:06:23.880+0000] {logging_mixin.py:188} INFO - [2026-06-08T12:06:23.879+0000] {dag.py:3096} INFO - Sync 1 DAGs
[2026-06-08T12:06:23.894+0000] {logging_mixin.py:188} INFO - [2026-06-08T12:06:23.894+0000] {dag.py:3954} INFO - Setting next_dagrun for tutorial_taskflow_api_virtualenv to None, run_after=None
[2026-06-08T12:06:23.921+0000] {processor.py:183} INFO - Processing /home/airflow/.local/lib/python3.12/site-packages/airflow/example_dags/tutorial_taskflow_api_virtualenv.py took 0.091 seconds
[2026-06-08T12:06:54.375+0000] {processor.py:161} INFO - Started process (PID=53167) to work on /home/airflow/.local/lib/python3.12/site-packages/airflow/example_dags/tutorial_taskflow_api_virtualenv.py
[2026-06-08T12:06:54.376+0000] {processor.py:830} INFO - Processing file /home/airflow/.local/lib/python3.12/site-packages/airflow/example_dags/tutorial_taskflow_api_virtualenv.py for tasks to queue
[2026-06-08T12:06:54.379+0000] {logging_mixin.py:188} INFO - [2026-06-08T12:06:54.379+0000] {dagbag.py:545} INFO - Filling up the DagBag from /home/airflow/.local/lib/python3.12/site-packages/airflow/example_dags/tutorial_taskflow_api_virtualenv.py
[2026-06-08T12:06:54.389+0000] {processor.py:840} INFO - DAG(s) 'tutorial_taskflow_api_virtualenv' retrieved from /home/airflow/.local/lib/python3.12/site-packages/airflow/example_dags/tutorial_taskflow_api_virtualenv.py
[2026-06-08T12:06:54.415+0000] {logging_mixin.py:188} INFO - [2026-06-08T12:06:54.415+0000] {dag.py:3096} INFO - Sync 1 DAGs
[2026-06-08T12:06:54.430+0000] {logging_mixin.py:188} INFO - [2026-06-08T12:06:54.429+0000] {dag.py:3954} INFO - Setting next_dagrun for tutorial_taskflow_api_virtualenv to None, run_after=None
[2026-06-08T12:06:54.455+0000] {processor.py:183} INFO - Processing /home/airflow/.local/lib/python3.12/site-packages/airflow/example_dags/tutorial_taskflow_api_virtualenv.py took 0.086 seconds
[2026-06-08T12:07:24.631+0000] {processor.py:161} INFO - Started process (PID=53429) to work on /home/airflow/.local/lib/python3.12/site-packages/airflow/example_dags/tutorial_taskflow_api_virtualenv.py
[2026-06-08T12:07:24.632+0000] {processor.py:830} INFO - Processing file /home/airflow/.local/lib/python3.12/site-packages/airflow/example_dags/tutorial_taskflow_api_virtualenv.py for tasks to queue
[2026-06-08T12:07:24.634+0000] {logging_mixin.py:188} INFO - [2026-06-08T12:07:24.634+0000] {dagbag.py:545} INFO - Filling up the DagBag from /home/airflow/.local/lib/python3.12/site-packages/airflow/example_dags/tutorial_taskflow_api_virtualenv.py
[2026-06-08T12:07:24.645+0000] {processor.py:840} INFO - DAG(s) 'tutorial_taskflow_api_virtualenv' retrieved from /home/airflow/.local/lib/python3.12/site-packages/airflow/example_dags/tutorial_taskflow_api_virtualenv.py
[2026-06-08T12:07:24.669+0000] {logging_mixin.py:188} INFO - [2026-06-08T12:07:24.669+0000] {dag.py:3096} INFO - Sync 1 DAGs
[2026-06-08T12:07:24.686+0000] {logging_mixin.py:188} INFO - [2026-06-08T12:07:24.685+0000] {dag.py:3954} INFO - Setting next_dagrun for tutorial_taskflow_api_virtualenv to None, run_after=None
[2026-06-08T12:07:24.712+0000] {processor.py:183} INFO - Processing /home/airflow/.local/lib/python3.12/site-packages/airflow/example_dags/tutorial_taskflow_api_virtualenv.py took 0.087 seconds
[2026-06-08T12:07:54.823+0000] {processor.py:161} INFO - Started process (PID=53691) to work on /home/airflow/.local/lib/python3.12/site-packages/airflow/example_dags/tutorial_taskflow_api_virtualenv.py
[2026-06-08T12:07:54.825+0000] {processor.py:830} INFO - Processing file /home/airflow/.local/lib/python3.12/site-packages/airflow/example_dags/tutorial_taskflow_api_virtualenv.py for tasks to queue
[2026-06-08T12:07:54.827+0000] {logging_mixin.py:188} INFO - [2026-06-08T12:07:54.827+0000] {dagbag.py:545} INFO - Filling up the DagBag from /home/airflow/.local/lib/python3.12/site-packages/airflow/example_dags/tutorial_taskflow_api_virtualenv.py
[2026-06-08T12:07:54.840+0000] {processor.py:840} INFO - DAG(s) 'tutorial_taskflow_api_virtualenv' retrieved from /home/airflow/.local/lib/python3.12/site-packages/airflow/example_dags/tutorial_taskflow_api_virtualenv.py
[2026-06-08T12:07:54.865+0000] {logging_mixin.py:188} INFO - [2026-06-08T12:07:54.865+0000] {dag.py:3096} INFO - Sync 1 DAGs
[2026-06-08T12:07:54.880+0000] {logging_mixin.py:188} INFO - [2026-06-08T12:07:54.879+0000] {dag.py:3954} INFO - Setting next_dagrun for tutorial_taskflow_api_virtualenv to None, run_after=None
[2026-06-08T12:07:54.910+0000] {processor.py:183} INFO - Processing /home/airflow/.local/lib/python3.12/site-packages/airflow/example_dags/tutorial_taskflow_api_virtualenv.py took 0.092 seconds
[2026-06-08T12:08:25.010+0000] {processor.py:161} INFO - Started process (PID=53953) to work on /home/airflow/.local/lib/python3.12/site-packages/airflow/example_dags/tutorial_taskflow_api_virtualenv.py
[2026-06-08T12:08:25.011+0000] {processor.py:830} INFO - Processing file /home/airflow/.local/lib/python3.12/site-packages/airflow/example_dags/tutorial_taskflow_api_virtualenv.py for tasks to queue
[2026-06-08T12:08:25.013+0000] {logging_mixin.py:188} INFO - [2026-06-08T12:08:25.013+0000] {dagbag.py:545} INFO - Filling up the DagBag from /home/airflow/.local/lib/python3.12/site-packages/airflow/example_dags/tutorial_taskflow_api_virtualenv.py
[2026-06-08T12:08:25.022+0000] {processor.py:840} INFO - DAG(s) 'tutorial_taskflow_api_virtualenv' retrieved from /home/airflow/.local/lib/python3.12/site-packages/airflow/example_dags/tutorial_taskflow_api_virtualenv.py
[2026-06-08T12:08:25.045+0000] {logging_mixin.py:188} INFO - [2026-06-08T12:08:25.044+0000] {dag.py:3096} INFO - Sync 1 DAGs
[2026-06-08T12:08:25.060+0000] {logging_mixin.py:188} INFO - [2026-06-08T12:08:25.059+0000] {dag.py:3954} INFO - Setting next_dagrun for tutorial_taskflow_api_virtualenv to None, run_after=None
[2026-06-08T12:08:25.087+0000] {processor.py:183} INFO - Processing /home/airflow/.local/lib/python3.12/site-packages/airflow/example_dags/tutorial_taskflow_api_virtualenv.py took 0.082 seconds
[2026-06-08T12:08:55.784+0000] {processor.py:161} INFO - Started process (PID=54215) to work on /home/airflow/.local/lib/python3.12/site-packages/airflow/example_dags/tutorial_taskflow_api_virtualenv.py
[2026-06-08T12:08:55.784+0000] {processor.py:830} INFO - Processing file /home/airflow/.local/lib/python3.12/site-packages/airflow/example_dags/tutorial_taskflow_api_virtualenv.py for tasks to queue
[2026-06-08T12:08:55.786+0000] {logging_mixin.py:188} INFO - [2026-06-08T12:08:55.786+0000] {dagbag.py:545} INFO - Filling up the DagBag from /home/airflow/.local/lib/python3.12/site-packages/airflow/example_dags/tutorial_taskflow_api_virtualenv.py
[2026-06-08T12:08:55.797+0000] {processor.py:840} INFO - DAG(s) 'tutorial_taskflow_api_virtualenv' retrieved from /home/airflow/.local/lib/python3.12/site-packages/airflow/example_dags/tutorial_taskflow_api_virtualenv.py
[2026-06-08T12:08:55.820+0000] {logging_mixin.py:188} INFO - [2026-06-08T12:08:55.820+0000] {dag.py:3096} INFO - Sync 1 DAGs
[2026-06-08T12:08:55.834+0000] {logging_mixin.py:188} INFO - [2026-06-08T12:08:55.833+0000] {dag.py:3954} INFO - Setting next_dagrun for tutorial_taskflow_api_virtualenv to None, run_after=None
[2026-06-08T12:08:55.857+0000] {processor.py:183} INFO - Processing /home/airflow/.local/lib/python3.12/site-packages/airflow/example_dags/tutorial_taskflow_api_virtualenv.py took 0.080 seconds
[2026-06-08T12:09:26.397+0000] {processor.py:161} INFO - Started process (PID=54477) to work on /home/airflow/.local/lib/python3.12/site-packages/airflow/example_dags/tutorial_taskflow_api_virtualenv.py
[2026-06-08T12:09:26.398+0000] {processor.py:830} INFO - Processing file /home/airflow/.local/lib/python3.12/site-packages/airflow/example_dags/tutorial_taskflow_api_virtualenv.py for tasks to queue
[2026-06-08T12:09:26.401+0000] {logging_mixin.py:188} INFO - [2026-06-08T12:09:26.400+0000] {dagbag.py:545} INFO - Filling up the DagBag from /home/airflow/.local/lib/python3.12/site-packages/airflow/example_dags/tutorial_taskflow_api_virtualenv.py
[2026-06-08T12:09:26.412+0000] {processor.py:840} INFO - DAG(s) 'tutorial_taskflow_api_virtualenv' retrieved from /home/airflow/.local/lib/python3.12/site-packages/airflow/example_dags/tutorial_taskflow_api_virtualenv.py
[2026-06-08T12:09:26.439+0000] {logging_mixin.py:188} INFO - [2026-06-08T12:09:26.439+0000] {dag.py:3096} INFO - Sync 1 DAGs
[2026-06-08T12:09:26.454+0000] {logging_mixin.py:188} INFO - [2026-06-08T12:09:26.454+0000] {dag.py:3954} INFO - Setting next_dagrun for tutorial_taskflow_api_virtualenv to None, run_after=None
[2026-06-08T12:09:26.479+0000] {processor.py:183} INFO - Processing /home/airflow/.local/lib/python3.12/site-packages/airflow/example_dags/tutorial_taskflow_api_virtualenv.py took 0.089 seconds
[2026-06-08T12:09:56.633+0000] {processor.py:161} INFO - Started process (PID=54739) to work on /home/airflow/.local/lib/python3.12/site-packages/airflow/example_dags/tutorial_taskflow_api_virtualenv.py
[2026-06-08T12:09:56.634+0000] {processor.py:830} INFO - Processing file /home/airflow/.local/lib/python3.12/site-packages/airflow/example_dags/tutorial_taskflow_api_virtualenv.py for tasks to queue
[2026-06-08T12:09:56.635+0000] {logging_mixin.py:188} INFO - [2026-06-08T12:09:56.635+0000] {dagbag.py:545} INFO - Filling up the DagBag from /home/airflow/.local/lib/python3.12/site-packages/airflow/example_dags/tutorial_taskflow_api_virtualenv.py
[2026-06-08T12:09:56.649+0000] {processor.py:840} INFO - DAG(s) 'tutorial_taskflow_api_virtualenv' retrieved from /home/airflow/.local/lib/python3.12/site-packages/airflow/example_dags/tutorial_taskflow_api_virtualenv.py
[2026-06-08T12:09:56.676+0000] {logging_mixin.py:188} INFO - [2026-06-08T12:09:56.674+0000] {dag.py:3096} INFO - Sync 1 DAGs
[2026-06-08T12:09:56.693+0000] {logging_mixin.py:188} INFO - [2026-06-08T12:09:56.693+0000] {dag.py:3954} INFO - Setting next_dagrun for tutorial_taskflow_api_virtualenv to None, run_after=None
[2026-06-08T12:09:56.719+0000] {processor.py:183} INFO - Processing /home/airflow/.local/lib/python3.12/site-packages/airflow/example_dags/tutorial_taskflow_api_virtualenv.py took 0.093 seconds
[2026-06-08T12:10:27.119+0000] {processor.py:161} INFO - Started process (PID=55001) to work on /home/airflow/.local/lib/python3.12/site-packages/airflow/example_dags/tutorial_taskflow_api_virtualenv.py
[2026-06-08T12:10:27.120+0000] {processor.py:830} INFO - Processing file /home/airflow/.local/lib/python3.12/site-packages/airflow/example_dags/tutorial_taskflow_api_virtualenv.py for tasks to queue
[2026-06-08T12:10:27.122+0000] {logging_mixin.py:188} INFO - [2026-06-08T12:10:27.121+0000] {dagbag.py:545} INFO - Filling up the DagBag from /home/airflow/.local/lib/python3.12/site-packages/airflow/example_dags/tutorial_taskflow_api_virtualenv.py
[2026-06-08T12:10:27.134+0000] {processor.py:840} INFO - DAG(s) 'tutorial_taskflow_api_virtualenv' retrieved from /home/airflow/.local/lib/python3.12/site-packages/airflow/example_dags/tutorial_taskflow_api_virtualenv.py
[2026-06-08T12:10:27.158+0000] {logging_mixin.py:188} INFO - [2026-06-08T12:10:27.157+0000] {dag.py:3096} INFO - Sync 1 DAGs
[2026-06-08T12:10:27.172+0000] {logging_mixin.py:188} INFO - [2026-06-08T12:10:27.171+0000] {dag.py:3954} INFO - Setting next_dagrun for tutorial_taskflow_api_virtualenv to None, run_after=None
[2026-06-08T12:10:27.199+0000] {processor.py:183} INFO - Processing /home/airflow/.local/lib/python3.12/site-packages/airflow/example_dags/tutorial_taskflow_api_virtualenv.py took 0.088 seconds
[2026-06-08T12:10:57.452+0000] {processor.py:161} INFO - Started process (PID=55263) to work on /home/airflow/.local/lib/python3.12/site-packages/airflow/example_dags/tutorial_taskflow_api_virtualenv.py
[2026-06-08T12:10:57.452+0000] {processor.py:830} INFO - Processing file /home/airflow/.local/lib/python3.12/site-packages/airflow/example_dags/tutorial_taskflow_api_virtualenv.py for tasks to queue
[2026-06-08T12:10:57.454+0000] {logging_mixin.py:188} INFO - [2026-06-08T12:10:57.454+0000] {dagbag.py:545} INFO - Filling up the DagBag from /home/airflow/.local/lib/python3.12/site-packages/airflow/example_dags/tutorial_taskflow_api_virtualenv.py
[2026-06-08T12:10:57.465+0000] {processor.py:840} INFO - DAG(s) 'tutorial_taskflow_api_virtualenv' retrieved from /home/airflow/.local/lib/python3.12/site-packages/airflow/example_dags/tutorial_taskflow_api_virtualenv.py
[2026-06-08T12:10:57.489+0000] {logging_mixin.py:188} INFO - [2026-06-08T12:10:57.489+0000] {dag.py:3096} INFO - Sync 1 DAGs
[2026-06-08T12:10:57.505+0000] {logging_mixin.py:188} INFO - [2026-06-08T12:10:57.504+0000] {dag.py:3954} INFO - Setting next_dagrun for tutorial_taskflow_api_virtualenv to None, run_after=None
[2026-06-08T12:10:57.531+0000] {processor.py:183} INFO - Processing /home/airflow/.local/lib/python3.12/site-packages/airflow/example_dags/tutorial_taskflow_api_virtualenv.py took 0.085 seconds
[2026-06-08T12:11:27.679+0000] {processor.py:161} INFO - Started process (PID=55525) to work on /home/airflow/.local/lib/python3.12/site-packages/airflow/example_dags/tutorial_taskflow_api_virtualenv.py
[2026-06-08T12:11:27.680+0000] {processor.py:830} INFO - Processing file /home/airflow/.local/lib/python3.12/site-packages/airflow/example_dags/tutorial_taskflow_api_virtualenv.py for tasks to queue
[2026-06-08T12:11:27.682+0000] {logging_mixin.py:188} INFO - [2026-06-08T12:11:27.681+0000] {dagbag.py:545} INFO - Filling up the DagBag from /home/airflow/.local/lib/python3.12/site-packages/airflow/example_dags/tutorial_taskflow_api_virtualenv.py
[2026-06-08T12:11:27.691+0000] {processor.py:840} INFO - DAG(s) 'tutorial_taskflow_api_virtualenv' retrieved from /home/airflow/.local/lib/python3.12/site-packages/airflow/example_dags/tutorial_taskflow_api_virtualenv.py
[2026-06-08T12:11:27.716+0000] {logging_mixin.py:188} INFO - [2026-06-08T12:11:27.716+0000] {dag.py:3096} INFO - Sync 1 DAGs
[2026-06-08T12:11:27.731+0000] {logging_mixin.py:188} INFO - [2026-06-08T12:11:27.731+0000] {dag.py:3954} INFO - Setting next_dagrun for tutorial_taskflow_api_virtualenv to None, run_after=None
[2026-06-08T12:11:27.756+0000] {processor.py:183} INFO - Processing /home/airflow/.local/lib/python3.12/site-packages/airflow/example_dags/tutorial_taskflow_api_virtualenv.py took 0.082 seconds
[2026-06-08T12:11:57.957+0000] {processor.py:161} INFO - Started process (PID=55787) to work on /home/airflow/.local/lib/python3.12/site-packages/airflow/example_dags/tutorial_taskflow_api_virtualenv.py
[2026-06-08T12:11:57.958+0000] {processor.py:830} INFO - Processing file /home/airflow/.local/lib/python3.12/site-packages/airflow/example_dags/tutorial_taskflow_api_virtualenv.py for tasks to queue
[2026-06-08T12:11:57.960+0000] {logging_mixin.py:188} INFO - [2026-06-08T12:11:57.959+0000] {dagbag.py:545} INFO - Filling up the DagBag from /home/airflow/.local/lib/python3.12/site-packages/airflow/example_dags/tutorial_taskflow_api_virtualenv.py
[2026-06-08T12:11:57.971+0000] {processor.py:840} INFO - DAG(s) 'tutorial_taskflow_api_virtualenv' retrieved from /home/airflow/.local/lib/python3.12/site-packages/airflow/example_dags/tutorial_taskflow_api_virtualenv.py
[2026-06-08T12:11:57.996+0000] {logging_mixin.py:188} INFO - [2026-06-08T12:11:57.996+0000] {dag.py:3096} INFO - Sync 1 DAGs
[2026-06-08T12:11:58.010+0000] {logging_mixin.py:188} INFO - [2026-06-08T12:11:58.010+0000] {dag.py:3954} INFO - Setting next_dagrun for tutorial_taskflow_api_virtualenv to None, run_after=None
[2026-06-08T12:11:58.037+0000] {processor.py:183} INFO - Processing /home/airflow/.local/lib/python3.12/site-packages/airflow/example_dags/tutorial_taskflow_api_virtualenv.py took 0.086 seconds
[2026-06-08T12:12:28.339+0000] {processor.py:161} INFO - Started process (PID=56049) to work on /home/airflow/.local/lib/python3.12/site-packages/airflow/example_dags/tutorial_taskflow_api_virtualenv.py
[2026-06-08T12:12:28.341+0000] {processor.py:830} INFO - Processing file /home/airflow/.local/lib/python3.12/site-packages/airflow/example_dags/tutorial_taskflow_api_virtualenv.py for tasks to queue
[2026-06-08T12:12:28.343+0000] {logging_mixin.py:188} INFO - [2026-06-08T12:12:28.343+0000] {dagbag.py:545} INFO - Filling up the DagBag from /home/airflow/.local/lib/python3.12/site-packages/airflow/example_dags/tutorial_taskflow_api_virtualenv.py
[2026-06-08T12:12:28.355+0000] {processor.py:840} INFO - DAG(s) 'tutorial_taskflow_api_virtualenv' retrieved from /home/airflow/.local/lib/python3.12/site-packages/airflow/example_dags/tutorial_taskflow_api_virtualenv.py
[2026-06-08T12:12:28.394+0000] {logging_mixin.py:188} INFO - [2026-06-08T12:12:28.394+0000] {dag.py:3096} INFO - Sync 1 DAGs
[2026-06-08T12:12:28.416+0000] {logging_mixin.py:188} INFO - [2026-06-08T12:12:28.415+0000] {dag.py:3954} INFO - Setting next_dagrun for tutorial_taskflow_api_virtualenv to None, run_after=None
[2026-06-08T12:12:28.444+0000] {processor.py:183} INFO - Processing /home/airflow/.local/lib/python3.12/site-packages/airflow/example_dags/tutorial_taskflow_api_virtualenv.py took 0.111 seconds
[2026-06-08T12:12:58.592+0000] {processor.py:161} INFO - Started process (PID=56305) to work on /home/airflow/.local/lib/python3.12/site-packages/airflow/example_dags/tutorial_taskflow_api_virtualenv.py
[2026-06-08T12:12:58.594+0000] {processor.py:830} INFO - Processing file /home/airflow/.local/lib/python3.12/site-packages/airflow/example_dags/tutorial_taskflow_api_virtualenv.py for tasks to queue
[2026-06-08T12:12:58.596+0000] {logging_mixin.py:188} INFO - [2026-06-08T12:12:58.596+0000] {dagbag.py:545} INFO - Filling up the DagBag from /home/airflow/.local/lib/python3.12/site-packages/airflow/example_dags/tutorial_taskflow_api_virtualenv.py
[2026-06-08T12:12:58.609+0000] {processor.py:840} INFO - DAG(s) 'tutorial_taskflow_api_virtualenv' retrieved from /home/airflow/.local/lib/python3.12/site-packages/airflow/example_dags/tutorial_taskflow_api_virtualenv.py
[2026-06-08T12:12:58.634+0000] {logging_mixin.py:188} INFO - [2026-06-08T12:12:58.634+0000] {dag.py:3096} INFO - Sync 1 DAGs
[2026-06-08T12:12:58.652+0000] {logging_mixin.py:188} INFO - [2026-06-08T12:12:58.652+0000] {dag.py:3954} INFO - Setting next_dagrun for tutorial_taskflow_api_virtualenv to None, run_after=None
[2026-06-08T12:12:58.683+0000] {processor.py:183} INFO - Processing /home/airflow/.local/lib/python3.12/site-packages/airflow/example_dags/tutorial_taskflow_api_virtualenv.py took 0.098 seconds
[2026-06-08T12:13:28.794+0000] {processor.py:161} INFO - Started process (PID=56567) to work on /home/airflow/.local/lib/python3.12/site-packages/airflow/example_dags/tutorial_taskflow_api_virtualenv.py
[2026-06-08T12:13:28.795+0000] {processor.py:830} INFO - Processing file /home/airflow/.local/lib/python3.12/site-packages/airflow/example_dags/tutorial_taskflow_api_virtualenv.py for tasks to queue
[2026-06-08T12:13:28.796+0000] {logging_mixin.py:188} INFO - [2026-06-08T12:13:28.796+0000] {dagbag.py:545} INFO - Filling up the DagBag from /home/airflow/.local/lib/python3.12/site-packages/airflow/example_dags/tutorial_taskflow_api_virtualenv.py
[2026-06-08T12:13:28.807+0000] {processor.py:840} INFO - DAG(s) 'tutorial_taskflow_api_virtualenv' retrieved from /home/airflow/.local/lib/python3.12/site-packages/airflow/example_dags/tutorial_taskflow_api_virtualenv.py
[2026-06-08T12:13:28.834+0000] {logging_mixin.py:188} INFO - [2026-06-08T12:13:28.833+0000] {dag.py:3096} INFO - Sync 1 DAGs
[2026-06-08T12:13:28.847+0000] {logging_mixin.py:188} INFO - [2026-06-08T12:13:28.847+0000] {dag.py:3954} INFO - Setting next_dagrun for tutorial_taskflow_api_virtualenv to None, run_after=None
[2026-06-08T12:13:28.873+0000] {processor.py:183} INFO - Processing /home/airflow/.local/lib/python3.12/site-packages/airflow/example_dags/tutorial_taskflow_api_virtualenv.py took 0.085 seconds
[2026-06-08T12:13:58.961+0000] {processor.py:161} INFO - Started process (PID=56829) to work on /home/airflow/.local/lib/python3.12/site-packages/airflow/example_dags/tutorial_taskflow_api_virtualenv.py
[2026-06-08T12:13:58.962+0000] {processor.py:830} INFO - Processing file /home/airflow/.local/lib/python3.12/site-packages/airflow/example_dags/tutorial_taskflow_api_virtualenv.py for tasks to queue
[2026-06-08T12:13:58.964+0000] {logging_mixin.py:188} INFO - [2026-06-08T12:13:58.964+0000] {dagbag.py:545} INFO - Filling up the DagBag from /home/airflow/.local/lib/python3.12/site-packages/airflow/example_dags/tutorial_taskflow_api_virtualenv.py
[2026-06-08T12:13:58.976+0000] {processor.py:840} INFO - DAG(s) 'tutorial_taskflow_api_virtualenv' retrieved from /home/airflow/.local/lib/python3.12/site-packages/airflow/example_dags/tutorial_taskflow_api_virtualenv.py
[2026-06-08T12:13:59.000+0000] {logging_mixin.py:188} INFO - [2026-06-08T12:13:59.000+0000] {dag.py:3096} INFO - Sync 1 DAGs
[2026-06-08T12:13:59.014+0000] {logging_mixin.py:188} INFO - [2026-06-08T12:13:59.014+0000] {dag.py:3954} INFO - Setting next_dagrun for tutorial_taskflow_api_virtualenv to None, run_after=None
[2026-06-08T12:13:59.041+0000] {processor.py:183} INFO - Processing /home/airflow/.local/lib/python3.12/site-packages/airflow/example_dags/tutorial_taskflow_api_virtualenv.py took 0.085 seconds
[2026-06-08T12:14:29.315+0000] {processor.py:161} INFO - Started process (PID=57091) to work on /home/airflow/.local/lib/python3.12/site-packages/airflow/example_dags/tutorial_taskflow_api_virtualenv.py
[2026-06-08T12:14:29.315+0000] {processor.py:830} INFO - Processing file /home/airflow/.local/lib/python3.12/site-packages/airflow/example_dags/tutorial_taskflow_api_virtualenv.py for tasks to queue
[2026-06-08T12:14:29.317+0000] {logging_mixin.py:188} INFO - [2026-06-08T12:14:29.317+0000] {dagbag.py:545} INFO - Filling up the DagBag from /home/airflow/.local/lib/python3.12/site-packages/airflow/example_dags/tutorial_taskflow_api_virtualenv.py
[2026-06-08T12:14:29.327+0000] {processor.py:840} INFO - DAG(s) 'tutorial_taskflow_api_virtualenv' retrieved from /home/airflow/.local/lib/python3.12/site-packages/airflow/example_dags/tutorial_taskflow_api_virtualenv.py
[2026-06-08T12:14:29.351+0000] {logging_mixin.py:188} INFO - [2026-06-08T12:14:29.351+0000] {dag.py:3096} INFO - Sync 1 DAGs
[2026-06-08T12:14:29.365+0000] {logging_mixin.py:188} INFO - [2026-06-08T12:14:29.365+0000] {dag.py:3954} INFO - Setting next_dagrun for tutorial_taskflow_api_virtualenv to None, run_after=None
[2026-06-08T12:14:29.391+0000] {processor.py:183} INFO - Processing /home/airflow/.local/lib/python3.12/site-packages/airflow/example_dags/tutorial_taskflow_api_virtualenv.py took 0.083 seconds
[2026-06-08T12:14:59.447+0000] {processor.py:161} INFO - Started process (PID=57350) to work on /home/airflow/.local/lib/python3.12/site-packages/airflow/example_dags/tutorial_taskflow_api_virtualenv.py
[2026-06-08T12:14:59.448+0000] {processor.py:830} INFO - Processing file /home/airflow/.local/lib/python3.12/site-packages/airflow/example_dags/tutorial_taskflow_api_virtualenv.py for tasks to queue
[2026-06-08T12:14:59.451+0000] {logging_mixin.py:188} INFO - [2026-06-08T12:14:59.450+0000] {dagbag.py:545} INFO - Filling up the DagBag from /home/airflow/.local/lib/python3.12/site-packages/airflow/example_dags/tutorial_taskflow_api_virtualenv.py
[2026-06-08T12:14:59.461+0000] {processor.py:840} INFO - DAG(s) 'tutorial_taskflow_api_virtualenv' retrieved from /home/airflow/.local/lib/python3.12/site-packages/airflow/example_dags/tutorial_taskflow_api_virtualenv.py
[2026-06-08T12:14:59.486+0000] {logging_mixin.py:188} INFO - [2026-06-08T12:14:59.486+0000] {dag.py:3096} INFO - Sync 1 DAGs
[2026-06-08T12:14:59.499+0000] {logging_mixin.py:188} INFO - [2026-06-08T12:14:59.498+0000] {dag.py:3954} INFO - Setting next_dagrun for tutorial_taskflow_api_virtualenv to None, run_after=None
[2026-06-08T12:14:59.521+0000] {processor.py:183} INFO - Processing /home/airflow/.local/lib/python3.12/site-packages/airflow/example_dags/tutorial_taskflow_api_virtualenv.py took 0.079 seconds
[2026-06-08T12:15:30.209+0000] {processor.py:161} INFO - Started process (PID=57615) to work on /home/airflow/.local/lib/python3.12/site-packages/airflow/example_dags/tutorial_taskflow_api_virtualenv.py
[2026-06-08T12:15:30.210+0000] {processor.py:830} INFO - Processing file /home/airflow/.local/lib/python3.12/site-packages/airflow/example_dags/tutorial_taskflow_api_virtualenv.py for tasks to queue
[2026-06-08T12:15:30.212+0000] {logging_mixin.py:188} INFO - [2026-06-08T12:15:30.211+0000] {dagbag.py:545} INFO - Filling up the DagBag from /home/airflow/.local/lib/python3.12/site-packages/airflow/example_dags/tutorial_taskflow_api_virtualenv.py
[2026-06-08T12:15:30.220+0000] {processor.py:840} INFO - DAG(s) 'tutorial_taskflow_api_virtualenv' retrieved from /home/airflow/.local/lib/python3.12/site-packages/airflow/example_dags/tutorial_taskflow_api_virtualenv.py
[2026-06-08T12:15:30.241+0000] {logging_mixin.py:188} INFO - [2026-06-08T12:15:30.240+0000] {dag.py:3096} INFO - Sync 1 DAGs
[2026-06-08T12:15:30.254+0000] {logging_mixin.py:188} INFO - [2026-06-08T12:15:30.253+0000] {dag.py:3954} INFO - Setting next_dagrun for tutorial_taskflow_api_virtualenv to None, run_after=None
[2026-06-08T12:15:30.275+0000] {processor.py:183} INFO - Processing /home/airflow/.local/lib/python3.12/site-packages/airflow/example_dags/tutorial_taskflow_api_virtualenv.py took 0.071 seconds
[2026-06-08T12:16:00.494+0000] {processor.py:161} INFO - Started process (PID=57877) to work on /home/airflow/.local/lib/python3.12/site-packages/airflow/example_dags/tutorial_taskflow_api_virtualenv.py
[2026-06-08T12:16:00.495+0000] {processor.py:830} INFO - Processing file /home/airflow/.local/lib/python3.12/site-packages/airflow/example_dags/tutorial_taskflow_api_virtualenv.py for tasks to queue
[2026-06-08T12:16:00.497+0000] {logging_mixin.py:188} INFO - [2026-06-08T12:16:00.497+0000] {dagbag.py:545} INFO - Filling up the DagBag from /home/airflow/.local/lib/python3.12/site-packages/airflow/example_dags/tutorial_taskflow_api_virtualenv.py
[2026-06-08T12:16:00.506+0000] {processor.py:840} INFO - DAG(s) 'tutorial_taskflow_api_virtualenv' retrieved from /home/airflow/.local/lib/python3.12/site-packages/airflow/example_dags/tutorial_taskflow_api_virtualenv.py
[2026-06-08T12:16:00.524+0000] {logging_mixin.py:188} INFO - [2026-06-08T12:16:00.524+0000] {dag.py:3096} INFO - Sync 1 DAGs
[2026-06-08T12:16:00.535+0000] {logging_mixin.py:188} INFO - [2026-06-08T12:16:00.535+0000] {dag.py:3954} INFO - Setting next_dagrun for tutorial_taskflow_api_virtualenv to None, run_after=None
[2026-06-08T12:16:00.557+0000] {processor.py:183} INFO - Processing /home/airflow/.local/lib/python3.12/site-packages/airflow/example_dags/tutorial_taskflow_api_virtualenv.py took 0.067 seconds
[2026-06-08T12:16:30.823+0000] {processor.py:161} INFO - Started process (PID=58139) to work on /home/airflow/.local/lib/python3.12/site-packages/airflow/example_dags/tutorial_taskflow_api_virtualenv.py
[2026-06-08T12:16:30.824+0000] {processor.py:830} INFO - Processing file /home/airflow/.local/lib/python3.12/site-packages/airflow/example_dags/tutorial_taskflow_api_virtualenv.py for tasks to queue
[2026-06-08T12:16:30.825+0000] {logging_mixin.py:188} INFO - [2026-06-08T12:16:30.825+0000] {dagbag.py:545} INFO - Filling up the DagBag from /home/airflow/.local/lib/python3.12/site-packages/airflow/example_dags/tutorial_taskflow_api_virtualenv.py
[2026-06-08T12:16:30.833+0000] {processor.py:840} INFO - DAG(s) 'tutorial_taskflow_api_virtualenv' retrieved from /home/airflow/.local/lib/python3.12/site-packages/airflow/example_dags/tutorial_taskflow_api_virtualenv.py
[2026-06-08T12:16:30.852+0000] {logging_mixin.py:188} INFO - [2026-06-08T12:16:30.852+0000] {dag.py:3096} INFO - Sync 1 DAGs
[2026-06-08T12:16:30.863+0000] {logging_mixin.py:188} INFO - [2026-06-08T12:16:30.863+0000] {dag.py:3954} INFO - Setting next_dagrun for tutorial_taskflow_api_virtualenv to None, run_after=None
[2026-06-08T12:16:30.884+0000] {processor.py:183} INFO - Processing /home/airflow/.local/lib/python3.12/site-packages/airflow/example_dags/tutorial_taskflow_api_virtualenv.py took 0.067 seconds
[2026-06-08T12:17:01.137+0000] {processor.py:161} INFO - Started process (PID=58401) to work on /home/airflow/.local/lib/python3.12/site-packages/airflow/example_dags/tutorial_taskflow_api_virtualenv.py
[2026-06-08T12:17:01.138+0000] {processor.py:830} INFO - Processing file /home/airflow/.local/lib/python3.12/site-packages/airflow/example_dags/tutorial_taskflow_api_virtualenv.py for tasks to queue
[2026-06-08T12:17:01.140+0000] {logging_mixin.py:188} INFO - [2026-06-08T12:17:01.140+0000] {dagbag.py:545} INFO - Filling up the DagBag from /home/airflow/.local/lib/python3.12/site-packages/airflow/example_dags/tutorial_taskflow_api_virtualenv.py
[2026-06-08T12:17:01.149+0000] {processor.py:840} INFO - DAG(s) 'tutorial_taskflow_api_virtualenv' retrieved from /home/airflow/.local/lib/python3.12/site-packages/airflow/example_dags/tutorial_taskflow_api_virtualenv.py
[2026-06-08T12:17:01.169+0000] {logging_mixin.py:188} INFO - [2026-06-08T12:17:01.168+0000] {dag.py:3096} INFO - Sync 1 DAGs
[2026-06-08T12:17:01.180+0000] {logging_mixin.py:188} INFO - [2026-06-08T12:17:01.180+0000] {dag.py:3954} INFO - Setting next_dagrun for tutorial_taskflow_api_virtualenv to None, run_after=None
[2026-06-08T12:17:01.201+0000] {processor.py:183} INFO - Processing /home/airflow/.local/lib/python3.12/site-packages/airflow/example_dags/tutorial_taskflow_api_virtualenv.py took 0.070 seconds
[2026-06-08T12:17:31.246+0000] {processor.py:161} INFO - Started process (PID=58666) to work on /home/airflow/.local/lib/python3.12/site-packages/airflow/example_dags/tutorial_taskflow_api_virtualenv.py
[2026-06-08T12:17:31.247+0000] {processor.py:830} INFO - Processing file /home/airflow/.local/lib/python3.12/site-packages/airflow/example_dags/tutorial_taskflow_api_virtualenv.py for tasks to queue
[2026-06-08T12:17:31.250+0000] {logging_mixin.py:188} INFO - [2026-06-08T12:17:31.249+0000] {dagbag.py:545} INFO - Filling up the DagBag from /home/airflow/.local/lib/python3.12/site-packages/airflow/example_dags/tutorial_taskflow_api_virtualenv.py
[2026-06-08T12:17:31.259+0000] {processor.py:840} INFO - DAG(s) 'tutorial_taskflow_api_virtualenv' retrieved from /home/airflow/.local/lib/python3.12/site-packages/airflow/example_dags/tutorial_taskflow_api_virtualenv.py
[2026-06-08T12:17:31.276+0000] {logging_mixin.py:188} INFO - [2026-06-08T12:17:31.276+0000] {dag.py:3096} INFO - Sync 1 DAGs
[2026-06-08T12:17:31.287+0000] {logging_mixin.py:188} INFO - [2026-06-08T12:17:31.286+0000] {dag.py:3954} INFO - Setting next_dagrun for tutorial_taskflow_api_virtualenv to None, run_after=None
[2026-06-08T12:17:31.303+0000] {processor.py:183} INFO - Processing /home/airflow/.local/lib/python3.12/site-packages/airflow/example_dags/tutorial_taskflow_api_virtualenv.py took 0.063 seconds
[2026-06-08T12:18:02.116+0000] {processor.py:161} INFO - Started process (PID=58933) to work on /home/airflow/.local/lib/python3.12/site-packages/airflow/example_dags/tutorial_taskflow_api_virtualenv.py
[2026-06-08T12:18:02.117+0000] {processor.py:830} INFO - Processing file /home/airflow/.local/lib/python3.12/site-packages/airflow/example_dags/tutorial_taskflow_api_virtualenv.py for tasks to queue
[2026-06-08T12:18:02.118+0000] {logging_mixin.py:188} INFO - [2026-06-08T12:18:02.118+0000] {dagbag.py:545} INFO - Filling up the DagBag from /home/airflow/.local/lib/python3.12/site-packages/airflow/example_dags/tutorial_taskflow_api_virtualenv.py
[2026-06-08T12:18:02.127+0000] {processor.py:840} INFO - DAG(s) 'tutorial_taskflow_api_virtualenv' retrieved from /home/airflow/.local/lib/python3.12/site-packages/airflow/example_dags/tutorial_taskflow_api_virtualenv.py
[2026-06-08T12:18:02.147+0000] {logging_mixin.py:188} INFO - [2026-06-08T12:18:02.147+0000] {dag.py:3096} INFO - Sync 1 DAGs
[2026-06-08T12:18:02.162+0000] {logging_mixin.py:188} INFO - [2026-06-08T12:18:02.162+0000] {dag.py:3954} INFO - Setting next_dagrun for tutorial_taskflow_api_virtualenv to None, run_after=None
[2026-06-08T12:18:02.185+0000] {processor.py:183} INFO - Processing /home/airflow/.local/lib/python3.12/site-packages/airflow/example_dags/tutorial_taskflow_api_virtualenv.py took 0.073 seconds
[2026-06-08T12:18:32.397+0000] {processor.py:161} INFO - Started process (PID=59195) to work on /home/airflow/.local/lib/python3.12/site-packages/airflow/example_dags/tutorial_taskflow_api_virtualenv.py
[2026-06-08T12:18:32.398+0000] {processor.py:830} INFO - Processing file /home/airflow/.local/lib/python3.12/site-packages/airflow/example_dags/tutorial_taskflow_api_virtualenv.py for tasks to queue
[2026-06-08T12:18:32.400+0000] {logging_mixin.py:188} INFO - [2026-06-08T12:18:32.399+0000] {dagbag.py:545} INFO - Filling up the DagBag from /home/airflow/.local/lib/python3.12/site-packages/airflow/example_dags/tutorial_taskflow_api_virtualenv.py
[2026-06-08T12:18:32.408+0000] {processor.py:840} INFO - DAG(s) 'tutorial_taskflow_api_virtualenv' retrieved from /home/airflow/.local/lib/python3.12/site-packages/airflow/example_dags/tutorial_taskflow_api_virtualenv.py
[2026-06-08T12:18:32.427+0000] {logging_mixin.py:188} INFO - [2026-06-08T12:18:32.427+0000] {dag.py:3096} INFO - Sync 1 DAGs
[2026-06-08T12:18:32.438+0000] {logging_mixin.py:188} INFO - [2026-06-08T12:18:32.438+0000] {dag.py:3954} INFO - Setting next_dagrun for tutorial_taskflow_api_virtualenv to None, run_after=None
[2026-06-08T12:18:32.456+0000] {processor.py:183} INFO - Processing /home/airflow/.local/lib/python3.12/site-packages/airflow/example_dags/tutorial_taskflow_api_virtualenv.py took 0.064 seconds
[2026-06-08T12:19:03.032+0000] {processor.py:161} INFO - Started process (PID=59457) to work on /home/airflow/.local/lib/python3.12/site-packages/airflow/example_dags/tutorial_taskflow_api_virtualenv.py
[2026-06-08T12:19:03.033+0000] {processor.py:830} INFO - Processing file /home/airflow/.local/lib/python3.12/site-packages/airflow/example_dags/tutorial_taskflow_api_virtualenv.py for tasks to queue
[2026-06-08T12:19:03.035+0000] {logging_mixin.py:188} INFO - [2026-06-08T12:19:03.034+0000] {dagbag.py:545} INFO - Filling up the DagBag from /home/airflow/.local/lib/python3.12/site-packages/airflow/example_dags/tutorial_taskflow_api_virtualenv.py
[2026-06-08T12:19:03.043+0000] {processor.py:840} INFO - DAG(s) 'tutorial_taskflow_api_virtualenv' retrieved from /home/airflow/.local/lib/python3.12/site-packages/airflow/example_dags/tutorial_taskflow_api_virtualenv.py
[2026-06-08T12:19:03.063+0000] {logging_mixin.py:188} INFO - [2026-06-08T12:19:03.063+0000] {dag.py:3096} INFO - Sync 1 DAGs
[2026-06-08T12:19:03.075+0000] {logging_mixin.py:188} INFO - [2026-06-08T12:19:03.074+0000] {dag.py:3954} INFO - Setting next_dagrun for tutorial_taskflow_api_virtualenv to None, run_after=None
[2026-06-08T12:19:03.095+0000] {processor.py:183} INFO - Processing /home/airflow/.local/lib/python3.12/site-packages/airflow/example_dags/tutorial_taskflow_api_virtualenv.py took 0.069 seconds
[2026-06-08T12:19:33.682+0000] {processor.py:161} INFO - Started process (PID=59719) to work on /home/airflow/.local/lib/python3.12/site-packages/airflow/example_dags/tutorial_taskflow_api_virtualenv.py
[2026-06-08T12:19:33.683+0000] {processor.py:830} INFO - Processing file /home/airflow/.local/lib/python3.12/site-packages/airflow/example_dags/tutorial_taskflow_api_virtualenv.py for tasks to queue
[2026-06-08T12:19:33.686+0000] {logging_mixin.py:188} INFO - [2026-06-08T12:19:33.685+0000] {dagbag.py:545} INFO - Filling up the DagBag from /home/airflow/.local/lib/python3.12/site-packages/airflow/example_dags/tutorial_taskflow_api_virtualenv.py
[2026-06-08T12:19:33.695+0000] {processor.py:840} INFO - DAG(s) 'tutorial_taskflow_api_virtualenv' retrieved from /home/airflow/.local/lib/python3.12/site-packages/airflow/example_dags/tutorial_taskflow_api_virtualenv.py
[2026-06-08T12:19:33.718+0000] {logging_mixin.py:188} INFO - [2026-06-08T12:19:33.718+0000] {dag.py:3096} INFO - Sync 1 DAGs
[2026-06-08T12:19:33.729+0000] {logging_mixin.py:188} INFO - [2026-06-08T12:19:33.729+0000] {dag.py:3954} INFO - Setting next_dagrun for tutorial_taskflow_api_virtualenv to None, run_after=None
[2026-06-08T12:19:33.751+0000] {processor.py:183} INFO - Processing /home/airflow/.local/lib/python3.12/site-packages/airflow/example_dags/tutorial_taskflow_api_virtualenv.py took 0.074 seconds
[2026-06-08T12:20:04.755+0000] {processor.py:161} INFO - Started process (PID=59981) to work on /home/airflow/.local/lib/python3.12/site-packages/airflow/example_dags/tutorial_taskflow_api_virtualenv.py
[2026-06-08T12:20:04.757+0000] {processor.py:830} INFO - Processing file /home/airflow/.local/lib/python3.12/site-packages/airflow/example_dags/tutorial_taskflow_api_virtualenv.py for tasks to queue
[2026-06-08T12:20:04.759+0000] {logging_mixin.py:188} INFO - [2026-06-08T12:20:04.759+0000] {dagbag.py:545} INFO - Filling up the DagBag from /home/airflow/.local/lib/python3.12/site-packages/airflow/example_dags/tutorial_taskflow_api_virtualenv.py
[2026-06-08T12:20:04.768+0000] {processor.py:840} INFO - DAG(s) 'tutorial_taskflow_api_virtualenv' retrieved from /home/airflow/.local/lib/python3.12/site-packages/airflow/example_dags/tutorial_taskflow_api_virtualenv.py
[2026-06-08T12:20:04.793+0000] {logging_mixin.py:188} INFO - [2026-06-08T12:20:04.793+0000] {dag.py:3096} INFO - Sync 1 DAGs
[2026-06-08T12:20:04.807+0000] {logging_mixin.py:188} INFO - [2026-06-08T12:20:04.807+0000] {dag.py:3954} INFO - Setting next_dagrun for tutorial_taskflow_api_virtualenv to None, run_after=None
[2026-06-08T12:20:04.828+0000] {processor.py:183} INFO - Processing /home/airflow/.local/lib/python3.12/site-packages/airflow/example_dags/tutorial_taskflow_api_virtualenv.py took 0.079 seconds
[2026-06-08T12:20:35.390+0000] {processor.py:161} INFO - Started process (PID=60243) to work on /home/airflow/.local/lib/python3.12/site-packages/airflow/example_dags/tutorial_taskflow_api_virtualenv.py
[2026-06-08T12:20:35.392+0000] {processor.py:830} INFO - Processing file /home/airflow/.local/lib/python3.12/site-packages/airflow/example_dags/tutorial_taskflow_api_virtualenv.py for tasks to queue
[2026-06-08T12:20:35.394+0000] {logging_mixin.py:188} INFO - [2026-06-08T12:20:35.394+0000] {dagbag.py:545} INFO - Filling up the DagBag from /home/airflow/.local/lib/python3.12/site-packages/airflow/example_dags/tutorial_taskflow_api_virtualenv.py
[2026-06-08T12:20:35.405+0000] {processor.py:840} INFO - DAG(s) 'tutorial_taskflow_api_virtualenv' retrieved from /home/airflow/.local/lib/python3.12/site-packages/airflow/example_dags/tutorial_taskflow_api_virtualenv.py
[2026-06-08T12:20:35.431+0000] {logging_mixin.py:188} INFO - [2026-06-08T12:20:35.431+0000] {dag.py:3096} INFO - Sync 1 DAGs
[2026-06-08T12:20:35.446+0000] {logging_mixin.py:188} INFO - [2026-06-08T12:20:35.446+0000] {dag.py:3954} INFO - Setting next_dagrun for tutorial_taskflow_api_virtualenv to None, run_after=None
[2026-06-08T12:20:35.468+0000] {processor.py:183} INFO - Processing /home/airflow/.local/lib/python3.12/site-packages/airflow/example_dags/tutorial_taskflow_api_virtualenv.py took 0.083 seconds
[2026-06-08T12:21:05.939+0000] {processor.py:161} INFO - Started process (PID=60505) to work on /home/airflow/.local/lib/python3.12/site-packages/airflow/example_dags/tutorial_taskflow_api_virtualenv.py
[2026-06-08T12:21:05.940+0000] {processor.py:830} INFO - Processing file /home/airflow/.local/lib/python3.12/site-packages/airflow/example_dags/tutorial_taskflow_api_virtualenv.py for tasks to queue
[2026-06-08T12:21:05.942+0000] {logging_mixin.py:188} INFO - [2026-06-08T12:21:05.942+0000] {dagbag.py:545} INFO - Filling up the DagBag from /home/airflow/.local/lib/python3.12/site-packages/airflow/example_dags/tutorial_taskflow_api_virtualenv.py
[2026-06-08T12:21:05.951+0000] {processor.py:840} INFO - DAG(s) 'tutorial_taskflow_api_virtualenv' retrieved from /home/airflow/.local/lib/python3.12/site-packages/airflow/example_dags/tutorial_taskflow_api_virtualenv.py
[2026-06-08T12:21:05.972+0000] {logging_mixin.py:188} INFO - [2026-06-08T12:21:05.972+0000] {dag.py:3096} INFO - Sync 1 DAGs
[2026-06-08T12:21:05.985+0000] {logging_mixin.py:188} INFO - [2026-06-08T12:21:05.985+0000] {dag.py:3954} INFO - Setting next_dagrun for tutorial_taskflow_api_virtualenv to None, run_after=None
[2026-06-08T12:21:06.004+0000] {processor.py:183} INFO - Processing /home/airflow/.local/lib/python3.12/site-packages/airflow/example_dags/tutorial_taskflow_api_virtualenv.py took 0.072 seconds
[2026-06-08T12:21:36.259+0000] {processor.py:161} INFO - Started process (PID=60767) to work on /home/airflow/.local/lib/python3.12/site-packages/airflow/example_dags/tutorial_taskflow_api_virtualenv.py
[2026-06-08T12:21:36.260+0000] {processor.py:830} INFO - Processing file /home/airflow/.local/lib/python3.12/site-packages/airflow/example_dags/tutorial_taskflow_api_virtualenv.py for tasks to queue
[2026-06-08T12:21:36.262+0000] {logging_mixin.py:188} INFO - [2026-06-08T12:21:36.262+0000] {dagbag.py:545} INFO - Filling up the DagBag from /home/airflow/.local/lib/python3.12/site-packages/airflow/example_dags/tutorial_taskflow_api_virtualenv.py
[2026-06-08T12:21:36.272+0000] {processor.py:840} INFO - DAG(s) 'tutorial_taskflow_api_virtualenv' retrieved from /home/airflow/.local/lib/python3.12/site-packages/airflow/example_dags/tutorial_taskflow_api_virtualenv.py
[2026-06-08T12:21:36.290+0000] {logging_mixin.py:188} INFO - [2026-06-08T12:21:36.289+0000] {dag.py:3096} INFO - Sync 1 DAGs
[2026-06-08T12:21:36.303+0000] {logging_mixin.py:188} INFO - [2026-06-08T12:21:36.303+0000] {dag.py:3954} INFO - Setting next_dagrun for tutorial_taskflow_api_virtualenv to None, run_after=None
[2026-06-08T12:21:36.326+0000] {processor.py:183} INFO - Processing /home/airflow/.local/lib/python3.12/site-packages/airflow/example_dags/tutorial_taskflow_api_virtualenv.py took 0.074 seconds
[2026-06-08T12:22:06.470+0000] {processor.py:161} INFO - Started process (PID=61029) to work on /home/airflow/.local/lib/python3.12/site-packages/airflow/example_dags/tutorial_taskflow_api_virtualenv.py
[2026-06-08T12:22:06.471+0000] {processor.py:830} INFO - Processing file /home/airflow/.local/lib/python3.12/site-packages/airflow/example_dags/tutorial_taskflow_api_virtualenv.py for tasks to queue
[2026-06-08T12:22:06.473+0000] {logging_mixin.py:188} INFO - [2026-06-08T12:22:06.473+0000] {dagbag.py:545} INFO - Filling up the DagBag from /home/airflow/.local/lib/python3.12/site-packages/airflow/example_dags/tutorial_taskflow_api_virtualenv.py
[2026-06-08T12:22:06.483+0000] {processor.py:840} INFO - DAG(s) 'tutorial_taskflow_api_virtualenv' retrieved from /home/airflow/.local/lib/python3.12/site-packages/airflow/example_dags/tutorial_taskflow_api_virtualenv.py
[2026-06-08T12:22:06.504+0000] {logging_mixin.py:188} INFO - [2026-06-08T12:22:06.504+0000] {dag.py:3096} INFO - Sync 1 DAGs
[2026-06-08T12:22:06.516+0000] {logging_mixin.py:188} INFO - [2026-06-08T12:22:06.516+0000] {dag.py:3954} INFO - Setting next_dagrun for tutorial_taskflow_api_virtualenv to None, run_after=None
[2026-06-08T12:22:06.537+0000] {processor.py:183} INFO - Processing /home/airflow/.local/lib/python3.12/site-packages/airflow/example_dags/tutorial_taskflow_api_virtualenv.py took 0.074 seconds
[2026-06-08T12:22:36.670+0000] {processor.py:161} INFO - Started process (PID=61291) to work on /home/airflow/.local/lib/python3.12/site-packages/airflow/example_dags/tutorial_taskflow_api_virtualenv.py
[2026-06-08T12:22:36.671+0000] {processor.py:830} INFO - Processing file /home/airflow/.local/lib/python3.12/site-packages/airflow/example_dags/tutorial_taskflow_api_virtualenv.py for tasks to queue
[2026-06-08T12:22:36.674+0000] {logging_mixin.py:188} INFO - [2026-06-08T12:22:36.673+0000] {dagbag.py:545} INFO - Filling up the DagBag from /home/airflow/.local/lib/python3.12/site-packages/airflow/example_dags/tutorial_taskflow_api_virtualenv.py
[2026-06-08T12:22:36.682+0000] {processor.py:840} INFO - DAG(s) 'tutorial_taskflow_api_virtualenv' retrieved from /home/airflow/.local/lib/python3.12/site-packages/airflow/example_dags/tutorial_taskflow_api_virtualenv.py
[2026-06-08T12:22:36.703+0000] {logging_mixin.py:188} INFO - [2026-06-08T12:22:36.702+0000] {dag.py:3096} INFO - Sync 1 DAGs
[2026-06-08T12:22:36.717+0000] {logging_mixin.py:188} INFO - [2026-06-08T12:22:36.716+0000] {dag.py:3954} INFO - Setting next_dagrun for tutorial_taskflow_api_virtualenv to None, run_after=None
[2026-06-08T12:22:36.744+0000] {processor.py:183} INFO - Processing /home/airflow/.local/lib/python3.12/site-packages/airflow/example_dags/tutorial_taskflow_api_virtualenv.py took 0.080 seconds
[2026-06-08T12:23:06.873+0000] {processor.py:161} INFO - Started process (PID=61553) to work on /home/airflow/.local/lib/python3.12/site-packages/airflow/example_dags/tutorial_taskflow_api_virtualenv.py
[2026-06-08T12:23:06.874+0000] {processor.py:830} INFO - Processing file /home/airflow/.local/lib/python3.12/site-packages/airflow/example_dags/tutorial_taskflow_api_virtualenv.py for tasks to queue
[2026-06-08T12:23:06.877+0000] {logging_mixin.py:188} INFO - [2026-06-08T12:23:06.876+0000] {dagbag.py:545} INFO - Filling up the DagBag from /home/airflow/.local/lib/python3.12/site-packages/airflow/example_dags/tutorial_taskflow_api_virtualenv.py
[2026-06-08T12:23:06.885+0000] {processor.py:840} INFO - DAG(s) 'tutorial_taskflow_api_virtualenv' retrieved from /home/airflow/.local/lib/python3.12/site-packages/airflow/example_dags/tutorial_taskflow_api_virtualenv.py
[2026-06-08T12:23:06.906+0000] {logging_mixin.py:188} INFO - [2026-06-08T12:23:06.906+0000] {dag.py:3096} INFO - Sync 1 DAGs
[2026-06-08T12:23:06.920+0000] {logging_mixin.py:188} INFO - [2026-06-08T12:23:06.920+0000] {dag.py:3954} INFO - Setting next_dagrun for tutorial_taskflow_api_virtualenv to None, run_after=None
[2026-06-08T12:23:06.944+0000] {processor.py:183} INFO - Processing /home/airflow/.local/lib/python3.12/site-packages/airflow/example_dags/tutorial_taskflow_api_virtualenv.py took 0.077 seconds
[2026-06-08T12:23:37.170+0000] {processor.py:161} INFO - Started process (PID=61815) to work on /home/airflow/.local/lib/python3.12/site-packages/airflow/example_dags/tutorial_taskflow_api_virtualenv.py
[2026-06-08T12:23:37.171+0000] {processor.py:830} INFO - Processing file /home/airflow/.local/lib/python3.12/site-packages/airflow/example_dags/tutorial_taskflow_api_virtualenv.py for tasks to queue
[2026-06-08T12:23:37.174+0000] {logging_mixin.py:188} INFO - [2026-06-08T12:23:37.173+0000] {dagbag.py:545} INFO - Filling up the DagBag from /home/airflow/.local/lib/python3.12/site-packages/airflow/example_dags/tutorial_taskflow_api_virtualenv.py
[2026-06-08T12:23:37.182+0000] {processor.py:840} INFO - DAG(s) 'tutorial_taskflow_api_virtualenv' retrieved from /home/airflow/.local/lib/python3.12/site-packages/airflow/example_dags/tutorial_taskflow_api_virtualenv.py
[2026-06-08T12:23:37.202+0000] {logging_mixin.py:188} INFO - [2026-06-08T12:23:37.201+0000] {dag.py:3096} INFO - Sync 1 DAGs
[2026-06-08T12:23:37.218+0000] {logging_mixin.py:188} INFO - [2026-06-08T12:23:37.218+0000] {dag.py:3954} INFO - Setting next_dagrun for tutorial_taskflow_api_virtualenv to None, run_after=None
[2026-06-08T12:23:37.239+0000] {processor.py:183} INFO - Processing /home/airflow/.local/lib/python3.12/site-packages/airflow/example_dags/tutorial_taskflow_api_virtualenv.py took 0.076 seconds
[2026-06-08T12:24:07.421+0000] {processor.py:161} INFO - Started process (PID=62076) to work on /home/airflow/.local/lib/python3.12/site-packages/airflow/example_dags/tutorial_taskflow_api_virtualenv.py
[2026-06-08T12:24:07.422+0000] {processor.py:830} INFO - Processing file /home/airflow/.local/lib/python3.12/site-packages/airflow/example_dags/tutorial_taskflow_api_virtualenv.py for tasks to queue
[2026-06-08T12:24:07.424+0000] {logging_mixin.py:188} INFO - [2026-06-08T12:24:07.424+0000] {dagbag.py:545} INFO - Filling up the DagBag from /home/airflow/.local/lib/python3.12/site-packages/airflow/example_dags/tutorial_taskflow_api_virtualenv.py
[2026-06-08T12:24:07.436+0000] {processor.py:840} INFO - DAG(s) 'tutorial_taskflow_api_virtualenv' retrieved from /home/airflow/.local/lib/python3.12/site-packages/airflow/example_dags/tutorial_taskflow_api_virtualenv.py
[2026-06-08T12:24:07.459+0000] {logging_mixin.py:188} INFO - [2026-06-08T12:24:07.458+0000] {dag.py:3096} INFO - Sync 1 DAGs
[2026-06-08T12:24:07.471+0000] {logging_mixin.py:188} INFO - [2026-06-08T12:24:07.471+0000] {dag.py:3954} INFO - Setting next_dagrun for tutorial_taskflow_api_virtualenv to None, run_after=None
[2026-06-08T12:24:07.496+0000] {processor.py:183} INFO - Processing /home/airflow/.local/lib/python3.12/site-packages/airflow/example_dags/tutorial_taskflow_api_virtualenv.py took 0.081 seconds
[2026-06-08T12:24:37.682+0000] {processor.py:161} INFO - Started process (PID=62339) to work on /home/airflow/.local/lib/python3.12/site-packages/airflow/example_dags/tutorial_taskflow_api_virtualenv.py
[2026-06-08T12:24:37.683+0000] {processor.py:830} INFO - Processing file /home/airflow/.local/lib/python3.12/site-packages/airflow/example_dags/tutorial_taskflow_api_virtualenv.py for tasks to queue
[2026-06-08T12:24:37.685+0000] {logging_mixin.py:188} INFO - [2026-06-08T12:24:37.685+0000] {dagbag.py:545} INFO - Filling up the DagBag from /home/airflow/.local/lib/python3.12/site-packages/airflow/example_dags/tutorial_taskflow_api_virtualenv.py
[2026-06-08T12:24:37.696+0000] {processor.py:840} INFO - DAG(s) 'tutorial_taskflow_api_virtualenv' retrieved from /home/airflow/.local/lib/python3.12/site-packages/airflow/example_dags/tutorial_taskflow_api_virtualenv.py
[2026-06-08T12:24:37.720+0000] {logging_mixin.py:188} INFO - [2026-06-08T12:24:37.720+0000] {dag.py:3096} INFO - Sync 1 DAGs
[2026-06-08T12:24:37.734+0000] {logging_mixin.py:188} INFO - [2026-06-08T12:24:37.734+0000] {dag.py:3954} INFO - Setting next_dagrun for tutorial_taskflow_api_virtualenv to None, run_after=None
[2026-06-08T12:24:37.755+0000] {processor.py:183} INFO - Processing /home/airflow/.local/lib/python3.12/site-packages/airflow/example_dags/tutorial_taskflow_api_virtualenv.py took 0.080 seconds
[2026-06-08T12:25:08.062+0000] {processor.py:161} INFO - Started process (PID=62600) to work on /home/airflow/.local/lib/python3.12/site-packages/airflow/example_dags/tutorial_taskflow_api_virtualenv.py
[2026-06-08T12:25:08.064+0000] {processor.py:830} INFO - Processing file /home/airflow/.local/lib/python3.12/site-packages/airflow/example_dags/tutorial_taskflow_api_virtualenv.py for tasks to queue
[2026-06-08T12:25:08.066+0000] {logging_mixin.py:188} INFO - [2026-06-08T12:25:08.065+0000] {dagbag.py:545} INFO - Filling up the DagBag from /home/airflow/.local/lib/python3.12/site-packages/airflow/example_dags/tutorial_taskflow_api_virtualenv.py
[2026-06-08T12:25:08.078+0000] {processor.py:840} INFO - DAG(s) 'tutorial_taskflow_api_virtualenv' retrieved from /home/airflow/.local/lib/python3.12/site-packages/airflow/example_dags/tutorial_taskflow_api_virtualenv.py
[2026-06-08T12:25:08.102+0000] {logging_mixin.py:188} INFO - [2026-06-08T12:25:08.102+0000] {dag.py:3096} INFO - Sync 1 DAGs
[2026-06-08T12:25:08.117+0000] {logging_mixin.py:188} INFO - [2026-06-08T12:25:08.117+0000] {dag.py:3954} INFO - Setting next_dagrun for tutorial_taskflow_api_virtualenv to None, run_after=None
[2026-06-08T12:25:08.143+0000] {processor.py:183} INFO - Processing /home/airflow/.local/lib/python3.12/site-packages/airflow/example_dags/tutorial_taskflow_api_virtualenv.py took 0.088 seconds
[2026-06-08T12:25:38.327+0000] {processor.py:161} INFO - Started process (PID=62862) to work on /home/airflow/.local/lib/python3.12/site-packages/airflow/example_dags/tutorial_taskflow_api_virtualenv.py
[2026-06-08T12:25:38.328+0000] {processor.py:830} INFO - Processing file /home/airflow/.local/lib/python3.12/site-packages/airflow/example_dags/tutorial_taskflow_api_virtualenv.py for tasks to queue
[2026-06-08T12:25:38.330+0000] {logging_mixin.py:188} INFO - [2026-06-08T12:25:38.329+0000] {dagbag.py:545} INFO - Filling up the DagBag from /home/airflow/.local/lib/python3.12/site-packages/airflow/example_dags/tutorial_taskflow_api_virtualenv.py
[2026-06-08T12:25:38.341+0000] {processor.py:840} INFO - DAG(s) 'tutorial_taskflow_api_virtualenv' retrieved from /home/airflow/.local/lib/python3.12/site-packages/airflow/example_dags/tutorial_taskflow_api_virtualenv.py
[2026-06-08T12:25:38.363+0000] {logging_mixin.py:188} INFO - [2026-06-08T12:25:38.363+0000] {dag.py:3096} INFO - Sync 1 DAGs
[2026-06-08T12:25:38.377+0000] {logging_mixin.py:188} INFO - [2026-06-08T12:25:38.377+0000] {dag.py:3954} INFO - Setting next_dagrun for tutorial_taskflow_api_virtualenv to None, run_after=None
[2026-06-08T12:25:38.401+0000] {processor.py:183} INFO - Processing /home/airflow/.local/lib/python3.12/site-packages/airflow/example_dags/tutorial_taskflow_api_virtualenv.py took 0.078 seconds
[2026-06-08T12:26:08.603+0000] {processor.py:161} INFO - Started process (PID=63126) to work on /home/airflow/.local/lib/python3.12/site-packages/airflow/example_dags/tutorial_taskflow_api_virtualenv.py
[2026-06-08T12:26:08.604+0000] {processor.py:830} INFO - Processing file /home/airflow/.local/lib/python3.12/site-packages/airflow/example_dags/tutorial_taskflow_api_virtualenv.py for tasks to queue
[2026-06-08T12:26:08.606+0000] {logging_mixin.py:188} INFO - [2026-06-08T12:26:08.606+0000] {dagbag.py:545} INFO - Filling up the DagBag from /home/airflow/.local/lib/python3.12/site-packages/airflow/example_dags/tutorial_taskflow_api_virtualenv.py
[2026-06-08T12:26:08.617+0000] {processor.py:840} INFO - DAG(s) 'tutorial_taskflow_api_virtualenv' retrieved from /home/airflow/.local/lib/python3.12/site-packages/airflow/example_dags/tutorial_taskflow_api_virtualenv.py
[2026-06-08T12:26:08.641+0000] {logging_mixin.py:188} INFO - [2026-06-08T12:26:08.641+0000] {dag.py:3096} INFO - Sync 1 DAGs
[2026-06-08T12:26:08.655+0000] {logging_mixin.py:188} INFO - [2026-06-08T12:26:08.655+0000] {dag.py:3954} INFO - Setting next_dagrun for tutorial_taskflow_api_virtualenv to None, run_after=None
[2026-06-08T12:26:08.679+0000] {processor.py:183} INFO - Processing /home/airflow/.local/lib/python3.12/site-packages/airflow/example_dags/tutorial_taskflow_api_virtualenv.py took 0.081 seconds
[2026-06-08T12:26:39.660+0000] {processor.py:161} INFO - Started process (PID=63387) to work on /home/airflow/.local/lib/python3.12/site-packages/airflow/example_dags/tutorial_taskflow_api_virtualenv.py
[2026-06-08T12:26:39.661+0000] {processor.py:830} INFO - Processing file /home/airflow/.local/lib/python3.12/site-packages/airflow/example_dags/tutorial_taskflow_api_virtualenv.py for tasks to queue
[2026-06-08T12:26:39.662+0000] {logging_mixin.py:188} INFO - [2026-06-08T12:26:39.662+0000] {dagbag.py:545} INFO - Filling up the DagBag from /home/airflow/.local/lib/python3.12/site-packages/airflow/example_dags/tutorial_taskflow_api_virtualenv.py
[2026-06-08T12:26:39.670+0000] {processor.py:840} INFO - DAG(s) 'tutorial_taskflow_api_virtualenv' retrieved from /home/airflow/.local/lib/python3.12/site-packages/airflow/example_dags/tutorial_taskflow_api_virtualenv.py
[2026-06-08T12:26:39.693+0000] {logging_mixin.py:188} INFO - [2026-06-08T12:26:39.693+0000] {dag.py:3096} INFO - Sync 1 DAGs
[2026-06-08T12:26:39.706+0000] {logging_mixin.py:188} INFO - [2026-06-08T12:26:39.706+0000] {dag.py:3954} INFO - Setting next_dagrun for tutorial_taskflow_api_virtualenv to None, run_after=None
[2026-06-08T12:26:39.729+0000] {processor.py:183} INFO - Processing /home/airflow/.local/lib/python3.12/site-packages/airflow/example_dags/tutorial_taskflow_api_virtualenv.py took 0.074 seconds
[2026-06-08T12:27:10.048+0000] {processor.py:161} INFO - Started process (PID=63649) to work on /home/airflow/.local/lib/python3.12/site-packages/airflow/example_dags/tutorial_taskflow_api_virtualenv.py
[2026-06-08T12:27:10.049+0000] {processor.py:830} INFO - Processing file /home/airflow/.local/lib/python3.12/site-packages/airflow/example_dags/tutorial_taskflow_api_virtualenv.py for tasks to queue
[2026-06-08T12:27:10.051+0000] {logging_mixin.py:188} INFO - [2026-06-08T12:27:10.050+0000] {dagbag.py:545} INFO - Filling up the DagBag from /home/airflow/.local/lib/python3.12/site-packages/airflow/example_dags/tutorial_taskflow_api_virtualenv.py
[2026-06-08T12:27:10.061+0000] {processor.py:840} INFO - DAG(s) 'tutorial_taskflow_api_virtualenv' retrieved from /home/airflow/.local/lib/python3.12/site-packages/airflow/example_dags/tutorial_taskflow_api_virtualenv.py
[2026-06-08T12:27:10.082+0000] {logging_mixin.py:188} INFO - [2026-06-08T12:27:10.082+0000] {dag.py:3096} INFO - Sync 1 DAGs
[2026-06-08T12:27:10.093+0000] {logging_mixin.py:188} INFO - [2026-06-08T12:27:10.093+0000] {dag.py:3954} INFO - Setting next_dagrun for tutorial_taskflow_api_virtualenv to None, run_after=None
[2026-06-08T12:27:10.117+0000] {processor.py:183} INFO - Processing /home/airflow/.local/lib/python3.12/site-packages/airflow/example_dags/tutorial_taskflow_api_virtualenv.py took 0.076 seconds
[2026-06-08T12:27:40.650+0000] {processor.py:161} INFO - Started process (PID=63911) to work on /home/airflow/.local/lib/python3.12/site-packages/airflow/example_dags/tutorial_taskflow_api_virtualenv.py
[2026-06-08T12:27:40.652+0000] {processor.py:830} INFO - Processing file /home/airflow/.local/lib/python3.12/site-packages/airflow/example_dags/tutorial_taskflow_api_virtualenv.py for tasks to queue
[2026-06-08T12:27:40.654+0000] {logging_mixin.py:188} INFO - [2026-06-08T12:27:40.653+0000] {dagbag.py:545} INFO - Filling up the DagBag from /home/airflow/.local/lib/python3.12/site-packages/airflow/example_dags/tutorial_taskflow_api_virtualenv.py
[2026-06-08T12:27:40.665+0000] {processor.py:840} INFO - DAG(s) 'tutorial_taskflow_api_virtualenv' retrieved from /home/airflow/.local/lib/python3.12/site-packages/airflow/example_dags/tutorial_taskflow_api_virtualenv.py
[2026-06-08T12:27:40.688+0000] {logging_mixin.py:188} INFO - [2026-06-08T12:27:40.688+0000] {dag.py:3096} INFO - Sync 1 DAGs
[2026-06-08T12:27:40.702+0000] {logging_mixin.py:188} INFO - [2026-06-08T12:27:40.702+0000] {dag.py:3954} INFO - Setting next_dagrun for tutorial_taskflow_api_virtualenv to None, run_after=None
[2026-06-08T12:27:40.726+0000] {processor.py:183} INFO - Processing /home/airflow/.local/lib/python3.12/site-packages/airflow/example_dags/tutorial_taskflow_api_virtualenv.py took 0.082 seconds
[2026-06-08T12:28:11.216+0000] {processor.py:161} INFO - Started process (PID=64180) to work on /home/airflow/.local/lib/python3.12/site-packages/airflow/example_dags/tutorial_taskflow_api_virtualenv.py
[2026-06-08T12:28:11.216+0000] {processor.py:830} INFO - Processing file /home/airflow/.local/lib/python3.12/site-packages/airflow/example_dags/tutorial_taskflow_api_virtualenv.py for tasks to queue
[2026-06-08T12:28:11.218+0000] {logging_mixin.py:188} INFO - [2026-06-08T12:28:11.218+0000] {dagbag.py:545} INFO - Filling up the DagBag from /home/airflow/.local/lib/python3.12/site-packages/airflow/example_dags/tutorial_taskflow_api_virtualenv.py
[2026-06-08T12:28:11.227+0000] {processor.py:840} INFO - DAG(s) 'tutorial_taskflow_api_virtualenv' retrieved from /home/airflow/.local/lib/python3.12/site-packages/airflow/example_dags/tutorial_taskflow_api_virtualenv.py
[2026-06-08T12:28:11.249+0000] {logging_mixin.py:188} INFO - [2026-06-08T12:28:11.248+0000] {dag.py:3096} INFO - Sync 1 DAGs
[2026-06-08T12:28:11.261+0000] {logging_mixin.py:188} INFO - [2026-06-08T12:28:11.260+0000] {dag.py:3954} INFO - Setting next_dagrun for tutorial_taskflow_api_virtualenv to None, run_after=None
[2026-06-08T12:28:11.282+0000] {processor.py:183} INFO - Processing /home/airflow/.local/lib/python3.12/site-packages/airflow/example_dags/tutorial_taskflow_api_virtualenv.py took 0.073 seconds
[2026-06-08T12:28:41.540+0000] {processor.py:161} INFO - Started process (PID=64442) to work on /home/airflow/.local/lib/python3.12/site-packages/airflow/example_dags/tutorial_taskflow_api_virtualenv.py
[2026-06-08T12:28:41.541+0000] {processor.py:830} INFO - Processing file /home/airflow/.local/lib/python3.12/site-packages/airflow/example_dags/tutorial_taskflow_api_virtualenv.py for tasks to queue
[2026-06-08T12:28:41.543+0000] {logging_mixin.py:188} INFO - [2026-06-08T12:28:41.543+0000] {dagbag.py:545} INFO - Filling up the DagBag from /home/airflow/.local/lib/python3.12/site-packages/airflow/example_dags/tutorial_taskflow_api_virtualenv.py
[2026-06-08T12:28:41.553+0000] {processor.py:840} INFO - DAG(s) 'tutorial_taskflow_api_virtualenv' retrieved from /home/airflow/.local/lib/python3.12/site-packages/airflow/example_dags/tutorial_taskflow_api_virtualenv.py
[2026-06-08T12:28:41.573+0000] {logging_mixin.py:188} INFO - [2026-06-08T12:28:41.573+0000] {dag.py:3096} INFO - Sync 1 DAGs
[2026-06-08T12:28:41.587+0000] {logging_mixin.py:188} INFO - [2026-06-08T12:28:41.587+0000] {dag.py:3954} INFO - Setting next_dagrun for tutorial_taskflow_api_virtualenv to None, run_after=None
[2026-06-08T12:28:41.612+0000] {processor.py:183} INFO - Processing /home/airflow/.local/lib/python3.12/site-packages/airflow/example_dags/tutorial_taskflow_api_virtualenv.py took 0.076 seconds
[2026-06-08T12:29:12.095+0000] {processor.py:161} INFO - Started process (PID=64704) to work on /home/airflow/.local/lib/python3.12/site-packages/airflow/example_dags/tutorial_taskflow_api_virtualenv.py
[2026-06-08T12:29:12.096+0000] {processor.py:830} INFO - Processing file /home/airflow/.local/lib/python3.12/site-packages/airflow/example_dags/tutorial_taskflow_api_virtualenv.py for tasks to queue
[2026-06-08T12:29:12.099+0000] {logging_mixin.py:188} INFO - [2026-06-08T12:29:12.098+0000] {dagbag.py:545} INFO - Filling up the DagBag from /home/airflow/.local/lib/python3.12/site-packages/airflow/example_dags/tutorial_taskflow_api_virtualenv.py
[2026-06-08T12:29:12.108+0000] {processor.py:840} INFO - DAG(s) 'tutorial_taskflow_api_virtualenv' retrieved from /home/airflow/.local/lib/python3.12/site-packages/airflow/example_dags/tutorial_taskflow_api_virtualenv.py
[2026-06-08T12:29:12.129+0000] {logging_mixin.py:188} INFO - [2026-06-08T12:29:12.129+0000] {dag.py:3096} INFO - Sync 1 DAGs
[2026-06-08T12:29:12.143+0000] {logging_mixin.py:188} INFO - [2026-06-08T12:29:12.143+0000] {dag.py:3954} INFO - Setting next_dagrun for tutorial_taskflow_api_virtualenv to None, run_after=None
[2026-06-08T12:29:12.168+0000] {processor.py:183} INFO - Processing /home/airflow/.local/lib/python3.12/site-packages/airflow/example_dags/tutorial_taskflow_api_virtualenv.py took 0.079 seconds
[2026-06-08T12:29:42.553+0000] {processor.py:161} INFO - Started process (PID=64966) to work on /home/airflow/.local/lib/python3.12/site-packages/airflow/example_dags/tutorial_taskflow_api_virtualenv.py
[2026-06-08T12:29:42.554+0000] {processor.py:830} INFO - Processing file /home/airflow/.local/lib/python3.12/site-packages/airflow/example_dags/tutorial_taskflow_api_virtualenv.py for tasks to queue
[2026-06-08T12:29:42.556+0000] {logging_mixin.py:188} INFO - [2026-06-08T12:29:42.556+0000] {dagbag.py:545} INFO - Filling up the DagBag from /home/airflow/.local/lib/python3.12/site-packages/airflow/example_dags/tutorial_taskflow_api_virtualenv.py
[2026-06-08T12:29:42.565+0000] {processor.py:840} INFO - DAG(s) 'tutorial_taskflow_api_virtualenv' retrieved from /home/airflow/.local/lib/python3.12/site-packages/airflow/example_dags/tutorial_taskflow_api_virtualenv.py
[2026-06-08T12:29:42.586+0000] {logging_mixin.py:188} INFO - [2026-06-08T12:29:42.586+0000] {dag.py:3096} INFO - Sync 1 DAGs
[2026-06-08T12:29:42.599+0000] {logging_mixin.py:188} INFO - [2026-06-08T12:29:42.599+0000] {dag.py:3954} INFO - Setting next_dagrun for tutorial_taskflow_api_virtualenv to None, run_after=None
[2026-06-08T12:29:42.620+0000] {processor.py:183} INFO - Processing /home/airflow/.local/lib/python3.12/site-packages/airflow/example_dags/tutorial_taskflow_api_virtualenv.py took 0.072 seconds
[2026-06-08T12:30:12.801+0000] {processor.py:161} INFO - Started process (PID=65228) to work on /home/airflow/.local/lib/python3.12/site-packages/airflow/example_dags/tutorial_taskflow_api_virtualenv.py
[2026-06-08T12:30:12.802+0000] {processor.py:830} INFO - Processing file /home/airflow/.local/lib/python3.12/site-packages/airflow/example_dags/tutorial_taskflow_api_virtualenv.py for tasks to queue
[2026-06-08T12:30:12.804+0000] {logging_mixin.py:188} INFO - [2026-06-08T12:30:12.804+0000] {dagbag.py:545} INFO - Filling up the DagBag from /home/airflow/.local/lib/python3.12/site-packages/airflow/example_dags/tutorial_taskflow_api_virtualenv.py
[2026-06-08T12:30:12.816+0000] {processor.py:840} INFO - DAG(s) 'tutorial_taskflow_api_virtualenv' retrieved from /home/airflow/.local/lib/python3.12/site-packages/airflow/example_dags/tutorial_taskflow_api_virtualenv.py
[2026-06-08T12:30:12.839+0000] {logging_mixin.py:188} INFO - [2026-06-08T12:30:12.839+0000] {dag.py:3096} INFO - Sync 1 DAGs
[2026-06-08T12:30:12.853+0000] {logging_mixin.py:188} INFO - [2026-06-08T12:30:12.853+0000] {dag.py:3954} INFO - Setting next_dagrun for tutorial_taskflow_api_virtualenv to None, run_after=None
[2026-06-08T12:30:12.879+0000] {processor.py:183} INFO - Processing /home/airflow/.local/lib/python3.12/site-packages/airflow/example_dags/tutorial_taskflow_api_virtualenv.py took 0.084 seconds
[2026-06-08T12:30:43.087+0000] {processor.py:161} INFO - Started process (PID=65490) to work on /home/airflow/.local/lib/python3.12/site-packages/airflow/example_dags/tutorial_taskflow_api_virtualenv.py
[2026-06-08T12:30:43.088+0000] {processor.py:830} INFO - Processing file /home/airflow/.local/lib/python3.12/site-packages/airflow/example_dags/tutorial_taskflow_api_virtualenv.py for tasks to queue
[2026-06-08T12:30:43.091+0000] {logging_mixin.py:188} INFO - [2026-06-08T12:30:43.090+0000] {dagbag.py:545} INFO - Filling up the DagBag from /home/airflow/.local/lib/python3.12/site-packages/airflow/example_dags/tutorial_taskflow_api_virtualenv.py
[2026-06-08T12:30:43.101+0000] {processor.py:840} INFO - DAG(s) 'tutorial_taskflow_api_virtualenv' retrieved from /home/airflow/.local/lib/python3.12/site-packages/airflow/example_dags/tutorial_taskflow_api_virtualenv.py
[2026-06-08T12:30:43.124+0000] {logging_mixin.py:188} INFO - [2026-06-08T12:30:43.124+0000] {dag.py:3096} INFO - Sync 1 DAGs
[2026-06-08T12:30:43.136+0000] {logging_mixin.py:188} INFO - [2026-06-08T12:30:43.136+0000] {dag.py:3954} INFO - Setting next_dagrun for tutorial_taskflow_api_virtualenv to None, run_after=None
[2026-06-08T12:30:43.161+0000] {processor.py:183} INFO - Processing /home/airflow/.local/lib/python3.12/site-packages/airflow/example_dags/tutorial_taskflow_api_virtualenv.py took 0.079 seconds
[2026-06-08T12:31:13.528+0000] {processor.py:161} INFO - Started process (PID=65752) to work on /home/airflow/.local/lib/python3.12/site-packages/airflow/example_dags/tutorial_taskflow_api_virtualenv.py
[2026-06-08T12:31:13.530+0000] {processor.py:830} INFO - Processing file /home/airflow/.local/lib/python3.12/site-packages/airflow/example_dags/tutorial_taskflow_api_virtualenv.py for tasks to queue
[2026-06-08T12:31:13.532+0000] {logging_mixin.py:188} INFO - [2026-06-08T12:31:13.532+0000] {dagbag.py:545} INFO - Filling up the DagBag from /home/airflow/.local/lib/python3.12/site-packages/airflow/example_dags/tutorial_taskflow_api_virtualenv.py
[2026-06-08T12:31:13.545+0000] {processor.py:840} INFO - DAG(s) 'tutorial_taskflow_api_virtualenv' retrieved from /home/airflow/.local/lib/python3.12/site-packages/airflow/example_dags/tutorial_taskflow_api_virtualenv.py
[2026-06-08T12:31:13.571+0000] {logging_mixin.py:188} INFO - [2026-06-08T12:31:13.570+0000] {dag.py:3096} INFO - Sync 1 DAGs
[2026-06-08T12:31:13.584+0000] {logging_mixin.py:188} INFO - [2026-06-08T12:31:13.583+0000] {dag.py:3954} INFO - Setting next_dagrun for tutorial_taskflow_api_virtualenv to None, run_after=None
[2026-06-08T12:31:13.607+0000] {processor.py:183} INFO - Processing /home/airflow/.local/lib/python3.12/site-packages/airflow/example_dags/tutorial_taskflow_api_virtualenv.py took 0.085 seconds
[2026-06-08T12:31:44.090+0000] {processor.py:161} INFO - Started process (PID=66014) to work on /home/airflow/.local/lib/python3.12/site-packages/airflow/example_dags/tutorial_taskflow_api_virtualenv.py
[2026-06-08T12:31:44.091+0000] {processor.py:830} INFO - Processing file /home/airflow/.local/lib/python3.12/site-packages/airflow/example_dags/tutorial_taskflow_api_virtualenv.py for tasks to queue
[2026-06-08T12:31:44.094+0000] {logging_mixin.py:188} INFO - [2026-06-08T12:31:44.093+0000] {dagbag.py:545} INFO - Filling up the DagBag from /home/airflow/.local/lib/python3.12/site-packages/airflow/example_dags/tutorial_taskflow_api_virtualenv.py
[2026-06-08T12:31:44.104+0000] {processor.py:840} INFO - DAG(s) 'tutorial_taskflow_api_virtualenv' retrieved from /home/airflow/.local/lib/python3.12/site-packages/airflow/example_dags/tutorial_taskflow_api_virtualenv.py
[2026-06-08T12:31:44.127+0000] {logging_mixin.py:188} INFO - [2026-06-08T12:31:44.127+0000] {dag.py:3096} INFO - Sync 1 DAGs
[2026-06-08T12:31:44.141+0000] {logging_mixin.py:188} INFO - [2026-06-08T12:31:44.141+0000] {dag.py:3954} INFO - Setting next_dagrun for tutorial_taskflow_api_virtualenv to None, run_after=None
[2026-06-08T12:31:44.166+0000] {processor.py:183} INFO - Processing /home/airflow/.local/lib/python3.12/site-packages/airflow/example_dags/tutorial_taskflow_api_virtualenv.py took 0.081 seconds
[2026-06-08T12:32:14.594+0000] {processor.py:161} INFO - Started process (PID=66276) to work on /home/airflow/.local/lib/python3.12/site-packages/airflow/example_dags/tutorial_taskflow_api_virtualenv.py
[2026-06-08T12:32:14.595+0000] {processor.py:830} INFO - Processing file /home/airflow/.local/lib/python3.12/site-packages/airflow/example_dags/tutorial_taskflow_api_virtualenv.py for tasks to queue
[2026-06-08T12:32:14.598+0000] {logging_mixin.py:188} INFO - [2026-06-08T12:32:14.597+0000] {dagbag.py:545} INFO - Filling up the DagBag from /home/airflow/.local/lib/python3.12/site-packages/airflow/example_dags/tutorial_taskflow_api_virtualenv.py
[2026-06-08T12:32:14.607+0000] {processor.py:840} INFO - DAG(s) 'tutorial_taskflow_api_virtualenv' retrieved from /home/airflow/.local/lib/python3.12/site-packages/airflow/example_dags/tutorial_taskflow_api_virtualenv.py
[2026-06-08T12:32:14.629+0000] {logging_mixin.py:188} INFO - [2026-06-08T12:32:14.629+0000] {dag.py:3096} INFO - Sync 1 DAGs
[2026-06-08T12:32:14.642+0000] {logging_mixin.py:188} INFO - [2026-06-08T12:32:14.642+0000] {dag.py:3954} INFO - Setting next_dagrun for tutorial_taskflow_api_virtualenv to None, run_after=None
[2026-06-08T12:32:14.663+0000] {processor.py:183} INFO - Processing /home/airflow/.local/lib/python3.12/site-packages/airflow/example_dags/tutorial_taskflow_api_virtualenv.py took 0.075 seconds
[2026-06-08T12:32:45.102+0000] {processor.py:161} INFO - Started process (PID=66538) to work on /home/airflow/.local/lib/python3.12/site-packages/airflow/example_dags/tutorial_taskflow_api_virtualenv.py
[2026-06-08T12:32:45.104+0000] {processor.py:830} INFO - Processing file /home/airflow/.local/lib/python3.12/site-packages/airflow/example_dags/tutorial_taskflow_api_virtualenv.py for tasks to queue
[2026-06-08T12:32:45.106+0000] {logging_mixin.py:188} INFO - [2026-06-08T12:32:45.105+0000] {dagbag.py:545} INFO - Filling up the DagBag from /home/airflow/.local/lib/python3.12/site-packages/airflow/example_dags/tutorial_taskflow_api_virtualenv.py
[2026-06-08T12:32:45.118+0000] {processor.py:840} INFO - DAG(s) 'tutorial_taskflow_api_virtualenv' retrieved from /home/airflow/.local/lib/python3.12/site-packages/airflow/example_dags/tutorial_taskflow_api_virtualenv.py
[2026-06-08T12:32:45.141+0000] {logging_mixin.py:188} INFO - [2026-06-08T12:32:45.141+0000] {dag.py:3096} INFO - Sync 1 DAGs
[2026-06-08T12:32:45.156+0000] {logging_mixin.py:188} INFO - [2026-06-08T12:32:45.156+0000] {dag.py:3954} INFO - Setting next_dagrun for tutorial_taskflow_api_virtualenv to None, run_after=None
[2026-06-08T12:32:45.181+0000] {processor.py:183} INFO - Processing /home/airflow/.local/lib/python3.12/site-packages/airflow/example_dags/tutorial_taskflow_api_virtualenv.py took 0.086 seconds
[2026-06-08T12:33:15.247+0000] {processor.py:161} INFO - Started process (PID=66800) to work on /home/airflow/.local/lib/python3.12/site-packages/airflow/example_dags/tutorial_taskflow_api_virtualenv.py
[2026-06-08T12:33:15.249+0000] {processor.py:830} INFO - Processing file /home/airflow/.local/lib/python3.12/site-packages/airflow/example_dags/tutorial_taskflow_api_virtualenv.py for tasks to queue
[2026-06-08T12:33:15.252+0000] {logging_mixin.py:188} INFO - [2026-06-08T12:33:15.251+0000] {dagbag.py:545} INFO - Filling up the DagBag from /home/airflow/.local/lib/python3.12/site-packages/airflow/example_dags/tutorial_taskflow_api_virtualenv.py
[2026-06-08T12:33:15.260+0000] {processor.py:840} INFO - DAG(s) 'tutorial_taskflow_api_virtualenv' retrieved from /home/airflow/.local/lib/python3.12/site-packages/airflow/example_dags/tutorial_taskflow_api_virtualenv.py
[2026-06-08T12:33:15.283+0000] {logging_mixin.py:188} INFO - [2026-06-08T12:33:15.282+0000] {dag.py:3096} INFO - Sync 1 DAGs
[2026-06-08T12:33:15.295+0000] {logging_mixin.py:188} INFO - [2026-06-08T12:33:15.295+0000] {dag.py:3954} INFO - Setting next_dagrun for tutorial_taskflow_api_virtualenv to None, run_after=None
[2026-06-08T12:33:15.318+0000] {processor.py:183} INFO - Processing /home/airflow/.local/lib/python3.12/site-packages/airflow/example_dags/tutorial_taskflow_api_virtualenv.py took 0.076 seconds
[2026-06-08T12:33:45.842+0000] {processor.py:161} INFO - Started process (PID=67062) to work on /home/airflow/.local/lib/python3.12/site-packages/airflow/example_dags/tutorial_taskflow_api_virtualenv.py
[2026-06-08T12:33:45.843+0000] {processor.py:830} INFO - Processing file /home/airflow/.local/lib/python3.12/site-packages/airflow/example_dags/tutorial_taskflow_api_virtualenv.py for tasks to queue
[2026-06-08T12:33:45.844+0000] {logging_mixin.py:188} INFO - [2026-06-08T12:33:45.844+0000] {dagbag.py:545} INFO - Filling up the DagBag from /home/airflow/.local/lib/python3.12/site-packages/airflow/example_dags/tutorial_taskflow_api_virtualenv.py
[2026-06-08T12:33:45.855+0000] {processor.py:840} INFO - DAG(s) 'tutorial_taskflow_api_virtualenv' retrieved from /home/airflow/.local/lib/python3.12/site-packages/airflow/example_dags/tutorial_taskflow_api_virtualenv.py
[2026-06-08T12:33:45.876+0000] {logging_mixin.py:188} INFO - [2026-06-08T12:33:45.875+0000] {dag.py:3096} INFO - Sync 1 DAGs
[2026-06-08T12:33:45.888+0000] {logging_mixin.py:188} INFO - [2026-06-08T12:33:45.887+0000] {dag.py:3954} INFO - Setting next_dagrun for tutorial_taskflow_api_virtualenv to None, run_after=None
[2026-06-08T12:33:45.908+0000] {processor.py:183} INFO - Processing /home/airflow/.local/lib/python3.12/site-packages/airflow/example_dags/tutorial_taskflow_api_virtualenv.py took 0.071 seconds
[2026-06-08T12:34:16.278+0000] {processor.py:161} INFO - Started process (PID=67326) to work on /home/airflow/.local/lib/python3.12/site-packages/airflow/example_dags/tutorial_taskflow_api_virtualenv.py
[2026-06-08T12:34:16.279+0000] {processor.py:830} INFO - Processing file /home/airflow/.local/lib/python3.12/site-packages/airflow/example_dags/tutorial_taskflow_api_virtualenv.py for tasks to queue
[2026-06-08T12:34:16.281+0000] {logging_mixin.py:188} INFO - [2026-06-08T12:34:16.280+0000] {dagbag.py:545} INFO - Filling up the DagBag from /home/airflow/.local/lib/python3.12/site-packages/airflow/example_dags/tutorial_taskflow_api_virtualenv.py
[2026-06-08T12:34:16.290+0000] {processor.py:840} INFO - DAG(s) 'tutorial_taskflow_api_virtualenv' retrieved from /home/airflow/.local/lib/python3.12/site-packages/airflow/example_dags/tutorial_taskflow_api_virtualenv.py
[2026-06-08T12:34:16.312+0000] {logging_mixin.py:188} INFO - [2026-06-08T12:34:16.312+0000] {dag.py:3096} INFO - Sync 1 DAGs
[2026-06-08T12:34:16.327+0000] {logging_mixin.py:188} INFO - [2026-06-08T12:34:16.326+0000] {dag.py:3954} INFO - Setting next_dagrun for tutorial_taskflow_api_virtualenv to None, run_after=None
[2026-06-08T12:34:16.348+0000] {processor.py:183} INFO - Processing /home/airflow/.local/lib/python3.12/site-packages/airflow/example_dags/tutorial_taskflow_api_virtualenv.py took 0.075 seconds
[2026-06-08T12:34:46.877+0000] {processor.py:161} INFO - Started process (PID=67581) to work on /home/airflow/.local/lib/python3.12/site-packages/airflow/example_dags/tutorial_taskflow_api_virtualenv.py
[2026-06-08T12:34:46.879+0000] {processor.py:830} INFO - Processing file /home/airflow/.local/lib/python3.12/site-packages/airflow/example_dags/tutorial_taskflow_api_virtualenv.py for tasks to queue
[2026-06-08T12:34:46.881+0000] {logging_mixin.py:188} INFO - [2026-06-08T12:34:46.880+0000] {dagbag.py:545} INFO - Filling up the DagBag from /home/airflow/.local/lib/python3.12/site-packages/airflow/example_dags/tutorial_taskflow_api_virtualenv.py
[2026-06-08T12:34:46.888+0000] {processor.py:840} INFO - DAG(s) 'tutorial_taskflow_api_virtualenv' retrieved from /home/airflow/.local/lib/python3.12/site-packages/airflow/example_dags/tutorial_taskflow_api_virtualenv.py
[2026-06-08T12:34:46.912+0000] {logging_mixin.py:188} INFO - [2026-06-08T12:34:46.912+0000] {dag.py:3096} INFO - Sync 1 DAGs
[2026-06-08T12:34:46.923+0000] {logging_mixin.py:188} INFO - [2026-06-08T12:34:46.923+0000] {dag.py:3954} INFO - Setting next_dagrun for tutorial_taskflow_api_virtualenv to None, run_after=None
[2026-06-08T12:34:46.946+0000] {processor.py:183} INFO - Processing /home/airflow/.local/lib/python3.12/site-packages/airflow/example_dags/tutorial_taskflow_api_virtualenv.py took 0.073 seconds
[2026-06-08T12:35:17.054+0000] {processor.py:161} INFO - Started process (PID=67843) to work on /home/airflow/.local/lib/python3.12/site-packages/airflow/example_dags/tutorial_taskflow_api_virtualenv.py
[2026-06-08T12:35:17.055+0000] {processor.py:830} INFO - Processing file /home/airflow/.local/lib/python3.12/site-packages/airflow/example_dags/tutorial_taskflow_api_virtualenv.py for tasks to queue
[2026-06-08T12:35:17.057+0000] {logging_mixin.py:188} INFO - [2026-06-08T12:35:17.056+0000] {dagbag.py:545} INFO - Filling up the DagBag from /home/airflow/.local/lib/python3.12/site-packages/airflow/example_dags/tutorial_taskflow_api_virtualenv.py
[2026-06-08T12:35:17.066+0000] {processor.py:840} INFO - DAG(s) 'tutorial_taskflow_api_virtualenv' retrieved from /home/airflow/.local/lib/python3.12/site-packages/airflow/example_dags/tutorial_taskflow_api_virtualenv.py
[2026-06-08T12:35:17.088+0000] {logging_mixin.py:188} INFO - [2026-06-08T12:35:17.087+0000] {dag.py:3096} INFO - Sync 1 DAGs
[2026-06-08T12:35:17.101+0000] {logging_mixin.py:188} INFO - [2026-06-08T12:35:17.100+0000] {dag.py:3954} INFO - Setting next_dagrun for tutorial_taskflow_api_virtualenv to None, run_after=None
[2026-06-08T12:35:17.122+0000] {processor.py:183} INFO - Processing /home/airflow/.local/lib/python3.12/site-packages/airflow/example_dags/tutorial_taskflow_api_virtualenv.py took 0.074 seconds
[2026-06-08T12:35:47.610+0000] {processor.py:161} INFO - Started process (PID=68105) to work on /home/airflow/.local/lib/python3.12/site-packages/airflow/example_dags/tutorial_taskflow_api_virtualenv.py
[2026-06-08T12:35:47.611+0000] {processor.py:830} INFO - Processing file /home/airflow/.local/lib/python3.12/site-packages/airflow/example_dags/tutorial_taskflow_api_virtualenv.py for tasks to queue
[2026-06-08T12:35:47.614+0000] {logging_mixin.py:188} INFO - [2026-06-08T12:35:47.613+0000] {dagbag.py:545} INFO - Filling up the DagBag from /home/airflow/.local/lib/python3.12/site-packages/airflow/example_dags/tutorial_taskflow_api_virtualenv.py
[2026-06-08T12:35:47.623+0000] {processor.py:840} INFO - DAG(s) 'tutorial_taskflow_api_virtualenv' retrieved from /home/airflow/.local/lib/python3.12/site-packages/airflow/example_dags/tutorial_taskflow_api_virtualenv.py
[2026-06-08T12:35:47.644+0000] {logging_mixin.py:188} INFO - [2026-06-08T12:35:47.644+0000] {dag.py:3096} INFO - Sync 1 DAGs
[2026-06-08T12:35:47.658+0000] {logging_mixin.py:188} INFO - [2026-06-08T12:35:47.658+0000] {dag.py:3954} INFO - Setting next_dagrun for tutorial_taskflow_api_virtualenv to None, run_after=None
[2026-06-08T12:35:47.679+0000] {processor.py:183} INFO - Processing /home/airflow/.local/lib/python3.12/site-packages/airflow/example_dags/tutorial_taskflow_api_virtualenv.py took 0.075 seconds
[2026-06-08T12:36:18.287+0000] {processor.py:161} INFO - Started process (PID=68367) to work on /home/airflow/.local/lib/python3.12/site-packages/airflow/example_dags/tutorial_taskflow_api_virtualenv.py
[2026-06-08T12:36:18.288+0000] {processor.py:830} INFO - Processing file /home/airflow/.local/lib/python3.12/site-packages/airflow/example_dags/tutorial_taskflow_api_virtualenv.py for tasks to queue
[2026-06-08T12:36:18.290+0000] {logging_mixin.py:188} INFO - [2026-06-08T12:36:18.289+0000] {dagbag.py:545} INFO - Filling up the DagBag from /home/airflow/.local/lib/python3.12/site-packages/airflow/example_dags/tutorial_taskflow_api_virtualenv.py
[2026-06-08T12:36:18.301+0000] {processor.py:840} INFO - DAG(s) 'tutorial_taskflow_api_virtualenv' retrieved from /home/airflow/.local/lib/python3.12/site-packages/airflow/example_dags/tutorial_taskflow_api_virtualenv.py
[2026-06-08T12:36:18.324+0000] {logging_mixin.py:188} INFO - [2026-06-08T12:36:18.324+0000] {dag.py:3096} INFO - Sync 1 DAGs
[2026-06-08T12:36:18.337+0000] {logging_mixin.py:188} INFO - [2026-06-08T12:36:18.337+0000] {dag.py:3954} INFO - Setting next_dagrun for tutorial_taskflow_api_virtualenv to None, run_after=None
[2026-06-08T12:36:18.361+0000] {processor.py:183} INFO - Processing /home/airflow/.local/lib/python3.12/site-packages/airflow/example_dags/tutorial_taskflow_api_virtualenv.py took 0.079 seconds
[2026-06-08T12:36:49.001+0000] {processor.py:161} INFO - Started process (PID=68629) to work on /home/airflow/.local/lib/python3.12/site-packages/airflow/example_dags/tutorial_taskflow_api_virtualenv.py
[2026-06-08T12:36:49.002+0000] {processor.py:830} INFO - Processing file /home/airflow/.local/lib/python3.12/site-packages/airflow/example_dags/tutorial_taskflow_api_virtualenv.py for tasks to queue
[2026-06-08T12:36:49.004+0000] {logging_mixin.py:188} INFO - [2026-06-08T12:36:49.004+0000] {dagbag.py:545} INFO - Filling up the DagBag from /home/airflow/.local/lib/python3.12/site-packages/airflow/example_dags/tutorial_taskflow_api_virtualenv.py
[2026-06-08T12:36:49.015+0000] {processor.py:840} INFO - DAG(s) 'tutorial_taskflow_api_virtualenv' retrieved from /home/airflow/.local/lib/python3.12/site-packages/airflow/example_dags/tutorial_taskflow_api_virtualenv.py
[2026-06-08T12:36:49.040+0000] {logging_mixin.py:188} INFO - [2026-06-08T12:36:49.039+0000] {dag.py:3096} INFO - Sync 1 DAGs
[2026-06-08T12:36:49.051+0000] {logging_mixin.py:188} INFO - [2026-06-08T12:36:49.051+0000] {dag.py:3954} INFO - Setting next_dagrun for tutorial_taskflow_api_virtualenv to None, run_after=None
[2026-06-08T12:36:49.074+0000] {processor.py:183} INFO - Processing /home/airflow/.local/lib/python3.12/site-packages/airflow/example_dags/tutorial_taskflow_api_virtualenv.py took 0.077 seconds
[2026-06-08T12:37:19.293+0000] {processor.py:161} INFO - Started process (PID=68891) to work on /home/airflow/.local/lib/python3.12/site-packages/airflow/example_dags/tutorial_taskflow_api_virtualenv.py
[2026-06-08T12:37:19.294+0000] {processor.py:830} INFO - Processing file /home/airflow/.local/lib/python3.12/site-packages/airflow/example_dags/tutorial_taskflow_api_virtualenv.py for tasks to queue
[2026-06-08T12:37:19.296+0000] {logging_mixin.py:188} INFO - [2026-06-08T12:37:19.295+0000] {dagbag.py:545} INFO - Filling up the DagBag from /home/airflow/.local/lib/python3.12/site-packages/airflow/example_dags/tutorial_taskflow_api_virtualenv.py
[2026-06-08T12:37:19.307+0000] {processor.py:840} INFO - DAG(s) 'tutorial_taskflow_api_virtualenv' retrieved from /home/airflow/.local/lib/python3.12/site-packages/airflow/example_dags/tutorial_taskflow_api_virtualenv.py
[2026-06-08T12:37:19.331+0000] {logging_mixin.py:188} INFO - [2026-06-08T12:37:19.331+0000] {dag.py:3096} INFO - Sync 1 DAGs
[2026-06-08T12:37:19.343+0000] {logging_mixin.py:188} INFO - [2026-06-08T12:37:19.343+0000] {dag.py:3954} INFO - Setting next_dagrun for tutorial_taskflow_api_virtualenv to None, run_after=None
[2026-06-08T12:37:19.363+0000] {processor.py:183} INFO - Processing /home/airflow/.local/lib/python3.12/site-packages/airflow/example_dags/tutorial_taskflow_api_virtualenv.py took 0.077 seconds
[2026-06-08T12:37:49.629+0000] {processor.py:161} INFO - Started process (PID=69153) to work on /home/airflow/.local/lib/python3.12/site-packages/airflow/example_dags/tutorial_taskflow_api_virtualenv.py
[2026-06-08T12:37:49.631+0000] {processor.py:830} INFO - Processing file /home/airflow/.local/lib/python3.12/site-packages/airflow/example_dags/tutorial_taskflow_api_virtualenv.py for tasks to queue
[2026-06-08T12:37:49.634+0000] {logging_mixin.py:188} INFO - [2026-06-08T12:37:49.634+0000] {dagbag.py:545} INFO - Filling up the DagBag from /home/airflow/.local/lib/python3.12/site-packages/airflow/example_dags/tutorial_taskflow_api_virtualenv.py
[2026-06-08T12:37:49.644+0000] {processor.py:840} INFO - DAG(s) 'tutorial_taskflow_api_virtualenv' retrieved from /home/airflow/.local/lib/python3.12/site-packages/airflow/example_dags/tutorial_taskflow_api_virtualenv.py
[2026-06-08T12:37:49.665+0000] {logging_mixin.py:188} INFO - [2026-06-08T12:37:49.665+0000] {dag.py:3096} INFO - Sync 1 DAGs
[2026-06-08T12:37:49.678+0000] {logging_mixin.py:188} INFO - [2026-06-08T12:37:49.678+0000] {dag.py:3954} INFO - Setting next_dagrun for tutorial_taskflow_api_virtualenv to None, run_after=None
[2026-06-08T12:37:49.701+0000] {processor.py:183} INFO - Processing /home/airflow/.local/lib/python3.12/site-packages/airflow/example_dags/tutorial_taskflow_api_virtualenv.py took 0.078 seconds
[2026-06-08T12:38:19.845+0000] {processor.py:161} INFO - Started process (PID=69415) to work on /home/airflow/.local/lib/python3.12/site-packages/airflow/example_dags/tutorial_taskflow_api_virtualenv.py
[2026-06-08T12:38:19.846+0000] {processor.py:830} INFO - Processing file /home/airflow/.local/lib/python3.12/site-packages/airflow/example_dags/tutorial_taskflow_api_virtualenv.py for tasks to queue
[2026-06-08T12:38:19.848+0000] {logging_mixin.py:188} INFO - [2026-06-08T12:38:19.847+0000] {dagbag.py:545} INFO - Filling up the DagBag from /home/airflow/.local/lib/python3.12/site-packages/airflow/example_dags/tutorial_taskflow_api_virtualenv.py
[2026-06-08T12:38:19.856+0000] {processor.py:840} INFO - DAG(s) 'tutorial_taskflow_api_virtualenv' retrieved from /home/airflow/.local/lib/python3.12/site-packages/airflow/example_dags/tutorial_taskflow_api_virtualenv.py
[2026-06-08T12:38:19.878+0000] {logging_mixin.py:188} INFO - [2026-06-08T12:38:19.878+0000] {dag.py:3096} INFO - Sync 1 DAGs
[2026-06-08T12:38:19.890+0000] {logging_mixin.py:188} INFO - [2026-06-08T12:38:19.890+0000] {dag.py:3954} INFO - Setting next_dagrun for tutorial_taskflow_api_virtualenv to None, run_after=None
[2026-06-08T12:38:19.452+0000] {processor.py:183} INFO - Processing /home/airflow/.local/lib/python3.12/site-packages/airflow/example_dags/tutorial_taskflow_api_virtualenv.py took 0.077 seconds
[2026-06-08T12:38:49.964+0000] {processor.py:161} INFO - Started process (PID=69675) to work on /home/airflow/.local/lib/python3.12/site-packages/airflow/example_dags/tutorial_taskflow_api_virtualenv.py
[2026-06-08T12:38:49.965+0000] {processor.py:830} INFO - Processing file /home/airflow/.local/lib/python3.12/site-packages/airflow/example_dags/tutorial_taskflow_api_virtualenv.py for tasks to queue
[2026-06-08T12:38:49.967+0000] {logging_mixin.py:188} INFO - [2026-06-08T12:38:49.966+0000] {dagbag.py:545} INFO - Filling up the DagBag from /home/airflow/.local/lib/python3.12/site-packages/airflow/example_dags/tutorial_taskflow_api_virtualenv.py
[2026-06-08T12:38:49.976+0000] {processor.py:840} INFO - DAG(s) 'tutorial_taskflow_api_virtualenv' retrieved from /home/airflow/.local/lib/python3.12/site-packages/airflow/example_dags/tutorial_taskflow_api_virtualenv.py
[2026-06-08T12:38:49.998+0000] {logging_mixin.py:188} INFO - [2026-06-08T12:38:49.998+0000] {dag.py:3096} INFO - Sync 1 DAGs
[2026-06-08T12:38:50.012+0000] {logging_mixin.py:188} INFO - [2026-06-08T12:38:50.012+0000] {dag.py:3954} INFO - Setting next_dagrun for tutorial_taskflow_api_virtualenv to None, run_after=None
[2026-06-08T12:38:50.036+0000] {processor.py:183} INFO - Processing /home/airflow/.local/lib/python3.12/site-packages/airflow/example_dags/tutorial_taskflow_api_virtualenv.py took 0.079 seconds
[2026-06-08T12:39:20.120+0000] {processor.py:161} INFO - Started process (PID=69935) to work on /home/airflow/.local/lib/python3.12/site-packages/airflow/example_dags/tutorial_taskflow_api_virtualenv.py
[2026-06-08T12:39:20.121+0000] {processor.py:830} INFO - Processing file /home/airflow/.local/lib/python3.12/site-packages/airflow/example_dags/tutorial_taskflow_api_virtualenv.py for tasks to queue
[2026-06-08T12:39:20.125+0000] {logging_mixin.py:188} INFO - [2026-06-08T12:39:20.124+0000] {dagbag.py:545} INFO - Filling up the DagBag from /home/airflow/.local/lib/python3.12/site-packages/airflow/example_dags/tutorial_taskflow_api_virtualenv.py
[2026-06-08T12:39:20.134+0000] {processor.py:840} INFO - DAG(s) 'tutorial_taskflow_api_virtualenv' retrieved from /home/airflow/.local/lib/python3.12/site-packages/airflow/example_dags/tutorial_taskflow_api_virtualenv.py
[2026-06-08T12:39:20.155+0000] {logging_mixin.py:188} INFO - [2026-06-08T12:39:20.155+0000] {dag.py:3096} INFO - Sync 1 DAGs
[2026-06-08T12:39:20.169+0000] {logging_mixin.py:188} INFO - [2026-06-08T12:39:20.169+0000] {dag.py:3954} INFO - Setting next_dagrun for tutorial_taskflow_api_virtualenv to None, run_after=None
[2026-06-08T12:39:20.195+0000] {processor.py:183} INFO - Processing /home/airflow/.local/lib/python3.12/site-packages/airflow/example_dags/tutorial_taskflow_api_virtualenv.py took 0.080 seconds
[2026-06-08T12:39:50.963+0000] {processor.py:161} INFO - Started process (PID=70207) to work on /home/airflow/.local/lib/python3.12/site-packages/airflow/example_dags/tutorial_taskflow_api_virtualenv.py
[2026-06-08T12:39:50.965+0000] {processor.py:830} INFO - Processing file /home/airflow/.local/lib/python3.12/site-packages/airflow/example_dags/tutorial_taskflow_api_virtualenv.py for tasks to queue
[2026-06-08T12:39:50.968+0000] {logging_mixin.py:188} INFO - [2026-06-08T12:39:50.967+0000] {dagbag.py:545} INFO - Filling up the DagBag from /home/airflow/.local/lib/python3.12/site-packages/airflow/example_dags/tutorial_taskflow_api_virtualenv.py
[2026-06-08T12:39:50.977+0000] {processor.py:840} INFO - DAG(s) 'tutorial_taskflow_api_virtualenv' retrieved from /home/airflow/.local/lib/python3.12/site-packages/airflow/example_dags/tutorial_taskflow_api_virtualenv.py
[2026-06-08T12:39:50.999+0000] {logging_mixin.py:188} INFO - [2026-06-08T12:39:50.999+0000] {dag.py:3096} INFO - Sync 1 DAGs
[2026-06-08T12:39:51.013+0000] {logging_mixin.py:188} INFO - [2026-06-08T12:39:51.013+0000] {dag.py:3954} INFO - Setting next_dagrun for tutorial_taskflow_api_virtualenv to None, run_after=None
[2026-06-08T12:39:51.034+0000] {processor.py:183} INFO - Processing /home/airflow/.local/lib/python3.12/site-packages/airflow/example_dags/tutorial_taskflow_api_virtualenv.py took 0.077 seconds
[2026-06-08T12:40:21.166+0000] {processor.py:161} INFO - Started process (PID=70469) to work on /home/airflow/.local/lib/python3.12/site-packages/airflow/example_dags/tutorial_taskflow_api_virtualenv.py
[2026-06-08T12:40:21.167+0000] {processor.py:830} INFO - Processing file /home/airflow/.local/lib/python3.12/site-packages/airflow/example_dags/tutorial_taskflow_api_virtualenv.py for tasks to queue
[2026-06-08T12:40:21.169+0000] {logging_mixin.py:188} INFO - [2026-06-08T12:40:21.169+0000] {dagbag.py:545} INFO - Filling up the DagBag from /home/airflow/.local/lib/python3.12/site-packages/airflow/example_dags/tutorial_taskflow_api_virtualenv.py
[2026-06-08T12:40:21.181+0000] {processor.py:840} INFO - DAG(s) 'tutorial_taskflow_api_virtualenv' retrieved from /home/airflow/.local/lib/python3.12/site-packages/airflow/example_dags/tutorial_taskflow_api_virtualenv.py
[2026-06-08T12:40:21.201+0000] {logging_mixin.py:188} INFO - [2026-06-08T12:40:21.200+0000] {dag.py:3096} INFO - Sync 1 DAGs
[2026-06-08T12:40:21.215+0000] {logging_mixin.py:188} INFO - [2026-06-08T12:40:21.215+0000] {dag.py:3954} INFO - Setting next_dagrun for tutorial_taskflow_api_virtualenv to None, run_after=None
[2026-06-08T12:40:21.237+0000] {processor.py:183} INFO - Processing /home/airflow/.local/lib/python3.12/site-packages/airflow/example_dags/tutorial_taskflow_api_virtualenv.py took 0.080 seconds
[2026-06-08T12:40:51.623+0000] {processor.py:161} INFO - Started process (PID=70733) to work on /home/airflow/.local/lib/python3.12/site-packages/airflow/example_dags/tutorial_taskflow_api_virtualenv.py
[2026-06-08T12:40:51.624+0000] {processor.py:830} INFO - Processing file /home/airflow/.local/lib/python3.12/site-packages/airflow/example_dags/tutorial_taskflow_api_virtualenv.py for tasks to queue
[2026-06-08T12:40:51.626+0000] {logging_mixin.py:188} INFO - [2026-06-08T12:40:51.626+0000] {dagbag.py:545} INFO - Filling up the DagBag from /home/airflow/.local/lib/python3.12/site-packages/airflow/example_dags/tutorial_taskflow_api_virtualenv.py
[2026-06-08T12:40:51.636+0000] {processor.py:840} INFO - DAG(s) 'tutorial_taskflow_api_virtualenv' retrieved from /home/airflow/.local/lib/python3.12/site-packages/airflow/example_dags/tutorial_taskflow_api_virtualenv.py
[2026-06-08T12:40:51.655+0000] {logging_mixin.py:188} INFO - [2026-06-08T12:40:51.655+0000] {dag.py:3096} INFO - Sync 1 DAGs
[2026-06-08T12:40:51.669+0000] {logging_mixin.py:188} INFO - [2026-06-08T12:40:51.668+0000] {dag.py:3954} INFO - Setting next_dagrun for tutorial_taskflow_api_virtualenv to None, run_after=None
[2026-06-08T12:40:51.689+0000] {processor.py:183} INFO - Processing /home/airflow/.local/lib/python3.12/site-packages/airflow/example_dags/tutorial_taskflow_api_virtualenv.py took 0.071 seconds
[2026-06-08T12:41:21.768+0000] {processor.py:161} INFO - Started process (PID=70993) to work on /home/airflow/.local/lib/python3.12/site-packages/airflow/example_dags/tutorial_taskflow_api_virtualenv.py
[2026-06-08T12:41:21.770+0000] {processor.py:830} INFO - Processing file /home/airflow/.local/lib/python3.12/site-packages/airflow/example_dags/tutorial_taskflow_api_virtualenv.py for tasks to queue
[2026-06-08T12:41:21.772+0000] {logging_mixin.py:188} INFO - [2026-06-08T12:41:21.772+0000] {dagbag.py:545} INFO - Filling up the DagBag from /home/airflow/.local/lib/python3.12/site-packages/airflow/example_dags/tutorial_taskflow_api_virtualenv.py
[2026-06-08T12:41:21.782+0000] {processor.py:840} INFO - DAG(s) 'tutorial_taskflow_api_virtualenv' retrieved from /home/airflow/.local/lib/python3.12/site-packages/airflow/example_dags/tutorial_taskflow_api_virtualenv.py
[2026-06-08T12:41:21.804+0000] {logging_mixin.py:188} INFO - [2026-06-08T12:41:21.803+0000] {dag.py:3096} INFO - Sync 1 DAGs
[2026-06-08T12:41:21.816+0000] {logging_mixin.py:188} INFO - [2026-06-08T12:41:21.816+0000] {dag.py:3954} INFO - Setting next_dagrun for tutorial_taskflow_api_virtualenv to None, run_after=None
[2026-06-08T12:41:21.841+0000] {processor.py:183} INFO - Processing /home/airflow/.local/lib/python3.12/site-packages/airflow/example_dags/tutorial_taskflow_api_virtualenv.py took 0.080 seconds
[2026-06-08T12:41:52.240+0000] {processor.py:161} INFO - Started process (PID=71257) to work on /home/airflow/.local/lib/python3.12/site-packages/airflow/example_dags/tutorial_taskflow_api_virtualenv.py
[2026-06-08T12:41:52.242+0000] {processor.py:830} INFO - Processing file /home/airflow/.local/lib/python3.12/site-packages/airflow/example_dags/tutorial_taskflow_api_virtualenv.py for tasks to queue
[2026-06-08T12:41:52.243+0000] {logging_mixin.py:188} INFO - [2026-06-08T12:41:52.243+0000] {dagbag.py:545} INFO - Filling up the DagBag from /home/airflow/.local/lib/python3.12/site-packages/airflow/example_dags/tutorial_taskflow_api_virtualenv.py
[2026-06-08T12:41:52.253+0000] {processor.py:840} INFO - DAG(s) 'tutorial_taskflow_api_virtualenv' retrieved from /home/airflow/.local/lib/python3.12/site-packages/airflow/example_dags/tutorial_taskflow_api_virtualenv.py
[2026-06-08T12:41:52.272+0000] {logging_mixin.py:188} INFO - [2026-06-08T12:41:52.271+0000] {dag.py:3096} INFO - Sync 1 DAGs
[2026-06-08T12:41:52.285+0000] {logging_mixin.py:188} INFO - [2026-06-08T12:41:52.285+0000] {dag.py:3954} INFO - Setting next_dagrun for tutorial_taskflow_api_virtualenv to None, run_after=None
[2026-06-08T12:41:52.306+0000] {processor.py:183} INFO - Processing /home/airflow/.local/lib/python3.12/site-packages/airflow/example_dags/tutorial_taskflow_api_virtualenv.py took 0.072 seconds
[2026-06-08T12:42:22.536+0000] {processor.py:161} INFO - Started process (PID=71517) to work on /home/airflow/.local/lib/python3.12/site-packages/airflow/example_dags/tutorial_taskflow_api_virtualenv.py
[2026-06-08T12:42:22.537+0000] {processor.py:830} INFO - Processing file /home/airflow/.local/lib/python3.12/site-packages/airflow/example_dags/tutorial_taskflow_api_virtualenv.py for tasks to queue
[2026-06-08T12:42:22.539+0000] {logging_mixin.py:188} INFO - [2026-06-08T12:42:22.538+0000] {dagbag.py:545} INFO - Filling up the DagBag from /home/airflow/.local/lib/python3.12/site-packages/airflow/example_dags/tutorial_taskflow_api_virtualenv.py
[2026-06-08T12:42:22.547+0000] {processor.py:840} INFO - DAG(s) 'tutorial_taskflow_api_virtualenv' retrieved from /home/airflow/.local/lib/python3.12/site-packages/airflow/example_dags/tutorial_taskflow_api_virtualenv.py
[2026-06-08T12:42:22.572+0000] {logging_mixin.py:188} INFO - [2026-06-08T12:42:22.572+0000] {dag.py:3096} INFO - Sync 1 DAGs
[2026-06-08T12:42:22.585+0000] {logging_mixin.py:188} INFO - [2026-06-08T12:42:22.585+0000] {dag.py:3954} INFO - Setting next_dagrun for tutorial_taskflow_api_virtualenv to None, run_after=None
[2026-06-08T12:42:22.607+0000] {processor.py:183} INFO - Processing /home/airflow/.local/lib/python3.12/site-packages/airflow/example_dags/tutorial_taskflow_api_virtualenv.py took 0.076 seconds
[2026-06-08T12:42:52.887+0000] {processor.py:161} INFO - Started process (PID=71779) to work on /home/airflow/.local/lib/python3.12/site-packages/airflow/example_dags/tutorial_taskflow_api_virtualenv.py
[2026-06-08T12:42:52.888+0000] {processor.py:830} INFO - Processing file /home/airflow/.local/lib/python3.12/site-packages/airflow/example_dags/tutorial_taskflow_api_virtualenv.py for tasks to queue
[2026-06-08T12:42:52.891+0000] {logging_mixin.py:188} INFO - [2026-06-08T12:42:52.890+0000] {dagbag.py:545} INFO - Filling up the DagBag from /home/airflow/.local/lib/python3.12/site-packages/airflow/example_dags/tutorial_taskflow_api_virtualenv.py
[2026-06-08T12:42:52.900+0000] {processor.py:840} INFO - DAG(s) 'tutorial_taskflow_api_virtualenv' retrieved from /home/airflow/.local/lib/python3.12/site-packages/airflow/example_dags/tutorial_taskflow_api_virtualenv.py
[2026-06-08T12:42:52.922+0000] {logging_mixin.py:188} INFO - [2026-06-08T12:42:52.922+0000] {dag.py:3096} INFO - Sync 1 DAGs
[2026-06-08T12:42:52.936+0000] {logging_mixin.py:188} INFO - [2026-06-08T12:42:52.935+0000] {dag.py:3954} INFO - Setting next_dagrun for tutorial_taskflow_api_virtualenv to None, run_after=None
[2026-06-08T12:42:52.958+0000] {processor.py:183} INFO - Processing /home/airflow/.local/lib/python3.12/site-packages/airflow/example_dags/tutorial_taskflow_api_virtualenv.py took 0.076 seconds
[2026-06-08T12:43:23.216+0000] {processor.py:161} INFO - Started process (PID=72041) to work on /home/airflow/.local/lib/python3.12/site-packages/airflow/example_dags/tutorial_taskflow_api_virtualenv.py
[2026-06-08T12:43:23.217+0000] {processor.py:830} INFO - Processing file /home/airflow/.local/lib/python3.12/site-packages/airflow/example_dags/tutorial_taskflow_api_virtualenv.py for tasks to queue
[2026-06-08T12:43:23.219+0000] {logging_mixin.py:188} INFO - [2026-06-08T12:43:23.219+0000] {dagbag.py:545} INFO - Filling up the DagBag from /home/airflow/.local/lib/python3.12/site-packages/airflow/example_dags/tutorial_taskflow_api_virtualenv.py
[2026-06-08T12:43:23.232+0000] {processor.py:840} INFO - DAG(s) 'tutorial_taskflow_api_virtualenv' retrieved from /home/airflow/.local/lib/python3.12/site-packages/airflow/example_dags/tutorial_taskflow_api_virtualenv.py
[2026-06-08T12:43:23.261+0000] {logging_mixin.py:188} INFO - [2026-06-08T12:43:23.260+0000] {dag.py:3096} INFO - Sync 1 DAGs
[2026-06-08T12:43:23.288+0000] {logging_mixin.py:188} INFO - [2026-06-08T12:43:23.288+0000] {dag.py:3954} INFO - Setting next_dagrun for tutorial_taskflow_api_virtualenv to None, run_after=None
[2026-06-08T12:43:23.324+0000] {processor.py:183} INFO - Processing /home/airflow/.local/lib/python3.12/site-packages/airflow/example_dags/tutorial_taskflow_api_virtualenv.py took 0.114 seconds
[2026-06-08T12:43:53.528+0000] {processor.py:161} INFO - Started process (PID=72303) to work on /home/airflow/.local/lib/python3.12/site-packages/airflow/example_dags/tutorial_taskflow_api_virtualenv.py
[2026-06-08T12:43:53.529+0000] {processor.py:830} INFO - Processing file /home/airflow/.local/lib/python3.12/site-packages/airflow/example_dags/tutorial_taskflow_api_virtualenv.py for tasks to queue
[2026-06-08T12:43:53.530+0000] {logging_mixin.py:188} INFO - [2026-06-08T12:43:53.530+0000] {dagbag.py:545} INFO - Filling up the DagBag from /home/airflow/.local/lib/python3.12/site-packages/airflow/example_dags/tutorial_taskflow_api_virtualenv.py
[2026-06-08T12:43:53.541+0000] {processor.py:840} INFO - DAG(s) 'tutorial_taskflow_api_virtualenv' retrieved from /home/airflow/.local/lib/python3.12/site-packages/airflow/example_dags/tutorial_taskflow_api_virtualenv.py
[2026-06-08T12:43:53.565+0000] {logging_mixin.py:188} INFO - [2026-06-08T12:43:53.564+0000] {dag.py:3096} INFO - Sync 1 DAGs
[2026-06-08T12:43:53.579+0000] {logging_mixin.py:188} INFO - [2026-06-08T12:43:53.579+0000] {dag.py:3954} INFO - Setting next_dagrun for tutorial_taskflow_api_virtualenv to None, run_after=None
[2026-06-08T12:43:53.604+0000] {processor.py:183} INFO - Processing /home/airflow/.local/lib/python3.12/site-packages/airflow/example_dags/tutorial_taskflow_api_virtualenv.py took 0.082 seconds
[2026-06-08T12:44:23.760+0000] {processor.py:161} INFO - Started process (PID=72565) to work on /home/airflow/.local/lib/python3.12/site-packages/airflow/example_dags/tutorial_taskflow_api_virtualenv.py
[2026-06-08T12:44:23.762+0000] {processor.py:830} INFO - Processing file /home/airflow/.local/lib/python3.12/site-packages/airflow/example_dags/tutorial_taskflow_api_virtualenv.py for tasks to queue
[2026-06-08T12:44:23.763+0000] {logging_mixin.py:188} INFO - [2026-06-08T12:44:23.763+0000] {dagbag.py:545} INFO - Filling up the DagBag from /home/airflow/.local/lib/python3.12/site-packages/airflow/example_dags/tutorial_taskflow_api_virtualenv.py
[2026-06-08T12:44:23.773+0000] {processor.py:840} INFO - DAG(s) 'tutorial_taskflow_api_virtualenv' retrieved from /home/airflow/.local/lib/python3.12/site-packages/airflow/example_dags/tutorial_taskflow_api_virtualenv.py
[2026-06-08T12:44:23.797+0000] {logging_mixin.py:188} INFO - [2026-06-08T12:44:23.797+0000] {dag.py:3096} INFO - Sync 1 DAGs
[2026-06-08T12:44:23.811+0000] {logging_mixin.py:188} INFO - [2026-06-08T12:44:23.810+0000] {dag.py:3954} INFO - Setting next_dagrun for tutorial_taskflow_api_virtualenv to None, run_after=None
[2026-06-08T12:44:23.833+0000] {processor.py:183} INFO - Processing /home/airflow/.local/lib/python3.12/site-packages/airflow/example_dags/tutorial_taskflow_api_virtualenv.py took 0.079 seconds
[2026-06-08T12:44:54.420+0000] {processor.py:161} INFO - Started process (PID=72829) to work on /home/airflow/.local/lib/python3.12/site-packages/airflow/example_dags/tutorial_taskflow_api_virtualenv.py
[2026-06-08T12:44:54.421+0000] {processor.py:830} INFO - Processing file /home/airflow/.local/lib/python3.12/site-packages/airflow/example_dags/tutorial_taskflow_api_virtualenv.py for tasks to queue
[2026-06-08T12:44:54.424+0000] {logging_mixin.py:188} INFO - [2026-06-08T12:44:54.423+0000] {dagbag.py:545} INFO - Filling up the DagBag from /home/airflow/.local/lib/python3.12/site-packages/airflow/example_dags/tutorial_taskflow_api_virtualenv.py
[2026-06-08T12:44:54.435+0000] {processor.py:840} INFO - DAG(s) 'tutorial_taskflow_api_virtualenv' retrieved from /home/airflow/.local/lib/python3.12/site-packages/airflow/example_dags/tutorial_taskflow_api_virtualenv.py
[2026-06-08T12:44:54.458+0000] {logging_mixin.py:188} INFO - [2026-06-08T12:44:54.458+0000] {dag.py:3096} INFO - Sync 1 DAGs
[2026-06-08T12:44:54.470+0000] {logging_mixin.py:188} INFO - [2026-06-08T12:44:54.470+0000] {dag.py:3954} INFO - Setting next_dagrun for tutorial_taskflow_api_virtualenv to None, run_after=None
[2026-06-08T12:44:54.495+0000] {processor.py:183} INFO - Processing /home/airflow/.local/lib/python3.12/site-packages/airflow/example_dags/tutorial_taskflow_api_virtualenv.py took 0.080 seconds
[2026-06-08T12:45:24.590+0000] {processor.py:161} INFO - Started process (PID=73089) to work on /home/airflow/.local/lib/python3.12/site-packages/airflow/example_dags/tutorial_taskflow_api_virtualenv.py
[2026-06-08T12:45:24.591+0000] {processor.py:830} INFO - Processing file /home/airflow/.local/lib/python3.12/site-packages/airflow/example_dags/tutorial_taskflow_api_virtualenv.py for tasks to queue
[2026-06-08T12:45:24.593+0000] {logging_mixin.py:188} INFO - [2026-06-08T12:45:24.593+0000] {dagbag.py:545} INFO - Filling up the DagBag from /home/airflow/.local/lib/python3.12/site-packages/airflow/example_dags/tutorial_taskflow_api_virtualenv.py
[2026-06-08T12:45:24.603+0000] {processor.py:840} INFO - DAG(s) 'tutorial_taskflow_api_virtualenv' retrieved from /home/airflow/.local/lib/python3.12/site-packages/airflow/example_dags/tutorial_taskflow_api_virtualenv.py
[2026-06-08T12:45:24.627+0000] {logging_mixin.py:188} INFO - [2026-06-08T12:45:24.627+0000] {dag.py:3096} INFO - Sync 1 DAGs
[2026-06-08T12:45:24.642+0000] {logging_mixin.py:188} INFO - [2026-06-08T12:45:24.641+0000] {dag.py:3954} INFO - Setting next_dagrun for tutorial_taskflow_api_virtualenv to None, run_after=None
[2026-06-08T12:45:24.665+0000] {processor.py:183} INFO - Processing /home/airflow/.local/lib/python3.12/site-packages/airflow/example_dags/tutorial_taskflow_api_virtualenv.py took 0.083 seconds
[2026-06-08T12:45:55.241+0000] {processor.py:161} INFO - Started process (PID=73351) to work on /home/airflow/.local/lib/python3.12/site-packages/airflow/example_dags/tutorial_taskflow_api_virtualenv.py
[2026-06-08T12:45:55.242+0000] {processor.py:830} INFO - Processing file /home/airflow/.local/lib/python3.12/site-packages/airflow/example_dags/tutorial_taskflow_api_virtualenv.py for tasks to queue
[2026-06-08T12:45:55.244+0000] {logging_mixin.py:188} INFO - [2026-06-08T12:45:55.244+0000] {dagbag.py:545} INFO - Filling up the DagBag from /home/airflow/.local/lib/python3.12/site-packages/airflow/example_dags/tutorial_taskflow_api_virtualenv.py
[2026-06-08T12:45:55.253+0000] {processor.py:840} INFO - DAG(s) 'tutorial_taskflow_api_virtualenv' retrieved from /home/airflow/.local/lib/python3.12/site-packages/airflow/example_dags/tutorial_taskflow_api_virtualenv.py
[2026-06-08T12:45:55.274+0000] {logging_mixin.py:188} INFO - [2026-06-08T12:45:55.274+0000] {dag.py:3096} INFO - Sync 1 DAGs
[2026-06-08T12:45:55.287+0000] {logging_mixin.py:188} INFO - [2026-06-08T12:45:55.287+0000] {dag.py:3954} INFO - Setting next_dagrun for tutorial_taskflow_api_virtualenv to None, run_after=None
[2026-06-08T12:45:55.309+0000] {processor.py:183} INFO - Processing /home/airflow/.local/lib/python3.12/site-packages/airflow/example_dags/tutorial_taskflow_api_virtualenv.py took 0.074 seconds
[2026-06-08T12:46:25.789+0000] {processor.py:161} INFO - Started process (PID=73613) to work on /home/airflow/.local/lib/python3.12/site-packages/airflow/example_dags/tutorial_taskflow_api_virtualenv.py
[2026-06-08T12:46:25.790+0000] {processor.py:830} INFO - Processing file /home/airflow/.local/lib/python3.12/site-packages/airflow/example_dags/tutorial_taskflow_api_virtualenv.py for tasks to queue
[2026-06-08T12:46:25.793+0000] {logging_mixin.py:188} INFO - [2026-06-08T12:46:25.792+0000] {dagbag.py:545} INFO - Filling up the DagBag from /home/airflow/.local/lib/python3.12/site-packages/airflow/example_dags/tutorial_taskflow_api_virtualenv.py
[2026-06-08T12:46:25.803+0000] {processor.py:840} INFO - DAG(s) 'tutorial_taskflow_api_virtualenv' retrieved from /home/airflow/.local/lib/python3.12/site-packages/airflow/example_dags/tutorial_taskflow_api_virtualenv.py
[2026-06-08T12:46:25.825+0000] {logging_mixin.py:188} INFO - [2026-06-08T12:46:25.824+0000] {dag.py:3096} INFO - Sync 1 DAGs
[2026-06-08T12:46:25.838+0000] {logging_mixin.py:188} INFO - [2026-06-08T12:46:25.837+0000] {dag.py:3954} INFO - Setting next_dagrun for tutorial_taskflow_api_virtualenv to None, run_after=None
[2026-06-08T12:46:25.859+0000] {processor.py:183} INFO - Processing /home/airflow/.local/lib/python3.12/site-packages/airflow/example_dags/tutorial_taskflow_api_virtualenv.py took 0.075 seconds
[2026-06-08T12:46:56.139+0000] {processor.py:161} INFO - Started process (PID=73875) to work on /home/airflow/.local/lib/python3.12/site-packages/airflow/example_dags/tutorial_taskflow_api_virtualenv.py
[2026-06-08T12:46:56.140+0000] {processor.py:830} INFO - Processing file /home/airflow/.local/lib/python3.12/site-packages/airflow/example_dags/tutorial_taskflow_api_virtualenv.py for tasks to queue
[2026-06-08T12:46:56.143+0000] {logging_mixin.py:188} INFO - [2026-06-08T12:46:56.142+0000] {dagbag.py:545} INFO - Filling up the DagBag from /home/airflow/.local/lib/python3.12/site-packages/airflow/example_dags/tutorial_taskflow_api_virtualenv.py
[2026-06-08T12:46:56.153+0000] {processor.py:840} INFO - DAG(s) 'tutorial_taskflow_api_virtualenv' retrieved from /home/airflow/.local/lib/python3.12/site-packages/airflow/example_dags/tutorial_taskflow_api_virtualenv.py
[2026-06-08T12:46:56.173+0000] {logging_mixin.py:188} INFO - [2026-06-08T12:46:56.173+0000] {dag.py:3096} INFO - Sync 1 DAGs
[2026-06-08T12:46:56.186+0000] {logging_mixin.py:188} INFO - [2026-06-08T12:46:56.186+0000] {dag.py:3954} INFO - Setting next_dagrun for tutorial_taskflow_api_virtualenv to None, run_after=None
[2026-06-08T12:46:56.207+0000] {processor.py:183} INFO - Processing /home/airflow/.local/lib/python3.12/site-packages/airflow/example_dags/tutorial_taskflow_api_virtualenv.py took 0.073 seconds
[2026-06-08T12:47:26.731+0000] {processor.py:161} INFO - Started process (PID=74137) to work on /home/airflow/.local/lib/python3.12/site-packages/airflow/example_dags/tutorial_taskflow_api_virtualenv.py
[2026-06-08T12:47:26.732+0000] {processor.py:830} INFO - Processing file /home/airflow/.local/lib/python3.12/site-packages/airflow/example_dags/tutorial_taskflow_api_virtualenv.py for tasks to queue
[2026-06-08T12:47:26.734+0000] {logging_mixin.py:188} INFO - [2026-06-08T12:47:26.734+0000] {dagbag.py:545} INFO - Filling up the DagBag from /home/airflow/.local/lib/python3.12/site-packages/airflow/example_dags/tutorial_taskflow_api_virtualenv.py
[2026-06-08T12:47:26.745+0000] {processor.py:840} INFO - DAG(s) 'tutorial_taskflow_api_virtualenv' retrieved from /home/airflow/.local/lib/python3.12/site-packages/airflow/example_dags/tutorial_taskflow_api_virtualenv.py
[2026-06-08T12:47:26.769+0000] {logging_mixin.py:188} INFO - [2026-06-08T12:47:26.769+0000] {dag.py:3096} INFO - Sync 1 DAGs
[2026-06-08T12:47:26.784+0000] {logging_mixin.py:188} INFO - [2026-06-08T12:47:26.784+0000] {dag.py:3954} INFO - Setting next_dagrun for tutorial_taskflow_api_virtualenv to None, run_after=None
[2026-06-08T12:47:26.809+0000] {processor.py:183} INFO - Processing /home/airflow/.local/lib/python3.12/site-packages/airflow/example_dags/tutorial_taskflow_api_virtualenv.py took 0.085 seconds
[2026-06-08T12:47:56.998+0000] {processor.py:161} INFO - Started process (PID=74399) to work on /home/airflow/.local/lib/python3.12/site-packages/airflow/example_dags/tutorial_taskflow_api_virtualenv.py
[2026-06-08T12:47:57.000+0000] {processor.py:830} INFO - Processing file /home/airflow/.local/lib/python3.12/site-packages/airflow/example_dags/tutorial_taskflow_api_virtualenv.py for tasks to queue
[2026-06-08T12:47:57.002+0000] {logging_mixin.py:188} INFO - [2026-06-08T12:47:57.001+0000] {dagbag.py:545} INFO - Filling up the DagBag from /home/airflow/.local/lib/python3.12/site-packages/airflow/example_dags/tutorial_taskflow_api_virtualenv.py
[2026-06-08T12:47:57.013+0000] {processor.py:840} INFO - DAG(s) 'tutorial_taskflow_api_virtualenv' retrieved from /home/airflow/.local/lib/python3.12/site-packages/airflow/example_dags/tutorial_taskflow_api_virtualenv.py
[2026-06-08T12:47:57.035+0000] {logging_mixin.py:188} INFO - [2026-06-08T12:47:57.034+0000] {dag.py:3096} INFO - Sync 1 DAGs
[2026-06-08T12:47:57.048+0000] {logging_mixin.py:188} INFO - [2026-06-08T12:47:57.048+0000] {dag.py:3954} INFO - Setting next_dagrun for tutorial_taskflow_api_virtualenv to None, run_after=None
[2026-06-08T12:47:57.068+0000] {processor.py:183} INFO - Processing /home/airflow/.local/lib/python3.12/site-packages/airflow/example_dags/tutorial_taskflow_api_virtualenv.py took 0.075 seconds
[2026-06-08T12:48:27.440+0000] {processor.py:161} INFO - Started process (PID=74663) to work on /home/airflow/.local/lib/python3.12/site-packages/airflow/example_dags/tutorial_taskflow_api_virtualenv.py
[2026-06-08T12:48:27.442+0000] {processor.py:830} INFO - Processing file /home/airflow/.local/lib/python3.12/site-packages/airflow/example_dags/tutorial_taskflow_api_virtualenv.py for tasks to queue
[2026-06-08T12:48:27.444+0000] {logging_mixin.py:188} INFO - [2026-06-08T12:48:27.443+0000] {dagbag.py:545} INFO - Filling up the DagBag from /home/airflow/.local/lib/python3.12/site-packages/airflow/example_dags/tutorial_taskflow_api_virtualenv.py
[2026-06-08T12:48:27.453+0000] {processor.py:840} INFO - DAG(s) 'tutorial_taskflow_api_virtualenv' retrieved from /home/airflow/.local/lib/python3.12/site-packages/airflow/example_dags/tutorial_taskflow_api_virtualenv.py
[2026-06-08T12:48:27.476+0000] {logging_mixin.py:188} INFO - [2026-06-08T12:48:27.476+0000] {dag.py:3096} INFO - Sync 1 DAGs
[2026-06-08T12:48:27.487+0000] {logging_mixin.py:188} INFO - [2026-06-08T12:48:27.487+0000] {dag.py:3954} INFO - Setting next_dagrun for tutorial_taskflow_api_virtualenv to None, run_after=None
[2026-06-08T12:48:27.510+0000] {processor.py:183} INFO - Processing /home/airflow/.local/lib/python3.12/site-packages/airflow/example_dags/tutorial_taskflow_api_virtualenv.py took 0.076 seconds
[2026-06-08T12:48:58.000+0000] {processor.py:161} INFO - Started process (PID=74923) to work on /home/airflow/.local/lib/python3.12/site-packages/airflow/example_dags/tutorial_taskflow_api_virtualenv.py
[2026-06-08T12:48:58.002+0000] {processor.py:830} INFO - Processing file /home/airflow/.local/lib/python3.12/site-packages/airflow/example_dags/tutorial_taskflow_api_virtualenv.py for tasks to queue
[2026-06-08T12:48:58.004+0000] {logging_mixin.py:188} INFO - [2026-06-08T12:48:58.004+0000] {dagbag.py:545} INFO - Filling up the DagBag from /home/airflow/.local/lib/python3.12/site-packages/airflow/example_dags/tutorial_taskflow_api_virtualenv.py
[2026-06-08T12:48:58.013+0000] {processor.py:840} INFO - DAG(s) 'tutorial_taskflow_api_virtualenv' retrieved from /home/airflow/.local/lib/python3.12/site-packages/airflow/example_dags/tutorial_taskflow_api_virtualenv.py
[2026-06-08T12:48:58.035+0000] {logging_mixin.py:188} INFO - [2026-06-08T12:48:58.035+0000] {dag.py:3096} INFO - Sync 1 DAGs
[2026-06-08T12:48:58.048+0000] {logging_mixin.py:188} INFO - [2026-06-08T12:48:58.048+0000] {dag.py:3954} INFO - Setting next_dagrun for tutorial_taskflow_api_virtualenv to None, run_after=None
[2026-06-08T12:48:58.073+0000] {processor.py:183} INFO - Processing /home/airflow/.local/lib/python3.12/site-packages/airflow/example_dags/tutorial_taskflow_api_virtualenv.py took 0.078 seconds
[2026-06-08T12:49:27.916+0000] {processor.py:161} INFO - Started process (PID=75185) to work on /home/airflow/.local/lib/python3.12/site-packages/airflow/example_dags/tutorial_taskflow_api_virtualenv.py
[2026-06-08T12:49:27.917+0000] {processor.py:830} INFO - Processing file /home/airflow/.local/lib/python3.12/site-packages/airflow/example_dags/tutorial_taskflow_api_virtualenv.py for tasks to queue
[2026-06-08T12:49:27.919+0000] {logging_mixin.py:188} INFO - [2026-06-08T12:49:27.919+0000] {dagbag.py:545} INFO - Filling up the DagBag from /home/airflow/.local/lib/python3.12/site-packages/airflow/example_dags/tutorial_taskflow_api_virtualenv.py
[2026-06-08T12:49:27.929+0000] {processor.py:840} INFO - DAG(s) 'tutorial_taskflow_api_virtualenv' retrieved from /home/airflow/.local/lib/python3.12/site-packages/airflow/example_dags/tutorial_taskflow_api_virtualenv.py
[2026-06-08T12:49:27.949+0000] {logging_mixin.py:188} INFO - [2026-06-08T12:49:27.948+0000] {dag.py:3096} INFO - Sync 1 DAGs
[2026-06-08T12:49:27.960+0000] {logging_mixin.py:188} INFO - [2026-06-08T12:49:27.959+0000] {dag.py:3954} INFO - Setting next_dagrun for tutorial_taskflow_api_virtualenv to None, run_after=None
[2026-06-08T12:49:27.982+0000] {processor.py:183} INFO - Processing /home/airflow/.local/lib/python3.12/site-packages/airflow/example_dags/tutorial_taskflow_api_virtualenv.py took 0.072 seconds
[2026-06-08T12:49:58.687+0000] {processor.py:161} INFO - Started process (PID=75447) to work on /home/airflow/.local/lib/python3.12/site-packages/airflow/example_dags/tutorial_taskflow_api_virtualenv.py
[2026-06-08T12:49:58.688+0000] {processor.py:830} INFO - Processing file /home/airflow/.local/lib/python3.12/site-packages/airflow/example_dags/tutorial_taskflow_api_virtualenv.py for tasks to queue
[2026-06-08T12:49:58.690+0000] {logging_mixin.py:188} INFO - [2026-06-08T12:49:58.690+0000] {dagbag.py:545} INFO - Filling up the DagBag from /home/airflow/.local/lib/python3.12/site-packages/airflow/example_dags/tutorial_taskflow_api_virtualenv.py
[2026-06-08T12:49:58.705+0000] {processor.py:840} INFO - DAG(s) 'tutorial_taskflow_api_virtualenv' retrieved from /home/airflow/.local/lib/python3.12/site-packages/airflow/example_dags/tutorial_taskflow_api_virtualenv.py
[2026-06-08T12:49:58.727+0000] {logging_mixin.py:188} INFO - [2026-06-08T12:49:58.727+0000] {dag.py:3096} INFO - Sync 1 DAGs
[2026-06-08T12:49:58.741+0000] {logging_mixin.py:188} INFO - [2026-06-08T12:49:58.741+0000] {dag.py:3954} INFO - Setting next_dagrun for tutorial_taskflow_api_virtualenv to None, run_after=None
[2026-06-08T12:49:58.764+0000] {processor.py:183} INFO - Processing /home/airflow/.local/lib/python3.12/site-packages/airflow/example_dags/tutorial_taskflow_api_virtualenv.py took 0.083 seconds
[2026-06-08T12:50:29.001+0000] {processor.py:161} INFO - Started process (PID=75715) to work on /home/airflow/.local/lib/python3.12/site-packages/airflow/example_dags/tutorial_taskflow_api_virtualenv.py
[2026-06-08T12:50:29.002+0000] {processor.py:830} INFO - Processing file /home/airflow/.local/lib/python3.12/site-packages/airflow/example_dags/tutorial_taskflow_api_virtualenv.py for tasks to queue
[2026-06-08T12:50:29.004+0000] {logging_mixin.py:188} INFO - [2026-06-08T12:50:29.003+0000] {dagbag.py:545} INFO - Filling up the DagBag from /home/airflow/.local/lib/python3.12/site-packages/airflow/example_dags/tutorial_taskflow_api_virtualenv.py
[2026-06-08T12:50:29.015+0000] {processor.py:840} INFO - DAG(s) 'tutorial_taskflow_api_virtualenv' retrieved from /home/airflow/.local/lib/python3.12/site-packages/airflow/example_dags/tutorial_taskflow_api_virtualenv.py
[2026-06-08T12:50:29.036+0000] {logging_mixin.py:188} INFO - [2026-06-08T12:50:29.036+0000] {dag.py:3096} INFO - Sync 1 DAGs
[2026-06-08T12:50:29.049+0000] {logging_mixin.py:188} INFO - [2026-06-08T12:50:29.049+0000] {dag.py:3954} INFO - Setting next_dagrun for tutorial_taskflow_api_virtualenv to None, run_after=None
[2026-06-08T12:50:29.069+0000] {processor.py:183} INFO - Processing /home/airflow/.local/lib/python3.12/site-packages/airflow/example_dags/tutorial_taskflow_api_virtualenv.py took 0.073 seconds
[2026-06-08T12:50:59.490+0000] {processor.py:161} INFO - Started process (PID=75977) to work on /home/airflow/.local/lib/python3.12/site-packages/airflow/example_dags/tutorial_taskflow_api_virtualenv.py
[2026-06-08T12:50:59.491+0000] {processor.py:830} INFO - Processing file /home/airflow/.local/lib/python3.12/site-packages/airflow/example_dags/tutorial_taskflow_api_virtualenv.py for tasks to queue
[2026-06-08T12:50:59.493+0000] {logging_mixin.py:188} INFO - [2026-06-08T12:50:59.493+0000] {dagbag.py:545} INFO - Filling up the DagBag from /home/airflow/.local/lib/python3.12/site-packages/airflow/example_dags/tutorial_taskflow_api_virtualenv.py
[2026-06-08T12:50:59.503+0000] {processor.py:840} INFO - DAG(s) 'tutorial_taskflow_api_virtualenv' retrieved from /home/airflow/.local/lib/python3.12/site-packages/airflow/example_dags/tutorial_taskflow_api_virtualenv.py
[2026-06-08T12:50:59.524+0000] {logging_mixin.py:188} INFO - [2026-06-08T12:50:59.524+0000] {dag.py:3096} INFO - Sync 1 DAGs
[2026-06-08T12:50:59.537+0000] {logging_mixin.py:188} INFO - [2026-06-08T12:50:59.537+0000] {dag.py:3954} INFO - Setting next_dagrun for tutorial_taskflow_api_virtualenv to None, run_after=None
[2026-06-08T12:50:59.558+0000] {processor.py:183} INFO - Processing /home/airflow/.local/lib/python3.12/site-packages/airflow/example_dags/tutorial_taskflow_api_virtualenv.py took 0.073 seconds
[2026-06-08T12:51:29.792+0000] {processor.py:161} INFO - Started process (PID=76241) to work on /home/airflow/.local/lib/python3.12/site-packages/airflow/example_dags/tutorial_taskflow_api_virtualenv.py
[2026-06-08T12:51:29.793+0000] {processor.py:830} INFO - Processing file /home/airflow/.local/lib/python3.12/site-packages/airflow/example_dags/tutorial_taskflow_api_virtualenv.py for tasks to queue
[2026-06-08T12:51:29.796+0000] {logging_mixin.py:188} INFO - [2026-06-08T12:51:29.795+0000] {dagbag.py:545} INFO - Filling up the DagBag from /home/airflow/.local/lib/python3.12/site-packages/airflow/example_dags/tutorial_taskflow_api_virtualenv.py
[2026-06-08T12:51:29.807+0000] {processor.py:840} INFO - DAG(s) 'tutorial_taskflow_api_virtualenv' retrieved from /home/airflow/.local/lib/python3.12/site-packages/airflow/example_dags/tutorial_taskflow_api_virtualenv.py
[2026-06-08T12:51:29.829+0000] {logging_mixin.py:188} INFO - [2026-06-08T12:51:29.829+0000] {dag.py:3096} INFO - Sync 1 DAGs
[2026-06-08T12:51:29.840+0000] {logging_mixin.py:188} INFO - [2026-06-08T12:51:29.840+0000] {dag.py:3954} INFO - Setting next_dagrun for tutorial_taskflow_api_virtualenv to None, run_after=None
[2026-06-08T12:51:29.865+0000] {processor.py:183} INFO - Processing /home/airflow/.local/lib/python3.12/site-packages/airflow/example_dags/tutorial_taskflow_api_virtualenv.py took 0.080 seconds
[2026-06-08T12:52:00.252+0000] {processor.py:161} INFO - Started process (PID=76501) to work on /home/airflow/.local/lib/python3.12/site-packages/airflow/example_dags/tutorial_taskflow_api_virtualenv.py
[2026-06-08T12:52:00.254+0000] {processor.py:830} INFO - Processing file /home/airflow/.local/lib/python3.12/site-packages/airflow/example_dags/tutorial_taskflow_api_virtualenv.py for tasks to queue
[2026-06-08T12:52:00.258+0000] {logging_mixin.py:188} INFO - [2026-06-08T12:52:00.257+0000] {dagbag.py:545} INFO - Filling up the DagBag from /home/airflow/.local/lib/python3.12/site-packages/airflow/example_dags/tutorial_taskflow_api_virtualenv.py
[2026-06-08T12:52:00.272+0000] {processor.py:840} INFO - DAG(s) 'tutorial_taskflow_api_virtualenv' retrieved from /home/airflow/.local/lib/python3.12/site-packages/airflow/example_dags/tutorial_taskflow_api_virtualenv.py
[2026-06-08T12:52:00.304+0000] {logging_mixin.py:188} INFO - [2026-06-08T12:52:00.303+0000] {dag.py:3096} INFO - Sync 1 DAGs
[2026-06-08T12:52:00.325+0000] {logging_mixin.py:188} INFO - [2026-06-08T12:52:00.324+0000] {dag.py:3954} INFO - Setting next_dagrun for tutorial_taskflow_api_virtualenv to None, run_after=None
[2026-06-08T12:52:00.370+0000] {processor.py:183} INFO - Processing /home/airflow/.local/lib/python3.12/site-packages/airflow/example_dags/tutorial_taskflow_api_virtualenv.py took 0.125 seconds
[2026-06-08T12:52:30.509+0000] {processor.py:161} INFO - Started process (PID=76765) to work on /home/airflow/.local/lib/python3.12/site-packages/airflow/example_dags/tutorial_taskflow_api_virtualenv.py
[2026-06-08T12:52:30.510+0000] {processor.py:830} INFO - Processing file /home/airflow/.local/lib/python3.12/site-packages/airflow/example_dags/tutorial_taskflow_api_virtualenv.py for tasks to queue
[2026-06-08T12:52:30.513+0000] {logging_mixin.py:188} INFO - [2026-06-08T12:52:30.512+0000] {dagbag.py:545} INFO - Filling up the DagBag from /home/airflow/.local/lib/python3.12/site-packages/airflow/example_dags/tutorial_taskflow_api_virtualenv.py
[2026-06-08T12:52:30.524+0000] {processor.py:840} INFO - DAG(s) 'tutorial_taskflow_api_virtualenv' retrieved from /home/airflow/.local/lib/python3.12/site-packages/airflow/example_dags/tutorial_taskflow_api_virtualenv.py
[2026-06-08T12:52:30.551+0000] {logging_mixin.py:188} INFO - [2026-06-08T12:52:30.551+0000] {dag.py:3096} INFO - Sync 1 DAGs
[2026-06-08T12:52:30.566+0000] {logging_mixin.py:188} INFO - [2026-06-08T12:52:30.566+0000] {dag.py:3954} INFO - Setting next_dagrun for tutorial_taskflow_api_virtualenv to None, run_after=None
[2026-06-08T12:52:30.591+0000] {processor.py:183} INFO - Processing /home/airflow/.local/lib/python3.12/site-packages/airflow/example_dags/tutorial_taskflow_api_virtualenv.py took 0.089 seconds
[2026-06-08T12:53:01.077+0000] {processor.py:161} INFO - Started process (PID=77025) to work on /home/airflow/.local/lib/python3.12/site-packages/airflow/example_dags/tutorial_taskflow_api_virtualenv.py
[2026-06-08T12:53:01.079+0000] {processor.py:830} INFO - Processing file /home/airflow/.local/lib/python3.12/site-packages/airflow/example_dags/tutorial_taskflow_api_virtualenv.py for tasks to queue
[2026-06-08T12:53:01.083+0000] {logging_mixin.py:188} INFO - [2026-06-08T12:53:01.082+0000] {dagbag.py:545} INFO - Filling up the DagBag from /home/airflow/.local/lib/python3.12/site-packages/airflow/example_dags/tutorial_taskflow_api_virtualenv.py
[2026-06-08T12:53:01.102+0000] {processor.py:840} INFO - DAG(s) 'tutorial_taskflow_api_virtualenv' retrieved from /home/airflow/.local/lib/python3.12/site-packages/airflow/example_dags/tutorial_taskflow_api_virtualenv.py
[2026-06-08T12:53:01.133+0000] {logging_mixin.py:188} INFO - [2026-06-08T12:53:01.133+0000] {dag.py:3096} INFO - Sync 1 DAGs
[2026-06-08T12:53:01.153+0000] {logging_mixin.py:188} INFO - [2026-06-08T12:53:01.153+0000] {dag.py:3954} INFO - Setting next_dagrun for tutorial_taskflow_api_virtualenv to None, run_after=None
[2026-06-08T12:53:01.184+0000] {processor.py:183} INFO - Processing /home/airflow/.local/lib/python3.12/site-packages/airflow/example_dags/tutorial_taskflow_api_virtualenv.py took 0.116 seconds
[2026-06-08T12:53:31.264+0000] {processor.py:161} INFO - Started process (PID=77287) to work on /home/airflow/.local/lib/python3.12/site-packages/airflow/example_dags/tutorial_taskflow_api_virtualenv.py
[2026-06-08T12:53:31.265+0000] {processor.py:830} INFO - Processing file /home/airflow/.local/lib/python3.12/site-packages/airflow/example_dags/tutorial_taskflow_api_virtualenv.py for tasks to queue
[2026-06-08T12:53:31.266+0000] {logging_mixin.py:188} INFO - [2026-06-08T12:53:31.266+0000] {dagbag.py:545} INFO - Filling up the DagBag from /home/airflow/.local/lib/python3.12/site-packages/airflow/example_dags/tutorial_taskflow_api_virtualenv.py
[2026-06-08T12:53:31.279+0000] {processor.py:840} INFO - DAG(s) 'tutorial_taskflow_api_virtualenv' retrieved from /home/airflow/.local/lib/python3.12/site-packages/airflow/example_dags/tutorial_taskflow_api_virtualenv.py
[2026-06-08T12:53:31.302+0000] {logging_mixin.py:188} INFO - [2026-06-08T12:53:31.302+0000] {dag.py:3096} INFO - Sync 1 DAGs
[2026-06-08T12:53:31.317+0000] {logging_mixin.py:188} INFO - [2026-06-08T12:53:31.316+0000] {dag.py:3954} INFO - Setting next_dagrun for tutorial_taskflow_api_virtualenv to None, run_after=None
[2026-06-08T12:53:31.342+0000] {processor.py:183} INFO - Processing /home/airflow/.local/lib/python3.12/site-packages/airflow/example_dags/tutorial_taskflow_api_virtualenv.py took 0.086 seconds
[2026-06-08T12:54:01.623+0000] {processor.py:161} INFO - Started process (PID=77549) to work on /home/airflow/.local/lib/python3.12/site-packages/airflow/example_dags/tutorial_taskflow_api_virtualenv.py
[2026-06-08T12:54:01.625+0000] {processor.py:830} INFO - Processing file /home/airflow/.local/lib/python3.12/site-packages/airflow/example_dags/tutorial_taskflow_api_virtualenv.py for tasks to queue
[2026-06-08T12:54:01.627+0000] {logging_mixin.py:188} INFO - [2026-06-08T12:54:01.626+0000] {dagbag.py:545} INFO - Filling up the DagBag from /home/airflow/.local/lib/python3.12/site-packages/airflow/example_dags/tutorial_taskflow_api_virtualenv.py
[2026-06-08T12:54:01.639+0000] {processor.py:840} INFO - DAG(s) 'tutorial_taskflow_api_virtualenv' retrieved from /home/airflow/.local/lib/python3.12/site-packages/airflow/example_dags/tutorial_taskflow_api_virtualenv.py
[2026-06-08T12:54:01.666+0000] {logging_mixin.py:188} INFO - [2026-06-08T12:54:01.665+0000] {dag.py:3096} INFO - Sync 1 DAGs
[2026-06-08T12:54:01.681+0000] {logging_mixin.py:188} INFO - [2026-06-08T12:54:01.681+0000] {dag.py:3954} INFO - Setting next_dagrun for tutorial_taskflow_api_virtualenv to None, run_after=None
[2026-06-08T12:54:01.704+0000] {processor.py:183} INFO - Processing /home/airflow/.local/lib/python3.12/site-packages/airflow/example_dags/tutorial_taskflow_api_virtualenv.py took 0.087 seconds
[2026-06-08T12:54:32.407+0000] {processor.py:161} INFO - Started process (PID=77811) to work on /home/airflow/.local/lib/python3.12/site-packages/airflow/example_dags/tutorial_taskflow_api_virtualenv.py
[2026-06-08T12:54:32.408+0000] {processor.py:830} INFO - Processing file /home/airflow/.local/lib/python3.12/site-packages/airflow/example_dags/tutorial_taskflow_api_virtualenv.py for tasks to queue
[2026-06-08T12:54:32.410+0000] {logging_mixin.py:188} INFO - [2026-06-08T12:54:32.409+0000] {dagbag.py:545} INFO - Filling up the DagBag from /home/airflow/.local/lib/python3.12/site-packages/airflow/example_dags/tutorial_taskflow_api_virtualenv.py
[2026-06-08T12:54:32.422+0000] {processor.py:840} INFO - DAG(s) 'tutorial_taskflow_api_virtualenv' retrieved from /home/airflow/.local/lib/python3.12/site-packages/airflow/example_dags/tutorial_taskflow_api_virtualenv.py
[2026-06-08T12:54:32.444+0000] {logging_mixin.py:188} INFO - [2026-06-08T12:54:32.444+0000] {dag.py:3096} INFO - Sync 1 DAGs
[2026-06-08T12:54:32.460+0000] {logging_mixin.py:188} INFO - [2026-06-08T12:54:32.460+0000] {dag.py:3954} INFO - Setting next_dagrun for tutorial_taskflow_api_virtualenv to None, run_after=None
[2026-06-08T12:54:32.484+0000] {processor.py:183} INFO - Processing /home/airflow/.local/lib/python3.12/site-packages/airflow/example_dags/tutorial_taskflow_api_virtualenv.py took 0.084 seconds
[2026-06-08T12:55:03.451+0000] {processor.py:161} INFO - Started process (PID=78073) to work on /home/airflow/.local/lib/python3.12/site-packages/airflow/example_dags/tutorial_taskflow_api_virtualenv.py
[2026-06-08T12:55:03.452+0000] {processor.py:830} INFO - Processing file /home/airflow/.local/lib/python3.12/site-packages/airflow/example_dags/tutorial_taskflow_api_virtualenv.py for tasks to queue
[2026-06-08T12:55:03.454+0000] {logging_mixin.py:188} INFO - [2026-06-08T12:55:03.454+0000] {dagbag.py:545} INFO - Filling up the DagBag from /home/airflow/.local/lib/python3.12/site-packages/airflow/example_dags/tutorial_taskflow_api_virtualenv.py
[2026-06-08T12:55:03.467+0000] {processor.py:840} INFO - DAG(s) 'tutorial_taskflow_api_virtualenv' retrieved from /home/airflow/.local/lib/python3.12/site-packages/airflow/example_dags/tutorial_taskflow_api_virtualenv.py
[2026-06-08T12:55:03.496+0000] {logging_mixin.py:188} INFO - [2026-06-08T12:55:03.495+0000] {dag.py:3096} INFO - Sync 1 DAGs
[2026-06-08T12:55:03.511+0000] {logging_mixin.py:188} INFO - [2026-06-08T12:55:03.511+0000] {dag.py:3954} INFO - Setting next_dagrun for tutorial_taskflow_api_virtualenv to None, run_after=None
[2026-06-08T12:55:03.539+0000] {processor.py:183} INFO - Processing /home/airflow/.local/lib/python3.12/site-packages/airflow/example_dags/tutorial_taskflow_api_virtualenv.py took 0.096 seconds
[2026-06-08T12:55:33.882+0000] {processor.py:161} INFO - Started process (PID=78335) to work on /home/airflow/.local/lib/python3.12/site-packages/airflow/example_dags/tutorial_taskflow_api_virtualenv.py
[2026-06-08T12:55:33.883+0000] {processor.py:830} INFO - Processing file /home/airflow/.local/lib/python3.12/site-packages/airflow/example_dags/tutorial_taskflow_api_virtualenv.py for tasks to queue
[2026-06-08T12:55:33.885+0000] {logging_mixin.py:188} INFO - [2026-06-08T12:55:33.885+0000] {dagbag.py:545} INFO - Filling up the DagBag from /home/airflow/.local/lib/python3.12/site-packages/airflow/example_dags/tutorial_taskflow_api_virtualenv.py
[2026-06-08T12:55:33.900+0000] {processor.py:840} INFO - DAG(s) 'tutorial_taskflow_api_virtualenv' retrieved from /home/airflow/.local/lib/python3.12/site-packages/airflow/example_dags/tutorial_taskflow_api_virtualenv.py
[2026-06-08T12:55:33.933+0000] {logging_mixin.py:188} INFO - [2026-06-08T12:55:33.933+0000] {dag.py:3096} INFO - Sync 1 DAGs
[2026-06-08T12:55:33.954+0000] {logging_mixin.py:188} INFO - [2026-06-08T12:55:33.953+0000] {dag.py:3954} INFO - Setting next_dagrun for tutorial_taskflow_api_virtualenv to None, run_after=None
[2026-06-08T12:55:33.988+0000] {processor.py:183} INFO - Processing /home/airflow/.local/lib/python3.12/site-packages/airflow/example_dags/tutorial_taskflow_api_virtualenv.py took 0.113 seconds
[2026-06-08T12:56:04.625+0000] {processor.py:161} INFO - Started process (PID=78597) to work on /home/airflow/.local/lib/python3.12/site-packages/airflow/example_dags/tutorial_taskflow_api_virtualenv.py
[2026-06-08T12:56:04.626+0000] {processor.py:830} INFO - Processing file /home/airflow/.local/lib/python3.12/site-packages/airflow/example_dags/tutorial_taskflow_api_virtualenv.py for tasks to queue
[2026-06-08T12:56:04.628+0000] {logging_mixin.py:188} INFO - [2026-06-08T12:56:04.627+0000] {dagbag.py:545} INFO - Filling up the DagBag from /home/airflow/.local/lib/python3.12/site-packages/airflow/example_dags/tutorial_taskflow_api_virtualenv.py
[2026-06-08T12:56:04.636+0000] {processor.py:840} INFO - DAG(s) 'tutorial_taskflow_api_virtualenv' retrieved from /home/airflow/.local/lib/python3.12/site-packages/airflow/example_dags/tutorial_taskflow_api_virtualenv.py
[2026-06-08T12:56:04.657+0000] {logging_mixin.py:188} INFO - [2026-06-08T12:56:04.657+0000] {dag.py:3096} INFO - Sync 1 DAGs
[2026-06-08T12:56:04.669+0000] {logging_mixin.py:188} INFO - [2026-06-08T12:56:04.669+0000] {dag.py:3954} INFO - Setting next_dagrun for tutorial_taskflow_api_virtualenv to None, run_after=None
[2026-06-08T12:56:04.688+0000] {processor.py:183} INFO - Processing /home/airflow/.local/lib/python3.12/site-packages/airflow/example_dags/tutorial_taskflow_api_virtualenv.py took 0.069 seconds
[2026-06-08T12:56:35.023+0000] {processor.py:161} INFO - Started process (PID=78860) to work on /home/airflow/.local/lib/python3.12/site-packages/airflow/example_dags/tutorial_taskflow_api_virtualenv.py
[2026-06-08T12:56:35.024+0000] {processor.py:830} INFO - Processing file /home/airflow/.local/lib/python3.12/site-packages/airflow/example_dags/tutorial_taskflow_api_virtualenv.py for tasks to queue
[2026-06-08T12:56:35.026+0000] {logging_mixin.py:188} INFO - [2026-06-08T12:56:35.025+0000] {dagbag.py:545} INFO - Filling up the DagBag from /home/airflow/.local/lib/python3.12/site-packages/airflow/example_dags/tutorial_taskflow_api_virtualenv.py
[2026-06-08T12:56:35.034+0000] {processor.py:840} INFO - DAG(s) 'tutorial_taskflow_api_virtualenv' retrieved from /home/airflow/.local/lib/python3.12/site-packages/airflow/example_dags/tutorial_taskflow_api_virtualenv.py
[2026-06-08T12:56:35.056+0000] {logging_mixin.py:188} INFO - [2026-06-08T12:56:35.055+0000] {dag.py:3096} INFO - Sync 1 DAGs
[2026-06-08T12:56:35.068+0000] {logging_mixin.py:188} INFO - [2026-06-08T12:56:35.067+0000] {dag.py:3954} INFO - Setting next_dagrun for tutorial_taskflow_api_virtualenv to None, run_after=None
[2026-06-08T12:56:35.089+0000] {processor.py:183} INFO - Processing /home/airflow/.local/lib/python3.12/site-packages/airflow/example_dags/tutorial_taskflow_api_virtualenv.py took 0.072 seconds
[2026-06-08T12:57:05.660+0000] {processor.py:161} INFO - Started process (PID=79122) to work on /home/airflow/.local/lib/python3.12/site-packages/airflow/example_dags/tutorial_taskflow_api_virtualenv.py
[2026-06-08T12:57:05.661+0000] {processor.py:830} INFO - Processing file /home/airflow/.local/lib/python3.12/site-packages/airflow/example_dags/tutorial_taskflow_api_virtualenv.py for tasks to queue
[2026-06-08T12:57:05.665+0000] {logging_mixin.py:188} INFO - [2026-06-08T12:57:05.664+0000] {dagbag.py:545} INFO - Filling up the DagBag from /home/airflow/.local/lib/python3.12/site-packages/airflow/example_dags/tutorial_taskflow_api_virtualenv.py
[2026-06-08T12:57:05.675+0000] {processor.py:840} INFO - DAG(s) 'tutorial_taskflow_api_virtualenv' retrieved from /home/airflow/.local/lib/python3.12/site-packages/airflow/example_dags/tutorial_taskflow_api_virtualenv.py
[2026-06-08T12:57:05.700+0000] {logging_mixin.py:188} INFO - [2026-06-08T12:57:05.699+0000] {dag.py:3096} INFO - Sync 1 DAGs
[2026-06-08T12:57:05.714+0000] {logging_mixin.py:188} INFO - [2026-06-08T12:57:05.714+0000] {dag.py:3954} INFO - Setting next_dagrun for tutorial_taskflow_api_virtualenv to None, run_after=None
[2026-06-08T12:57:05.739+0000] {processor.py:183} INFO - Processing /home/airflow/.local/lib/python3.12/site-packages/airflow/example_dags/tutorial_taskflow_api_virtualenv.py took 0.086 seconds
[2026-06-08T12:57:36.473+0000] {processor.py:161} INFO - Started process (PID=79384) to work on /home/airflow/.local/lib/python3.12/site-packages/airflow/example_dags/tutorial_taskflow_api_virtualenv.py
[2026-06-08T12:57:36.474+0000] {processor.py:830} INFO - Processing file /home/airflow/.local/lib/python3.12/site-packages/airflow/example_dags/tutorial_taskflow_api_virtualenv.py for tasks to queue
[2026-06-08T12:57:36.477+0000] {logging_mixin.py:188} INFO - [2026-06-08T12:57:36.476+0000] {dagbag.py:545} INFO - Filling up the DagBag from /home/airflow/.local/lib/python3.12/site-packages/airflow/example_dags/tutorial_taskflow_api_virtualenv.py
[2026-06-08T12:57:36.491+0000] {processor.py:840} INFO - DAG(s) 'tutorial_taskflow_api_virtualenv' retrieved from /home/airflow/.local/lib/python3.12/site-packages/airflow/example_dags/tutorial_taskflow_api_virtualenv.py
[2026-06-08T12:57:36.523+0000] {logging_mixin.py:188} INFO - [2026-06-08T12:57:36.522+0000] {dag.py:3096} INFO - Sync 1 DAGs
[2026-06-08T12:57:36.537+0000] {logging_mixin.py:188} INFO - [2026-06-08T12:57:36.537+0000] {dag.py:3954} INFO - Setting next_dagrun for tutorial_taskflow_api_virtualenv to None, run_after=None
[2026-06-08T12:57:36.565+0000] {processor.py:183} INFO - Processing /home/airflow/.local/lib/python3.12/site-packages/airflow/example_dags/tutorial_taskflow_api_virtualenv.py took 0.098 seconds
[2026-06-08T12:58:07.247+0000] {processor.py:161} INFO - Started process (PID=79646) to work on /home/airflow/.local/lib/python3.12/site-packages/airflow/example_dags/tutorial_taskflow_api_virtualenv.py
[2026-06-08T12:58:07.248+0000] {processor.py:830} INFO - Processing file /home/airflow/.local/lib/python3.12/site-packages/airflow/example_dags/tutorial_taskflow_api_virtualenv.py for tasks to queue
[2026-06-08T12:58:07.250+0000] {logging_mixin.py:188} INFO - [2026-06-08T12:58:07.250+0000] {dagbag.py:545} INFO - Filling up the DagBag from /home/airflow/.local/lib/python3.12/site-packages/airflow/example_dags/tutorial_taskflow_api_virtualenv.py
[2026-06-08T12:58:07.259+0000] {processor.py:840} INFO - DAG(s) 'tutorial_taskflow_api_virtualenv' retrieved from /home/airflow/.local/lib/python3.12/site-packages/airflow/example_dags/tutorial_taskflow_api_virtualenv.py
[2026-06-08T12:58:07.278+0000] {logging_mixin.py:188} INFO - [2026-06-08T12:58:07.278+0000] {dag.py:3096} INFO - Sync 1 DAGs
[2026-06-08T12:58:07.290+0000] {logging_mixin.py:188} INFO - [2026-06-08T12:58:07.290+0000] {dag.py:3954} INFO - Setting next_dagrun for tutorial_taskflow_api_virtualenv to None, run_after=None
[2026-06-08T12:58:07.310+0000] {processor.py:183} INFO - Processing /home/airflow/.local/lib/python3.12/site-packages/airflow/example_dags/tutorial_taskflow_api_virtualenv.py took 0.067 seconds
[2026-06-08T12:58:37.448+0000] {processor.py:161} INFO - Started process (PID=79909) to work on /home/airflow/.local/lib/python3.12/site-packages/airflow/example_dags/tutorial_taskflow_api_virtualenv.py
[2026-06-08T12:58:37.450+0000] {processor.py:830} INFO - Processing file /home/airflow/.local/lib/python3.12/site-packages/airflow/example_dags/tutorial_taskflow_api_virtualenv.py for tasks to queue
[2026-06-08T12:58:37.453+0000] {logging_mixin.py:188} INFO - [2026-06-08T12:58:37.452+0000] {dagbag.py:545} INFO - Filling up the DagBag from /home/airflow/.local/lib/python3.12/site-packages/airflow/example_dags/tutorial_taskflow_api_virtualenv.py
[2026-06-08T12:58:37.465+0000] {processor.py:840} INFO - DAG(s) 'tutorial_taskflow_api_virtualenv' retrieved from /home/airflow/.local/lib/python3.12/site-packages/airflow/example_dags/tutorial_taskflow_api_virtualenv.py
[2026-06-08T12:58:37.500+0000] {logging_mixin.py:188} INFO - [2026-06-08T12:58:37.500+0000] {dag.py:3096} INFO - Sync 1 DAGs
[2026-06-08T12:58:37.524+0000] {logging_mixin.py:188} INFO - [2026-06-08T12:58:37.524+0000] {dag.py:3954} INFO - Setting next_dagrun for tutorial_taskflow_api_virtualenv to None, run_after=None
[2026-06-08T12:58:37.554+0000] {processor.py:183} INFO - Processing /home/airflow/.local/lib/python3.12/site-packages/airflow/example_dags/tutorial_taskflow_api_virtualenv.py took 0.113 seconds
[2026-06-08T12:59:08.293+0000] {processor.py:161} INFO - Started process (PID=80170) to work on /home/airflow/.local/lib/python3.12/site-packages/airflow/example_dags/tutorial_taskflow_api_virtualenv.py
[2026-06-08T12:59:08.294+0000] {processor.py:830} INFO - Processing file /home/airflow/.local/lib/python3.12/site-packages/airflow/example_dags/tutorial_taskflow_api_virtualenv.py for tasks to queue
[2026-06-08T12:59:08.296+0000] {logging_mixin.py:188} INFO - [2026-06-08T12:59:08.295+0000] {dagbag.py:545} INFO - Filling up the DagBag from /home/airflow/.local/lib/python3.12/site-packages/airflow/example_dags/tutorial_taskflow_api_virtualenv.py
[2026-06-08T12:59:08.305+0000] {processor.py:840} INFO - DAG(s) 'tutorial_taskflow_api_virtualenv' retrieved from /home/airflow/.local/lib/python3.12/site-packages/airflow/example_dags/tutorial_taskflow_api_virtualenv.py
[2026-06-08T12:59:08.324+0000] {logging_mixin.py:188} INFO - [2026-06-08T12:59:08.324+0000] {dag.py:3096} INFO - Sync 1 DAGs
[2026-06-08T12:59:08.338+0000] {logging_mixin.py:188} INFO - [2026-06-08T12:59:08.337+0000] {dag.py:3954} INFO - Setting next_dagrun for tutorial_taskflow_api_virtualenv to None, run_after=None
[2026-06-08T12:59:08.360+0000] {processor.py:183} INFO - Processing /home/airflow/.local/lib/python3.12/site-packages/airflow/example_dags/tutorial_taskflow_api_virtualenv.py took 0.072 seconds
[2026-06-08T12:59:38.566+0000] {processor.py:161} INFO - Started process (PID=80432) to work on /home/airflow/.local/lib/python3.12/site-packages/airflow/example_dags/tutorial_taskflow_api_virtualenv.py
[2026-06-08T12:59:38.567+0000] {processor.py:830} INFO - Processing file /home/airflow/.local/lib/python3.12/site-packages/airflow/example_dags/tutorial_taskflow_api_virtualenv.py for tasks to queue
[2026-06-08T12:59:38.569+0000] {logging_mixin.py:188} INFO - [2026-06-08T12:59:38.568+0000] {dagbag.py:545} INFO - Filling up the DagBag from /home/airflow/.local/lib/python3.12/site-packages/airflow/example_dags/tutorial_taskflow_api_virtualenv.py
[2026-06-08T12:59:38.580+0000] {processor.py:840} INFO - DAG(s) 'tutorial_taskflow_api_virtualenv' retrieved from /home/airflow/.local/lib/python3.12/site-packages/airflow/example_dags/tutorial_taskflow_api_virtualenv.py
[2026-06-08T12:59:38.604+0000] {logging_mixin.py:188} INFO - [2026-06-08T12:59:38.604+0000] {dag.py:3096} INFO - Sync 1 DAGs
[2026-06-08T12:59:38.156+0000] {logging_mixin.py:188} INFO - [2026-06-08T12:59:38.155+0000] {dag.py:3954} INFO - Setting next_dagrun for tutorial_taskflow_api_virtualenv to None, run_after=None
[2026-06-08T12:59:38.181+0000] {processor.py:183} INFO - Processing /home/airflow/.local/lib/python3.12/site-packages/airflow/example_dags/tutorial_taskflow_api_virtualenv.py took 0.084 seconds
[2026-06-08T13:00:08.240+0000] {processor.py:161} INFO - Started process (PID=80676) to work on /home/airflow/.local/lib/python3.12/site-packages/airflow/example_dags/tutorial_taskflow_api_virtualenv.py
[2026-06-08T13:00:08.241+0000] {processor.py:830} INFO - Processing file /home/airflow/.local/lib/python3.12/site-packages/airflow/example_dags/tutorial_taskflow_api_virtualenv.py for tasks to queue
[2026-06-08T13:00:08.244+0000] {logging_mixin.py:188} INFO - [2026-06-08T13:00:08.243+0000] {dagbag.py:545} INFO - Filling up the DagBag from /home/airflow/.local/lib/python3.12/site-packages/airflow/example_dags/tutorial_taskflow_api_virtualenv.py
[2026-06-08T13:00:08.253+0000] {processor.py:840} INFO - DAG(s) 'tutorial_taskflow_api_virtualenv' retrieved from /home/airflow/.local/lib/python3.12/site-packages/airflow/example_dags/tutorial_taskflow_api_virtualenv.py
[2026-06-08T13:00:08.279+0000] {logging_mixin.py:188} INFO - [2026-06-08T13:00:08.279+0000] {dag.py:3096} INFO - Sync 1 DAGs
[2026-06-08T13:00:08.292+0000] {logging_mixin.py:188} INFO - [2026-06-08T13:00:08.292+0000] {dag.py:3954} INFO - Setting next_dagrun for tutorial_taskflow_api_virtualenv to None, run_after=None
[2026-06-08T13:00:08.312+0000] {processor.py:183} INFO - Processing /home/airflow/.local/lib/python3.12/site-packages/airflow/example_dags/tutorial_taskflow_api_virtualenv.py took 0.078 seconds
[2026-06-08T13:00:39.192+0000] {processor.py:161} INFO - Started process (PID=80948) to work on /home/airflow/.local/lib/python3.12/site-packages/airflow/example_dags/tutorial_taskflow_api_virtualenv.py
[2026-06-08T13:00:39.193+0000] {processor.py:830} INFO - Processing file /home/airflow/.local/lib/python3.12/site-packages/airflow/example_dags/tutorial_taskflow_api_virtualenv.py for tasks to queue
[2026-06-08T13:00:39.195+0000] {logging_mixin.py:188} INFO - [2026-06-08T13:00:39.194+0000] {dagbag.py:545} INFO - Filling up the DagBag from /home/airflow/.local/lib/python3.12/site-packages/airflow/example_dags/tutorial_taskflow_api_virtualenv.py
[2026-06-08T13:00:39.205+0000] {processor.py:840} INFO - DAG(s) 'tutorial_taskflow_api_virtualenv' retrieved from /home/airflow/.local/lib/python3.12/site-packages/airflow/example_dags/tutorial_taskflow_api_virtualenv.py
[2026-06-08T13:00:39.224+0000] {logging_mixin.py:188} INFO - [2026-06-08T13:00:39.224+0000] {dag.py:3096} INFO - Sync 1 DAGs
[2026-06-08T13:00:39.239+0000] {logging_mixin.py:188} INFO - [2026-06-08T13:00:39.239+0000] {dag.py:3954} INFO - Setting next_dagrun for tutorial_taskflow_api_virtualenv to None, run_after=None
[2026-06-08T13:00:39.259+0000] {processor.py:183} INFO - Processing /home/airflow/.local/lib/python3.12/site-packages/airflow/example_dags/tutorial_taskflow_api_virtualenv.py took 0.071 seconds
[2026-06-08T13:01:09.756+0000] {processor.py:161} INFO - Started process (PID=81224) to work on /home/airflow/.local/lib/python3.12/site-packages/airflow/example_dags/tutorial_taskflow_api_virtualenv.py
[2026-06-08T13:01:09.757+0000] {processor.py:830} INFO - Processing file /home/airflow/.local/lib/python3.12/site-packages/airflow/example_dags/tutorial_taskflow_api_virtualenv.py for tasks to queue
[2026-06-08T13:01:09.759+0000] {logging_mixin.py:188} INFO - [2026-06-08T13:01:09.759+0000] {dagbag.py:545} INFO - Filling up the DagBag from /home/airflow/.local/lib/python3.12/site-packages/airflow/example_dags/tutorial_taskflow_api_virtualenv.py
[2026-06-08T13:01:09.768+0000] {processor.py:840} INFO - DAG(s) 'tutorial_taskflow_api_virtualenv' retrieved from /home/airflow/.local/lib/python3.12/site-packages/airflow/example_dags/tutorial_taskflow_api_virtualenv.py
[2026-06-08T13:01:09.789+0000] {logging_mixin.py:188} INFO - [2026-06-08T13:01:09.789+0000] {dag.py:3096} INFO - Sync 1 DAGs
[2026-06-08T13:01:09.802+0000] {logging_mixin.py:188} INFO - [2026-06-08T13:01:09.801+0000] {dag.py:3954} INFO - Setting next_dagrun for tutorial_taskflow_api_virtualenv to None, run_after=None
[2026-06-08T13:01:09.824+0000] {processor.py:183} INFO - Processing /home/airflow/.local/lib/python3.12/site-packages/airflow/example_dags/tutorial_taskflow_api_virtualenv.py took 0.073 seconds
[2026-06-08T13:01:39.900+0000] {processor.py:161} INFO - Started process (PID=81486) to work on /home/airflow/.local/lib/python3.12/site-packages/airflow/example_dags/tutorial_taskflow_api_virtualenv.py
[2026-06-08T13:01:39.901+0000] {processor.py:830} INFO - Processing file /home/airflow/.local/lib/python3.12/site-packages/airflow/example_dags/tutorial_taskflow_api_virtualenv.py for tasks to queue
[2026-06-08T13:01:39.903+0000] {logging_mixin.py:188} INFO - [2026-06-08T13:01:39.903+0000] {dagbag.py:545} INFO - Filling up the DagBag from /home/airflow/.local/lib/python3.12/site-packages/airflow/example_dags/tutorial_taskflow_api_virtualenv.py
[2026-06-08T13:01:39.912+0000] {processor.py:840} INFO - DAG(s) 'tutorial_taskflow_api_virtualenv' retrieved from /home/airflow/.local/lib/python3.12/site-packages/airflow/example_dags/tutorial_taskflow_api_virtualenv.py
[2026-06-08T13:01:39.931+0000] {logging_mixin.py:188} INFO - [2026-06-08T13:01:39.931+0000] {dag.py:3096} INFO - Sync 1 DAGs
[2026-06-08T13:01:39.943+0000] {logging_mixin.py:188} INFO - [2026-06-08T13:01:39.943+0000] {dag.py:3954} INFO - Setting next_dagrun for tutorial_taskflow_api_virtualenv to None, run_after=None
[2026-06-08T13:01:39.962+0000] {processor.py:183} INFO - Processing /home/airflow/.local/lib/python3.12/site-packages/airflow/example_dags/tutorial_taskflow_api_virtualenv.py took 0.067 seconds
[2026-06-08T13:02:10.382+0000] {processor.py:161} INFO - Started process (PID=81748) to work on /home/airflow/.local/lib/python3.12/site-packages/airflow/example_dags/tutorial_taskflow_api_virtualenv.py
[2026-06-08T13:02:10.383+0000] {processor.py:830} INFO - Processing file /home/airflow/.local/lib/python3.12/site-packages/airflow/example_dags/tutorial_taskflow_api_virtualenv.py for tasks to queue
[2026-06-08T13:02:10.385+0000] {logging_mixin.py:188} INFO - [2026-06-08T13:02:10.384+0000] {dagbag.py:545} INFO - Filling up the DagBag from /home/airflow/.local/lib/python3.12/site-packages/airflow/example_dags/tutorial_taskflow_api_virtualenv.py
[2026-06-08T13:02:10.393+0000] {processor.py:840} INFO - DAG(s) 'tutorial_taskflow_api_virtualenv' retrieved from /home/airflow/.local/lib/python3.12/site-packages/airflow/example_dags/tutorial_taskflow_api_virtualenv.py
[2026-06-08T13:02:10.413+0000] {logging_mixin.py:188} INFO - [2026-06-08T13:02:10.413+0000] {dag.py:3096} INFO - Sync 1 DAGs
[2026-06-08T13:02:10.427+0000] {logging_mixin.py:188} INFO - [2026-06-08T13:02:10.427+0000] {dag.py:3954} INFO - Setting next_dagrun for tutorial_taskflow_api_virtualenv to None, run_after=None
[2026-06-08T13:02:10.449+0000] {processor.py:183} INFO - Processing /home/airflow/.local/lib/python3.12/site-packages/airflow/example_dags/tutorial_taskflow_api_virtualenv.py took 0.071 seconds
[2026-06-08T13:02:40.817+0000] {processor.py:161} INFO - Started process (PID=82010) to work on /home/airflow/.local/lib/python3.12/site-packages/airflow/example_dags/tutorial_taskflow_api_virtualenv.py
[2026-06-08T13:02:40.817+0000] {processor.py:830} INFO - Processing file /home/airflow/.local/lib/python3.12/site-packages/airflow/example_dags/tutorial_taskflow_api_virtualenv.py for tasks to queue
[2026-06-08T13:02:40.819+0000] {logging_mixin.py:188} INFO - [2026-06-08T13:02:40.819+0000] {dagbag.py:545} INFO - Filling up the DagBag from /home/airflow/.local/lib/python3.12/site-packages/airflow/example_dags/tutorial_taskflow_api_virtualenv.py
[2026-06-08T13:02:40.830+0000] {processor.py:840} INFO - DAG(s) 'tutorial_taskflow_api_virtualenv' retrieved from /home/airflow/.local/lib/python3.12/site-packages/airflow/example_dags/tutorial_taskflow_api_virtualenv.py
[2026-06-08T13:02:40.853+0000] {logging_mixin.py:188} INFO - [2026-06-08T13:02:40.852+0000] {dag.py:3096} INFO - Sync 1 DAGs
[2026-06-08T13:02:40.864+0000] {logging_mixin.py:188} INFO - [2026-06-08T13:02:40.863+0000] {dag.py:3954} INFO - Setting next_dagrun for tutorial_taskflow_api_virtualenv to None, run_after=None
[2026-06-08T13:02:40.886+0000] {processor.py:183} INFO - Processing /home/airflow/.local/lib/python3.12/site-packages/airflow/example_dags/tutorial_taskflow_api_virtualenv.py took 0.075 seconds
[2026-06-08T13:03:11.295+0000] {processor.py:161} INFO - Started process (PID=82274) to work on /home/airflow/.local/lib/python3.12/site-packages/airflow/example_dags/tutorial_taskflow_api_virtualenv.py
[2026-06-08T13:03:11.297+0000] {processor.py:830} INFO - Processing file /home/airflow/.local/lib/python3.12/site-packages/airflow/example_dags/tutorial_taskflow_api_virtualenv.py for tasks to queue
[2026-06-08T13:03:11.298+0000] {logging_mixin.py:188} INFO - [2026-06-08T13:03:11.298+0000] {dagbag.py:545} INFO - Filling up the DagBag from /home/airflow/.local/lib/python3.12/site-packages/airflow/example_dags/tutorial_taskflow_api_virtualenv.py
[2026-06-08T13:03:11.306+0000] {processor.py:840} INFO - DAG(s) 'tutorial_taskflow_api_virtualenv' retrieved from /home/airflow/.local/lib/python3.12/site-packages/airflow/example_dags/tutorial_taskflow_api_virtualenv.py
[2026-06-08T13:03:11.325+0000] {logging_mixin.py:188} INFO - [2026-06-08T13:03:11.325+0000] {dag.py:3096} INFO - Sync 1 DAGs
[2026-06-08T13:03:11.337+0000] {logging_mixin.py:188} INFO - [2026-06-08T13:03:11.337+0000] {dag.py:3954} INFO - Setting next_dagrun for tutorial_taskflow_api_virtualenv to None, run_after=None
[2026-06-08T13:03:11.356+0000] {processor.py:183} INFO - Processing /home/airflow/.local/lib/python3.12/site-packages/airflow/example_dags/tutorial_taskflow_api_virtualenv.py took 0.065 seconds
[2026-06-08T13:03:41.714+0000] {processor.py:161} INFO - Started process (PID=82534) to work on /home/airflow/.local/lib/python3.12/site-packages/airflow/example_dags/tutorial_taskflow_api_virtualenv.py
[2026-06-08T13:03:41.716+0000] {processor.py:830} INFO - Processing file /home/airflow/.local/lib/python3.12/site-packages/airflow/example_dags/tutorial_taskflow_api_virtualenv.py for tasks to queue
[2026-06-08T13:03:41.718+0000] {logging_mixin.py:188} INFO - [2026-06-08T13:03:41.717+0000] {dagbag.py:545} INFO - Filling up the DagBag from /home/airflow/.local/lib/python3.12/site-packages/airflow/example_dags/tutorial_taskflow_api_virtualenv.py
[2026-06-08T13:03:41.727+0000] {processor.py:840} INFO - DAG(s) 'tutorial_taskflow_api_virtualenv' retrieved from /home/airflow/.local/lib/python3.12/site-packages/airflow/example_dags/tutorial_taskflow_api_virtualenv.py
[2026-06-08T13:03:41.749+0000] {logging_mixin.py:188} INFO - [2026-06-08T13:03:41.749+0000] {dag.py:3096} INFO - Sync 1 DAGs
[2026-06-08T13:03:41.761+0000] {logging_mixin.py:188} INFO - [2026-06-08T13:03:41.761+0000] {dag.py:3954} INFO - Setting next_dagrun for tutorial_taskflow_api_virtualenv to None, run_after=None
[2026-06-08T13:03:41.782+0000] {processor.py:183} INFO - Processing /home/airflow/.local/lib/python3.12/site-packages/airflow/example_dags/tutorial_taskflow_api_virtualenv.py took 0.074 seconds
[2026-06-08T13:04:12.256+0000] {processor.py:161} INFO - Started process (PID=82798) to work on /home/airflow/.local/lib/python3.12/site-packages/airflow/example_dags/tutorial_taskflow_api_virtualenv.py
[2026-06-08T13:04:12.257+0000] {processor.py:830} INFO - Processing file /home/airflow/.local/lib/python3.12/site-packages/airflow/example_dags/tutorial_taskflow_api_virtualenv.py for tasks to queue
[2026-06-08T13:04:12.259+0000] {logging_mixin.py:188} INFO - [2026-06-08T13:04:12.259+0000] {dagbag.py:545} INFO - Filling up the DagBag from /home/airflow/.local/lib/python3.12/site-packages/airflow/example_dags/tutorial_taskflow_api_virtualenv.py
[2026-06-08T13:04:12.269+0000] {processor.py:840} INFO - DAG(s) 'tutorial_taskflow_api_virtualenv' retrieved from /home/airflow/.local/lib/python3.12/site-packages/airflow/example_dags/tutorial_taskflow_api_virtualenv.py
[2026-06-08T13:04:12.291+0000] {logging_mixin.py:188} INFO - [2026-06-08T13:04:12.291+0000] {dag.py:3096} INFO - Sync 1 DAGs
[2026-06-08T13:04:12.309+0000] {logging_mixin.py:188} INFO - [2026-06-08T13:04:12.308+0000] {dag.py:3954} INFO - Setting next_dagrun for tutorial_taskflow_api_virtualenv to None, run_after=None
[2026-06-08T13:04:12.331+0000] {processor.py:183} INFO - Processing /home/airflow/.local/lib/python3.12/site-packages/airflow/example_dags/tutorial_taskflow_api_virtualenv.py took 0.079 seconds
[2026-06-08T13:04:42.967+0000] {processor.py:161} INFO - Started process (PID=83058) to work on /home/airflow/.local/lib/python3.12/site-packages/airflow/example_dags/tutorial_taskflow_api_virtualenv.py
[2026-06-08T13:04:42.968+0000] {processor.py:830} INFO - Processing file /home/airflow/.local/lib/python3.12/site-packages/airflow/example_dags/tutorial_taskflow_api_virtualenv.py for tasks to queue
[2026-06-08T13:04:42.970+0000] {logging_mixin.py:188} INFO - [2026-06-08T13:04:42.970+0000] {dagbag.py:545} INFO - Filling up the DagBag from /home/airflow/.local/lib/python3.12/site-packages/airflow/example_dags/tutorial_taskflow_api_virtualenv.py
[2026-06-08T13:04:42.978+0000] {processor.py:840} INFO - DAG(s) 'tutorial_taskflow_api_virtualenv' retrieved from /home/airflow/.local/lib/python3.12/site-packages/airflow/example_dags/tutorial_taskflow_api_virtualenv.py
[2026-06-08T13:04:42.998+0000] {logging_mixin.py:188} INFO - [2026-06-08T13:04:42.998+0000] {dag.py:3096} INFO - Sync 1 DAGs
[2026-06-08T13:04:43.010+0000] {logging_mixin.py:188} INFO - [2026-06-08T13:04:43.009+0000] {dag.py:3954} INFO - Setting next_dagrun for tutorial_taskflow_api_virtualenv to None, run_after=None
[2026-06-08T13:04:43.028+0000] {processor.py:183} INFO - Processing /home/airflow/.local/lib/python3.12/site-packages/airflow/example_dags/tutorial_taskflow_api_virtualenv.py took 0.066 seconds
[2026-06-08T13:05:13.539+0000] {processor.py:161} INFO - Started process (PID=83322) to work on /home/airflow/.local/lib/python3.12/site-packages/airflow/example_dags/tutorial_taskflow_api_virtualenv.py
[2026-06-08T13:05:13.540+0000] {processor.py:830} INFO - Processing file /home/airflow/.local/lib/python3.12/site-packages/airflow/example_dags/tutorial_taskflow_api_virtualenv.py for tasks to queue
[2026-06-08T13:05:13.542+0000] {logging_mixin.py:188} INFO - [2026-06-08T13:05:13.542+0000] {dagbag.py:545} INFO - Filling up the DagBag from /home/airflow/.local/lib/python3.12/site-packages/airflow/example_dags/tutorial_taskflow_api_virtualenv.py
[2026-06-08T13:05:13.551+0000] {processor.py:840} INFO - DAG(s) 'tutorial_taskflow_api_virtualenv' retrieved from /home/airflow/.local/lib/python3.12/site-packages/airflow/example_dags/tutorial_taskflow_api_virtualenv.py
[2026-06-08T13:05:13.569+0000] {logging_mixin.py:188} INFO - [2026-06-08T13:05:13.569+0000] {dag.py:3096} INFO - Sync 1 DAGs
[2026-06-08T13:05:13.579+0000] {logging_mixin.py:188} INFO - [2026-06-08T13:05:13.579+0000] {dag.py:3954} INFO - Setting next_dagrun for tutorial_taskflow_api_virtualenv to None, run_after=None
[2026-06-08T13:05:13.599+0000] {processor.py:183} INFO - Processing /home/airflow/.local/lib/python3.12/site-packages/airflow/example_dags/tutorial_taskflow_api_virtualenv.py took 0.066 seconds
[2026-06-08T13:05:43.902+0000] {processor.py:161} INFO - Started process (PID=83584) to work on /home/airflow/.local/lib/python3.12/site-packages/airflow/example_dags/tutorial_taskflow_api_virtualenv.py
[2026-06-08T13:05:43.903+0000] {processor.py:830} INFO - Processing file /home/airflow/.local/lib/python3.12/site-packages/airflow/example_dags/tutorial_taskflow_api_virtualenv.py for tasks to queue
[2026-06-08T13:05:43.905+0000] {logging_mixin.py:188} INFO - [2026-06-08T13:05:43.905+0000] {dagbag.py:545} INFO - Filling up the DagBag from /home/airflow/.local/lib/python3.12/site-packages/airflow/example_dags/tutorial_taskflow_api_virtualenv.py
[2026-06-08T13:05:43.913+0000] {processor.py:840} INFO - DAG(s) 'tutorial_taskflow_api_virtualenv' retrieved from /home/airflow/.local/lib/python3.12/site-packages/airflow/example_dags/tutorial_taskflow_api_virtualenv.py
[2026-06-08T13:05:43.935+0000] {logging_mixin.py:188} INFO - [2026-06-08T13:05:43.934+0000] {dag.py:3096} INFO - Sync 1 DAGs
[2026-06-08T13:05:43.947+0000] {logging_mixin.py:188} INFO - [2026-06-08T13:05:43.947+0000] {dag.py:3954} INFO - Setting next_dagrun for tutorial_taskflow_api_virtualenv to None, run_after=None
[2026-06-08T13:05:43.967+0000] {processor.py:183} INFO - Processing /home/airflow/.local/lib/python3.12/site-packages/airflow/example_dags/tutorial_taskflow_api_virtualenv.py took 0.070 seconds
[2026-06-08T13:06:14.651+0000] {processor.py:161} INFO - Started process (PID=83846) to work on /home/airflow/.local/lib/python3.12/site-packages/airflow/example_dags/tutorial_taskflow_api_virtualenv.py
[2026-06-08T13:06:14.652+0000] {processor.py:830} INFO - Processing file /home/airflow/.local/lib/python3.12/site-packages/airflow/example_dags/tutorial_taskflow_api_virtualenv.py for tasks to queue
[2026-06-08T13:06:14.655+0000] {logging_mixin.py:188} INFO - [2026-06-08T13:06:14.654+0000] {dagbag.py:545} INFO - Filling up the DagBag from /home/airflow/.local/lib/python3.12/site-packages/airflow/example_dags/tutorial_taskflow_api_virtualenv.py
[2026-06-08T13:06:14.665+0000] {processor.py:840} INFO - DAG(s) 'tutorial_taskflow_api_virtualenv' retrieved from /home/airflow/.local/lib/python3.12/site-packages/airflow/example_dags/tutorial_taskflow_api_virtualenv.py
[2026-06-08T13:06:14.691+0000] {logging_mixin.py:188} INFO - [2026-06-08T13:06:14.690+0000] {dag.py:3096} INFO - Sync 1 DAGs
[2026-06-08T13:06:14.706+0000] {logging_mixin.py:188} INFO - [2026-06-08T13:06:14.706+0000] {dag.py:3954} INFO - Setting next_dagrun for tutorial_taskflow_api_virtualenv to None, run_after=None
[2026-06-08T13:06:14.731+0000] {processor.py:183} INFO - Processing /home/airflow/.local/lib/python3.12/site-packages/airflow/example_dags/tutorial_taskflow_api_virtualenv.py took 0.086 seconds
[2026-06-08T13:06:45.059+0000] {processor.py:161} INFO - Started process (PID=84106) to work on /home/airflow/.local/lib/python3.12/site-packages/airflow/example_dags/tutorial_taskflow_api_virtualenv.py
[2026-06-08T13:06:45.060+0000] {processor.py:830} INFO - Processing file /home/airflow/.local/lib/python3.12/site-packages/airflow/example_dags/tutorial_taskflow_api_virtualenv.py for tasks to queue
[2026-06-08T13:06:45.061+0000] {logging_mixin.py:188} INFO - [2026-06-08T13:06:45.061+0000] {dagbag.py:545} INFO - Filling up the DagBag from /home/airflow/.local/lib/python3.12/site-packages/airflow/example_dags/tutorial_taskflow_api_virtualenv.py
[2026-06-08T13:06:45.072+0000] {processor.py:840} INFO - DAG(s) 'tutorial_taskflow_api_virtualenv' retrieved from /home/airflow/.local/lib/python3.12/site-packages/airflow/example_dags/tutorial_taskflow_api_virtualenv.py
[2026-06-08T13:06:45.093+0000] {logging_mixin.py:188} INFO - [2026-06-08T13:06:45.093+0000] {dag.py:3096} INFO - Sync 1 DAGs
[2026-06-08T13:06:45.109+0000] {logging_mixin.py:188} INFO - [2026-06-08T13:06:45.108+0000] {dag.py:3954} INFO - Setting next_dagrun for tutorial_taskflow_api_virtualenv to None, run_after=None
[2026-06-08T13:06:45.127+0000] {processor.py:183} INFO - Processing /home/airflow/.local/lib/python3.12/site-packages/airflow/example_dags/tutorial_taskflow_api_virtualenv.py took 0.074 seconds
[2026-06-08T13:07:15.361+0000] {processor.py:161} INFO - Started process (PID=84368) to work on /home/airflow/.local/lib/python3.12/site-packages/airflow/example_dags/tutorial_taskflow_api_virtualenv.py
[2026-06-08T13:07:15.362+0000] {processor.py:830} INFO - Processing file /home/airflow/.local/lib/python3.12/site-packages/airflow/example_dags/tutorial_taskflow_api_virtualenv.py for tasks to queue
[2026-06-08T13:07:15.364+0000] {logging_mixin.py:188} INFO - [2026-06-08T13:07:15.364+0000] {dagbag.py:545} INFO - Filling up the DagBag from /home/airflow/.local/lib/python3.12/site-packages/airflow/example_dags/tutorial_taskflow_api_virtualenv.py
[2026-06-08T13:07:15.375+0000] {processor.py:840} INFO - DAG(s) 'tutorial_taskflow_api_virtualenv' retrieved from /home/airflow/.local/lib/python3.12/site-packages/airflow/example_dags/tutorial_taskflow_api_virtualenv.py
[2026-06-08T13:07:15.396+0000] {logging_mixin.py:188} INFO - [2026-06-08T13:07:15.395+0000] {dag.py:3096} INFO - Sync 1 DAGs
[2026-06-08T13:07:15.407+0000] {logging_mixin.py:188} INFO - [2026-06-08T13:07:15.407+0000] {dag.py:3954} INFO - Setting next_dagrun for tutorial_taskflow_api_virtualenv to None, run_after=None
[2026-06-08T13:07:15.432+0000] {processor.py:183} INFO - Processing /home/airflow/.local/lib/python3.12/site-packages/airflow/example_dags/tutorial_taskflow_api_virtualenv.py took 0.076 seconds
[2026-06-08T13:07:45.775+0000] {processor.py:161} INFO - Started process (PID=84630) to work on /home/airflow/.local/lib/python3.12/site-packages/airflow/example_dags/tutorial_taskflow_api_virtualenv.py
[2026-06-08T13:07:45.777+0000] {processor.py:830} INFO - Processing file /home/airflow/.local/lib/python3.12/site-packages/airflow/example_dags/tutorial_taskflow_api_virtualenv.py for tasks to queue
[2026-06-08T13:07:45.778+0000] {logging_mixin.py:188} INFO - [2026-06-08T13:07:45.778+0000] {dagbag.py:545} INFO - Filling up the DagBag from /home/airflow/.local/lib/python3.12/site-packages/airflow/example_dags/tutorial_taskflow_api_virtualenv.py
[2026-06-08T13:07:45.786+0000] {processor.py:840} INFO - DAG(s) 'tutorial_taskflow_api_virtualenv' retrieved from /home/airflow/.local/lib/python3.12/site-packages/airflow/example_dags/tutorial_taskflow_api_virtualenv.py
[2026-06-08T13:07:45.805+0000] {logging_mixin.py:188} INFO - [2026-06-08T13:07:45.805+0000] {dag.py:3096} INFO - Sync 1 DAGs
[2026-06-08T13:07:45.818+0000] {logging_mixin.py:188} INFO - [2026-06-08T13:07:45.818+0000] {dag.py:3954} INFO - Setting next_dagrun for tutorial_taskflow_api_virtualenv to None, run_after=None
[2026-06-08T13:07:45.839+0000] {processor.py:183} INFO - Processing /home/airflow/.local/lib/python3.12/site-packages/airflow/example_dags/tutorial_taskflow_api_virtualenv.py took 0.069 seconds
[2026-06-08T13:08:15.905+0000] {processor.py:161} INFO - Started process (PID=84887) to work on /home/airflow/.local/lib/python3.12/site-packages/airflow/example_dags/tutorial_taskflow_api_virtualenv.py
[2026-06-08T13:08:15.906+0000] {processor.py:830} INFO - Processing file /home/airflow/.local/lib/python3.12/site-packages/airflow/example_dags/tutorial_taskflow_api_virtualenv.py for tasks to queue
[2026-06-08T13:08:15.908+0000] {logging_mixin.py:188} INFO - [2026-06-08T13:08:15.907+0000] {dagbag.py:545} INFO - Filling up the DagBag from /home/airflow/.local/lib/python3.12/site-packages/airflow/example_dags/tutorial_taskflow_api_virtualenv.py
[2026-06-08T13:08:15.917+0000] {processor.py:840} INFO - DAG(s) 'tutorial_taskflow_api_virtualenv' retrieved from /home/airflow/.local/lib/python3.12/site-packages/airflow/example_dags/tutorial_taskflow_api_virtualenv.py
[2026-06-08T13:08:15.936+0000] {logging_mixin.py:188} INFO - [2026-06-08T13:08:15.936+0000] {dag.py:3096} INFO - Sync 1 DAGs
[2026-06-08T13:08:15.949+0000] {logging_mixin.py:188} INFO - [2026-06-08T13:08:15.948+0000] {dag.py:3954} INFO - Setting next_dagrun for tutorial_taskflow_api_virtualenv to None, run_after=None
[2026-06-08T13:08:15.971+0000] {processor.py:183} INFO - Processing /home/airflow/.local/lib/python3.12/site-packages/airflow/example_dags/tutorial_taskflow_api_virtualenv.py took 0.071 seconds
[2026-06-08T13:08:46.110+0000] {processor.py:161} INFO - Started process (PID=85149) to work on /home/airflow/.local/lib/python3.12/site-packages/airflow/example_dags/tutorial_taskflow_api_virtualenv.py
[2026-06-08T13:08:46.111+0000] {processor.py:830} INFO - Processing file /home/airflow/.local/lib/python3.12/site-packages/airflow/example_dags/tutorial_taskflow_api_virtualenv.py for tasks to queue
[2026-06-08T13:08:46.112+0000] {logging_mixin.py:188} INFO - [2026-06-08T13:08:46.112+0000] {dagbag.py:545} INFO - Filling up the DagBag from /home/airflow/.local/lib/python3.12/site-packages/airflow/example_dags/tutorial_taskflow_api_virtualenv.py
[2026-06-08T13:08:46.121+0000] {processor.py:840} INFO - DAG(s) 'tutorial_taskflow_api_virtualenv' retrieved from /home/airflow/.local/lib/python3.12/site-packages/airflow/example_dags/tutorial_taskflow_api_virtualenv.py
[2026-06-08T13:08:46.142+0000] {logging_mixin.py:188} INFO - [2026-06-08T13:08:46.142+0000] {dag.py:3096} INFO - Sync 1 DAGs
[2026-06-08T13:08:46.153+0000] {logging_mixin.py:188} INFO - [2026-06-08T13:08:46.153+0000] {dag.py:3954} INFO - Setting next_dagrun for tutorial_taskflow_api_virtualenv to None, run_after=None
[2026-06-08T13:08:46.179+0000] {processor.py:183} INFO - Processing /home/airflow/.local/lib/python3.12/site-packages/airflow/example_dags/tutorial_taskflow_api_virtualenv.py took 0.074 seconds
[2026-06-08T13:09:16.624+0000] {processor.py:161} INFO - Started process (PID=85413) to work on /home/airflow/.local/lib/python3.12/site-packages/airflow/example_dags/tutorial_taskflow_api_virtualenv.py
[2026-06-08T13:09:16.626+0000] {processor.py:830} INFO - Processing file /home/airflow/.local/lib/python3.12/site-packages/airflow/example_dags/tutorial_taskflow_api_virtualenv.py for tasks to queue
[2026-06-08T13:09:16.628+0000] {logging_mixin.py:188} INFO - [2026-06-08T13:09:16.628+0000] {dagbag.py:545} INFO - Filling up the DagBag from /home/airflow/.local/lib/python3.12/site-packages/airflow/example_dags/tutorial_taskflow_api_virtualenv.py
[2026-06-08T13:09:16.637+0000] {processor.py:840} INFO - DAG(s) 'tutorial_taskflow_api_virtualenv' retrieved from /home/airflow/.local/lib/python3.12/site-packages/airflow/example_dags/tutorial_taskflow_api_virtualenv.py
[2026-06-08T13:09:16.657+0000] {logging_mixin.py:188} INFO - [2026-06-08T13:09:16.657+0000] {dag.py:3096} INFO - Sync 1 DAGs
[2026-06-08T13:09:16.671+0000] {logging_mixin.py:188} INFO - [2026-06-08T13:09:16.670+0000] {dag.py:3954} INFO - Setting next_dagrun for tutorial_taskflow_api_virtualenv to None, run_after=None
[2026-06-08T13:09:16.691+0000] {processor.py:183} INFO - Processing /home/airflow/.local/lib/python3.12/site-packages/airflow/example_dags/tutorial_taskflow_api_virtualenv.py took 0.072 seconds
[2026-06-08T13:09:47.136+0000] {processor.py:161} INFO - Started process (PID=85680) to work on /home/airflow/.local/lib/python3.12/site-packages/airflow/example_dags/tutorial_taskflow_api_virtualenv.py
[2026-06-08T13:09:47.138+0000] {processor.py:830} INFO - Processing file /home/airflow/.local/lib/python3.12/site-packages/airflow/example_dags/tutorial_taskflow_api_virtualenv.py for tasks to queue
[2026-06-08T13:09:47.140+0000] {logging_mixin.py:188} INFO - [2026-06-08T13:09:47.139+0000] {dagbag.py:545} INFO - Filling up the DagBag from /home/airflow/.local/lib/python3.12/site-packages/airflow/example_dags/tutorial_taskflow_api_virtualenv.py
[2026-06-08T13:09:47.153+0000] {processor.py:840} INFO - DAG(s) 'tutorial_taskflow_api_virtualenv' retrieved from /home/airflow/.local/lib/python3.12/site-packages/airflow/example_dags/tutorial_taskflow_api_virtualenv.py
[2026-06-08T13:09:47.178+0000] {logging_mixin.py:188} INFO - [2026-06-08T13:09:47.177+0000] {dag.py:3096} INFO - Sync 1 DAGs
[2026-06-08T13:09:47.203+0000] {logging_mixin.py:188} INFO - [2026-06-08T13:09:47.203+0000] {dag.py:3954} INFO - Setting next_dagrun for tutorial_taskflow_api_virtualenv to None, run_after=None
[2026-06-08T13:09:47.232+0000] {processor.py:183} INFO - Processing /home/airflow/.local/lib/python3.12/site-packages/airflow/example_dags/tutorial_taskflow_api_virtualenv.py took 0.102 seconds
[2026-06-08T13:10:17.894+0000] {processor.py:161} INFO - Started process (PID=85942) to work on /home/airflow/.local/lib/python3.12/site-packages/airflow/example_dags/tutorial_taskflow_api_virtualenv.py
[2026-06-08T13:10:17.895+0000] {processor.py:830} INFO - Processing file /home/airflow/.local/lib/python3.12/site-packages/airflow/example_dags/tutorial_taskflow_api_virtualenv.py for tasks to queue
[2026-06-08T13:10:17.898+0000] {logging_mixin.py:188} INFO - [2026-06-08T13:10:17.897+0000] {dagbag.py:545} INFO - Filling up the DagBag from /home/airflow/.local/lib/python3.12/site-packages/airflow/example_dags/tutorial_taskflow_api_virtualenv.py
[2026-06-08T13:10:17.906+0000] {processor.py:840} INFO - DAG(s) 'tutorial_taskflow_api_virtualenv' retrieved from /home/airflow/.local/lib/python3.12/site-packages/airflow/example_dags/tutorial_taskflow_api_virtualenv.py
[2026-06-08T13:10:17.926+0000] {logging_mixin.py:188} INFO - [2026-06-08T13:10:17.926+0000] {dag.py:3096} INFO - Sync 1 DAGs
[2026-06-08T13:10:17.938+0000] {logging_mixin.py:188} INFO - [2026-06-08T13:10:17.938+0000] {dag.py:3954} INFO - Setting next_dagrun for tutorial_taskflow_api_virtualenv to None, run_after=None
[2026-06-08T13:10:17.957+0000] {processor.py:183} INFO - Processing /home/airflow/.local/lib/python3.12/site-packages/airflow/example_dags/tutorial_taskflow_api_virtualenv.py took 0.069 seconds
[2026-06-08T13:10:48.138+0000] {processor.py:161} INFO - Started process (PID=86204) to work on /home/airflow/.local/lib/python3.12/site-packages/airflow/example_dags/tutorial_taskflow_api_virtualenv.py
[2026-06-08T13:10:48.140+0000] {processor.py:830} INFO - Processing file /home/airflow/.local/lib/python3.12/site-packages/airflow/example_dags/tutorial_taskflow_api_virtualenv.py for tasks to queue
[2026-06-08T13:10:48.142+0000] {logging_mixin.py:188} INFO - [2026-06-08T13:10:48.142+0000] {dagbag.py:545} INFO - Filling up the DagBag from /home/airflow/.local/lib/python3.12/site-packages/airflow/example_dags/tutorial_taskflow_api_virtualenv.py
[2026-06-08T13:10:48.151+0000] {processor.py:840} INFO - DAG(s) 'tutorial_taskflow_api_virtualenv' retrieved from /home/airflow/.local/lib/python3.12/site-packages/airflow/example_dags/tutorial_taskflow_api_virtualenv.py
[2026-06-08T13:10:48.173+0000] {logging_mixin.py:188} INFO - [2026-06-08T13:10:48.172+0000] {dag.py:3096} INFO - Sync 1 DAGs
[2026-06-08T13:10:48.186+0000] {logging_mixin.py:188} INFO - [2026-06-08T13:10:48.186+0000] {dag.py:3954} INFO - Setting next_dagrun for tutorial_taskflow_api_virtualenv to None, run_after=None
[2026-06-08T13:10:48.207+0000] {processor.py:183} INFO - Processing /home/airflow/.local/lib/python3.12/site-packages/airflow/example_dags/tutorial_taskflow_api_virtualenv.py took 0.074 seconds
[2026-06-08T13:11:18.658+0000] {processor.py:161} INFO - Started process (PID=86466) to work on /home/airflow/.local/lib/python3.12/site-packages/airflow/example_dags/tutorial_taskflow_api_virtualenv.py
[2026-06-08T13:11:18.659+0000] {processor.py:830} INFO - Processing file /home/airflow/.local/lib/python3.12/site-packages/airflow/example_dags/tutorial_taskflow_api_virtualenv.py for tasks to queue
[2026-06-08T13:11:18.662+0000] {logging_mixin.py:188} INFO - [2026-06-08T13:11:18.661+0000] {dagbag.py:545} INFO - Filling up the DagBag from /home/airflow/.local/lib/python3.12/site-packages/airflow/example_dags/tutorial_taskflow_api_virtualenv.py
[2026-06-08T13:11:18.673+0000] {processor.py:840} INFO - DAG(s) 'tutorial_taskflow_api_virtualenv' retrieved from /home/airflow/.local/lib/python3.12/site-packages/airflow/example_dags/tutorial_taskflow_api_virtualenv.py
[2026-06-08T13:11:18.695+0000] {logging_mixin.py:188} INFO - [2026-06-08T13:11:18.695+0000] {dag.py:3096} INFO - Sync 1 DAGs
[2026-06-08T13:11:18.709+0000] {logging_mixin.py:188} INFO - [2026-06-08T13:11:18.708+0000] {dag.py:3954} INFO - Setting next_dagrun for tutorial_taskflow_api_virtualenv to None, run_after=None
[2026-06-08T13:11:18.730+0000] {processor.py:183} INFO - Processing /home/airflow/.local/lib/python3.12/site-packages/airflow/example_dags/tutorial_taskflow_api_virtualenv.py took 0.077 seconds
[2026-06-08T13:11:49.215+0000] {processor.py:161} INFO - Started process (PID=86720) to work on /home/airflow/.local/lib/python3.12/site-packages/airflow/example_dags/tutorial_taskflow_api_virtualenv.py
[2026-06-08T13:11:49.217+0000] {processor.py:830} INFO - Processing file /home/airflow/.local/lib/python3.12/site-packages/airflow/example_dags/tutorial_taskflow_api_virtualenv.py for tasks to queue
[2026-06-08T13:11:49.219+0000] {logging_mixin.py:188} INFO - [2026-06-08T13:11:49.219+0000] {dagbag.py:545} INFO - Filling up the DagBag from /home/airflow/.local/lib/python3.12/site-packages/airflow/example_dags/tutorial_taskflow_api_virtualenv.py
[2026-06-08T13:11:49.229+0000] {processor.py:840} INFO - DAG(s) 'tutorial_taskflow_api_virtualenv' retrieved from /home/airflow/.local/lib/python3.12/site-packages/airflow/example_dags/tutorial_taskflow_api_virtualenv.py
[2026-06-08T13:11:49.256+0000] {logging_mixin.py:188} INFO - [2026-06-08T13:11:49.256+0000] {dag.py:3096} INFO - Sync 1 DAGs
[2026-06-08T13:11:49.271+0000] {logging_mixin.py:188} INFO - [2026-06-08T13:11:49.271+0000] {dag.py:3954} INFO - Setting next_dagrun for tutorial_taskflow_api_virtualenv to None, run_after=None
[2026-06-08T13:11:49.293+0000] {processor.py:183} INFO - Processing /home/airflow/.local/lib/python3.12/site-packages/airflow/example_dags/tutorial_taskflow_api_virtualenv.py took 0.084 seconds
[2026-06-08T13:12:20.026+0000] {processor.py:161} INFO - Started process (PID=86988) to work on /home/airflow/.local/lib/python3.12/site-packages/airflow/example_dags/tutorial_taskflow_api_virtualenv.py
[2026-06-08T13:12:20.027+0000] {processor.py:830} INFO - Processing file /home/airflow/.local/lib/python3.12/site-packages/airflow/example_dags/tutorial_taskflow_api_virtualenv.py for tasks to queue
[2026-06-08T13:12:20.029+0000] {logging_mixin.py:188} INFO - [2026-06-08T13:12:20.029+0000] {dagbag.py:545} INFO - Filling up the DagBag from /home/airflow/.local/lib/python3.12/site-packages/airflow/example_dags/tutorial_taskflow_api_virtualenv.py
[2026-06-08T13:12:20.040+0000] {processor.py:840} INFO - DAG(s) 'tutorial_taskflow_api_virtualenv' retrieved from /home/airflow/.local/lib/python3.12/site-packages/airflow/example_dags/tutorial_taskflow_api_virtualenv.py
[2026-06-08T13:12:20.073+0000] {logging_mixin.py:188} INFO - [2026-06-08T13:12:20.073+0000] {dag.py:3096} INFO - Sync 1 DAGs
[2026-06-08T13:12:20.087+0000] {logging_mixin.py:188} INFO - [2026-06-08T13:12:20.087+0000] {dag.py:3954} INFO - Setting next_dagrun for tutorial_taskflow_api_virtualenv to None, run_after=None
[2026-06-08T13:12:20.110+0000] {processor.py:183} INFO - Processing /home/airflow/.local/lib/python3.12/site-packages/airflow/example_dags/tutorial_taskflow_api_virtualenv.py took 0.090 seconds
[2026-06-08T13:12:50.443+0000] {processor.py:161} INFO - Started process (PID=87247) to work on /home/airflow/.local/lib/python3.12/site-packages/airflow/example_dags/tutorial_taskflow_api_virtualenv.py
[2026-06-08T13:12:50.444+0000] {processor.py:830} INFO - Processing file /home/airflow/.local/lib/python3.12/site-packages/airflow/example_dags/tutorial_taskflow_api_virtualenv.py for tasks to queue
[2026-06-08T13:12:50.446+0000] {logging_mixin.py:188} INFO - [2026-06-08T13:12:50.446+0000] {dagbag.py:545} INFO - Filling up the DagBag from /home/airflow/.local/lib/python3.12/site-packages/airflow/example_dags/tutorial_taskflow_api_virtualenv.py
[2026-06-08T13:12:50.458+0000] {processor.py:840} INFO - DAG(s) 'tutorial_taskflow_api_virtualenv' retrieved from /home/airflow/.local/lib/python3.12/site-packages/airflow/example_dags/tutorial_taskflow_api_virtualenv.py
[2026-06-08T13:12:50.479+0000] {logging_mixin.py:188} INFO - [2026-06-08T13:12:50.478+0000] {dag.py:3096} INFO - Sync 1 DAGs
[2026-06-08T13:12:50.492+0000] {logging_mixin.py:188} INFO - [2026-06-08T13:12:50.492+0000] {dag.py:3954} INFO - Setting next_dagrun for tutorial_taskflow_api_virtualenv to None, run_after=None
[2026-06-08T13:12:50.515+0000] {processor.py:183} INFO - Processing /home/airflow/.local/lib/python3.12/site-packages/airflow/example_dags/tutorial_taskflow_api_virtualenv.py took 0.079 seconds
[2026-06-08T13:13:20.678+0000] {processor.py:161} INFO - Started process (PID=87509) to work on /home/airflow/.local/lib/python3.12/site-packages/airflow/example_dags/tutorial_taskflow_api_virtualenv.py
[2026-06-08T13:13:20.680+0000] {processor.py:830} INFO - Processing file /home/airflow/.local/lib/python3.12/site-packages/airflow/example_dags/tutorial_taskflow_api_virtualenv.py for tasks to queue
[2026-06-08T13:13:20.683+0000] {logging_mixin.py:188} INFO - [2026-06-08T13:13:20.683+0000] {dagbag.py:545} INFO - Filling up the DagBag from /home/airflow/.local/lib/python3.12/site-packages/airflow/example_dags/tutorial_taskflow_api_virtualenv.py
[2026-06-08T13:13:20.693+0000] {processor.py:840} INFO - DAG(s) 'tutorial_taskflow_api_virtualenv' retrieved from /home/airflow/.local/lib/python3.12/site-packages/airflow/example_dags/tutorial_taskflow_api_virtualenv.py
[2026-06-08T13:13:20.718+0000] {logging_mixin.py:188} INFO - [2026-06-08T13:13:20.718+0000] {dag.py:3096} INFO - Sync 1 DAGs
[2026-06-08T13:13:20.731+0000] {logging_mixin.py:188} INFO - [2026-06-08T13:13:20.731+0000] {dag.py:3954} INFO - Setting next_dagrun for tutorial_taskflow_api_virtualenv to None, run_after=None
[2026-06-08T13:13:20.754+0000] {processor.py:183} INFO - Processing /home/airflow/.local/lib/python3.12/site-packages/airflow/example_dags/tutorial_taskflow_api_virtualenv.py took 0.081 seconds
[2026-06-08T13:13:51.187+0000] {processor.py:161} INFO - Started process (PID=87771) to work on /home/airflow/.local/lib/python3.12/site-packages/airflow/example_dags/tutorial_taskflow_api_virtualenv.py
[2026-06-08T13:13:51.189+0000] {processor.py:830} INFO - Processing file /home/airflow/.local/lib/python3.12/site-packages/airflow/example_dags/tutorial_taskflow_api_virtualenv.py for tasks to queue
[2026-06-08T13:13:51.190+0000] {logging_mixin.py:188} INFO - [2026-06-08T13:13:51.190+0000] {dagbag.py:545} INFO - Filling up the DagBag from /home/airflow/.local/lib/python3.12/site-packages/airflow/example_dags/tutorial_taskflow_api_virtualenv.py
[2026-06-08T13:13:51.199+0000] {processor.py:840} INFO - DAG(s) 'tutorial_taskflow_api_virtualenv' retrieved from /home/airflow/.local/lib/python3.12/site-packages/airflow/example_dags/tutorial_taskflow_api_virtualenv.py
[2026-06-08T13:13:51.219+0000] {logging_mixin.py:188} INFO - [2026-06-08T13:13:51.218+0000] {dag.py:3096} INFO - Sync 1 DAGs
[2026-06-08T13:13:51.230+0000] {logging_mixin.py:188} INFO - [2026-06-08T13:13:51.230+0000] {dag.py:3954} INFO - Setting next_dagrun for tutorial_taskflow_api_virtualenv to None, run_after=None
[2026-06-08T13:13:51.250+0000] {processor.py:183} INFO - Processing /home/airflow/.local/lib/python3.12/site-packages/airflow/example_dags/tutorial_taskflow_api_virtualenv.py took 0.067 seconds
[2026-06-08T13:14:21.958+0000] {processor.py:161} INFO - Started process (PID=88038) to work on /home/airflow/.local/lib/python3.12/site-packages/airflow/example_dags/tutorial_taskflow_api_virtualenv.py
[2026-06-08T13:14:21.959+0000] {processor.py:830} INFO - Processing file /home/airflow/.local/lib/python3.12/site-packages/airflow/example_dags/tutorial_taskflow_api_virtualenv.py for tasks to queue
[2026-06-08T13:14:21.961+0000] {logging_mixin.py:188} INFO - [2026-06-08T13:14:21.961+0000] {dagbag.py:545} INFO - Filling up the DagBag from /home/airflow/.local/lib/python3.12/site-packages/airflow/example_dags/tutorial_taskflow_api_virtualenv.py
[2026-06-08T13:14:21.969+0000] {processor.py:840} INFO - DAG(s) 'tutorial_taskflow_api_virtualenv' retrieved from /home/airflow/.local/lib/python3.12/site-packages/airflow/example_dags/tutorial_taskflow_api_virtualenv.py
[2026-06-08T13:14:21.991+0000] {logging_mixin.py:188} INFO - [2026-06-08T13:14:21.991+0000] {dag.py:3096} INFO - Sync 1 DAGs
[2026-06-08T13:14:22.002+0000] {logging_mixin.py:188} INFO - [2026-06-08T13:14:22.002+0000] {dag.py:3954} INFO - Setting next_dagrun for tutorial_taskflow_api_virtualenv to None, run_after=None
[2026-06-08T13:14:22.023+0000] {processor.py:183} INFO - Processing /home/airflow/.local/lib/python3.12/site-packages/airflow/example_dags/tutorial_taskflow_api_virtualenv.py took 0.070 seconds
[2026-06-08T13:14:52.493+0000] {processor.py:161} INFO - Started process (PID=88300) to work on /home/airflow/.local/lib/python3.12/site-packages/airflow/example_dags/tutorial_taskflow_api_virtualenv.py
[2026-06-08T13:14:52.494+0000] {processor.py:830} INFO - Processing file /home/airflow/.local/lib/python3.12/site-packages/airflow/example_dags/tutorial_taskflow_api_virtualenv.py for tasks to queue
[2026-06-08T13:14:52.495+0000] {logging_mixin.py:188} INFO - [2026-06-08T13:14:52.495+0000] {dagbag.py:545} INFO - Filling up the DagBag from /home/airflow/.local/lib/python3.12/site-packages/airflow/example_dags/tutorial_taskflow_api_virtualenv.py
[2026-06-08T13:14:52.505+0000] {processor.py:840} INFO - DAG(s) 'tutorial_taskflow_api_virtualenv' retrieved from /home/airflow/.local/lib/python3.12/site-packages/airflow/example_dags/tutorial_taskflow_api_virtualenv.py
[2026-06-08T13:14:52.528+0000] {logging_mixin.py:188} INFO - [2026-06-08T13:14:52.528+0000] {dag.py:3096} INFO - Sync 1 DAGs
[2026-06-08T13:14:52.541+0000] {logging_mixin.py:188} INFO - [2026-06-08T13:14:52.541+0000] {dag.py:3954} INFO - Setting next_dagrun for tutorial_taskflow_api_virtualenv to None, run_after=None
[2026-06-08T13:14:52.565+0000] {processor.py:183} INFO - Processing /home/airflow/.local/lib/python3.12/site-packages/airflow/example_dags/tutorial_taskflow_api_virtualenv.py took 0.079 seconds
[2026-06-08T13:15:22.965+0000] {processor.py:161} INFO - Started process (PID=88560) to work on /home/airflow/.local/lib/python3.12/site-packages/airflow/example_dags/tutorial_taskflow_api_virtualenv.py
[2026-06-08T13:15:22.966+0000] {processor.py:830} INFO - Processing file /home/airflow/.local/lib/python3.12/site-packages/airflow/example_dags/tutorial_taskflow_api_virtualenv.py for tasks to queue
[2026-06-08T13:15:22.968+0000] {logging_mixin.py:188} INFO - [2026-06-08T13:15:22.968+0000] {dagbag.py:545} INFO - Filling up the DagBag from /home/airflow/.local/lib/python3.12/site-packages/airflow/example_dags/tutorial_taskflow_api_virtualenv.py
[2026-06-08T13:15:22.978+0000] {processor.py:840} INFO - DAG(s) 'tutorial_taskflow_api_virtualenv' retrieved from /home/airflow/.local/lib/python3.12/site-packages/airflow/example_dags/tutorial_taskflow_api_virtualenv.py
[2026-06-08T13:15:22.998+0000] {logging_mixin.py:188} INFO - [2026-06-08T13:15:22.998+0000] {dag.py:3096} INFO - Sync 1 DAGs
[2026-06-08T13:15:23.010+0000] {logging_mixin.py:188} INFO - [2026-06-08T13:15:23.010+0000] {dag.py:3954} INFO - Setting next_dagrun for tutorial_taskflow_api_virtualenv to None, run_after=None
[2026-06-08T13:15:23.030+0000] {processor.py:183} INFO - Processing /home/airflow/.local/lib/python3.12/site-packages/airflow/example_dags/tutorial_taskflow_api_virtualenv.py took 0.071 seconds
[2026-06-08T13:15:55.014+0000] {processor.py:161} INFO - Started process (PID=88824) to work on /home/airflow/.local/lib/python3.12/site-packages/airflow/example_dags/tutorial_taskflow_api_virtualenv.py
[2026-06-08T13:15:55.016+0000] {processor.py:830} INFO - Processing file /home/airflow/.local/lib/python3.12/site-packages/airflow/example_dags/tutorial_taskflow_api_virtualenv.py for tasks to queue
[2026-06-08T13:15:55.019+0000] {logging_mixin.py:188} INFO - [2026-06-08T13:15:55.019+0000] {dagbag.py:545} INFO - Filling up the DagBag from /home/airflow/.local/lib/python3.12/site-packages/airflow/example_dags/tutorial_taskflow_api_virtualenv.py
[2026-06-08T13:15:55.040+0000] {processor.py:840} INFO - DAG(s) 'tutorial_taskflow_api_virtualenv' retrieved from /home/airflow/.local/lib/python3.12/site-packages/airflow/example_dags/tutorial_taskflow_api_virtualenv.py
[2026-06-08T13:15:55.088+0000] {logging_mixin.py:188} INFO - [2026-06-08T13:15:55.087+0000] {dag.py:3096} INFO - Sync 1 DAGs
[2026-06-08T13:15:55.110+0000] {logging_mixin.py:188} INFO - [2026-06-08T13:15:55.110+0000] {dag.py:3954} INFO - Setting next_dagrun for tutorial_taskflow_api_virtualenv to None, run_after=None
[2026-06-08T13:15:55.139+0000] {processor.py:183} INFO - Processing /home/airflow/.local/lib/python3.12/site-packages/airflow/example_dags/tutorial_taskflow_api_virtualenv.py took 0.134 seconds
[2026-06-08T13:16:26.094+0000] {processor.py:161} INFO - Started process (PID=89086) to work on /home/airflow/.local/lib/python3.12/site-packages/airflow/example_dags/tutorial_taskflow_api_virtualenv.py
[2026-06-08T13:16:26.097+0000] {processor.py:830} INFO - Processing file /home/airflow/.local/lib/python3.12/site-packages/airflow/example_dags/tutorial_taskflow_api_virtualenv.py for tasks to queue
[2026-06-08T13:16:26.099+0000] {logging_mixin.py:188} INFO - [2026-06-08T13:16:26.098+0000] {dagbag.py:545} INFO - Filling up the DagBag from /home/airflow/.local/lib/python3.12/site-packages/airflow/example_dags/tutorial_taskflow_api_virtualenv.py
[2026-06-08T13:16:26.111+0000] {processor.py:840} INFO - DAG(s) 'tutorial_taskflow_api_virtualenv' retrieved from /home/airflow/.local/lib/python3.12/site-packages/airflow/example_dags/tutorial_taskflow_api_virtualenv.py
[2026-06-08T13:16:26.137+0000] {logging_mixin.py:188} INFO - [2026-06-08T13:16:26.136+0000] {dag.py:3096} INFO - Sync 1 DAGs
[2026-06-08T13:16:26.151+0000] {logging_mixin.py:188} INFO - [2026-06-08T13:16:26.150+0000] {dag.py:3954} INFO - Setting next_dagrun for tutorial_taskflow_api_virtualenv to None, run_after=None
[2026-06-08T13:16:26.179+0000] {processor.py:183} INFO - Processing /home/airflow/.local/lib/python3.12/site-packages/airflow/example_dags/tutorial_taskflow_api_virtualenv.py took 0.093 seconds
[2026-06-08T13:16:56.553+0000] {processor.py:161} INFO - Started process (PID=89346) to work on /home/airflow/.local/lib/python3.12/site-packages/airflow/example_dags/tutorial_taskflow_api_virtualenv.py
[2026-06-08T13:16:56.555+0000] {processor.py:830} INFO - Processing file /home/airflow/.local/lib/python3.12/site-packages/airflow/example_dags/tutorial_taskflow_api_virtualenv.py for tasks to queue
[2026-06-08T13:16:56.557+0000] {logging_mixin.py:188} INFO - [2026-06-08T13:16:56.556+0000] {dagbag.py:545} INFO - Filling up the DagBag from /home/airflow/.local/lib/python3.12/site-packages/airflow/example_dags/tutorial_taskflow_api_virtualenv.py
[2026-06-08T13:16:56.569+0000] {processor.py:840} INFO - DAG(s) 'tutorial_taskflow_api_virtualenv' retrieved from /home/airflow/.local/lib/python3.12/site-packages/airflow/example_dags/tutorial_taskflow_api_virtualenv.py
[2026-06-08T13:16:56.604+0000] {logging_mixin.py:188} INFO - [2026-06-08T13:16:56.604+0000] {dag.py:3096} INFO - Sync 1 DAGs
[2026-06-08T13:16:56.815+0000] {logging_mixin.py:188} INFO - [2026-06-08T13:16:56.815+0000] {dag.py:3954} INFO - Setting next_dagrun for tutorial_taskflow_api_virtualenv to None, run_after=None
[2026-06-08T13:16:56.842+0000] {processor.py:183} INFO - Processing /home/airflow/.local/lib/python3.12/site-packages/airflow/example_dags/tutorial_taskflow_api_virtualenv.py took 0.296 seconds
[2026-06-08T13:17:27.924+0000] {processor.py:161} INFO - Started process (PID=89609) to work on /home/airflow/.local/lib/python3.12/site-packages/airflow/example_dags/tutorial_taskflow_api_virtualenv.py
[2026-06-08T13:17:27.925+0000] {processor.py:830} INFO - Processing file /home/airflow/.local/lib/python3.12/site-packages/airflow/example_dags/tutorial_taskflow_api_virtualenv.py for tasks to queue
[2026-06-08T13:17:27.927+0000] {logging_mixin.py:188} INFO - [2026-06-08T13:17:27.927+0000] {dagbag.py:545} INFO - Filling up the DagBag from /home/airflow/.local/lib/python3.12/site-packages/airflow/example_dags/tutorial_taskflow_api_virtualenv.py
[2026-06-08T13:17:27.941+0000] {processor.py:840} INFO - DAG(s) 'tutorial_taskflow_api_virtualenv' retrieved from /home/airflow/.local/lib/python3.12/site-packages/airflow/example_dags/tutorial_taskflow_api_virtualenv.py
[2026-06-08T13:17:27.969+0000] {logging_mixin.py:188} INFO - [2026-06-08T13:17:27.969+0000] {dag.py:3096} INFO - Sync 1 DAGs
[2026-06-08T13:17:28.160+0000] {logging_mixin.py:188} INFO - [2026-06-08T13:17:28.160+0000] {dag.py:3954} INFO - Setting next_dagrun for tutorial_taskflow_api_virtualenv to None, run_after=None
[2026-06-08T13:17:28.185+0000] {processor.py:183} INFO - Processing /home/airflow/.local/lib/python3.12/site-packages/airflow/example_dags/tutorial_taskflow_api_virtualenv.py took 0.270 seconds
[2026-06-08T13:17:58.259+0000] {processor.py:161} INFO - Started process (PID=89868) to work on /home/airflow/.local/lib/python3.12/site-packages/airflow/example_dags/tutorial_taskflow_api_virtualenv.py
[2026-06-08T13:17:58.261+0000] {processor.py:830} INFO - Processing file /home/airflow/.local/lib/python3.12/site-packages/airflow/example_dags/tutorial_taskflow_api_virtualenv.py for tasks to queue
[2026-06-08T13:17:58.264+0000] {logging_mixin.py:188} INFO - [2026-06-08T13:17:58.263+0000] {dagbag.py:545} INFO - Filling up the DagBag from /home/airflow/.local/lib/python3.12/site-packages/airflow/example_dags/tutorial_taskflow_api_virtualenv.py
[2026-06-08T13:17:58.275+0000] {processor.py:840} INFO - DAG(s) 'tutorial_taskflow_api_virtualenv' retrieved from /home/airflow/.local/lib/python3.12/site-packages/airflow/example_dags/tutorial_taskflow_api_virtualenv.py
[2026-06-08T13:17:58.303+0000] {logging_mixin.py:188} INFO - [2026-06-08T13:17:58.302+0000] {dag.py:3096} INFO - Sync 1 DAGs
[2026-06-08T13:17:58.317+0000] {logging_mixin.py:188} INFO - [2026-06-08T13:17:58.317+0000] {dag.py:3954} INFO - Setting next_dagrun for tutorial_taskflow_api_virtualenv to None, run_after=None
[2026-06-08T13:17:58.346+0000] {processor.py:183} INFO - Processing /home/airflow/.local/lib/python3.12/site-packages/airflow/example_dags/tutorial_taskflow_api_virtualenv.py took 0.093 seconds
[2026-06-08T13:18:28.576+0000] {processor.py:161} INFO - Started process (PID=90130) to work on /home/airflow/.local/lib/python3.12/site-packages/airflow/example_dags/tutorial_taskflow_api_virtualenv.py
[2026-06-08T13:18:28.578+0000] {processor.py:830} INFO - Processing file /home/airflow/.local/lib/python3.12/site-packages/airflow/example_dags/tutorial_taskflow_api_virtualenv.py for tasks to queue
[2026-06-08T13:18:28.580+0000] {logging_mixin.py:188} INFO - [2026-06-08T13:18:28.580+0000] {dagbag.py:545} INFO - Filling up the DagBag from /home/airflow/.local/lib/python3.12/site-packages/airflow/example_dags/tutorial_taskflow_api_virtualenv.py
[2026-06-08T13:18:28.592+0000] {processor.py:840} INFO - DAG(s) 'tutorial_taskflow_api_virtualenv' retrieved from /home/airflow/.local/lib/python3.12/site-packages/airflow/example_dags/tutorial_taskflow_api_virtualenv.py
[2026-06-08T13:18:28.616+0000] {logging_mixin.py:188} INFO - [2026-06-08T13:18:28.615+0000] {dag.py:3096} INFO - Sync 1 DAGs
[2026-06-08T13:18:28.629+0000] {logging_mixin.py:188} INFO - [2026-06-08T13:18:28.628+0000] {dag.py:3954} INFO - Setting next_dagrun for tutorial_taskflow_api_virtualenv to None, run_after=None
[2026-06-08T13:18:28.652+0000] {processor.py:183} INFO - Processing /home/airflow/.local/lib/python3.12/site-packages/airflow/example_dags/tutorial_taskflow_api_virtualenv.py took 0.082 seconds
[2026-06-08T13:18:59.241+0000] {processor.py:161} INFO - Started process (PID=90395) to work on /home/airflow/.local/lib/python3.12/site-packages/airflow/example_dags/tutorial_taskflow_api_virtualenv.py
[2026-06-08T13:18:59.243+0000] {processor.py:830} INFO - Processing file /home/airflow/.local/lib/python3.12/site-packages/airflow/example_dags/tutorial_taskflow_api_virtualenv.py for tasks to queue
[2026-06-08T13:18:59.246+0000] {logging_mixin.py:188} INFO - [2026-06-08T13:18:59.245+0000] {dagbag.py:545} INFO - Filling up the DagBag from /home/airflow/.local/lib/python3.12/site-packages/airflow/example_dags/tutorial_taskflow_api_virtualenv.py
[2026-06-08T13:18:59.256+0000] {processor.py:840} INFO - DAG(s) 'tutorial_taskflow_api_virtualenv' retrieved from /home/airflow/.local/lib/python3.12/site-packages/airflow/example_dags/tutorial_taskflow_api_virtualenv.py
[2026-06-08T13:18:59.284+0000] {logging_mixin.py:188} INFO - [2026-06-08T13:18:59.284+0000] {dag.py:3096} INFO - Sync 1 DAGs
[2026-06-08T13:18:59.303+0000] {logging_mixin.py:188} INFO - [2026-06-08T13:18:59.303+0000] {dag.py:3954} INFO - Setting next_dagrun for tutorial_taskflow_api_virtualenv to None, run_after=None
[2026-06-08T13:18:59.332+0000] {processor.py:183} INFO - Processing /home/airflow/.local/lib/python3.12/site-packages/airflow/example_dags/tutorial_taskflow_api_virtualenv.py took 0.097 seconds
[2026-06-08T13:19:29.603+0000] {processor.py:161} INFO - Started process (PID=90659) to work on /home/airflow/.local/lib/python3.12/site-packages/airflow/example_dags/tutorial_taskflow_api_virtualenv.py
[2026-06-08T13:19:29.604+0000] {processor.py:830} INFO - Processing file /home/airflow/.local/lib/python3.12/site-packages/airflow/example_dags/tutorial_taskflow_api_virtualenv.py for tasks to queue
[2026-06-08T13:19:29.608+0000] {logging_mixin.py:188} INFO - [2026-06-08T13:19:29.607+0000] {dagbag.py:545} INFO - Filling up the DagBag from /home/airflow/.local/lib/python3.12/site-packages/airflow/example_dags/tutorial_taskflow_api_virtualenv.py
[2026-06-08T13:19:29.617+0000] {processor.py:840} INFO - DAG(s) 'tutorial_taskflow_api_virtualenv' retrieved from /home/airflow/.local/lib/python3.12/site-packages/airflow/example_dags/tutorial_taskflow_api_virtualenv.py
[2026-06-08T13:19:29.640+0000] {logging_mixin.py:188} INFO - [2026-06-08T13:19:29.640+0000] {dag.py:3096} INFO - Sync 1 DAGs
[2026-06-08T13:19:29.654+0000] {logging_mixin.py:188} INFO - [2026-06-08T13:19:29.654+0000] {dag.py:3954} INFO - Setting next_dagrun for tutorial_taskflow_api_virtualenv to None, run_after=None
[2026-06-08T13:19:29.677+0000] {processor.py:183} INFO - Processing /home/airflow/.local/lib/python3.12/site-packages/airflow/example_dags/tutorial_taskflow_api_virtualenv.py took 0.079 seconds
[2026-06-08T13:19:59.889+0000] {processor.py:161} INFO - Started process (PID=90919) to work on /home/airflow/.local/lib/python3.12/site-packages/airflow/example_dags/tutorial_taskflow_api_virtualenv.py
[2026-06-08T13:19:59.890+0000] {processor.py:830} INFO - Processing file /home/airflow/.local/lib/python3.12/site-packages/airflow/example_dags/tutorial_taskflow_api_virtualenv.py for tasks to queue
[2026-06-08T13:19:59.893+0000] {logging_mixin.py:188} INFO - [2026-06-08T13:19:59.893+0000] {dagbag.py:545} INFO - Filling up the DagBag from /home/airflow/.local/lib/python3.12/site-packages/airflow/example_dags/tutorial_taskflow_api_virtualenv.py
[2026-06-08T13:19:59.904+0000] {processor.py:840} INFO - DAG(s) 'tutorial_taskflow_api_virtualenv' retrieved from /home/airflow/.local/lib/python3.12/site-packages/airflow/example_dags/tutorial_taskflow_api_virtualenv.py
[2026-06-08T13:19:59.930+0000] {logging_mixin.py:188} INFO - [2026-06-08T13:19:59.930+0000] {dag.py:3096} INFO - Sync 1 DAGs
[2026-06-08T13:19:59.945+0000] {logging_mixin.py:188} INFO - [2026-06-08T13:19:59.945+0000] {dag.py:3954} INFO - Setting next_dagrun for tutorial_taskflow_api_virtualenv to None, run_after=None
[2026-06-08T13:19:59.973+0000] {processor.py:183} INFO - Processing /home/airflow/.local/lib/python3.12/site-packages/airflow/example_dags/tutorial_taskflow_api_virtualenv.py took 0.091 seconds
[2026-06-08T13:20:29.840+0000] {processor.py:161} INFO - Started process (PID=91181) to work on /home/airflow/.local/lib/python3.12/site-packages/airflow/example_dags/tutorial_taskflow_api_virtualenv.py
[2026-06-08T13:20:29.842+0000] {processor.py:830} INFO - Processing file /home/airflow/.local/lib/python3.12/site-packages/airflow/example_dags/tutorial_taskflow_api_virtualenv.py for tasks to queue
[2026-06-08T13:20:29.844+0000] {logging_mixin.py:188} INFO - [2026-06-08T13:20:29.844+0000] {dagbag.py:545} INFO - Filling up the DagBag from /home/airflow/.local/lib/python3.12/site-packages/airflow/example_dags/tutorial_taskflow_api_virtualenv.py
[2026-06-08T13:20:29.857+0000] {processor.py:840} INFO - DAG(s) 'tutorial_taskflow_api_virtualenv' retrieved from /home/airflow/.local/lib/python3.12/site-packages/airflow/example_dags/tutorial_taskflow_api_virtualenv.py
[2026-06-08T13:20:29.886+0000] {logging_mixin.py:188} INFO - [2026-06-08T13:20:29.886+0000] {dag.py:3096} INFO - Sync 1 DAGs
[2026-06-08T13:20:29.903+0000] {logging_mixin.py:188} INFO - [2026-06-08T13:20:29.902+0000] {dag.py:3954} INFO - Setting next_dagrun for tutorial_taskflow_api_virtualenv to None, run_after=None
[2026-06-08T13:20:29.934+0000] {processor.py:183} INFO - Processing /home/airflow/.local/lib/python3.12/site-packages/airflow/example_dags/tutorial_taskflow_api_virtualenv.py took 0.101 seconds
[2026-06-08T13:21:00.745+0000] {processor.py:161} INFO - Started process (PID=91445) to work on /home/airflow/.local/lib/python3.12/site-packages/airflow/example_dags/tutorial_taskflow_api_virtualenv.py
[2026-06-08T13:21:00.747+0000] {processor.py:830} INFO - Processing file /home/airflow/.local/lib/python3.12/site-packages/airflow/example_dags/tutorial_taskflow_api_virtualenv.py for tasks to queue
[2026-06-08T13:21:00.749+0000] {logging_mixin.py:188} INFO - [2026-06-08T13:21:00.748+0000] {dagbag.py:545} INFO - Filling up the DagBag from /home/airflow/.local/lib/python3.12/site-packages/airflow/example_dags/tutorial_taskflow_api_virtualenv.py
[2026-06-08T13:21:00.758+0000] {processor.py:840} INFO - DAG(s) 'tutorial_taskflow_api_virtualenv' retrieved from /home/airflow/.local/lib/python3.12/site-packages/airflow/example_dags/tutorial_taskflow_api_virtualenv.py
[2026-06-08T13:21:00.781+0000] {logging_mixin.py:188} INFO - [2026-06-08T13:21:00.781+0000] {dag.py:3096} INFO - Sync 1 DAGs
[2026-06-08T13:21:00.794+0000] {logging_mixin.py:188} INFO - [2026-06-08T13:21:00.794+0000] {dag.py:3954} INFO - Setting next_dagrun for tutorial_taskflow_api_virtualenv to None, run_after=None
[2026-06-08T13:21:00.818+0000] {processor.py:183} INFO - Processing /home/airflow/.local/lib/python3.12/site-packages/airflow/example_dags/tutorial_taskflow_api_virtualenv.py took 0.078 seconds
[2026-06-08T13:21:31.366+0000] {processor.py:161} INFO - Started process (PID=91705) to work on /home/airflow/.local/lib/python3.12/site-packages/airflow/example_dags/tutorial_taskflow_api_virtualenv.py
[2026-06-08T13:21:31.368+0000] {processor.py:830} INFO - Processing file /home/airflow/.local/lib/python3.12/site-packages/airflow/example_dags/tutorial_taskflow_api_virtualenv.py for tasks to queue
[2026-06-08T13:21:31.370+0000] {logging_mixin.py:188} INFO - [2026-06-08T13:21:31.370+0000] {dagbag.py:545} INFO - Filling up the DagBag from /home/airflow/.local/lib/python3.12/site-packages/airflow/example_dags/tutorial_taskflow_api_virtualenv.py
[2026-06-08T13:21:31.382+0000] {processor.py:840} INFO - DAG(s) 'tutorial_taskflow_api_virtualenv' retrieved from /home/airflow/.local/lib/python3.12/site-packages/airflow/example_dags/tutorial_taskflow_api_virtualenv.py
[2026-06-08T13:21:31.406+0000] {logging_mixin.py:188} INFO - [2026-06-08T13:21:31.406+0000] {dag.py:3096} INFO - Sync 1 DAGs
[2026-06-08T13:21:31.421+0000] {logging_mixin.py:188} INFO - [2026-06-08T13:21:31.421+0000] {dag.py:3954} INFO - Setting next_dagrun for tutorial_taskflow_api_virtualenv to None, run_after=None
[2026-06-08T13:21:31.444+0000] {processor.py:183} INFO - Processing /home/airflow/.local/lib/python3.12/site-packages/airflow/example_dags/tutorial_taskflow_api_virtualenv.py took 0.085 seconds
[2026-06-08T13:22:01.563+0000] {processor.py:161} INFO - Started process (PID=91967) to work on /home/airflow/.local/lib/python3.12/site-packages/airflow/example_dags/tutorial_taskflow_api_virtualenv.py
[2026-06-08T13:22:01.564+0000] {processor.py:830} INFO - Processing file /home/airflow/.local/lib/python3.12/site-packages/airflow/example_dags/tutorial_taskflow_api_virtualenv.py for tasks to queue
[2026-06-08T13:22:01.566+0000] {logging_mixin.py:188} INFO - [2026-06-08T13:22:01.566+0000] {dagbag.py:545} INFO - Filling up the DagBag from /home/airflow/.local/lib/python3.12/site-packages/airflow/example_dags/tutorial_taskflow_api_virtualenv.py
[2026-06-08T13:22:01.580+0000] {processor.py:840} INFO - DAG(s) 'tutorial_taskflow_api_virtualenv' retrieved from /home/airflow/.local/lib/python3.12/site-packages/airflow/example_dags/tutorial_taskflow_api_virtualenv.py
[2026-06-08T13:22:01.605+0000] {logging_mixin.py:188} INFO - [2026-06-08T13:22:01.605+0000] {dag.py:3096} INFO - Sync 1 DAGs
[2026-06-08T13:22:01.620+0000] {logging_mixin.py:188} INFO - [2026-06-08T13:22:01.619+0000] {dag.py:3954} INFO - Setting next_dagrun for tutorial_taskflow_api_virtualenv to None, run_after=None
[2026-06-08T13:22:01.644+0000] {processor.py:183} INFO - Processing /home/airflow/.local/lib/python3.12/site-packages/airflow/example_dags/tutorial_taskflow_api_virtualenv.py took 0.087 seconds
[2026-06-08T13:22:31.888+0000] {processor.py:161} INFO - Started process (PID=92230) to work on /home/airflow/.local/lib/python3.12/site-packages/airflow/example_dags/tutorial_taskflow_api_virtualenv.py
[2026-06-08T13:22:31.889+0000] {processor.py:830} INFO - Processing file /home/airflow/.local/lib/python3.12/site-packages/airflow/example_dags/tutorial_taskflow_api_virtualenv.py for tasks to queue
[2026-06-08T13:22:31.892+0000] {logging_mixin.py:188} INFO - [2026-06-08T13:22:31.891+0000] {dagbag.py:545} INFO - Filling up the DagBag from /home/airflow/.local/lib/python3.12/site-packages/airflow/example_dags/tutorial_taskflow_api_virtualenv.py
[2026-06-08T13:22:31.909+0000] {processor.py:840} INFO - DAG(s) 'tutorial_taskflow_api_virtualenv' retrieved from /home/airflow/.local/lib/python3.12/site-packages/airflow/example_dags/tutorial_taskflow_api_virtualenv.py
[2026-06-08T13:22:31.935+0000] {logging_mixin.py:188} INFO - [2026-06-08T13:22:31.935+0000] {dag.py:3096} INFO - Sync 1 DAGs
[2026-06-08T13:22:31.959+0000] {logging_mixin.py:188} INFO - [2026-06-08T13:22:31.958+0000] {dag.py:3954} INFO - Setting next_dagrun for tutorial_taskflow_api_virtualenv to None, run_after=None
[2026-06-08T13:22:31.996+0000] {processor.py:183} INFO - Processing /home/airflow/.local/lib/python3.12/site-packages/airflow/example_dags/tutorial_taskflow_api_virtualenv.py took 0.118 seconds
[2026-06-08T13:23:02.307+0000] {processor.py:161} INFO - Started process (PID=92500) to work on /home/airflow/.local/lib/python3.12/site-packages/airflow/example_dags/tutorial_taskflow_api_virtualenv.py
[2026-06-08T13:23:02.308+0000] {processor.py:830} INFO - Processing file /home/airflow/.local/lib/python3.12/site-packages/airflow/example_dags/tutorial_taskflow_api_virtualenv.py for tasks to queue
[2026-06-08T13:23:02.311+0000] {logging_mixin.py:188} INFO - [2026-06-08T13:23:02.311+0000] {dagbag.py:545} INFO - Filling up the DagBag from /home/airflow/.local/lib/python3.12/site-packages/airflow/example_dags/tutorial_taskflow_api_virtualenv.py
[2026-06-08T13:23:02.323+0000] {processor.py:840} INFO - DAG(s) 'tutorial_taskflow_api_virtualenv' retrieved from /home/airflow/.local/lib/python3.12/site-packages/airflow/example_dags/tutorial_taskflow_api_virtualenv.py
[2026-06-08T13:23:02.349+0000] {logging_mixin.py:188} INFO - [2026-06-08T13:23:02.348+0000] {dag.py:3096} INFO - Sync 1 DAGs
[2026-06-08T13:23:02.363+0000] {logging_mixin.py:188} INFO - [2026-06-08T13:23:02.363+0000] {dag.py:3954} INFO - Setting next_dagrun for tutorial_taskflow_api_virtualenv to None, run_after=None
[2026-06-08T13:23:02.390+0000] {processor.py:183} INFO - Processing /home/airflow/.local/lib/python3.12/site-packages/airflow/example_dags/tutorial_taskflow_api_virtualenv.py took 0.090 seconds
[2026-06-08T13:23:32.570+0000] {processor.py:161} INFO - Started process (PID=92762) to work on /home/airflow/.local/lib/python3.12/site-packages/airflow/example_dags/tutorial_taskflow_api_virtualenv.py
[2026-06-08T13:23:32.571+0000] {processor.py:830} INFO - Processing file /home/airflow/.local/lib/python3.12/site-packages/airflow/example_dags/tutorial_taskflow_api_virtualenv.py for tasks to queue
[2026-06-08T13:23:32.573+0000] {logging_mixin.py:188} INFO - [2026-06-08T13:23:32.573+0000] {dagbag.py:545} INFO - Filling up the DagBag from /home/airflow/.local/lib/python3.12/site-packages/airflow/example_dags/tutorial_taskflow_api_virtualenv.py
[2026-06-08T13:23:32.585+0000] {processor.py:840} INFO - DAG(s) 'tutorial_taskflow_api_virtualenv' retrieved from /home/airflow/.local/lib/python3.12/site-packages/airflow/example_dags/tutorial_taskflow_api_virtualenv.py
[2026-06-08T13:23:32.609+0000] {logging_mixin.py:188} INFO - [2026-06-08T13:23:32.609+0000] {dag.py:3096} INFO - Sync 1 DAGs
[2026-06-08T13:23:32.624+0000] {logging_mixin.py:188} INFO - [2026-06-08T13:23:32.623+0000] {dag.py:3954} INFO - Setting next_dagrun for tutorial_taskflow_api_virtualenv to None, run_after=None
[2026-06-08T13:23:32.645+0000] {processor.py:183} INFO - Processing /home/airflow/.local/lib/python3.12/site-packages/airflow/example_dags/tutorial_taskflow_api_virtualenv.py took 0.081 seconds
[2026-06-08T13:24:03.111+0000] {processor.py:161} INFO - Started process (PID=93024) to work on /home/airflow/.local/lib/python3.12/site-packages/airflow/example_dags/tutorial_taskflow_api_virtualenv.py
[2026-06-08T13:24:03.113+0000] {processor.py:830} INFO - Processing file /home/airflow/.local/lib/python3.12/site-packages/airflow/example_dags/tutorial_taskflow_api_virtualenv.py for tasks to queue
[2026-06-08T13:24:03.116+0000] {logging_mixin.py:188} INFO - [2026-06-08T13:24:03.115+0000] {dagbag.py:545} INFO - Filling up the DagBag from /home/airflow/.local/lib/python3.12/site-packages/airflow/example_dags/tutorial_taskflow_api_virtualenv.py
[2026-06-08T13:24:03.127+0000] {processor.py:840} INFO - DAG(s) 'tutorial_taskflow_api_virtualenv' retrieved from /home/airflow/.local/lib/python3.12/site-packages/airflow/example_dags/tutorial_taskflow_api_virtualenv.py
[2026-06-08T13:24:03.152+0000] {logging_mixin.py:188} INFO - [2026-06-08T13:24:03.151+0000] {dag.py:3096} INFO - Sync 1 DAGs
[2026-06-08T13:24:03.165+0000] {logging_mixin.py:188} INFO - [2026-06-08T13:24:03.165+0000] {dag.py:3954} INFO - Setting next_dagrun for tutorial_taskflow_api_virtualenv to None, run_after=None
[2026-06-08T13:24:03.195+0000] {processor.py:183} INFO - Processing /home/airflow/.local/lib/python3.12/site-packages/airflow/example_dags/tutorial_taskflow_api_virtualenv.py took 0.090 seconds
[2026-06-08T13:24:33.311+0000] {processor.py:161} INFO - Started process (PID=93283) to work on /home/airflow/.local/lib/python3.12/site-packages/airflow/example_dags/tutorial_taskflow_api_virtualenv.py
[2026-06-08T13:24:33.312+0000] {processor.py:830} INFO - Processing file /home/airflow/.local/lib/python3.12/site-packages/airflow/example_dags/tutorial_taskflow_api_virtualenv.py for tasks to queue
[2026-06-08T13:24:33.316+0000] {logging_mixin.py:188} INFO - [2026-06-08T13:24:33.315+0000] {dagbag.py:545} INFO - Filling up the DagBag from /home/airflow/.local/lib/python3.12/site-packages/airflow/example_dags/tutorial_taskflow_api_virtualenv.py
[2026-06-08T13:24:33.328+0000] {processor.py:840} INFO - DAG(s) 'tutorial_taskflow_api_virtualenv' retrieved from /home/airflow/.local/lib/python3.12/site-packages/airflow/example_dags/tutorial_taskflow_api_virtualenv.py
[2026-06-08T13:24:33.361+0000] {logging_mixin.py:188} INFO - [2026-06-08T13:24:33.360+0000] {dag.py:3096} INFO - Sync 1 DAGs
[2026-06-08T13:24:33.381+0000] {logging_mixin.py:188} INFO - [2026-06-08T13:24:33.381+0000] {dag.py:3954} INFO - Setting next_dagrun for tutorial_taskflow_api_virtualenv to None, run_after=None
[2026-06-08T13:24:33.414+0000] {processor.py:183} INFO - Processing /home/airflow/.local/lib/python3.12/site-packages/airflow/example_dags/tutorial_taskflow_api_virtualenv.py took 0.110 seconds
[2026-06-08T13:25:03.737+0000] {processor.py:161} INFO - Started process (PID=93545) to work on /home/airflow/.local/lib/python3.12/site-packages/airflow/example_dags/tutorial_taskflow_api_virtualenv.py
[2026-06-08T13:25:03.738+0000] {processor.py:830} INFO - Processing file /home/airflow/.local/lib/python3.12/site-packages/airflow/example_dags/tutorial_taskflow_api_virtualenv.py for tasks to queue
[2026-06-08T13:25:03.740+0000] {logging_mixin.py:188} INFO - [2026-06-08T13:25:03.740+0000] {dagbag.py:545} INFO - Filling up the DagBag from /home/airflow/.local/lib/python3.12/site-packages/airflow/example_dags/tutorial_taskflow_api_virtualenv.py
[2026-06-08T13:25:03.751+0000] {processor.py:840} INFO - DAG(s) 'tutorial_taskflow_api_virtualenv' retrieved from /home/airflow/.local/lib/python3.12/site-packages/airflow/example_dags/tutorial_taskflow_api_virtualenv.py
[2026-06-08T13:25:03.776+0000] {logging_mixin.py:188} INFO - [2026-06-08T13:25:03.775+0000] {dag.py:3096} INFO - Sync 1 DAGs
[2026-06-08T13:25:03.791+0000] {logging_mixin.py:188} INFO - [2026-06-08T13:25:03.791+0000] {dag.py:3954} INFO - Setting next_dagrun for tutorial_taskflow_api_virtualenv to None, run_after=None
[2026-06-08T13:25:03.819+0000] {processor.py:183} INFO - Processing /home/airflow/.local/lib/python3.12/site-packages/airflow/example_dags/tutorial_taskflow_api_virtualenv.py took 0.088 seconds
[2026-06-08T13:25:33.971+0000] {processor.py:161} INFO - Started process (PID=93807) to work on /home/airflow/.local/lib/python3.12/site-packages/airflow/example_dags/tutorial_taskflow_api_virtualenv.py
[2026-06-08T13:25:33.972+0000] {processor.py:830} INFO - Processing file /home/airflow/.local/lib/python3.12/site-packages/airflow/example_dags/tutorial_taskflow_api_virtualenv.py for tasks to queue
[2026-06-08T13:25:33.974+0000] {logging_mixin.py:188} INFO - [2026-06-08T13:25:33.973+0000] {dagbag.py:545} INFO - Filling up the DagBag from /home/airflow/.local/lib/python3.12/site-packages/airflow/example_dags/tutorial_taskflow_api_virtualenv.py
[2026-06-08T13:25:33.984+0000] {processor.py:840} INFO - DAG(s) 'tutorial_taskflow_api_virtualenv' retrieved from /home/airflow/.local/lib/python3.12/site-packages/airflow/example_dags/tutorial_taskflow_api_virtualenv.py
[2026-06-08T13:25:34.006+0000] {logging_mixin.py:188} INFO - [2026-06-08T13:25:34.005+0000] {dag.py:3096} INFO - Sync 1 DAGs
[2026-06-08T13:25:34.021+0000] {logging_mixin.py:188} INFO - [2026-06-08T13:25:34.020+0000] {dag.py:3954} INFO - Setting next_dagrun for tutorial_taskflow_api_virtualenv to None, run_after=None
[2026-06-08T13:25:34.045+0000] {processor.py:183} INFO - Processing /home/airflow/.local/lib/python3.12/site-packages/airflow/example_dags/tutorial_taskflow_api_virtualenv.py took 0.080 seconds
[2026-06-08T13:26:04.250+0000] {processor.py:161} INFO - Started process (PID=94069) to work on /home/airflow/.local/lib/python3.12/site-packages/airflow/example_dags/tutorial_taskflow_api_virtualenv.py
[2026-06-08T13:26:04.251+0000] {processor.py:830} INFO - Processing file /home/airflow/.local/lib/python3.12/site-packages/airflow/example_dags/tutorial_taskflow_api_virtualenv.py for tasks to queue
[2026-06-08T13:26:04.253+0000] {logging_mixin.py:188} INFO - [2026-06-08T13:26:04.253+0000] {dagbag.py:545} INFO - Filling up the DagBag from /home/airflow/.local/lib/python3.12/site-packages/airflow/example_dags/tutorial_taskflow_api_virtualenv.py
[2026-06-08T13:26:04.262+0000] {processor.py:840} INFO - DAG(s) 'tutorial_taskflow_api_virtualenv' retrieved from /home/airflow/.local/lib/python3.12/site-packages/airflow/example_dags/tutorial_taskflow_api_virtualenv.py
[2026-06-08T13:26:04.289+0000] {logging_mixin.py:188} INFO - [2026-06-08T13:26:04.288+0000] {dag.py:3096} INFO - Sync 1 DAGs
[2026-06-08T13:26:04.304+0000] {logging_mixin.py:188} INFO - [2026-06-08T13:26:04.304+0000] {dag.py:3954} INFO - Setting next_dagrun for tutorial_taskflow_api_virtualenv to None, run_after=None
[2026-06-08T13:26:04.333+0000] {processor.py:183} INFO - Processing /home/airflow/.local/lib/python3.12/site-packages/airflow/example_dags/tutorial_taskflow_api_virtualenv.py took 0.089 seconds
[2026-06-08T13:26:34.672+0000] {processor.py:161} INFO - Started process (PID=94331) to work on /home/airflow/.local/lib/python3.12/site-packages/airflow/example_dags/tutorial_taskflow_api_virtualenv.py
[2026-06-08T13:26:34.673+0000] {processor.py:830} INFO - Processing file /home/airflow/.local/lib/python3.12/site-packages/airflow/example_dags/tutorial_taskflow_api_virtualenv.py for tasks to queue
[2026-06-08T13:26:34.676+0000] {logging_mixin.py:188} INFO - [2026-06-08T13:26:34.676+0000] {dagbag.py:545} INFO - Filling up the DagBag from /home/airflow/.local/lib/python3.12/site-packages/airflow/example_dags/tutorial_taskflow_api_virtualenv.py
[2026-06-08T13:26:34.686+0000] {processor.py:840} INFO - DAG(s) 'tutorial_taskflow_api_virtualenv' retrieved from /home/airflow/.local/lib/python3.12/site-packages/airflow/example_dags/tutorial_taskflow_api_virtualenv.py
[2026-06-08T13:26:34.709+0000] {logging_mixin.py:188} INFO - [2026-06-08T13:26:34.709+0000] {dag.py:3096} INFO - Sync 1 DAGs
[2026-06-08T13:26:34.722+0000] {logging_mixin.py:188} INFO - [2026-06-08T13:26:34.722+0000] {dag.py:3954} INFO - Setting next_dagrun for tutorial_taskflow_api_virtualenv to None, run_after=None
[2026-06-08T13:26:34.747+0000] {processor.py:183} INFO - Processing /home/airflow/.local/lib/python3.12/site-packages/airflow/example_dags/tutorial_taskflow_api_virtualenv.py took 0.081 seconds
[2026-06-08T13:27:05.194+0000] {processor.py:161} INFO - Started process (PID=94593) to work on /home/airflow/.local/lib/python3.12/site-packages/airflow/example_dags/tutorial_taskflow_api_virtualenv.py
[2026-06-08T13:27:05.195+0000] {processor.py:830} INFO - Processing file /home/airflow/.local/lib/python3.12/site-packages/airflow/example_dags/tutorial_taskflow_api_virtualenv.py for tasks to queue
[2026-06-08T13:27:05.197+0000] {logging_mixin.py:188} INFO - [2026-06-08T13:27:05.196+0000] {dagbag.py:545} INFO - Filling up the DagBag from /home/airflow/.local/lib/python3.12/site-packages/airflow/example_dags/tutorial_taskflow_api_virtualenv.py
[2026-06-08T13:27:05.210+0000] {processor.py:840} INFO - DAG(s) 'tutorial_taskflow_api_virtualenv' retrieved from /home/airflow/.local/lib/python3.12/site-packages/airflow/example_dags/tutorial_taskflow_api_virtualenv.py
[2026-06-08T13:27:05.237+0000] {logging_mixin.py:188} INFO - [2026-06-08T13:27:05.237+0000] {dag.py:3096} INFO - Sync 1 DAGs
[2026-06-08T13:27:05.253+0000] {logging_mixin.py:188} INFO - [2026-06-08T13:27:05.253+0000] {dag.py:3954} INFO - Setting next_dagrun for tutorial_taskflow_api_virtualenv to None, run_after=None
[2026-06-08T13:27:05.285+0000] {processor.py:183} INFO - Processing /home/airflow/.local/lib/python3.12/site-packages/airflow/example_dags/tutorial_taskflow_api_virtualenv.py took 0.098 seconds
[2026-06-08T13:27:35.631+0000] {processor.py:161} INFO - Started process (PID=94855) to work on /home/airflow/.local/lib/python3.12/site-packages/airflow/example_dags/tutorial_taskflow_api_virtualenv.py
[2026-06-08T13:27:35.632+0000] {processor.py:830} INFO - Processing file /home/airflow/.local/lib/python3.12/site-packages/airflow/example_dags/tutorial_taskflow_api_virtualenv.py for tasks to queue
[2026-06-08T13:27:35.634+0000] {logging_mixin.py:188} INFO - [2026-06-08T13:27:35.634+0000] {dagbag.py:545} INFO - Filling up the DagBag from /home/airflow/.local/lib/python3.12/site-packages/airflow/example_dags/tutorial_taskflow_api_virtualenv.py
[2026-06-08T13:27:35.649+0000] {processor.py:840} INFO - DAG(s) 'tutorial_taskflow_api_virtualenv' retrieved from /home/airflow/.local/lib/python3.12/site-packages/airflow/example_dags/tutorial_taskflow_api_virtualenv.py
[2026-06-08T13:27:35.677+0000] {logging_mixin.py:188} INFO - [2026-06-08T13:27:35.676+0000] {dag.py:3096} INFO - Sync 1 DAGs
[2026-06-08T13:27:35.693+0000] {logging_mixin.py:188} INFO - [2026-06-08T13:27:35.692+0000] {dag.py:3954} INFO - Setting next_dagrun for tutorial_taskflow_api_virtualenv to None, run_after=None
[2026-06-08T13:27:35.724+0000] {processor.py:183} INFO - Processing /home/airflow/.local/lib/python3.12/site-packages/airflow/example_dags/tutorial_taskflow_api_virtualenv.py took 0.104 seconds
[2026-06-08T13:28:05.931+0000] {processor.py:161} INFO - Started process (PID=95117) to work on /home/airflow/.local/lib/python3.12/site-packages/airflow/example_dags/tutorial_taskflow_api_virtualenv.py
[2026-06-08T13:28:05.932+0000] {processor.py:830} INFO - Processing file /home/airflow/.local/lib/python3.12/site-packages/airflow/example_dags/tutorial_taskflow_api_virtualenv.py for tasks to queue
[2026-06-08T13:28:05.934+0000] {logging_mixin.py:188} INFO - [2026-06-08T13:28:05.933+0000] {dagbag.py:545} INFO - Filling up the DagBag from /home/airflow/.local/lib/python3.12/site-packages/airflow/example_dags/tutorial_taskflow_api_virtualenv.py
[2026-06-08T13:28:05.946+0000] {processor.py:840} INFO - DAG(s) 'tutorial_taskflow_api_virtualenv' retrieved from /home/airflow/.local/lib/python3.12/site-packages/airflow/example_dags/tutorial_taskflow_api_virtualenv.py
[2026-06-08T13:28:05.970+0000] {logging_mixin.py:188} INFO - [2026-06-08T13:28:05.970+0000] {dag.py:3096} INFO - Sync 1 DAGs
[2026-06-08T13:28:05.986+0000] {logging_mixin.py:188} INFO - [2026-06-08T13:28:05.985+0000] {dag.py:3954} INFO - Setting next_dagrun for tutorial_taskflow_api_virtualenv to None, run_after=None
[2026-06-08T13:28:06.012+0000] {processor.py:183} INFO - Processing /home/airflow/.local/lib/python3.12/site-packages/airflow/example_dags/tutorial_taskflow_api_virtualenv.py took 0.087 seconds
[2026-06-08T13:28:36.332+0000] {processor.py:161} INFO - Started process (PID=95379) to work on /home/airflow/.local/lib/python3.12/site-packages/airflow/example_dags/tutorial_taskflow_api_virtualenv.py
[2026-06-08T13:28:36.334+0000] {processor.py:830} INFO - Processing file /home/airflow/.local/lib/python3.12/site-packages/airflow/example_dags/tutorial_taskflow_api_virtualenv.py for tasks to queue
[2026-06-08T13:28:36.336+0000] {logging_mixin.py:188} INFO - [2026-06-08T13:28:36.336+0000] {dagbag.py:545} INFO - Filling up the DagBag from /home/airflow/.local/lib/python3.12/site-packages/airflow/example_dags/tutorial_taskflow_api_virtualenv.py
[2026-06-08T13:28:36.347+0000] {processor.py:840} INFO - DAG(s) 'tutorial_taskflow_api_virtualenv' retrieved from /home/airflow/.local/lib/python3.12/site-packages/airflow/example_dags/tutorial_taskflow_api_virtualenv.py
[2026-06-08T13:28:36.371+0000] {logging_mixin.py:188} INFO - [2026-06-08T13:28:36.371+0000] {dag.py:3096} INFO - Sync 1 DAGs
[2026-06-08T13:28:36.385+0000] {logging_mixin.py:188} INFO - [2026-06-08T13:28:36.385+0000] {dag.py:3954} INFO - Setting next_dagrun for tutorial_taskflow_api_virtualenv to None, run_after=None
[2026-06-08T13:28:36.409+0000] {processor.py:183} INFO - Processing /home/airflow/.local/lib/python3.12/site-packages/airflow/example_dags/tutorial_taskflow_api_virtualenv.py took 0.083 seconds
[2026-06-08T13:29:06.619+0000] {processor.py:161} INFO - Started process (PID=95641) to work on /home/airflow/.local/lib/python3.12/site-packages/airflow/example_dags/tutorial_taskflow_api_virtualenv.py
[2026-06-08T13:29:06.621+0000] {processor.py:830} INFO - Processing file /home/airflow/.local/lib/python3.12/site-packages/airflow/example_dags/tutorial_taskflow_api_virtualenv.py for tasks to queue
[2026-06-08T13:29:06.622+0000] {logging_mixin.py:188} INFO - [2026-06-08T13:29:06.622+0000] {dagbag.py:545} INFO - Filling up the DagBag from /home/airflow/.local/lib/python3.12/site-packages/airflow/example_dags/tutorial_taskflow_api_virtualenv.py
[2026-06-08T13:29:06.632+0000] {processor.py:840} INFO - DAG(s) 'tutorial_taskflow_api_virtualenv' retrieved from /home/airflow/.local/lib/python3.12/site-packages/airflow/example_dags/tutorial_taskflow_api_virtualenv.py
[2026-06-08T13:29:06.656+0000] {logging_mixin.py:188} INFO - [2026-06-08T13:29:06.656+0000] {dag.py:3096} INFO - Sync 1 DAGs
[2026-06-08T13:29:06.671+0000] {logging_mixin.py:188} INFO - [2026-06-08T13:29:06.671+0000] {dag.py:3954} INFO - Setting next_dagrun for tutorial_taskflow_api_virtualenv to None, run_after=None
[2026-06-08T13:29:06.698+0000] {processor.py:183} INFO - Processing /home/airflow/.local/lib/python3.12/site-packages/airflow/example_dags/tutorial_taskflow_api_virtualenv.py took 0.084 seconds
[2026-06-08T13:29:37.318+0000] {processor.py:161} INFO - Started process (PID=95906) to work on /home/airflow/.local/lib/python3.12/site-packages/airflow/example_dags/tutorial_taskflow_api_virtualenv.py
[2026-06-08T13:29:37.319+0000] {processor.py:830} INFO - Processing file /home/airflow/.local/lib/python3.12/site-packages/airflow/example_dags/tutorial_taskflow_api_virtualenv.py for tasks to queue
[2026-06-08T13:29:37.323+0000] {logging_mixin.py:188} INFO - [2026-06-08T13:29:37.322+0000] {dagbag.py:545} INFO - Filling up the DagBag from /home/airflow/.local/lib/python3.12/site-packages/airflow/example_dags/tutorial_taskflow_api_virtualenv.py
[2026-06-08T13:29:37.340+0000] {processor.py:840} INFO - DAG(s) 'tutorial_taskflow_api_virtualenv' retrieved from /home/airflow/.local/lib/python3.12/site-packages/airflow/example_dags/tutorial_taskflow_api_virtualenv.py
[2026-06-08T13:29:37.367+0000] {logging_mixin.py:188} INFO - [2026-06-08T13:29:37.366+0000] {dag.py:3096} INFO - Sync 1 DAGs
[2026-06-08T13:29:37.386+0000] {logging_mixin.py:188} INFO - [2026-06-08T13:29:37.385+0000] {dag.py:3954} INFO - Setting next_dagrun for tutorial_taskflow_api_virtualenv to None, run_after=None
[2026-06-08T13:29:37.418+0000] {processor.py:183} INFO - Processing /home/airflow/.local/lib/python3.12/site-packages/airflow/example_dags/tutorial_taskflow_api_virtualenv.py took 0.107 seconds
[2026-06-08T13:30:07.996+0000] {processor.py:161} INFO - Started process (PID=96168) to work on /home/airflow/.local/lib/python3.12/site-packages/airflow/example_dags/tutorial_taskflow_api_virtualenv.py
[2026-06-08T13:30:07.998+0000] {processor.py:830} INFO - Processing file /home/airflow/.local/lib/python3.12/site-packages/airflow/example_dags/tutorial_taskflow_api_virtualenv.py for tasks to queue
[2026-06-08T13:30:08.002+0000] {logging_mixin.py:188} INFO - [2026-06-08T13:30:08.002+0000] {dagbag.py:545} INFO - Filling up the DagBag from /home/airflow/.local/lib/python3.12/site-packages/airflow/example_dags/tutorial_taskflow_api_virtualenv.py
[2026-06-08T13:30:08.015+0000] {processor.py:840} INFO - DAG(s) 'tutorial_taskflow_api_virtualenv' retrieved from /home/airflow/.local/lib/python3.12/site-packages/airflow/example_dags/tutorial_taskflow_api_virtualenv.py
[2026-06-08T13:30:08.044+0000] {logging_mixin.py:188} INFO - [2026-06-08T13:30:08.044+0000] {dag.py:3096} INFO - Sync 1 DAGs
[2026-06-08T13:30:08.061+0000] {logging_mixin.py:188} INFO - [2026-06-08T13:30:08.060+0000] {dag.py:3954} INFO - Setting next_dagrun for tutorial_taskflow_api_virtualenv to None, run_after=None
[2026-06-08T13:30:08.093+0000] {processor.py:183} INFO - Processing /home/airflow/.local/lib/python3.12/site-packages/airflow/example_dags/tutorial_taskflow_api_virtualenv.py took 0.104 seconds
[2026-06-08T13:30:38.771+0000] {processor.py:161} INFO - Started process (PID=96430) to work on /home/airflow/.local/lib/python3.12/site-packages/airflow/example_dags/tutorial_taskflow_api_virtualenv.py
[2026-06-08T13:30:38.772+0000] {processor.py:830} INFO - Processing file /home/airflow/.local/lib/python3.12/site-packages/airflow/example_dags/tutorial_taskflow_api_virtualenv.py for tasks to queue
[2026-06-08T13:30:38.775+0000] {logging_mixin.py:188} INFO - [2026-06-08T13:30:38.774+0000] {dagbag.py:545} INFO - Filling up the DagBag from /home/airflow/.local/lib/python3.12/site-packages/airflow/example_dags/tutorial_taskflow_api_virtualenv.py
[2026-06-08T13:30:38.788+0000] {processor.py:840} INFO - DAG(s) 'tutorial_taskflow_api_virtualenv' retrieved from /home/airflow/.local/lib/python3.12/site-packages/airflow/example_dags/tutorial_taskflow_api_virtualenv.py
[2026-06-08T13:30:38.827+0000] {logging_mixin.py:188} INFO - [2026-06-08T13:30:38.826+0000] {dag.py:3096} INFO - Sync 1 DAGs
[2026-06-08T13:30:38.842+0000] {logging_mixin.py:188} INFO - [2026-06-08T13:30:38.842+0000] {dag.py:3954} INFO - Setting next_dagrun for tutorial_taskflow_api_virtualenv to None, run_after=None
[2026-06-08T13:30:38.871+0000] {processor.py:183} INFO - Processing /home/airflow/.local/lib/python3.12/site-packages/airflow/example_dags/tutorial_taskflow_api_virtualenv.py took 0.111 seconds
[2026-06-08T13:31:09.045+0000] {processor.py:161} INFO - Started process (PID=96692) to work on /home/airflow/.local/lib/python3.12/site-packages/airflow/example_dags/tutorial_taskflow_api_virtualenv.py
[2026-06-08T13:31:09.046+0000] {processor.py:830} INFO - Processing file /home/airflow/.local/lib/python3.12/site-packages/airflow/example_dags/tutorial_taskflow_api_virtualenv.py for tasks to queue
[2026-06-08T13:31:09.049+0000] {logging_mixin.py:188} INFO - [2026-06-08T13:31:09.049+0000] {dagbag.py:545} INFO - Filling up the DagBag from /home/airflow/.local/lib/python3.12/site-packages/airflow/example_dags/tutorial_taskflow_api_virtualenv.py
[2026-06-08T13:31:09.061+0000] {processor.py:840} INFO - DAG(s) 'tutorial_taskflow_api_virtualenv' retrieved from /home/airflow/.local/lib/python3.12/site-packages/airflow/example_dags/tutorial_taskflow_api_virtualenv.py
[2026-06-08T13:31:09.090+0000] {logging_mixin.py:188} INFO - [2026-06-08T13:31:09.090+0000] {dag.py:3096} INFO - Sync 1 DAGs
[2026-06-08T13:31:09.112+0000] {logging_mixin.py:188} INFO - [2026-06-08T13:31:09.112+0000] {dag.py:3954} INFO - Setting next_dagrun for tutorial_taskflow_api_virtualenv to None, run_after=None
[2026-06-08T13:31:09.150+0000] {processor.py:183} INFO - Processing /home/airflow/.local/lib/python3.12/site-packages/airflow/example_dags/tutorial_taskflow_api_virtualenv.py took 0.112 seconds
[2026-06-08T13:31:39.362+0000] {processor.py:161} INFO - Started process (PID=96951) to work on /home/airflow/.local/lib/python3.12/site-packages/airflow/example_dags/tutorial_taskflow_api_virtualenv.py
[2026-06-08T13:31:39.363+0000] {processor.py:830} INFO - Processing file /home/airflow/.local/lib/python3.12/site-packages/airflow/example_dags/tutorial_taskflow_api_virtualenv.py for tasks to queue
[2026-06-08T13:31:39.364+0000] {logging_mixin.py:188} INFO - [2026-06-08T13:31:39.364+0000] {dagbag.py:545} INFO - Filling up the DagBag from /home/airflow/.local/lib/python3.12/site-packages/airflow/example_dags/tutorial_taskflow_api_virtualenv.py
[2026-06-08T13:31:39.375+0000] {processor.py:840} INFO - DAG(s) 'tutorial_taskflow_api_virtualenv' retrieved from /home/airflow/.local/lib/python3.12/site-packages/airflow/example_dags/tutorial_taskflow_api_virtualenv.py
[2026-06-08T13:31:39.398+0000] {logging_mixin.py:188} INFO - [2026-06-08T13:31:39.397+0000] {dag.py:3096} INFO - Sync 1 DAGs
[2026-06-08T13:31:39.408+0000] {logging_mixin.py:188} INFO - [2026-06-08T13:31:39.408+0000] {dag.py:3954} INFO - Setting next_dagrun for tutorial_taskflow_api_virtualenv to None, run_after=None
[2026-06-08T13:31:39.430+0000] {processor.py:183} INFO - Processing /home/airflow/.local/lib/python3.12/site-packages/airflow/example_dags/tutorial_taskflow_api_virtualenv.py took 0.073 seconds
[2026-06-08T13:32:09.984+0000] {processor.py:161} INFO - Started process (PID=97218) to work on /home/airflow/.local/lib/python3.12/site-packages/airflow/example_dags/tutorial_taskflow_api_virtualenv.py
[2026-06-08T13:32:09.986+0000] {processor.py:830} INFO - Processing file /home/airflow/.local/lib/python3.12/site-packages/airflow/example_dags/tutorial_taskflow_api_virtualenv.py for tasks to queue
[2026-06-08T13:32:09.988+0000] {logging_mixin.py:188} INFO - [2026-06-08T13:32:09.988+0000] {dagbag.py:545} INFO - Filling up the DagBag from /home/airflow/.local/lib/python3.12/site-packages/airflow/example_dags/tutorial_taskflow_api_virtualenv.py
[2026-06-08T13:32:09.996+0000] {processor.py:840} INFO - DAG(s) 'tutorial_taskflow_api_virtualenv' retrieved from /home/airflow/.local/lib/python3.12/site-packages/airflow/example_dags/tutorial_taskflow_api_virtualenv.py
[2026-06-08T13:32:10.018+0000] {logging_mixin.py:188} INFO - [2026-06-08T13:32:10.017+0000] {dag.py:3096} INFO - Sync 1 DAGs
[2026-06-08T13:32:10.029+0000] {logging_mixin.py:188} INFO - [2026-06-08T13:32:10.029+0000] {dag.py:3954} INFO - Setting next_dagrun for tutorial_taskflow_api_virtualenv to None, run_after=None
[2026-06-08T13:32:10.052+0000] {processor.py:183} INFO - Processing /home/airflow/.local/lib/python3.12/site-packages/airflow/example_dags/tutorial_taskflow_api_virtualenv.py took 0.074 seconds
[2026-06-08T13:32:40.538+0000] {processor.py:161} INFO - Started process (PID=97480) to work on /home/airflow/.local/lib/python3.12/site-packages/airflow/example_dags/tutorial_taskflow_api_virtualenv.py
[2026-06-08T13:32:40.539+0000] {processor.py:830} INFO - Processing file /home/airflow/.local/lib/python3.12/site-packages/airflow/example_dags/tutorial_taskflow_api_virtualenv.py for tasks to queue
[2026-06-08T13:32:40.541+0000] {logging_mixin.py:188} INFO - [2026-06-08T13:32:40.540+0000] {dagbag.py:545} INFO - Filling up the DagBag from /home/airflow/.local/lib/python3.12/site-packages/airflow/example_dags/tutorial_taskflow_api_virtualenv.py
[2026-06-08T13:32:40.549+0000] {processor.py:840} INFO - DAG(s) 'tutorial_taskflow_api_virtualenv' retrieved from /home/airflow/.local/lib/python3.12/site-packages/airflow/example_dags/tutorial_taskflow_api_virtualenv.py
[2026-06-08T13:32:40.569+0000] {logging_mixin.py:188} INFO - [2026-06-08T13:32:40.568+0000] {dag.py:3096} INFO - Sync 1 DAGs
[2026-06-08T13:32:40.582+0000] {logging_mixin.py:188} INFO - [2026-06-08T13:32:40.582+0000] {dag.py:3954} INFO - Setting next_dagrun for tutorial_taskflow_api_virtualenv to None, run_after=None
[2026-06-08T13:32:40.604+0000] {processor.py:183} INFO - Processing /home/airflow/.local/lib/python3.12/site-packages/airflow/example_dags/tutorial_taskflow_api_virtualenv.py took 0.072 seconds
[2026-06-08T13:33:10.822+0000] {processor.py:161} INFO - Started process (PID=97740) to work on /home/airflow/.local/lib/python3.12/site-packages/airflow/example_dags/tutorial_taskflow_api_virtualenv.py
[2026-06-08T13:33:10.823+0000] {processor.py:830} INFO - Processing file /home/airflow/.local/lib/python3.12/site-packages/airflow/example_dags/tutorial_taskflow_api_virtualenv.py for tasks to queue
[2026-06-08T13:33:10.825+0000] {logging_mixin.py:188} INFO - [2026-06-08T13:33:10.825+0000] {dagbag.py:545} INFO - Filling up the DagBag from /home/airflow/.local/lib/python3.12/site-packages/airflow/example_dags/tutorial_taskflow_api_virtualenv.py
[2026-06-08T13:33:10.833+0000] {processor.py:840} INFO - DAG(s) 'tutorial_taskflow_api_virtualenv' retrieved from /home/airflow/.local/lib/python3.12/site-packages/airflow/example_dags/tutorial_taskflow_api_virtualenv.py
[2026-06-08T13:33:10.852+0000] {logging_mixin.py:188} INFO - [2026-06-08T13:33:10.851+0000] {dag.py:3096} INFO - Sync 1 DAGs
[2026-06-08T13:33:10.866+0000] {logging_mixin.py:188} INFO - [2026-06-08T13:33:10.865+0000] {dag.py:3954} INFO - Setting next_dagrun for tutorial_taskflow_api_virtualenv to None, run_after=None
[2026-06-08T13:33:10.887+0000] {processor.py:183} INFO - Processing /home/airflow/.local/lib/python3.12/site-packages/airflow/example_dags/tutorial_taskflow_api_virtualenv.py took 0.070 seconds
[2026-06-08T13:33:41.516+0000] {processor.py:161} INFO - Started process (PID=98002) to work on /home/airflow/.local/lib/python3.12/site-packages/airflow/example_dags/tutorial_taskflow_api_virtualenv.py
[2026-06-08T13:33:41.518+0000] {processor.py:830} INFO - Processing file /home/airflow/.local/lib/python3.12/site-packages/airflow/example_dags/tutorial_taskflow_api_virtualenv.py for tasks to queue
[2026-06-08T13:33:41.521+0000] {logging_mixin.py:188} INFO - [2026-06-08T13:33:41.520+0000] {dagbag.py:545} INFO - Filling up the DagBag from /home/airflow/.local/lib/python3.12/site-packages/airflow/example_dags/tutorial_taskflow_api_virtualenv.py
[2026-06-08T13:33:41.536+0000] {processor.py:840} INFO - DAG(s) 'tutorial_taskflow_api_virtualenv' retrieved from /home/airflow/.local/lib/python3.12/site-packages/airflow/example_dags/tutorial_taskflow_api_virtualenv.py
[2026-06-08T13:33:41.568+0000] {logging_mixin.py:188} INFO - [2026-06-08T13:33:41.567+0000] {dag.py:3096} INFO - Sync 1 DAGs
[2026-06-08T13:33:41.586+0000] {logging_mixin.py:188} INFO - [2026-06-08T13:33:41.586+0000] {dag.py:3954} INFO - Setting next_dagrun for tutorial_taskflow_api_virtualenv to None, run_after=None
[2026-06-08T13:33:41.621+0000] {processor.py:183} INFO - Processing /home/airflow/.local/lib/python3.12/site-packages/airflow/example_dags/tutorial_taskflow_api_virtualenv.py took 0.114 seconds
[2026-06-08T13:34:12.162+0000] {processor.py:161} INFO - Started process (PID=98266) to work on /home/airflow/.local/lib/python3.12/site-packages/airflow/example_dags/tutorial_taskflow_api_virtualenv.py
[2026-06-08T13:34:12.163+0000] {processor.py:830} INFO - Processing file /home/airflow/.local/lib/python3.12/site-packages/airflow/example_dags/tutorial_taskflow_api_virtualenv.py for tasks to queue
[2026-06-08T13:34:12.166+0000] {logging_mixin.py:188} INFO - [2026-06-08T13:34:12.166+0000] {dagbag.py:545} INFO - Filling up the DagBag from /home/airflow/.local/lib/python3.12/site-packages/airflow/example_dags/tutorial_taskflow_api_virtualenv.py
[2026-06-08T13:34:12.176+0000] {processor.py:840} INFO - DAG(s) 'tutorial_taskflow_api_virtualenv' retrieved from /home/airflow/.local/lib/python3.12/site-packages/airflow/example_dags/tutorial_taskflow_api_virtualenv.py
[2026-06-08T13:34:12.200+0000] {logging_mixin.py:188} INFO - [2026-06-08T13:34:12.199+0000] {dag.py:3096} INFO - Sync 1 DAGs
[2026-06-08T13:34:12.214+0000] {logging_mixin.py:188} INFO - [2026-06-08T13:34:12.214+0000] {dag.py:3954} INFO - Setting next_dagrun for tutorial_taskflow_api_virtualenv to None, run_after=None
[2026-06-08T13:34:12.239+0000] {processor.py:183} INFO - Processing /home/airflow/.local/lib/python3.12/site-packages/airflow/example_dags/tutorial_taskflow_api_virtualenv.py took 0.083 seconds
[2026-06-08T13:34:42.419+0000] {processor.py:161} INFO - Started process (PID=98534) to work on /home/airflow/.local/lib/python3.12/site-packages/airflow/example_dags/tutorial_taskflow_api_virtualenv.py
[2026-06-08T13:34:42.421+0000] {processor.py:830} INFO - Processing file /home/airflow/.local/lib/python3.12/site-packages/airflow/example_dags/tutorial_taskflow_api_virtualenv.py for tasks to queue
[2026-06-08T13:34:42.423+0000] {logging_mixin.py:188} INFO - [2026-06-08T13:34:42.423+0000] {dagbag.py:545} INFO - Filling up the DagBag from /home/airflow/.local/lib/python3.12/site-packages/airflow/example_dags/tutorial_taskflow_api_virtualenv.py
[2026-06-08T13:34:42.434+0000] {processor.py:840} INFO - DAG(s) 'tutorial_taskflow_api_virtualenv' retrieved from /home/airflow/.local/lib/python3.12/site-packages/airflow/example_dags/tutorial_taskflow_api_virtualenv.py
[2026-06-08T13:34:42.457+0000] {logging_mixin.py:188} INFO - [2026-06-08T13:34:42.457+0000] {dag.py:3096} INFO - Sync 1 DAGs
[2026-06-08T13:34:42.472+0000] {logging_mixin.py:188} INFO - [2026-06-08T13:34:42.471+0000] {dag.py:3954} INFO - Setting next_dagrun for tutorial_taskflow_api_virtualenv to None, run_after=None
[2026-06-08T13:34:42.495+0000] {processor.py:183} INFO - Processing /home/airflow/.local/lib/python3.12/site-packages/airflow/example_dags/tutorial_taskflow_api_virtualenv.py took 0.082 seconds
[2026-06-08T13:35:12.669+0000] {processor.py:161} INFO - Started process (PID=98796) to work on /home/airflow/.local/lib/python3.12/site-packages/airflow/example_dags/tutorial_taskflow_api_virtualenv.py
[2026-06-08T13:35:12.670+0000] {processor.py:830} INFO - Processing file /home/airflow/.local/lib/python3.12/site-packages/airflow/example_dags/tutorial_taskflow_api_virtualenv.py for tasks to queue
[2026-06-08T13:35:12.672+0000] {logging_mixin.py:188} INFO - [2026-06-08T13:35:12.672+0000] {dagbag.py:545} INFO - Filling up the DagBag from /home/airflow/.local/lib/python3.12/site-packages/airflow/example_dags/tutorial_taskflow_api_virtualenv.py
[2026-06-08T13:35:12.683+0000] {processor.py:840} INFO - DAG(s) 'tutorial_taskflow_api_virtualenv' retrieved from /home/airflow/.local/lib/python3.12/site-packages/airflow/example_dags/tutorial_taskflow_api_virtualenv.py
[2026-06-08T13:35:12.704+0000] {logging_mixin.py:188} INFO - [2026-06-08T13:35:12.703+0000] {dag.py:3096} INFO - Sync 1 DAGs
[2026-06-08T13:35:12.716+0000] {logging_mixin.py:188} INFO - [2026-06-08T13:35:12.715+0000] {dag.py:3954} INFO - Setting next_dagrun for tutorial_taskflow_api_virtualenv to None, run_after=None
[2026-06-08T13:35:12.736+0000] {processor.py:183} INFO - Processing /home/airflow/.local/lib/python3.12/site-packages/airflow/example_dags/tutorial_taskflow_api_virtualenv.py took 0.072 seconds
[2026-06-08T13:35:43.007+0000] {processor.py:161} INFO - Started process (PID=99056) to work on /home/airflow/.local/lib/python3.12/site-packages/airflow/example_dags/tutorial_taskflow_api_virtualenv.py
[2026-06-08T13:35:43.008+0000] {processor.py:830} INFO - Processing file /home/airflow/.local/lib/python3.12/site-packages/airflow/example_dags/tutorial_taskflow_api_virtualenv.py for tasks to queue
[2026-06-08T13:35:43.011+0000] {logging_mixin.py:188} INFO - [2026-06-08T13:35:43.010+0000] {dagbag.py:545} INFO - Filling up the DagBag from /home/airflow/.local/lib/python3.12/site-packages/airflow/example_dags/tutorial_taskflow_api_virtualenv.py
[2026-06-08T13:35:43.020+0000] {processor.py:840} INFO - DAG(s) 'tutorial_taskflow_api_virtualenv' retrieved from /home/airflow/.local/lib/python3.12/site-packages/airflow/example_dags/tutorial_taskflow_api_virtualenv.py
[2026-06-08T13:35:43.041+0000] {logging_mixin.py:188} INFO - [2026-06-08T13:35:43.040+0000] {dag.py:3096} INFO - Sync 1 DAGs
[2026-06-08T13:35:43.054+0000] {logging_mixin.py:188} INFO - [2026-06-08T13:35:43.054+0000] {dag.py:3954} INFO - Setting next_dagrun for tutorial_taskflow_api_virtualenv to None, run_after=None
[2026-06-08T13:35:43.075+0000] {processor.py:183} INFO - Processing /home/airflow/.local/lib/python3.12/site-packages/airflow/example_dags/tutorial_taskflow_api_virtualenv.py took 0.073 seconds
[2026-06-08T13:36:13.484+0000] {processor.py:161} INFO - Started process (PID=99318) to work on /home/airflow/.local/lib/python3.12/site-packages/airflow/example_dags/tutorial_taskflow_api_virtualenv.py
[2026-06-08T13:36:13.485+0000] {processor.py:830} INFO - Processing file /home/airflow/.local/lib/python3.12/site-packages/airflow/example_dags/tutorial_taskflow_api_virtualenv.py for tasks to queue
[2026-06-08T13:36:13.487+0000] {logging_mixin.py:188} INFO - [2026-06-08T13:36:13.487+0000] {dagbag.py:545} INFO - Filling up the DagBag from /home/airflow/.local/lib/python3.12/site-packages/airflow/example_dags/tutorial_taskflow_api_virtualenv.py
[2026-06-08T13:36:13.496+0000] {processor.py:840} INFO - DAG(s) 'tutorial_taskflow_api_virtualenv' retrieved from /home/airflow/.local/lib/python3.12/site-packages/airflow/example_dags/tutorial_taskflow_api_virtualenv.py
[2026-06-08T13:36:13.517+0000] {logging_mixin.py:188} INFO - [2026-06-08T13:36:13.517+0000] {dag.py:3096} INFO - Sync 1 DAGs
[2026-06-08T13:36:13.530+0000] {logging_mixin.py:188} INFO - [2026-06-08T13:36:13.530+0000] {dag.py:3954} INFO - Setting next_dagrun for tutorial_taskflow_api_virtualenv to None, run_after=None
[2026-06-08T13:36:13.555+0000] {processor.py:183} INFO - Processing /home/airflow/.local/lib/python3.12/site-packages/airflow/example_dags/tutorial_taskflow_api_virtualenv.py took 0.076 seconds
[2026-06-08T13:36:43.839+0000] {processor.py:161} INFO - Started process (PID=99582) to work on /home/airflow/.local/lib/python3.12/site-packages/airflow/example_dags/tutorial_taskflow_api_virtualenv.py
[2026-06-08T13:36:43.840+0000] {processor.py:830} INFO - Processing file /home/airflow/.local/lib/python3.12/site-packages/airflow/example_dags/tutorial_taskflow_api_virtualenv.py for tasks to queue
[2026-06-08T13:36:43.842+0000] {logging_mixin.py:188} INFO - [2026-06-08T13:36:43.841+0000] {dagbag.py:545} INFO - Filling up the DagBag from /home/airflow/.local/lib/python3.12/site-packages/airflow/example_dags/tutorial_taskflow_api_virtualenv.py
[2026-06-08T13:36:43.851+0000] {processor.py:840} INFO - DAG(s) 'tutorial_taskflow_api_virtualenv' retrieved from /home/airflow/.local/lib/python3.12/site-packages/airflow/example_dags/tutorial_taskflow_api_virtualenv.py
[2026-06-08T13:36:43.873+0000] {logging_mixin.py:188} INFO - [2026-06-08T13:36:43.872+0000] {dag.py:3096} INFO - Sync 1 DAGs
[2026-06-08T13:36:43.886+0000] {logging_mixin.py:188} INFO - [2026-06-08T13:36:43.885+0000] {dag.py:3954} INFO - Setting next_dagrun for tutorial_taskflow_api_virtualenv to None, run_after=None
[2026-06-08T13:36:43.904+0000] {processor.py:183} INFO - Processing /home/airflow/.local/lib/python3.12/site-packages/airflow/example_dags/tutorial_taskflow_api_virtualenv.py took 0.071 seconds
[2026-06-08T13:37:13.991+0000] {processor.py:161} INFO - Started process (PID=99842) to work on /home/airflow/.local/lib/python3.12/site-packages/airflow/example_dags/tutorial_taskflow_api_virtualenv.py
[2026-06-08T13:37:13.992+0000] {processor.py:830} INFO - Processing file /home/airflow/.local/lib/python3.12/site-packages/airflow/example_dags/tutorial_taskflow_api_virtualenv.py for tasks to queue
[2026-06-08T13:37:13.994+0000] {logging_mixin.py:188} INFO - [2026-06-08T13:37:13.994+0000] {dagbag.py:545} INFO - Filling up the DagBag from /home/airflow/.local/lib/python3.12/site-packages/airflow/example_dags/tutorial_taskflow_api_virtualenv.py
[2026-06-08T13:37:14.003+0000] {processor.py:840} INFO - DAG(s) 'tutorial_taskflow_api_virtualenv' retrieved from /home/airflow/.local/lib/python3.12/site-packages/airflow/example_dags/tutorial_taskflow_api_virtualenv.py
[2026-06-08T13:37:14.021+0000] {logging_mixin.py:188} INFO - [2026-06-08T13:37:14.021+0000] {dag.py:3096} INFO - Sync 1 DAGs
[2026-06-08T13:37:14.033+0000] {logging_mixin.py:188} INFO - [2026-06-08T13:37:14.032+0000] {dag.py:3954} INFO - Setting next_dagrun for tutorial_taskflow_api_virtualenv to None, run_after=None
[2026-06-08T13:37:14.052+0000] {processor.py:183} INFO - Processing /home/airflow/.local/lib/python3.12/site-packages/airflow/example_dags/tutorial_taskflow_api_virtualenv.py took 0.066 seconds
[2026-06-08T13:37:44.380+0000] {processor.py:161} INFO - Started process (PID=100104) to work on /home/airflow/.local/lib/python3.12/site-packages/airflow/example_dags/tutorial_taskflow_api_virtualenv.py
[2026-06-08T13:37:44.382+0000] {processor.py:830} INFO - Processing file /home/airflow/.local/lib/python3.12/site-packages/airflow/example_dags/tutorial_taskflow_api_virtualenv.py for tasks to queue
[2026-06-08T13:37:44.385+0000] {logging_mixin.py:188} INFO - [2026-06-08T13:37:44.384+0000] {dagbag.py:545} INFO - Filling up the DagBag from /home/airflow/.local/lib/python3.12/site-packages/airflow/example_dags/tutorial_taskflow_api_virtualenv.py
[2026-06-08T13:37:44.396+0000] {processor.py:840} INFO - DAG(s) 'tutorial_taskflow_api_virtualenv' retrieved from /home/airflow/.local/lib/python3.12/site-packages/airflow/example_dags/tutorial_taskflow_api_virtualenv.py
[2026-06-08T13:37:44.424+0000] {logging_mixin.py:188} INFO - [2026-06-08T13:37:44.424+0000] {dag.py:3096} INFO - Sync 1 DAGs
[2026-06-08T13:37:44.439+0000] {logging_mixin.py:188} INFO - [2026-06-08T13:37:44.438+0000] {dag.py:3954} INFO - Setting next_dagrun for tutorial_taskflow_api_virtualenv to None, run_after=None
[2026-06-08T13:37:44.472+0000] {processor.py:183} INFO - Processing /home/airflow/.local/lib/python3.12/site-packages/airflow/example_dags/tutorial_taskflow_api_virtualenv.py took 0.099 seconds
[2026-06-08T13:38:14.554+0000] {processor.py:161} INFO - Started process (PID=100363) to work on /home/airflow/.local/lib/python3.12/site-packages/airflow/example_dags/tutorial_taskflow_api_virtualenv.py
[2026-06-08T13:38:14.556+0000] {processor.py:830} INFO - Processing file /home/airflow/.local/lib/python3.12/site-packages/airflow/example_dags/tutorial_taskflow_api_virtualenv.py for tasks to queue
[2026-06-08T13:38:14.558+0000] {logging_mixin.py:188} INFO - [2026-06-08T13:38:14.557+0000] {dagbag.py:545} INFO - Filling up the DagBag from /home/airflow/.local/lib/python3.12/site-packages/airflow/example_dags/tutorial_taskflow_api_virtualenv.py
[2026-06-08T13:38:14.567+0000] {processor.py:840} INFO - DAG(s) 'tutorial_taskflow_api_virtualenv' retrieved from /home/airflow/.local/lib/python3.12/site-packages/airflow/example_dags/tutorial_taskflow_api_virtualenv.py
[2026-06-08T13:38:14.590+0000] {logging_mixin.py:188} INFO - [2026-06-08T13:38:14.589+0000] {dag.py:3096} INFO - Sync 1 DAGs
[2026-06-08T13:38:14.604+0000] {logging_mixin.py:188} INFO - [2026-06-08T13:38:14.603+0000] {dag.py:3954} INFO - Setting next_dagrun for tutorial_taskflow_api_virtualenv to None, run_after=None
[2026-06-08T13:38:14.624+0000] {processor.py:183} INFO - Processing /home/airflow/.local/lib/python3.12/site-packages/airflow/example_dags/tutorial_taskflow_api_virtualenv.py took 0.074 seconds
[2026-06-08T13:38:44.792+0000] {processor.py:161} INFO - Started process (PID=100623) to work on /home/airflow/.local/lib/python3.12/site-packages/airflow/example_dags/tutorial_taskflow_api_virtualenv.py
[2026-06-08T13:38:44.793+0000] {processor.py:830} INFO - Processing file /home/airflow/.local/lib/python3.12/site-packages/airflow/example_dags/tutorial_taskflow_api_virtualenv.py for tasks to queue
[2026-06-08T13:38:44.795+0000] {logging_mixin.py:188} INFO - [2026-06-08T13:38:44.794+0000] {dagbag.py:545} INFO - Filling up the DagBag from /home/airflow/.local/lib/python3.12/site-packages/airflow/example_dags/tutorial_taskflow_api_virtualenv.py
[2026-06-08T13:38:44.804+0000] {processor.py:840} INFO - DAG(s) 'tutorial_taskflow_api_virtualenv' retrieved from /home/airflow/.local/lib/python3.12/site-packages/airflow/example_dags/tutorial_taskflow_api_virtualenv.py
[2026-06-08T13:38:44.827+0000] {logging_mixin.py:188} INFO - [2026-06-08T13:38:44.827+0000] {dag.py:3096} INFO - Sync 1 DAGs
[2026-06-08T13:38:44.841+0000] {logging_mixin.py:188} INFO - [2026-06-08T13:38:44.841+0000] {dag.py:3954} INFO - Setting next_dagrun for tutorial_taskflow_api_virtualenv to None, run_after=None
[2026-06-08T13:38:44.865+0000] {processor.py:183} INFO - Processing /home/airflow/.local/lib/python3.12/site-packages/airflow/example_dags/tutorial_taskflow_api_virtualenv.py took 0.080 seconds
[2026-06-08T13:39:15.222+0000] {processor.py:161} INFO - Started process (PID=100885) to work on /home/airflow/.local/lib/python3.12/site-packages/airflow/example_dags/tutorial_taskflow_api_virtualenv.py
[2026-06-08T13:39:15.224+0000] {processor.py:830} INFO - Processing file /home/airflow/.local/lib/python3.12/site-packages/airflow/example_dags/tutorial_taskflow_api_virtualenv.py for tasks to queue
[2026-06-08T13:39:15.225+0000] {logging_mixin.py:188} INFO - [2026-06-08T13:39:15.225+0000] {dagbag.py:545} INFO - Filling up the DagBag from /home/airflow/.local/lib/python3.12/site-packages/airflow/example_dags/tutorial_taskflow_api_virtualenv.py
[2026-06-08T13:39:15.234+0000] {processor.py:840} INFO - DAG(s) 'tutorial_taskflow_api_virtualenv' retrieved from /home/airflow/.local/lib/python3.12/site-packages/airflow/example_dags/tutorial_taskflow_api_virtualenv.py
[2026-06-08T13:39:15.255+0000] {logging_mixin.py:188} INFO - [2026-06-08T13:39:15.254+0000] {dag.py:3096} INFO - Sync 1 DAGs
[2026-06-08T13:39:15.268+0000] {logging_mixin.py:188} INFO - [2026-06-08T13:39:15.268+0000] {dag.py:3954} INFO - Setting next_dagrun for tutorial_taskflow_api_virtualenv to None, run_after=None
[2026-06-08T13:39:15.287+0000] {processor.py:183} INFO - Processing /home/airflow/.local/lib/python3.12/site-packages/airflow/example_dags/tutorial_taskflow_api_virtualenv.py took 0.071 seconds
[2026-06-08T13:39:46.323+0000] {processor.py:161} INFO - Started process (PID=101149) to work on /home/airflow/.local/lib/python3.12/site-packages/airflow/example_dags/tutorial_taskflow_api_virtualenv.py
[2026-06-08T13:39:46.325+0000] {processor.py:830} INFO - Processing file /home/airflow/.local/lib/python3.12/site-packages/airflow/example_dags/tutorial_taskflow_api_virtualenv.py for tasks to queue
[2026-06-08T13:39:46.327+0000] {logging_mixin.py:188} INFO - [2026-06-08T13:39:46.327+0000] {dagbag.py:545} INFO - Filling up the DagBag from /home/airflow/.local/lib/python3.12/site-packages/airflow/example_dags/tutorial_taskflow_api_virtualenv.py
[2026-06-08T13:39:46.337+0000] {processor.py:840} INFO - DAG(s) 'tutorial_taskflow_api_virtualenv' retrieved from /home/airflow/.local/lib/python3.12/site-packages/airflow/example_dags/tutorial_taskflow_api_virtualenv.py
[2026-06-08T13:39:46.358+0000] {logging_mixin.py:188} INFO - [2026-06-08T13:39:46.357+0000] {dag.py:3096} INFO - Sync 1 DAGs
[2026-06-08T13:39:46.373+0000] {logging_mixin.py:188} INFO - [2026-06-08T13:39:46.372+0000] {dag.py:3954} INFO - Setting next_dagrun for tutorial_taskflow_api_virtualenv to None, run_after=None
[2026-06-08T13:39:46.396+0000] {processor.py:183} INFO - Processing /home/airflow/.local/lib/python3.12/site-packages/airflow/example_dags/tutorial_taskflow_api_virtualenv.py took 0.077 seconds
[2026-06-08T13:40:16.453+0000] {processor.py:161} INFO - Started process (PID=101409) to work on /home/airflow/.local/lib/python3.12/site-packages/airflow/example_dags/tutorial_taskflow_api_virtualenv.py
[2026-06-08T13:40:16.454+0000] {processor.py:830} INFO - Processing file /home/airflow/.local/lib/python3.12/site-packages/airflow/example_dags/tutorial_taskflow_api_virtualenv.py for tasks to queue
[2026-06-08T13:40:16.456+0000] {logging_mixin.py:188} INFO - [2026-06-08T13:40:16.456+0000] {dagbag.py:545} INFO - Filling up the DagBag from /home/airflow/.local/lib/python3.12/site-packages/airflow/example_dags/tutorial_taskflow_api_virtualenv.py
[2026-06-08T13:40:16.465+0000] {processor.py:840} INFO - DAG(s) 'tutorial_taskflow_api_virtualenv' retrieved from /home/airflow/.local/lib/python3.12/site-packages/airflow/example_dags/tutorial_taskflow_api_virtualenv.py
[2026-06-08T13:40:16.484+0000] {logging_mixin.py:188} INFO - [2026-06-08T13:40:16.484+0000] {dag.py:3096} INFO - Sync 1 DAGs
[2026-06-08T13:40:16.499+0000] {logging_mixin.py:188} INFO - [2026-06-08T13:40:16.498+0000] {dag.py:3954} INFO - Setting next_dagrun for tutorial_taskflow_api_virtualenv to None, run_after=None
[2026-06-08T13:40:16.520+0000] {processor.py:183} INFO - Processing /home/airflow/.local/lib/python3.12/site-packages/airflow/example_dags/tutorial_taskflow_api_virtualenv.py took 0.072 seconds
[2026-06-08T13:40:47.386+0000] {processor.py:161} INFO - Started process (PID=101665) to work on /home/airflow/.local/lib/python3.12/site-packages/airflow/example_dags/tutorial_taskflow_api_virtualenv.py
[2026-06-08T13:40:47.387+0000] {processor.py:830} INFO - Processing file /home/airflow/.local/lib/python3.12/site-packages/airflow/example_dags/tutorial_taskflow_api_virtualenv.py for tasks to queue
[2026-06-08T13:40:47.389+0000] {logging_mixin.py:188} INFO - [2026-06-08T13:40:47.389+0000] {dagbag.py:545} INFO - Filling up the DagBag from /home/airflow/.local/lib/python3.12/site-packages/airflow/example_dags/tutorial_taskflow_api_virtualenv.py
[2026-06-08T13:40:47.398+0000] {processor.py:840} INFO - DAG(s) 'tutorial_taskflow_api_virtualenv' retrieved from /home/airflow/.local/lib/python3.12/site-packages/airflow/example_dags/tutorial_taskflow_api_virtualenv.py
[2026-06-08T13:40:47.418+0000] {logging_mixin.py:188} INFO - [2026-06-08T13:40:47.418+0000] {dag.py:3096} INFO - Sync 1 DAGs
[2026-06-08T13:40:47.432+0000] {logging_mixin.py:188} INFO - [2026-06-08T13:40:47.431+0000] {dag.py:3954} INFO - Setting next_dagrun for tutorial_taskflow_api_virtualenv to None, run_after=None
[2026-06-08T13:40:47.452+0000] {processor.py:183} INFO - Processing /home/airflow/.local/lib/python3.12/site-packages/airflow/example_dags/tutorial_taskflow_api_virtualenv.py took 0.071 seconds
[2026-06-08T13:41:17.509+0000] {processor.py:161} INFO - Started process (PID=101922) to work on /home/airflow/.local/lib/python3.12/site-packages/airflow/example_dags/tutorial_taskflow_api_virtualenv.py
[2026-06-08T13:41:17.510+0000] {processor.py:830} INFO - Processing file /home/airflow/.local/lib/python3.12/site-packages/airflow/example_dags/tutorial_taskflow_api_virtualenv.py for tasks to queue
[2026-06-08T13:41:17.512+0000] {logging_mixin.py:188} INFO - [2026-06-08T13:41:17.511+0000] {dagbag.py:545} INFO - Filling up the DagBag from /home/airflow/.local/lib/python3.12/site-packages/airflow/example_dags/tutorial_taskflow_api_virtualenv.py
[2026-06-08T13:41:17.521+0000] {processor.py:840} INFO - DAG(s) 'tutorial_taskflow_api_virtualenv' retrieved from /home/airflow/.local/lib/python3.12/site-packages/airflow/example_dags/tutorial_taskflow_api_virtualenv.py
[2026-06-08T13:41:17.542+0000] {logging_mixin.py:188} INFO - [2026-06-08T13:41:17.542+0000] {dag.py:3096} INFO - Sync 1 DAGs
[2026-06-08T13:41:17.553+0000] {logging_mixin.py:188} INFO - [2026-06-08T13:41:17.553+0000] {dag.py:3954} INFO - Setting next_dagrun for tutorial_taskflow_api_virtualenv to None, run_after=None
[2026-06-08T13:41:17.575+0000] {processor.py:183} INFO - Processing /home/airflow/.local/lib/python3.12/site-packages/airflow/example_dags/tutorial_taskflow_api_virtualenv.py took 0.072 seconds
[2026-06-08T13:41:48.232+0000] {processor.py:161} INFO - Started process (PID=102189) to work on /home/airflow/.local/lib/python3.12/site-packages/airflow/example_dags/tutorial_taskflow_api_virtualenv.py
[2026-06-08T13:41:48.233+0000] {processor.py:830} INFO - Processing file /home/airflow/.local/lib/python3.12/site-packages/airflow/example_dags/tutorial_taskflow_api_virtualenv.py for tasks to queue
[2026-06-08T13:41:48.237+0000] {logging_mixin.py:188} INFO - [2026-06-08T13:41:48.236+0000] {dagbag.py:545} INFO - Filling up the DagBag from /home/airflow/.local/lib/python3.12/site-packages/airflow/example_dags/tutorial_taskflow_api_virtualenv.py
[2026-06-08T13:41:48.245+0000] {processor.py:840} INFO - DAG(s) 'tutorial_taskflow_api_virtualenv' retrieved from /home/airflow/.local/lib/python3.12/site-packages/airflow/example_dags/tutorial_taskflow_api_virtualenv.py
[2026-06-08T13:41:48.265+0000] {logging_mixin.py:188} INFO - [2026-06-08T13:41:48.264+0000] {dag.py:3096} INFO - Sync 1 DAGs
[2026-06-08T13:41:48.278+0000] {logging_mixin.py:188} INFO - [2026-06-08T13:41:48.278+0000] {dag.py:3954} INFO - Setting next_dagrun for tutorial_taskflow_api_virtualenv to None, run_after=None
[2026-06-08T13:41:48.302+0000] {processor.py:183} INFO - Processing /home/airflow/.local/lib/python3.12/site-packages/airflow/example_dags/tutorial_taskflow_api_virtualenv.py took 0.075 seconds
[2026-06-08T13:42:19.065+0000] {processor.py:161} INFO - Started process (PID=102451) to work on /home/airflow/.local/lib/python3.12/site-packages/airflow/example_dags/tutorial_taskflow_api_virtualenv.py
[2026-06-08T13:42:19.066+0000] {processor.py:830} INFO - Processing file /home/airflow/.local/lib/python3.12/site-packages/airflow/example_dags/tutorial_taskflow_api_virtualenv.py for tasks to queue
[2026-06-08T13:42:19.068+0000] {logging_mixin.py:188} INFO - [2026-06-08T13:42:19.068+0000] {dagbag.py:545} INFO - Filling up the DagBag from /home/airflow/.local/lib/python3.12/site-packages/airflow/example_dags/tutorial_taskflow_api_virtualenv.py
[2026-06-08T13:42:19.078+0000] {processor.py:840} INFO - DAG(s) 'tutorial_taskflow_api_virtualenv' retrieved from /home/airflow/.local/lib/python3.12/site-packages/airflow/example_dags/tutorial_taskflow_api_virtualenv.py
[2026-06-08T13:42:19.106+0000] {logging_mixin.py:188} INFO - [2026-06-08T13:42:19.106+0000] {dag.py:3096} INFO - Sync 1 DAGs
[2026-06-08T13:42:19.118+0000] {logging_mixin.py:188} INFO - [2026-06-08T13:42:19.118+0000] {dag.py:3954} INFO - Setting next_dagrun for tutorial_taskflow_api_virtualenv to None, run_after=None
[2026-06-08T13:42:19.146+0000] {processor.py:183} INFO - Processing /home/airflow/.local/lib/python3.12/site-packages/airflow/example_dags/tutorial_taskflow_api_virtualenv.py took 0.086 seconds
[2026-06-08T13:42:49.737+0000] {processor.py:161} INFO - Started process (PID=102713) to work on /home/airflow/.local/lib/python3.12/site-packages/airflow/example_dags/tutorial_taskflow_api_virtualenv.py
[2026-06-08T13:42:49.738+0000] {processor.py:830} INFO - Processing file /home/airflow/.local/lib/python3.12/site-packages/airflow/example_dags/tutorial_taskflow_api_virtualenv.py for tasks to queue
[2026-06-08T13:42:49.740+0000] {logging_mixin.py:188} INFO - [2026-06-08T13:42:49.740+0000] {dagbag.py:545} INFO - Filling up the DagBag from /home/airflow/.local/lib/python3.12/site-packages/airflow/example_dags/tutorial_taskflow_api_virtualenv.py
[2026-06-08T13:42:49.748+0000] {processor.py:840} INFO - DAG(s) 'tutorial_taskflow_api_virtualenv' retrieved from /home/airflow/.local/lib/python3.12/site-packages/airflow/example_dags/tutorial_taskflow_api_virtualenv.py
[2026-06-08T13:42:49.767+0000] {logging_mixin.py:188} INFO - [2026-06-08T13:42:49.767+0000] {dag.py:3096} INFO - Sync 1 DAGs
[2026-06-08T13:42:49.780+0000] {logging_mixin.py:188} INFO - [2026-06-08T13:42:49.780+0000] {dag.py:3954} INFO - Setting next_dagrun for tutorial_taskflow_api_virtualenv to None, run_after=None
[2026-06-08T13:42:49.801+0000] {processor.py:183} INFO - Processing /home/airflow/.local/lib/python3.12/site-packages/airflow/example_dags/tutorial_taskflow_api_virtualenv.py took 0.069 seconds
[2026-06-08T13:43:19.772+0000] {processor.py:161} INFO - Started process (PID=102977) to work on /home/airflow/.local/lib/python3.12/site-packages/airflow/example_dags/tutorial_taskflow_api_virtualenv.py
[2026-06-08T13:43:19.773+0000] {processor.py:830} INFO - Processing file /home/airflow/.local/lib/python3.12/site-packages/airflow/example_dags/tutorial_taskflow_api_virtualenv.py for tasks to queue
[2026-06-08T13:43:19.776+0000] {logging_mixin.py:188} INFO - [2026-06-08T13:43:19.775+0000] {dagbag.py:545} INFO - Filling up the DagBag from /home/airflow/.local/lib/python3.12/site-packages/airflow/example_dags/tutorial_taskflow_api_virtualenv.py
[2026-06-08T13:43:19.785+0000] {processor.py:840} INFO - DAG(s) 'tutorial_taskflow_api_virtualenv' retrieved from /home/airflow/.local/lib/python3.12/site-packages/airflow/example_dags/tutorial_taskflow_api_virtualenv.py
[2026-06-08T13:43:19.808+0000] {logging_mixin.py:188} INFO - [2026-06-08T13:43:19.808+0000] {dag.py:3096} INFO - Sync 1 DAGs
[2026-06-08T13:43:19.820+0000] {logging_mixin.py:188} INFO - [2026-06-08T13:43:19.820+0000] {dag.py:3954} INFO - Setting next_dagrun for tutorial_taskflow_api_virtualenv to None, run_after=None
[2026-06-08T13:43:19.843+0000] {processor.py:183} INFO - Processing /home/airflow/.local/lib/python3.12/site-packages/airflow/example_dags/tutorial_taskflow_api_virtualenv.py took 0.077 seconds
[2026-06-08T13:43:50.004+0000] {processor.py:161} INFO - Started process (PID=103229) to work on /home/airflow/.local/lib/python3.12/site-packages/airflow/example_dags/tutorial_taskflow_api_virtualenv.py
[2026-06-08T13:43:50.005+0000] {processor.py:830} INFO - Processing file /home/airflow/.local/lib/python3.12/site-packages/airflow/example_dags/tutorial_taskflow_api_virtualenv.py for tasks to queue
[2026-06-08T13:43:50.008+0000] {logging_mixin.py:188} INFO - [2026-06-08T13:43:50.007+0000] {dagbag.py:545} INFO - Filling up the DagBag from /home/airflow/.local/lib/python3.12/site-packages/airflow/example_dags/tutorial_taskflow_api_virtualenv.py
[2026-06-08T13:43:50.020+0000] {processor.py:840} INFO - DAG(s) 'tutorial_taskflow_api_virtualenv' retrieved from /home/airflow/.local/lib/python3.12/site-packages/airflow/example_dags/tutorial_taskflow_api_virtualenv.py
[2026-06-08T13:43:50.047+0000] {logging_mixin.py:188} INFO - [2026-06-08T13:43:50.047+0000] {dag.py:3096} INFO - Sync 1 DAGs
[2026-06-08T13:43:50.060+0000] {logging_mixin.py:188} INFO - [2026-06-08T13:43:50.060+0000] {dag.py:3954} INFO - Setting next_dagrun for tutorial_taskflow_api_virtualenv to None, run_after=None
[2026-06-08T13:43:50.081+0000] {processor.py:183} INFO - Processing /home/airflow/.local/lib/python3.12/site-packages/airflow/example_dags/tutorial_taskflow_api_virtualenv.py took 0.086 seconds
[2026-06-08T13:44:20.197+0000] {processor.py:161} INFO - Started process (PID=103491) to work on /home/airflow/.local/lib/python3.12/site-packages/airflow/example_dags/tutorial_taskflow_api_virtualenv.py
[2026-06-08T13:44:20.198+0000] {processor.py:830} INFO - Processing file /home/airflow/.local/lib/python3.12/site-packages/airflow/example_dags/tutorial_taskflow_api_virtualenv.py for tasks to queue
[2026-06-08T13:44:20.200+0000] {logging_mixin.py:188} INFO - [2026-06-08T13:44:20.199+0000] {dagbag.py:545} INFO - Filling up the DagBag from /home/airflow/.local/lib/python3.12/site-packages/airflow/example_dags/tutorial_taskflow_api_virtualenv.py
[2026-06-08T13:44:20.209+0000] {processor.py:840} INFO - DAG(s) 'tutorial_taskflow_api_virtualenv' retrieved from /home/airflow/.local/lib/python3.12/site-packages/airflow/example_dags/tutorial_taskflow_api_virtualenv.py
[2026-06-08T13:44:20.230+0000] {logging_mixin.py:188} INFO - [2026-06-08T13:44:20.230+0000] {dag.py:3096} INFO - Sync 1 DAGs
[2026-06-08T13:44:20.242+0000] {logging_mixin.py:188} INFO - [2026-06-08T13:44:20.241+0000] {dag.py:3954} INFO - Setting next_dagrun for tutorial_taskflow_api_virtualenv to None, run_after=None
[2026-06-08T13:44:20.263+0000] {processor.py:183} INFO - Processing /home/airflow/.local/lib/python3.12/site-packages/airflow/example_dags/tutorial_taskflow_api_virtualenv.py took 0.072 seconds
[2026-06-08T13:44:50.365+0000] {processor.py:161} INFO - Started process (PID=103753) to work on /home/airflow/.local/lib/python3.12/site-packages/airflow/example_dags/tutorial_taskflow_api_virtualenv.py
[2026-06-08T13:44:50.366+0000] {processor.py:830} INFO - Processing file /home/airflow/.local/lib/python3.12/site-packages/airflow/example_dags/tutorial_taskflow_api_virtualenv.py for tasks to queue
[2026-06-08T13:44:50.367+0000] {logging_mixin.py:188} INFO - [2026-06-08T13:44:50.367+0000] {dagbag.py:545} INFO - Filling up the DagBag from /home/airflow/.local/lib/python3.12/site-packages/airflow/example_dags/tutorial_taskflow_api_virtualenv.py
[2026-06-08T13:44:50.376+0000] {processor.py:840} INFO - DAG(s) 'tutorial_taskflow_api_virtualenv' retrieved from /home/airflow/.local/lib/python3.12/site-packages/airflow/example_dags/tutorial_taskflow_api_virtualenv.py
[2026-06-08T13:44:50.397+0000] {logging_mixin.py:188} INFO - [2026-06-08T13:44:50.397+0000] {dag.py:3096} INFO - Sync 1 DAGs
[2026-06-08T13:44:50.409+0000] {logging_mixin.py:188} INFO - [2026-06-08T13:44:50.409+0000] {dag.py:3954} INFO - Setting next_dagrun for tutorial_taskflow_api_virtualenv to None, run_after=None
[2026-06-08T13:44:50.430+0000] {processor.py:183} INFO - Processing /home/airflow/.local/lib/python3.12/site-packages/airflow/example_dags/tutorial_taskflow_api_virtualenv.py took 0.070 seconds
[2026-06-08T13:45:20.732+0000] {processor.py:161} INFO - Started process (PID=104021) to work on /home/airflow/.local/lib/python3.12/site-packages/airflow/example_dags/tutorial_taskflow_api_virtualenv.py
[2026-06-08T13:45:20.733+0000] {processor.py:830} INFO - Processing file /home/airflow/.local/lib/python3.12/site-packages/airflow/example_dags/tutorial_taskflow_api_virtualenv.py for tasks to queue
[2026-06-08T13:45:20.735+0000] {logging_mixin.py:188} INFO - [2026-06-08T13:45:20.735+0000] {dagbag.py:545} INFO - Filling up the DagBag from /home/airflow/.local/lib/python3.12/site-packages/airflow/example_dags/tutorial_taskflow_api_virtualenv.py
[2026-06-08T13:45:20.743+0000] {processor.py:840} INFO - DAG(s) 'tutorial_taskflow_api_virtualenv' retrieved from /home/airflow/.local/lib/python3.12/site-packages/airflow/example_dags/tutorial_taskflow_api_virtualenv.py
[2026-06-08T13:45:20.762+0000] {logging_mixin.py:188} INFO - [2026-06-08T13:45:20.762+0000] {dag.py:3096} INFO - Sync 1 DAGs
[2026-06-08T13:45:20.774+0000] {logging_mixin.py:188} INFO - [2026-06-08T13:45:20.774+0000] {dag.py:3954} INFO - Setting next_dagrun for tutorial_taskflow_api_virtualenv to None, run_after=None
[2026-06-08T13:45:20.793+0000] {processor.py:183} INFO - Processing /home/airflow/.local/lib/python3.12/site-packages/airflow/example_dags/tutorial_taskflow_api_virtualenv.py took 0.066 seconds
[2026-06-08T13:45:51.560+0000] {processor.py:161} INFO - Started process (PID=104288) to work on /home/airflow/.local/lib/python3.12/site-packages/airflow/example_dags/tutorial_taskflow_api_virtualenv.py
[2026-06-08T13:45:51.562+0000] {processor.py:830} INFO - Processing file /home/airflow/.local/lib/python3.12/site-packages/airflow/example_dags/tutorial_taskflow_api_virtualenv.py for tasks to queue
[2026-06-08T13:45:51.564+0000] {logging_mixin.py:188} INFO - [2026-06-08T13:45:51.563+0000] {dagbag.py:545} INFO - Filling up the DagBag from /home/airflow/.local/lib/python3.12/site-packages/airflow/example_dags/tutorial_taskflow_api_virtualenv.py
[2026-06-08T13:45:51.572+0000] {processor.py:840} INFO - DAG(s) 'tutorial_taskflow_api_virtualenv' retrieved from /home/airflow/.local/lib/python3.12/site-packages/airflow/example_dags/tutorial_taskflow_api_virtualenv.py
[2026-06-08T13:45:51.592+0000] {logging_mixin.py:188} INFO - [2026-06-08T13:45:51.592+0000] {dag.py:3096} INFO - Sync 1 DAGs
[2026-06-08T13:45:51.604+0000] {logging_mixin.py:188} INFO - [2026-06-08T13:45:51.604+0000] {dag.py:3954} INFO - Setting next_dagrun for tutorial_taskflow_api_virtualenv to None, run_after=None
[2026-06-08T13:45:51.625+0000] {processor.py:183} INFO - Processing /home/airflow/.local/lib/python3.12/site-packages/airflow/example_dags/tutorial_taskflow_api_virtualenv.py took 0.072 seconds
[2026-06-08T13:46:22.145+0000] {processor.py:161} INFO - Started process (PID=104551) to work on /home/airflow/.local/lib/python3.12/site-packages/airflow/example_dags/tutorial_taskflow_api_virtualenv.py
[2026-06-08T13:46:22.146+0000] {processor.py:830} INFO - Processing file /home/airflow/.local/lib/python3.12/site-packages/airflow/example_dags/tutorial_taskflow_api_virtualenv.py for tasks to queue
[2026-06-08T13:46:22.148+0000] {logging_mixin.py:188} INFO - [2026-06-08T13:46:22.148+0000] {dagbag.py:545} INFO - Filling up the DagBag from /home/airflow/.local/lib/python3.12/site-packages/airflow/example_dags/tutorial_taskflow_api_virtualenv.py
[2026-06-08T13:46:22.157+0000] {processor.py:840} INFO - DAG(s) 'tutorial_taskflow_api_virtualenv' retrieved from /home/airflow/.local/lib/python3.12/site-packages/airflow/example_dags/tutorial_taskflow_api_virtualenv.py
[2026-06-08T13:46:22.178+0000] {logging_mixin.py:188} INFO - [2026-06-08T13:46:22.178+0000] {dag.py:3096} INFO - Sync 1 DAGs
[2026-06-08T13:46:22.191+0000] {logging_mixin.py:188} INFO - [2026-06-08T13:46:22.190+0000] {dag.py:3954} INFO - Setting next_dagrun for tutorial_taskflow_api_virtualenv to None, run_after=None
[2026-06-08T13:46:22.213+0000] {processor.py:183} INFO - Processing /home/airflow/.local/lib/python3.12/site-packages/airflow/example_dags/tutorial_taskflow_api_virtualenv.py took 0.073 seconds
[2026-06-08T13:46:52.321+0000] {processor.py:161} INFO - Started process (PID=104811) to work on /home/airflow/.local/lib/python3.12/site-packages/airflow/example_dags/tutorial_taskflow_api_virtualenv.py
[2026-06-08T13:46:52.322+0000] {processor.py:830} INFO - Processing file /home/airflow/.local/lib/python3.12/site-packages/airflow/example_dags/tutorial_taskflow_api_virtualenv.py for tasks to queue
[2026-06-08T13:46:52.324+0000] {logging_mixin.py:188} INFO - [2026-06-08T13:46:52.324+0000] {dagbag.py:545} INFO - Filling up the DagBag from /home/airflow/.local/lib/python3.12/site-packages/airflow/example_dags/tutorial_taskflow_api_virtualenv.py
[2026-06-08T13:46:52.333+0000] {processor.py:840} INFO - DAG(s) 'tutorial_taskflow_api_virtualenv' retrieved from /home/airflow/.local/lib/python3.12/site-packages/airflow/example_dags/tutorial_taskflow_api_virtualenv.py
[2026-06-08T13:46:52.357+0000] {logging_mixin.py:188} INFO - [2026-06-08T13:46:52.357+0000] {dag.py:3096} INFO - Sync 1 DAGs
[2026-06-08T13:46:52.369+0000] {logging_mixin.py:188} INFO - [2026-06-08T13:46:52.369+0000] {dag.py:3954} INFO - Setting next_dagrun for tutorial_taskflow_api_virtualenv to None, run_after=None
[2026-06-08T13:46:52.389+0000] {processor.py:183} INFO - Processing /home/airflow/.local/lib/python3.12/site-packages/airflow/example_dags/tutorial_taskflow_api_virtualenv.py took 0.073 seconds
[2026-06-08T13:47:22.540+0000] {processor.py:161} INFO - Started process (PID=105079) to work on /home/airflow/.local/lib/python3.12/site-packages/airflow/example_dags/tutorial_taskflow_api_virtualenv.py
[2026-06-08T13:47:22.541+0000] {processor.py:830} INFO - Processing file /home/airflow/.local/lib/python3.12/site-packages/airflow/example_dags/tutorial_taskflow_api_virtualenv.py for tasks to queue
[2026-06-08T13:47:22.543+0000] {logging_mixin.py:188} INFO - [2026-06-08T13:47:22.542+0000] {dagbag.py:545} INFO - Filling up the DagBag from /home/airflow/.local/lib/python3.12/site-packages/airflow/example_dags/tutorial_taskflow_api_virtualenv.py
[2026-06-08T13:47:22.551+0000] {processor.py:840} INFO - DAG(s) 'tutorial_taskflow_api_virtualenv' retrieved from /home/airflow/.local/lib/python3.12/site-packages/airflow/example_dags/tutorial_taskflow_api_virtualenv.py
[2026-06-08T13:47:22.571+0000] {logging_mixin.py:188} INFO - [2026-06-08T13:47:22.570+0000] {dag.py:3096} INFO - Sync 1 DAGs
[2026-06-08T13:47:22.583+0000] {logging_mixin.py:188} INFO - [2026-06-08T13:47:22.583+0000] {dag.py:3954} INFO - Setting next_dagrun for tutorial_taskflow_api_virtualenv to None, run_after=None
[2026-06-08T13:47:22.602+0000] {processor.py:183} INFO - Processing /home/airflow/.local/lib/python3.12/site-packages/airflow/example_dags/tutorial_taskflow_api_virtualenv.py took 0.068 seconds
[2026-06-08T13:47:52.869+0000] {processor.py:161} INFO - Started process (PID=105343) to work on /home/airflow/.local/lib/python3.12/site-packages/airflow/example_dags/tutorial_taskflow_api_virtualenv.py
[2026-06-08T13:47:52.870+0000] {processor.py:830} INFO - Processing file /home/airflow/.local/lib/python3.12/site-packages/airflow/example_dags/tutorial_taskflow_api_virtualenv.py for tasks to queue
[2026-06-08T13:47:52.872+0000] {logging_mixin.py:188} INFO - [2026-06-08T13:47:52.872+0000] {dagbag.py:545} INFO - Filling up the DagBag from /home/airflow/.local/lib/python3.12/site-packages/airflow/example_dags/tutorial_taskflow_api_virtualenv.py
[2026-06-08T13:47:52.881+0000] {processor.py:840} INFO - DAG(s) 'tutorial_taskflow_api_virtualenv' retrieved from /home/airflow/.local/lib/python3.12/site-packages/airflow/example_dags/tutorial_taskflow_api_virtualenv.py
[2026-06-08T13:47:52.902+0000] {logging_mixin.py:188} INFO - [2026-06-08T13:47:52.902+0000] {dag.py:3096} INFO - Sync 1 DAGs
[2026-06-08T13:47:52.914+0000] {logging_mixin.py:188} INFO - [2026-06-08T13:47:52.914+0000] {dag.py:3954} INFO - Setting next_dagrun for tutorial_taskflow_api_virtualenv to None, run_after=None
[2026-06-08T13:47:52.936+0000] {processor.py:183} INFO - Processing /home/airflow/.local/lib/python3.12/site-packages/airflow/example_dags/tutorial_taskflow_api_virtualenv.py took 0.071 seconds
[2026-06-08T13:48:23.156+0000] {processor.py:161} INFO - Started process (PID=105605) to work on /home/airflow/.local/lib/python3.12/site-packages/airflow/example_dags/tutorial_taskflow_api_virtualenv.py
[2026-06-08T13:48:23.157+0000] {processor.py:830} INFO - Processing file /home/airflow/.local/lib/python3.12/site-packages/airflow/example_dags/tutorial_taskflow_api_virtualenv.py for tasks to queue
[2026-06-08T13:48:23.159+0000] {logging_mixin.py:188} INFO - [2026-06-08T13:48:23.159+0000] {dagbag.py:545} INFO - Filling up the DagBag from /home/airflow/.local/lib/python3.12/site-packages/airflow/example_dags/tutorial_taskflow_api_virtualenv.py
[2026-06-08T13:48:23.168+0000] {processor.py:840} INFO - DAG(s) 'tutorial_taskflow_api_virtualenv' retrieved from /home/airflow/.local/lib/python3.12/site-packages/airflow/example_dags/tutorial_taskflow_api_virtualenv.py
[2026-06-08T13:48:23.188+0000] {logging_mixin.py:188} INFO - [2026-06-08T13:48:23.188+0000] {dag.py:3096} INFO - Sync 1 DAGs
[2026-06-08T13:48:23.202+0000] {logging_mixin.py:188} INFO - [2026-06-08T13:48:23.202+0000] {dag.py:3954} INFO - Setting next_dagrun for tutorial_taskflow_api_virtualenv to None, run_after=None
[2026-06-08T13:48:23.223+0000] {processor.py:183} INFO - Processing /home/airflow/.local/lib/python3.12/site-packages/airflow/example_dags/tutorial_taskflow_api_virtualenv.py took 0.074 seconds
[2026-06-08T13:48:53.290+0000] {processor.py:161} INFO - Started process (PID=105865) to work on /home/airflow/.local/lib/python3.12/site-packages/airflow/example_dags/tutorial_taskflow_api_virtualenv.py
[2026-06-08T13:48:53.291+0000] {processor.py:830} INFO - Processing file /home/airflow/.local/lib/python3.12/site-packages/airflow/example_dags/tutorial_taskflow_api_virtualenv.py for tasks to queue
[2026-06-08T13:48:53.294+0000] {logging_mixin.py:188} INFO - [2026-06-08T13:48:53.293+0000] {dagbag.py:545} INFO - Filling up the DagBag from /home/airflow/.local/lib/python3.12/site-packages/airflow/example_dags/tutorial_taskflow_api_virtualenv.py
[2026-06-08T13:48:53.304+0000] {processor.py:840} INFO - DAG(s) 'tutorial_taskflow_api_virtualenv' retrieved from /home/airflow/.local/lib/python3.12/site-packages/airflow/example_dags/tutorial_taskflow_api_virtualenv.py
[2026-06-08T13:48:53.325+0000] {logging_mixin.py:188} INFO - [2026-06-08T13:48:53.325+0000] {dag.py:3096} INFO - Sync 1 DAGs
[2026-06-08T13:48:53.338+0000] {logging_mixin.py:188} INFO - [2026-06-08T13:48:53.337+0000] {dag.py:3954} INFO - Setting next_dagrun for tutorial_taskflow_api_virtualenv to None, run_after=None
[2026-06-08T13:48:53.361+0000] {processor.py:183} INFO - Processing /home/airflow/.local/lib/python3.12/site-packages/airflow/example_dags/tutorial_taskflow_api_virtualenv.py took 0.076 seconds
[2026-06-08T13:49:23.417+0000] {processor.py:161} INFO - Started process (PID=106122) to work on /home/airflow/.local/lib/python3.12/site-packages/airflow/example_dags/tutorial_taskflow_api_virtualenv.py
[2026-06-08T13:49:23.418+0000] {processor.py:830} INFO - Processing file /home/airflow/.local/lib/python3.12/site-packages/airflow/example_dags/tutorial_taskflow_api_virtualenv.py for tasks to queue
[2026-06-08T13:49:23.420+0000] {logging_mixin.py:188} INFO - [2026-06-08T13:49:23.420+0000] {dagbag.py:545} INFO - Filling up the DagBag from /home/airflow/.local/lib/python3.12/site-packages/airflow/example_dags/tutorial_taskflow_api_virtualenv.py
[2026-06-08T13:49:23.428+0000] {processor.py:840} INFO - DAG(s) 'tutorial_taskflow_api_virtualenv' retrieved from /home/airflow/.local/lib/python3.12/site-packages/airflow/example_dags/tutorial_taskflow_api_virtualenv.py
[2026-06-08T13:49:23.451+0000] {logging_mixin.py:188} INFO - [2026-06-08T13:49:23.451+0000] {dag.py:3096} INFO - Sync 1 DAGs
[2026-06-08T13:49:23.463+0000] {logging_mixin.py:188} INFO - [2026-06-08T13:49:23.463+0000] {dag.py:3954} INFO - Setting next_dagrun for tutorial_taskflow_api_virtualenv to None, run_after=None
[2026-06-08T13:49:23.485+0000] {processor.py:183} INFO - Processing /home/airflow/.local/lib/python3.12/site-packages/airflow/example_dags/tutorial_taskflow_api_virtualenv.py took 0.072 seconds
[2026-06-08T13:49:53.962+0000] {processor.py:161} INFO - Started process (PID=106389) to work on /home/airflow/.local/lib/python3.12/site-packages/airflow/example_dags/tutorial_taskflow_api_virtualenv.py
[2026-06-08T13:49:53.963+0000] {processor.py:830} INFO - Processing file /home/airflow/.local/lib/python3.12/site-packages/airflow/example_dags/tutorial_taskflow_api_virtualenv.py for tasks to queue
[2026-06-08T13:49:53.966+0000] {logging_mixin.py:188} INFO - [2026-06-08T13:49:53.965+0000] {dagbag.py:545} INFO - Filling up the DagBag from /home/airflow/.local/lib/python3.12/site-packages/airflow/example_dags/tutorial_taskflow_api_virtualenv.py
[2026-06-08T13:49:53.977+0000] {processor.py:840} INFO - DAG(s) 'tutorial_taskflow_api_virtualenv' retrieved from /home/airflow/.local/lib/python3.12/site-packages/airflow/example_dags/tutorial_taskflow_api_virtualenv.py
[2026-06-08T13:49:54.002+0000] {logging_mixin.py:188} INFO - [2026-06-08T13:49:54.002+0000] {dag.py:3096} INFO - Sync 1 DAGs
[2026-06-08T13:49:54.014+0000] {logging_mixin.py:188} INFO - [2026-06-08T13:49:54.014+0000] {dag.py:3954} INFO - Setting next_dagrun for tutorial_taskflow_api_virtualenv to None, run_after=None
[2026-06-08T13:49:54.034+0000] {processor.py:183} INFO - Processing /home/airflow/.local/lib/python3.12/site-packages/airflow/example_dags/tutorial_taskflow_api_virtualenv.py took 0.078 seconds
[2026-06-08T13:50:24.205+0000] {processor.py:161} INFO - Started process (PID=106651) to work on /home/airflow/.local/lib/python3.12/site-packages/airflow/example_dags/tutorial_taskflow_api_virtualenv.py
[2026-06-08T13:50:24.207+0000] {processor.py:830} INFO - Processing file /home/airflow/.local/lib/python3.12/site-packages/airflow/example_dags/tutorial_taskflow_api_virtualenv.py for tasks to queue
[2026-06-08T13:50:24.209+0000] {logging_mixin.py:188} INFO - [2026-06-08T13:50:24.209+0000] {dagbag.py:545} INFO - Filling up the DagBag from /home/airflow/.local/lib/python3.12/site-packages/airflow/example_dags/tutorial_taskflow_api_virtualenv.py
[2026-06-08T13:50:24.219+0000] {processor.py:840} INFO - DAG(s) 'tutorial_taskflow_api_virtualenv' retrieved from /home/airflow/.local/lib/python3.12/site-packages/airflow/example_dags/tutorial_taskflow_api_virtualenv.py
[2026-06-08T13:50:24.241+0000] {logging_mixin.py:188} INFO - [2026-06-08T13:50:24.241+0000] {dag.py:3096} INFO - Sync 1 DAGs
[2026-06-08T13:50:24.252+0000] {logging_mixin.py:188} INFO - [2026-06-08T13:50:24.252+0000] {dag.py:3954} INFO - Setting next_dagrun for tutorial_taskflow_api_virtualenv to None, run_after=None
[2026-06-08T13:50:24.273+0000] {processor.py:183} INFO - Processing /home/airflow/.local/lib/python3.12/site-packages/airflow/example_dags/tutorial_taskflow_api_virtualenv.py took 0.074 seconds
[2026-06-08T13:50:54.466+0000] {processor.py:161} INFO - Started process (PID=106913) to work on /home/airflow/.local/lib/python3.12/site-packages/airflow/example_dags/tutorial_taskflow_api_virtualenv.py
[2026-06-08T13:50:54.467+0000] {processor.py:830} INFO - Processing file /home/airflow/.local/lib/python3.12/site-packages/airflow/example_dags/tutorial_taskflow_api_virtualenv.py for tasks to queue
[2026-06-08T13:50:54.468+0000] {logging_mixin.py:188} INFO - [2026-06-08T13:50:54.468+0000] {dagbag.py:545} INFO - Filling up the DagBag from /home/airflow/.local/lib/python3.12/site-packages/airflow/example_dags/tutorial_taskflow_api_virtualenv.py
[2026-06-08T13:50:54.477+0000] {processor.py:840} INFO - DAG(s) 'tutorial_taskflow_api_virtualenv' retrieved from /home/airflow/.local/lib/python3.12/site-packages/airflow/example_dags/tutorial_taskflow_api_virtualenv.py
[2026-06-08T13:50:54.499+0000] {logging_mixin.py:188} INFO - [2026-06-08T13:50:54.499+0000] {dag.py:3096} INFO - Sync 1 DAGs
[2026-06-08T13:50:54.511+0000] {logging_mixin.py:188} INFO - [2026-06-08T13:50:54.510+0000] {dag.py:3954} INFO - Setting next_dagrun for tutorial_taskflow_api_virtualenv to None, run_after=None
[2026-06-08T13:50:54.532+0000] {processor.py:183} INFO - Processing /home/airflow/.local/lib/python3.12/site-packages/airflow/example_dags/tutorial_taskflow_api_virtualenv.py took 0.071 seconds
[2026-06-08T13:51:24.890+0000] {processor.py:161} INFO - Started process (PID=107177) to work on /home/airflow/.local/lib/python3.12/site-packages/airflow/example_dags/tutorial_taskflow_api_virtualenv.py
[2026-06-08T13:51:24.892+0000] {processor.py:830} INFO - Processing file /home/airflow/.local/lib/python3.12/site-packages/airflow/example_dags/tutorial_taskflow_api_virtualenv.py for tasks to queue
[2026-06-08T13:51:24.894+0000] {logging_mixin.py:188} INFO - [2026-06-08T13:51:24.894+0000] {dagbag.py:545} INFO - Filling up the DagBag from /home/airflow/.local/lib/python3.12/site-packages/airflow/example_dags/tutorial_taskflow_api_virtualenv.py
[2026-06-08T13:51:24.905+0000] {processor.py:840} INFO - DAG(s) 'tutorial_taskflow_api_virtualenv' retrieved from /home/airflow/.local/lib/python3.12/site-packages/airflow/example_dags/tutorial_taskflow_api_virtualenv.py
[2026-06-08T13:51:24.930+0000] {logging_mixin.py:188} INFO - [2026-06-08T13:51:24.930+0000] {dag.py:3096} INFO - Sync 1 DAGs
[2026-06-08T13:51:24.944+0000] {logging_mixin.py:188} INFO - [2026-06-08T13:51:24.944+0000] {dag.py:3954} INFO - Setting next_dagrun for tutorial_taskflow_api_virtualenv to None, run_after=None
[2026-06-08T13:51:24.971+0000] {processor.py:183} INFO - Processing /home/airflow/.local/lib/python3.12/site-packages/airflow/example_dags/tutorial_taskflow_api_virtualenv.py took 0.087 seconds
[2026-06-08T13:51:55.066+0000] {processor.py:161} INFO - Started process (PID=107437) to work on /home/airflow/.local/lib/python3.12/site-packages/airflow/example_dags/tutorial_taskflow_api_virtualenv.py
[2026-06-08T13:51:55.067+0000] {processor.py:830} INFO - Processing file /home/airflow/.local/lib/python3.12/site-packages/airflow/example_dags/tutorial_taskflow_api_virtualenv.py for tasks to queue
[2026-06-08T13:51:55.069+0000] {logging_mixin.py:188} INFO - [2026-06-08T13:51:55.068+0000] {dagbag.py:545} INFO - Filling up the DagBag from /home/airflow/.local/lib/python3.12/site-packages/airflow/example_dags/tutorial_taskflow_api_virtualenv.py
[2026-06-08T13:51:55.079+0000] {processor.py:840} INFO - DAG(s) 'tutorial_taskflow_api_virtualenv' retrieved from /home/airflow/.local/lib/python3.12/site-packages/airflow/example_dags/tutorial_taskflow_api_virtualenv.py
[2026-06-08T13:51:55.102+0000] {logging_mixin.py:188} INFO - [2026-06-08T13:51:55.102+0000] {dag.py:3096} INFO - Sync 1 DAGs
[2026-06-08T13:51:55.118+0000] {logging_mixin.py:188} INFO - [2026-06-08T13:51:55.118+0000] {dag.py:3954} INFO - Setting next_dagrun for tutorial_taskflow_api_virtualenv to None, run_after=None
[2026-06-08T13:51:55.142+0000] {processor.py:183} INFO - Processing /home/airflow/.local/lib/python3.12/site-packages/airflow/example_dags/tutorial_taskflow_api_virtualenv.py took 0.081 seconds
[2026-06-08T13:52:25.960+0000] {processor.py:161} INFO - Started process (PID=107699) to work on /home/airflow/.local/lib/python3.12/site-packages/airflow/example_dags/tutorial_taskflow_api_virtualenv.py
[2026-06-08T13:52:25.962+0000] {processor.py:830} INFO - Processing file /home/airflow/.local/lib/python3.12/site-packages/airflow/example_dags/tutorial_taskflow_api_virtualenv.py for tasks to queue
[2026-06-08T13:52:25.964+0000] {logging_mixin.py:188} INFO - [2026-06-08T13:52:25.964+0000] {dagbag.py:545} INFO - Filling up the DagBag from /home/airflow/.local/lib/python3.12/site-packages/airflow/example_dags/tutorial_taskflow_api_virtualenv.py
[2026-06-08T13:52:25.978+0000] {processor.py:840} INFO - DAG(s) 'tutorial_taskflow_api_virtualenv' retrieved from /home/airflow/.local/lib/python3.12/site-packages/airflow/example_dags/tutorial_taskflow_api_virtualenv.py
[2026-06-08T13:52:26.006+0000] {logging_mixin.py:188} INFO - [2026-06-08T13:52:26.006+0000] {dag.py:3096} INFO - Sync 1 DAGs
[2026-06-08T13:52:26.021+0000] {logging_mixin.py:188} INFO - [2026-06-08T13:52:26.021+0000] {dag.py:3954} INFO - Setting next_dagrun for tutorial_taskflow_api_virtualenv to None, run_after=None
[2026-06-08T13:52:26.047+0000] {processor.py:183} INFO - Processing /home/airflow/.local/lib/python3.12/site-packages/airflow/example_dags/tutorial_taskflow_api_virtualenv.py took 0.096 seconds
[2026-06-08T13:52:56.593+0000] {processor.py:161} INFO - Started process (PID=107961) to work on /home/airflow/.local/lib/python3.12/site-packages/airflow/example_dags/tutorial_taskflow_api_virtualenv.py
[2026-06-08T13:52:56.595+0000] {processor.py:830} INFO - Processing file /home/airflow/.local/lib/python3.12/site-packages/airflow/example_dags/tutorial_taskflow_api_virtualenv.py for tasks to queue
[2026-06-08T13:52:56.598+0000] {logging_mixin.py:188} INFO - [2026-06-08T13:52:56.597+0000] {dagbag.py:545} INFO - Filling up the DagBag from /home/airflow/.local/lib/python3.12/site-packages/airflow/example_dags/tutorial_taskflow_api_virtualenv.py
[2026-06-08T13:52:56.608+0000] {processor.py:840} INFO - DAG(s) 'tutorial_taskflow_api_virtualenv' retrieved from /home/airflow/.local/lib/python3.12/site-packages/airflow/example_dags/tutorial_taskflow_api_virtualenv.py
[2026-06-08T13:52:56.635+0000] {logging_mixin.py:188} INFO - [2026-06-08T13:52:56.634+0000] {dag.py:3096} INFO - Sync 1 DAGs
[2026-06-08T13:52:56.654+0000] {logging_mixin.py:188} INFO - [2026-06-08T13:52:56.653+0000] {dag.py:3954} INFO - Setting next_dagrun for tutorial_taskflow_api_virtualenv to None, run_after=None
[2026-06-08T13:52:56.679+0000] {processor.py:183} INFO - Processing /home/airflow/.local/lib/python3.12/site-packages/airflow/example_dags/tutorial_taskflow_api_virtualenv.py took 0.093 seconds
[2026-06-08T13:53:27.079+0000] {processor.py:161} INFO - Started process (PID=108223) to work on /home/airflow/.local/lib/python3.12/site-packages/airflow/example_dags/tutorial_taskflow_api_virtualenv.py
[2026-06-08T13:53:27.080+0000] {processor.py:830} INFO - Processing file /home/airflow/.local/lib/python3.12/site-packages/airflow/example_dags/tutorial_taskflow_api_virtualenv.py for tasks to queue
[2026-06-08T13:53:27.083+0000] {logging_mixin.py:188} INFO - [2026-06-08T13:53:27.082+0000] {dagbag.py:545} INFO - Filling up the DagBag from /home/airflow/.local/lib/python3.12/site-packages/airflow/example_dags/tutorial_taskflow_api_virtualenv.py
[2026-06-08T13:53:27.097+0000] {processor.py:840} INFO - DAG(s) 'tutorial_taskflow_api_virtualenv' retrieved from /home/airflow/.local/lib/python3.12/site-packages/airflow/example_dags/tutorial_taskflow_api_virtualenv.py
[2026-06-08T13:53:27.121+0000] {logging_mixin.py:188} INFO - [2026-06-08T13:53:27.120+0000] {dag.py:3096} INFO - Sync 1 DAGs
[2026-06-08T13:53:27.135+0000] {logging_mixin.py:188} INFO - [2026-06-08T13:53:27.135+0000] {dag.py:3954} INFO - Setting next_dagrun for tutorial_taskflow_api_virtualenv to None, run_after=None
[2026-06-08T13:53:27.159+0000] {processor.py:183} INFO - Processing /home/airflow/.local/lib/python3.12/site-packages/airflow/example_dags/tutorial_taskflow_api_virtualenv.py took 0.089 seconds
[2026-06-08T13:53:57.505+0000] {processor.py:161} INFO - Started process (PID=108486) to work on /home/airflow/.local/lib/python3.12/site-packages/airflow/example_dags/tutorial_taskflow_api_virtualenv.py
[2026-06-08T13:53:57.507+0000] {processor.py:830} INFO - Processing file /home/airflow/.local/lib/python3.12/site-packages/airflow/example_dags/tutorial_taskflow_api_virtualenv.py for tasks to queue
[2026-06-08T13:53:57.508+0000] {logging_mixin.py:188} INFO - [2026-06-08T13:53:57.508+0000] {dagbag.py:545} INFO - Filling up the DagBag from /home/airflow/.local/lib/python3.12/site-packages/airflow/example_dags/tutorial_taskflow_api_virtualenv.py
[2026-06-08T13:53:57.520+0000] {processor.py:840} INFO - DAG(s) 'tutorial_taskflow_api_virtualenv' retrieved from /home/airflow/.local/lib/python3.12/site-packages/airflow/example_dags/tutorial_taskflow_api_virtualenv.py
[2026-06-08T13:53:57.543+0000] {logging_mixin.py:188} INFO - [2026-06-08T13:53:57.542+0000] {dag.py:3096} INFO - Sync 1 DAGs
[2026-06-08T13:53:57.557+0000] {logging_mixin.py:188} INFO - [2026-06-08T13:53:57.557+0000] {dag.py:3954} INFO - Setting next_dagrun for tutorial_taskflow_api_virtualenv to None, run_after=None
[2026-06-08T13:53:57.583+0000] {processor.py:183} INFO - Processing /home/airflow/.local/lib/python3.12/site-packages/airflow/example_dags/tutorial_taskflow_api_virtualenv.py took 0.084 seconds
[2026-06-08T13:54:27.659+0000] {processor.py:161} INFO - Started process (PID=108747) to work on /home/airflow/.local/lib/python3.12/site-packages/airflow/example_dags/tutorial_taskflow_api_virtualenv.py
[2026-06-08T13:54:27.659+0000] {processor.py:830} INFO - Processing file /home/airflow/.local/lib/python3.12/site-packages/airflow/example_dags/tutorial_taskflow_api_virtualenv.py for tasks to queue
[2026-06-08T13:54:27.662+0000] {logging_mixin.py:188} INFO - [2026-06-08T13:54:27.662+0000] {dagbag.py:545} INFO - Filling up the DagBag from /home/airflow/.local/lib/python3.12/site-packages/airflow/example_dags/tutorial_taskflow_api_virtualenv.py
[2026-06-08T13:54:27.672+0000] {processor.py:840} INFO - DAG(s) 'tutorial_taskflow_api_virtualenv' retrieved from /home/airflow/.local/lib/python3.12/site-packages/airflow/example_dags/tutorial_taskflow_api_virtualenv.py
[2026-06-08T13:54:27.695+0000] {logging_mixin.py:188} INFO - [2026-06-08T13:54:27.694+0000] {dag.py:3096} INFO - Sync 1 DAGs
[2026-06-08T13:54:27.708+0000] {logging_mixin.py:188} INFO - [2026-06-08T13:54:27.707+0000] {dag.py:3954} INFO - Setting next_dagrun for tutorial_taskflow_api_virtualenv to None, run_after=None
[2026-06-08T13:54:27.733+0000] {processor.py:183} INFO - Processing /home/airflow/.local/lib/python3.12/site-packages/airflow/example_dags/tutorial_taskflow_api_virtualenv.py took 0.080 seconds
[2026-06-08T13:54:58.325+0000] {processor.py:161} INFO - Started process (PID=109009) to work on /home/airflow/.local/lib/python3.12/site-packages/airflow/example_dags/tutorial_taskflow_api_virtualenv.py
[2026-06-08T13:54:58.326+0000] {processor.py:830} INFO - Processing file /home/airflow/.local/lib/python3.12/site-packages/airflow/example_dags/tutorial_taskflow_api_virtualenv.py for tasks to queue
[2026-06-08T13:54:58.329+0000] {logging_mixin.py:188} INFO - [2026-06-08T13:54:58.329+0000] {dagbag.py:545} INFO - Filling up the DagBag from /home/airflow/.local/lib/python3.12/site-packages/airflow/example_dags/tutorial_taskflow_api_virtualenv.py
[2026-06-08T13:54:58.339+0000] {processor.py:840} INFO - DAG(s) 'tutorial_taskflow_api_virtualenv' retrieved from /home/airflow/.local/lib/python3.12/site-packages/airflow/example_dags/tutorial_taskflow_api_virtualenv.py
[2026-06-08T13:54:58.361+0000] {logging_mixin.py:188} INFO - [2026-06-08T13:54:58.360+0000] {dag.py:3096} INFO - Sync 1 DAGs
[2026-06-08T13:54:58.374+0000] {logging_mixin.py:188} INFO - [2026-06-08T13:54:58.373+0000] {dag.py:3954} INFO - Setting next_dagrun for tutorial_taskflow_api_virtualenv to None, run_after=None
[2026-06-08T13:54:58.396+0000] {processor.py:183} INFO - Processing /home/airflow/.local/lib/python3.12/site-packages/airflow/example_dags/tutorial_taskflow_api_virtualenv.py took 0.077 seconds
[2026-06-08T13:55:28.970+0000] {processor.py:161} INFO - Started process (PID=109272) to work on /home/airflow/.local/lib/python3.12/site-packages/airflow/example_dags/tutorial_taskflow_api_virtualenv.py
[2026-06-08T13:55:28.971+0000] {processor.py:830} INFO - Processing file /home/airflow/.local/lib/python3.12/site-packages/airflow/example_dags/tutorial_taskflow_api_virtualenv.py for tasks to queue
[2026-06-08T13:55:28.973+0000] {logging_mixin.py:188} INFO - [2026-06-08T13:55:28.972+0000] {dagbag.py:545} INFO - Filling up the DagBag from /home/airflow/.local/lib/python3.12/site-packages/airflow/example_dags/tutorial_taskflow_api_virtualenv.py
[2026-06-08T13:55:28.984+0000] {processor.py:840} INFO - DAG(s) 'tutorial_taskflow_api_virtualenv' retrieved from /home/airflow/.local/lib/python3.12/site-packages/airflow/example_dags/tutorial_taskflow_api_virtualenv.py
[2026-06-08T13:55:29.008+0000] {logging_mixin.py:188} INFO - [2026-06-08T13:55:29.007+0000] {dag.py:3096} INFO - Sync 1 DAGs
[2026-06-08T13:55:29.022+0000] {logging_mixin.py:188} INFO - [2026-06-08T13:55:29.021+0000] {dag.py:3954} INFO - Setting next_dagrun for tutorial_taskflow_api_virtualenv to None, run_after=None
[2026-06-08T13:55:29.043+0000] {processor.py:183} INFO - Processing /home/airflow/.local/lib/python3.12/site-packages/airflow/example_dags/tutorial_taskflow_api_virtualenv.py took 0.080 seconds
[2026-06-08T13:55:59.416+0000] {processor.py:161} INFO - Started process (PID=109534) to work on /home/airflow/.local/lib/python3.12/site-packages/airflow/example_dags/tutorial_taskflow_api_virtualenv.py
[2026-06-08T13:55:59.417+0000] {processor.py:830} INFO - Processing file /home/airflow/.local/lib/python3.12/site-packages/airflow/example_dags/tutorial_taskflow_api_virtualenv.py for tasks to queue
[2026-06-08T13:55:59.419+0000] {logging_mixin.py:188} INFO - [2026-06-08T13:55:59.419+0000] {dagbag.py:545} INFO - Filling up the DagBag from /home/airflow/.local/lib/python3.12/site-packages/airflow/example_dags/tutorial_taskflow_api_virtualenv.py
[2026-06-08T13:55:59.428+0000] {processor.py:840} INFO - DAG(s) 'tutorial_taskflow_api_virtualenv' retrieved from /home/airflow/.local/lib/python3.12/site-packages/airflow/example_dags/tutorial_taskflow_api_virtualenv.py
[2026-06-08T13:55:59.446+0000] {logging_mixin.py:188} INFO - [2026-06-08T13:55:59.446+0000] {dag.py:3096} INFO - Sync 1 DAGs
[2026-06-08T13:55:59.457+0000] {logging_mixin.py:188} INFO - [2026-06-08T13:55:59.457+0000] {dag.py:3954} INFO - Setting next_dagrun for tutorial_taskflow_api_virtualenv to None, run_after=None
[2026-06-08T13:55:59.476+0000] {processor.py:183} INFO - Processing /home/airflow/.local/lib/python3.12/site-packages/airflow/example_dags/tutorial_taskflow_api_virtualenv.py took 0.065 seconds
[2026-06-08T13:56:29.985+0000] {processor.py:161} INFO - Started process (PID=109796) to work on /home/airflow/.local/lib/python3.12/site-packages/airflow/example_dags/tutorial_taskflow_api_virtualenv.py
[2026-06-08T13:56:29.986+0000] {processor.py:830} INFO - Processing file /home/airflow/.local/lib/python3.12/site-packages/airflow/example_dags/tutorial_taskflow_api_virtualenv.py for tasks to queue
[2026-06-08T13:56:29.988+0000] {logging_mixin.py:188} INFO - [2026-06-08T13:56:29.988+0000] {dagbag.py:545} INFO - Filling up the DagBag from /home/airflow/.local/lib/python3.12/site-packages/airflow/example_dags/tutorial_taskflow_api_virtualenv.py
[2026-06-08T13:56:29.998+0000] {processor.py:840} INFO - DAG(s) 'tutorial_taskflow_api_virtualenv' retrieved from /home/airflow/.local/lib/python3.12/site-packages/airflow/example_dags/tutorial_taskflow_api_virtualenv.py
[2026-06-08T13:56:30.141+0000] {logging_mixin.py:188} INFO - [2026-06-08T13:56:30.141+0000] {dag.py:3096} INFO - Sync 1 DAGs
[2026-06-08T13:56:30.150+0000] {logging_mixin.py:188} INFO - [2026-06-08T13:56:30.150+0000] {dag.py:3954} INFO - Setting next_dagrun for tutorial_taskflow_api_virtualenv to None, run_after=None
[2026-06-08T13:56:30.168+0000] {processor.py:183} INFO - Processing /home/airflow/.local/lib/python3.12/site-packages/airflow/example_dags/tutorial_taskflow_api_virtualenv.py took 0.189 seconds
[2026-06-08T13:57:00.518+0000] {processor.py:161} INFO - Started process (PID=110058) to work on /home/airflow/.local/lib/python3.12/site-packages/airflow/example_dags/tutorial_taskflow_api_virtualenv.py
[2026-06-08T13:57:00.519+0000] {processor.py:830} INFO - Processing file /home/airflow/.local/lib/python3.12/site-packages/airflow/example_dags/tutorial_taskflow_api_virtualenv.py for tasks to queue
[2026-06-08T13:57:00.522+0000] {logging_mixin.py:188} INFO - [2026-06-08T13:57:00.521+0000] {dagbag.py:545} INFO - Filling up the DagBag from /home/airflow/.local/lib/python3.12/site-packages/airflow/example_dags/tutorial_taskflow_api_virtualenv.py
[2026-06-08T13:57:00.530+0000] {processor.py:840} INFO - DAG(s) 'tutorial_taskflow_api_virtualenv' retrieved from /home/airflow/.local/lib/python3.12/site-packages/airflow/example_dags/tutorial_taskflow_api_virtualenv.py
[2026-06-08T13:57:00.551+0000] {logging_mixin.py:188} INFO - [2026-06-08T13:57:00.551+0000] {dag.py:3096} INFO - Sync 1 DAGs
[2026-06-08T13:57:00.562+0000] {logging_mixin.py:188} INFO - [2026-06-08T13:57:00.562+0000] {dag.py:3954} INFO - Setting next_dagrun for tutorial_taskflow_api_virtualenv to None, run_after=None
[2026-06-08T13:57:00.583+0000] {processor.py:183} INFO - Processing /home/airflow/.local/lib/python3.12/site-packages/airflow/example_dags/tutorial_taskflow_api_virtualenv.py took 0.071 seconds
[2026-06-08T13:57:31.108+0000] {processor.py:161} INFO - Started process (PID=110320) to work on /home/airflow/.local/lib/python3.12/site-packages/airflow/example_dags/tutorial_taskflow_api_virtualenv.py
[2026-06-08T13:57:31.109+0000] {processor.py:830} INFO - Processing file /home/airflow/.local/lib/python3.12/site-packages/airflow/example_dags/tutorial_taskflow_api_virtualenv.py for tasks to queue
[2026-06-08T13:57:31.110+0000] {logging_mixin.py:188} INFO - [2026-06-08T13:57:31.110+0000] {dagbag.py:545} INFO - Filling up the DagBag from /home/airflow/.local/lib/python3.12/site-packages/airflow/example_dags/tutorial_taskflow_api_virtualenv.py
[2026-06-08T13:57:31.118+0000] {processor.py:840} INFO - DAG(s) 'tutorial_taskflow_api_virtualenv' retrieved from /home/airflow/.local/lib/python3.12/site-packages/airflow/example_dags/tutorial_taskflow_api_virtualenv.py
[2026-06-08T13:57:31.138+0000] {logging_mixin.py:188} INFO - [2026-06-08T13:57:31.138+0000] {dag.py:3096} INFO - Sync 1 DAGs
[2026-06-08T13:57:31.149+0000] {logging_mixin.py:188} INFO - [2026-06-08T13:57:31.148+0000] {dag.py:3954} INFO - Setting next_dagrun for tutorial_taskflow_api_virtualenv to None, run_after=None
[2026-06-08T13:57:31.169+0000] {processor.py:183} INFO - Processing /home/airflow/.local/lib/python3.12/site-packages/airflow/example_dags/tutorial_taskflow_api_virtualenv.py took 0.067 seconds
[2026-06-08T13:58:01.730+0000] {processor.py:161} INFO - Started process (PID=110582) to work on /home/airflow/.local/lib/python3.12/site-packages/airflow/example_dags/tutorial_taskflow_api_virtualenv.py
[2026-06-08T13:58:01.731+0000] {processor.py:830} INFO - Processing file /home/airflow/.local/lib/python3.12/site-packages/airflow/example_dags/tutorial_taskflow_api_virtualenv.py for tasks to queue
[2026-06-08T13:58:01.733+0000] {logging_mixin.py:188} INFO - [2026-06-08T13:58:01.733+0000] {dagbag.py:545} INFO - Filling up the DagBag from /home/airflow/.local/lib/python3.12/site-packages/airflow/example_dags/tutorial_taskflow_api_virtualenv.py
[2026-06-08T13:58:01.741+0000] {processor.py:840} INFO - DAG(s) 'tutorial_taskflow_api_virtualenv' retrieved from /home/airflow/.local/lib/python3.12/site-packages/airflow/example_dags/tutorial_taskflow_api_virtualenv.py
[2026-06-08T13:58:01.759+0000] {logging_mixin.py:188} INFO - [2026-06-08T13:58:01.759+0000] {dag.py:3096} INFO - Sync 1 DAGs
[2026-06-08T13:58:01.770+0000] {logging_mixin.py:188} INFO - [2026-06-08T13:58:01.770+0000] {dag.py:3954} INFO - Setting next_dagrun for tutorial_taskflow_api_virtualenv to None, run_after=None
[2026-06-08T13:58:01.790+0000] {processor.py:183} INFO - Processing /home/airflow/.local/lib/python3.12/site-packages/airflow/example_dags/tutorial_taskflow_api_virtualenv.py took 0.064 seconds
[2026-06-08T13:58:32.026+0000] {processor.py:161} INFO - Started process (PID=110844) to work on /home/airflow/.local/lib/python3.12/site-packages/airflow/example_dags/tutorial_taskflow_api_virtualenv.py
[2026-06-08T13:58:32.026+0000] {processor.py:830} INFO - Processing file /home/airflow/.local/lib/python3.12/site-packages/airflow/example_dags/tutorial_taskflow_api_virtualenv.py for tasks to queue
[2026-06-08T13:58:32.028+0000] {logging_mixin.py:188} INFO - [2026-06-08T13:58:32.028+0000] {dagbag.py:545} INFO - Filling up the DagBag from /home/airflow/.local/lib/python3.12/site-packages/airflow/example_dags/tutorial_taskflow_api_virtualenv.py
[2026-06-08T13:58:32.035+0000] {processor.py:840} INFO - DAG(s) 'tutorial_taskflow_api_virtualenv' retrieved from /home/airflow/.local/lib/python3.12/site-packages/airflow/example_dags/tutorial_taskflow_api_virtualenv.py
[2026-06-08T13:58:32.055+0000] {logging_mixin.py:188} INFO - [2026-06-08T13:58:32.055+0000] {dag.py:3096} INFO - Sync 1 DAGs
[2026-06-08T13:58:32.066+0000] {logging_mixin.py:188} INFO - [2026-06-08T13:58:32.066+0000] {dag.py:3954} INFO - Setting next_dagrun for tutorial_taskflow_api_virtualenv to None, run_after=None
[2026-06-08T13:58:32.084+0000] {processor.py:183} INFO - Processing /home/airflow/.local/lib/python3.12/site-packages/airflow/example_dags/tutorial_taskflow_api_virtualenv.py took 0.063 seconds
[2026-06-08T13:59:02.756+0000] {processor.py:161} INFO - Started process (PID=111106) to work on /home/airflow/.local/lib/python3.12/site-packages/airflow/example_dags/tutorial_taskflow_api_virtualenv.py
[2026-06-08T13:59:02.757+0000] {processor.py:830} INFO - Processing file /home/airflow/.local/lib/python3.12/site-packages/airflow/example_dags/tutorial_taskflow_api_virtualenv.py for tasks to queue
[2026-06-08T13:59:02.760+0000] {logging_mixin.py:188} INFO - [2026-06-08T13:59:02.759+0000] {dagbag.py:545} INFO - Filling up the DagBag from /home/airflow/.local/lib/python3.12/site-packages/airflow/example_dags/tutorial_taskflow_api_virtualenv.py
[2026-06-08T13:59:02.769+0000] {processor.py:840} INFO - DAG(s) 'tutorial_taskflow_api_virtualenv' retrieved from /home/airflow/.local/lib/python3.12/site-packages/airflow/example_dags/tutorial_taskflow_api_virtualenv.py
[2026-06-08T13:59:02.791+0000] {logging_mixin.py:188} INFO - [2026-06-08T13:59:02.790+0000] {dag.py:3096} INFO - Sync 1 DAGs
[2026-06-08T13:59:02.803+0000] {logging_mixin.py:188} INFO - [2026-06-08T13:59:02.803+0000] {dag.py:3954} INFO - Setting next_dagrun for tutorial_taskflow_api_virtualenv to None, run_after=None
[2026-06-08T13:59:02.825+0000] {processor.py:183} INFO - Processing /home/airflow/.local/lib/python3.12/site-packages/airflow/example_dags/tutorial_taskflow_api_virtualenv.py took 0.074 seconds
[2026-06-08T13:59:33.317+0000] {processor.py:161} INFO - Started process (PID=111368) to work on /home/airflow/.local/lib/python3.12/site-packages/airflow/example_dags/tutorial_taskflow_api_virtualenv.py
[2026-06-08T13:59:33.318+0000] {processor.py:830} INFO - Processing file /home/airflow/.local/lib/python3.12/site-packages/airflow/example_dags/tutorial_taskflow_api_virtualenv.py for tasks to queue
[2026-06-08T13:59:33.320+0000] {logging_mixin.py:188} INFO - [2026-06-08T13:59:33.319+0000] {dagbag.py:545} INFO - Filling up the DagBag from /home/airflow/.local/lib/python3.12/site-packages/airflow/example_dags/tutorial_taskflow_api_virtualenv.py
[2026-06-08T13:59:33.328+0000] {processor.py:840} INFO - DAG(s) 'tutorial_taskflow_api_virtualenv' retrieved from /home/airflow/.local/lib/python3.12/site-packages/airflow/example_dags/tutorial_taskflow_api_virtualenv.py
[2026-06-08T13:59:33.350+0000] {logging_mixin.py:188} INFO - [2026-06-08T13:59:33.349+0000] {dag.py:3096} INFO - Sync 1 DAGs
[2026-06-08T13:59:33.363+0000] {logging_mixin.py:188} INFO - [2026-06-08T13:59:33.363+0000] {dag.py:3954} INFO - Setting next_dagrun for tutorial_taskflow_api_virtualenv to None, run_after=None
[2026-06-08T13:59:33.384+0000] {processor.py:183} INFO - Processing /home/airflow/.local/lib/python3.12/site-packages/airflow/example_dags/tutorial_taskflow_api_virtualenv.py took 0.072 seconds
[2026-06-08T14:00:03.863+0000] {processor.py:161} INFO - Started process (PID=111631) to work on /home/airflow/.local/lib/python3.12/site-packages/airflow/example_dags/tutorial_taskflow_api_virtualenv.py
[2026-06-08T14:00:03.864+0000] {processor.py:830} INFO - Processing file /home/airflow/.local/lib/python3.12/site-packages/airflow/example_dags/tutorial_taskflow_api_virtualenv.py for tasks to queue
[2026-06-08T14:00:03.865+0000] {logging_mixin.py:188} INFO - [2026-06-08T14:00:03.865+0000] {dagbag.py:545} INFO - Filling up the DagBag from /home/airflow/.local/lib/python3.12/site-packages/airflow/example_dags/tutorial_taskflow_api_virtualenv.py
[2026-06-08T14:00:03.874+0000] {processor.py:840} INFO - DAG(s) 'tutorial_taskflow_api_virtualenv' retrieved from /home/airflow/.local/lib/python3.12/site-packages/airflow/example_dags/tutorial_taskflow_api_virtualenv.py
[2026-06-08T14:00:03.894+0000] {logging_mixin.py:188} INFO - [2026-06-08T14:00:03.894+0000] {dag.py:3096} INFO - Sync 1 DAGs
[2026-06-08T14:00:03.908+0000] {logging_mixin.py:188} INFO - [2026-06-08T14:00:03.907+0000] {dag.py:3954} INFO - Setting next_dagrun for tutorial_taskflow_api_virtualenv to None, run_after=None
[2026-06-08T14:00:03.927+0000] {processor.py:183} INFO - Processing /home/airflow/.local/lib/python3.12/site-packages/airflow/example_dags/tutorial_taskflow_api_virtualenv.py took 0.070 seconds
[2026-06-08T14:00:34.412+0000] {processor.py:161} INFO - Started process (PID=111893) to work on /home/airflow/.local/lib/python3.12/site-packages/airflow/example_dags/tutorial_taskflow_api_virtualenv.py
[2026-06-08T14:00:34.412+0000] {processor.py:830} INFO - Processing file /home/airflow/.local/lib/python3.12/site-packages/airflow/example_dags/tutorial_taskflow_api_virtualenv.py for tasks to queue
[2026-06-08T14:00:34.414+0000] {logging_mixin.py:188} INFO - [2026-06-08T14:00:34.414+0000] {dagbag.py:545} INFO - Filling up the DagBag from /home/airflow/.local/lib/python3.12/site-packages/airflow/example_dags/tutorial_taskflow_api_virtualenv.py
[2026-06-08T14:00:34.424+0000] {processor.py:840} INFO - DAG(s) 'tutorial_taskflow_api_virtualenv' retrieved from /home/airflow/.local/lib/python3.12/site-packages/airflow/example_dags/tutorial_taskflow_api_virtualenv.py
[2026-06-08T14:00:34.444+0000] {logging_mixin.py:188} INFO - [2026-06-08T14:00:34.443+0000] {dag.py:3096} INFO - Sync 1 DAGs
[2026-06-08T14:00:34.455+0000] {logging_mixin.py:188} INFO - [2026-06-08T14:00:34.455+0000] {dag.py:3954} INFO - Setting next_dagrun for tutorial_taskflow_api_virtualenv to None, run_after=None
[2026-06-08T14:00:34.477+0000] {processor.py:183} INFO - Processing /home/airflow/.local/lib/python3.12/site-packages/airflow/example_dags/tutorial_taskflow_api_virtualenv.py took 0.070 seconds
[2026-06-08T14:01:05.130+0000] {processor.py:161} INFO - Started process (PID=112155) to work on /home/airflow/.local/lib/python3.12/site-packages/airflow/example_dags/tutorial_taskflow_api_virtualenv.py
[2026-06-08T14:01:05.130+0000] {processor.py:830} INFO - Processing file /home/airflow/.local/lib/python3.12/site-packages/airflow/example_dags/tutorial_taskflow_api_virtualenv.py for tasks to queue
[2026-06-08T14:01:05.132+0000] {logging_mixin.py:188} INFO - [2026-06-08T14:01:05.132+0000] {dagbag.py:545} INFO - Filling up the DagBag from /home/airflow/.local/lib/python3.12/site-packages/airflow/example_dags/tutorial_taskflow_api_virtualenv.py
[2026-06-08T14:01:05.141+0000] {processor.py:840} INFO - DAG(s) 'tutorial_taskflow_api_virtualenv' retrieved from /home/airflow/.local/lib/python3.12/site-packages/airflow/example_dags/tutorial_taskflow_api_virtualenv.py
[2026-06-08T14:01:05.161+0000] {logging_mixin.py:188} INFO - [2026-06-08T14:01:05.160+0000] {dag.py:3096} INFO - Sync 1 DAGs
[2026-06-08T14:01:05.173+0000] {logging_mixin.py:188} INFO - [2026-06-08T14:01:05.172+0000] {dag.py:3954} INFO - Setting next_dagrun for tutorial_taskflow_api_virtualenv to None, run_after=None
[2026-06-08T14:01:05.194+0000] {processor.py:183} INFO - Processing /home/airflow/.local/lib/python3.12/site-packages/airflow/example_dags/tutorial_taskflow_api_virtualenv.py took 0.069 seconds
[2026-06-08T14:01:35.595+0000] {processor.py:161} INFO - Started process (PID=112417) to work on /home/airflow/.local/lib/python3.12/site-packages/airflow/example_dags/tutorial_taskflow_api_virtualenv.py
[2026-06-08T14:01:35.596+0000] {processor.py:830} INFO - Processing file /home/airflow/.local/lib/python3.12/site-packages/airflow/example_dags/tutorial_taskflow_api_virtualenv.py for tasks to queue
[2026-06-08T14:01:35.598+0000] {logging_mixin.py:188} INFO - [2026-06-08T14:01:35.598+0000] {dagbag.py:545} INFO - Filling up the DagBag from /home/airflow/.local/lib/python3.12/site-packages/airflow/example_dags/tutorial_taskflow_api_virtualenv.py
[2026-06-08T14:01:35.607+0000] {processor.py:840} INFO - DAG(s) 'tutorial_taskflow_api_virtualenv' retrieved from /home/airflow/.local/lib/python3.12/site-packages/airflow/example_dags/tutorial_taskflow_api_virtualenv.py
[2026-06-08T14:01:35.625+0000] {logging_mixin.py:188} INFO - [2026-06-08T14:01:35.625+0000] {dag.py:3096} INFO - Sync 1 DAGs
[2026-06-08T14:01:35.636+0000] {logging_mixin.py:188} INFO - [2026-06-08T14:01:35.636+0000] {dag.py:3954} INFO - Setting next_dagrun for tutorial_taskflow_api_virtualenv to None, run_after=None
[2026-06-08T14:01:35.658+0000] {processor.py:183} INFO - Processing /home/airflow/.local/lib/python3.12/site-packages/airflow/example_dags/tutorial_taskflow_api_virtualenv.py took 0.067 seconds
[2026-06-08T14:02:06.285+0000] {processor.py:161} INFO - Started process (PID=112679) to work on /home/airflow/.local/lib/python3.12/site-packages/airflow/example_dags/tutorial_taskflow_api_virtualenv.py
[2026-06-08T14:02:06.286+0000] {processor.py:830} INFO - Processing file /home/airflow/.local/lib/python3.12/site-packages/airflow/example_dags/tutorial_taskflow_api_virtualenv.py for tasks to queue
[2026-06-08T14:02:06.288+0000] {logging_mixin.py:188} INFO - [2026-06-08T14:02:06.288+0000] {dagbag.py:545} INFO - Filling up the DagBag from /home/airflow/.local/lib/python3.12/site-packages/airflow/example_dags/tutorial_taskflow_api_virtualenv.py
[2026-06-08T14:02:06.297+0000] {processor.py:840} INFO - DAG(s) 'tutorial_taskflow_api_virtualenv' retrieved from /home/airflow/.local/lib/python3.12/site-packages/airflow/example_dags/tutorial_taskflow_api_virtualenv.py
[2026-06-08T14:02:06.318+0000] {logging_mixin.py:188} INFO - [2026-06-08T14:02:06.317+0000] {dag.py:3096} INFO - Sync 1 DAGs
[2026-06-08T14:02:06.330+0000] {logging_mixin.py:188} INFO - [2026-06-08T14:02:06.329+0000] {dag.py:3954} INFO - Setting next_dagrun for tutorial_taskflow_api_virtualenv to None, run_after=None
[2026-06-08T14:02:06.350+0000] {processor.py:183} INFO - Processing /home/airflow/.local/lib/python3.12/site-packages/airflow/example_dags/tutorial_taskflow_api_virtualenv.py took 0.070 seconds
[2026-06-08T14:02:36.783+0000] {processor.py:161} INFO - Started process (PID=112947) to work on /home/airflow/.local/lib/python3.12/site-packages/airflow/example_dags/tutorial_taskflow_api_virtualenv.py
[2026-06-08T14:02:36.784+0000] {processor.py:830} INFO - Processing file /home/airflow/.local/lib/python3.12/site-packages/airflow/example_dags/tutorial_taskflow_api_virtualenv.py for tasks to queue
[2026-06-08T14:02:36.786+0000] {logging_mixin.py:188} INFO - [2026-06-08T14:02:36.786+0000] {dagbag.py:545} INFO - Filling up the DagBag from /home/airflow/.local/lib/python3.12/site-packages/airflow/example_dags/tutorial_taskflow_api_virtualenv.py
[2026-06-08T14:02:36.794+0000] {processor.py:840} INFO - DAG(s) 'tutorial_taskflow_api_virtualenv' retrieved from /home/airflow/.local/lib/python3.12/site-packages/airflow/example_dags/tutorial_taskflow_api_virtualenv.py
[2026-06-08T14:02:36.814+0000] {logging_mixin.py:188} INFO - [2026-06-08T14:02:36.814+0000] {dag.py:3096} INFO - Sync 1 DAGs
[2026-06-08T14:02:36.827+0000] {logging_mixin.py:188} INFO - [2026-06-08T14:02:36.827+0000] {dag.py:3954} INFO - Setting next_dagrun for tutorial_taskflow_api_virtualenv to None, run_after=None
[2026-06-08T14:02:36.849+0000] {processor.py:183} INFO - Processing /home/airflow/.local/lib/python3.12/site-packages/airflow/example_dags/tutorial_taskflow_api_virtualenv.py took 0.070 seconds
[2026-06-08T14:03:07.419+0000] {processor.py:161} INFO - Started process (PID=113209) to work on /home/airflow/.local/lib/python3.12/site-packages/airflow/example_dags/tutorial_taskflow_api_virtualenv.py
[2026-06-08T14:03:07.420+0000] {processor.py:830} INFO - Processing file /home/airflow/.local/lib/python3.12/site-packages/airflow/example_dags/tutorial_taskflow_api_virtualenv.py for tasks to queue
[2026-06-08T14:03:07.421+0000] {logging_mixin.py:188} INFO - [2026-06-08T14:03:07.421+0000] {dagbag.py:545} INFO - Filling up the DagBag from /home/airflow/.local/lib/python3.12/site-packages/airflow/example_dags/tutorial_taskflow_api_virtualenv.py
[2026-06-08T14:03:07.429+0000] {processor.py:840} INFO - DAG(s) 'tutorial_taskflow_api_virtualenv' retrieved from /home/airflow/.local/lib/python3.12/site-packages/airflow/example_dags/tutorial_taskflow_api_virtualenv.py
[2026-06-08T14:03:07.451+0000] {logging_mixin.py:188} INFO - [2026-06-08T14:03:07.451+0000] {dag.py:3096} INFO - Sync 1 DAGs
[2026-06-08T14:03:07.463+0000] {logging_mixin.py:188} INFO - [2026-06-08T14:03:07.462+0000] {dag.py:3954} INFO - Setting next_dagrun for tutorial_taskflow_api_virtualenv to None, run_after=None
[2026-06-08T14:03:07.480+0000] {processor.py:183} INFO - Processing /home/airflow/.local/lib/python3.12/site-packages/airflow/example_dags/tutorial_taskflow_api_virtualenv.py took 0.067 seconds
[2026-06-08T14:03:37.990+0000] {processor.py:161} INFO - Started process (PID=113472) to work on /home/airflow/.local/lib/python3.12/site-packages/airflow/example_dags/tutorial_taskflow_api_virtualenv.py
[2026-06-08T14:03:37.991+0000] {processor.py:830} INFO - Processing file /home/airflow/.local/lib/python3.12/site-packages/airflow/example_dags/tutorial_taskflow_api_virtualenv.py for tasks to queue
[2026-06-08T14:03:37.993+0000] {logging_mixin.py:188} INFO - [2026-06-08T14:03:37.993+0000] {dagbag.py:545} INFO - Filling up the DagBag from /home/airflow/.local/lib/python3.12/site-packages/airflow/example_dags/tutorial_taskflow_api_virtualenv.py
[2026-06-08T14:03:38.001+0000] {processor.py:840} INFO - DAG(s) 'tutorial_taskflow_api_virtualenv' retrieved from /home/airflow/.local/lib/python3.12/site-packages/airflow/example_dags/tutorial_taskflow_api_virtualenv.py
[2026-06-08T14:03:38.023+0000] {logging_mixin.py:188} INFO - [2026-06-08T14:03:38.022+0000] {dag.py:3096} INFO - Sync 1 DAGs
[2026-06-08T14:03:38.034+0000] {logging_mixin.py:188} INFO - [2026-06-08T14:03:38.034+0000] {dag.py:3954} INFO - Setting next_dagrun for tutorial_taskflow_api_virtualenv to None, run_after=None
[2026-06-08T14:03:38.056+0000] {processor.py:183} INFO - Processing /home/airflow/.local/lib/python3.12/site-packages/airflow/example_dags/tutorial_taskflow_api_virtualenv.py took 0.070 seconds
[2026-06-08T14:04:08.715+0000] {processor.py:161} INFO - Started process (PID=113733) to work on /home/airflow/.local/lib/python3.12/site-packages/airflow/example_dags/tutorial_taskflow_api_virtualenv.py
[2026-06-08T14:04:08.716+0000] {processor.py:830} INFO - Processing file /home/airflow/.local/lib/python3.12/site-packages/airflow/example_dags/tutorial_taskflow_api_virtualenv.py for tasks to queue
[2026-06-08T14:04:08.718+0000] {logging_mixin.py:188} INFO - [2026-06-08T14:04:08.717+0000] {dagbag.py:545} INFO - Filling up the DagBag from /home/airflow/.local/lib/python3.12/site-packages/airflow/example_dags/tutorial_taskflow_api_virtualenv.py
[2026-06-08T14:04:08.731+0000] {processor.py:840} INFO - DAG(s) 'tutorial_taskflow_api_virtualenv' retrieved from /home/airflow/.local/lib/python3.12/site-packages/airflow/example_dags/tutorial_taskflow_api_virtualenv.py
[2026-06-08T14:04:08.766+0000] {logging_mixin.py:188} INFO - [2026-06-08T14:04:08.766+0000] {dag.py:3096} INFO - Sync 1 DAGs
[2026-06-08T14:04:08.793+0000] {logging_mixin.py:188} INFO - [2026-06-08T14:04:08.792+0000] {dag.py:3954} INFO - Setting next_dagrun for tutorial_taskflow_api_virtualenv to None, run_after=None
[2026-06-08T14:04:08.842+0000] {processor.py:183} INFO - Processing /home/airflow/.local/lib/python3.12/site-packages/airflow/example_dags/tutorial_taskflow_api_virtualenv.py took 0.134 seconds
[2026-06-08T14:04:39.062+0000] {processor.py:161} INFO - Started process (PID=113995) to work on /home/airflow/.local/lib/python3.12/site-packages/airflow/example_dags/tutorial_taskflow_api_virtualenv.py
[2026-06-08T14:04:39.063+0000] {processor.py:830} INFO - Processing file /home/airflow/.local/lib/python3.12/site-packages/airflow/example_dags/tutorial_taskflow_api_virtualenv.py for tasks to queue
[2026-06-08T14:04:39.065+0000] {logging_mixin.py:188} INFO - [2026-06-08T14:04:39.065+0000] {dagbag.py:545} INFO - Filling up the DagBag from /home/airflow/.local/lib/python3.12/site-packages/airflow/example_dags/tutorial_taskflow_api_virtualenv.py
[2026-06-08T14:04:39.076+0000] {processor.py:840} INFO - DAG(s) 'tutorial_taskflow_api_virtualenv' retrieved from /home/airflow/.local/lib/python3.12/site-packages/airflow/example_dags/tutorial_taskflow_api_virtualenv.py
[2026-06-08T14:04:39.098+0000] {logging_mixin.py:188} INFO - [2026-06-08T14:04:39.098+0000] {dag.py:3096} INFO - Sync 1 DAGs
[2026-06-08T14:04:39.115+0000] {logging_mixin.py:188} INFO - [2026-06-08T14:04:39.114+0000] {dag.py:3954} INFO - Setting next_dagrun for tutorial_taskflow_api_virtualenv to None, run_after=None
[2026-06-08T14:04:39.145+0000] {processor.py:183} INFO - Processing /home/airflow/.local/lib/python3.12/site-packages/airflow/example_dags/tutorial_taskflow_api_virtualenv.py took 0.089 seconds
[2026-06-08T14:05:09.350+0000] {processor.py:161} INFO - Started process (PID=114257) to work on /home/airflow/.local/lib/python3.12/site-packages/airflow/example_dags/tutorial_taskflow_api_virtualenv.py
[2026-06-08T14:05:09.351+0000] {processor.py:830} INFO - Processing file /home/airflow/.local/lib/python3.12/site-packages/airflow/example_dags/tutorial_taskflow_api_virtualenv.py for tasks to queue
[2026-06-08T14:05:09.353+0000] {logging_mixin.py:188} INFO - [2026-06-08T14:05:09.352+0000] {dagbag.py:545} INFO - Filling up the DagBag from /home/airflow/.local/lib/python3.12/site-packages/airflow/example_dags/tutorial_taskflow_api_virtualenv.py
[2026-06-08T14:05:09.360+0000] {processor.py:840} INFO - DAG(s) 'tutorial_taskflow_api_virtualenv' retrieved from /home/airflow/.local/lib/python3.12/site-packages/airflow/example_dags/tutorial_taskflow_api_virtualenv.py
[2026-06-08T14:05:09.382+0000] {logging_mixin.py:188} INFO - [2026-06-08T14:05:09.382+0000] {dag.py:3096} INFO - Sync 1 DAGs
[2026-06-08T14:05:09.395+0000] {logging_mixin.py:188} INFO - [2026-06-08T14:05:09.395+0000] {dag.py:3954} INFO - Setting next_dagrun for tutorial_taskflow_api_virtualenv to None, run_after=None
[2026-06-08T14:05:09.416+0000] {processor.py:183} INFO - Processing /home/airflow/.local/lib/python3.12/site-packages/airflow/example_dags/tutorial_taskflow_api_virtualenv.py took 0.071 seconds
[2026-06-08T14:05:39.614+0000] {processor.py:161} INFO - Started process (PID=114519) to work on /home/airflow/.local/lib/python3.12/site-packages/airflow/example_dags/tutorial_taskflow_api_virtualenv.py
[2026-06-08T14:05:39.615+0000] {processor.py:830} INFO - Processing file /home/airflow/.local/lib/python3.12/site-packages/airflow/example_dags/tutorial_taskflow_api_virtualenv.py for tasks to queue
[2026-06-08T14:05:39.617+0000] {logging_mixin.py:188} INFO - [2026-06-08T14:05:39.617+0000] {dagbag.py:545} INFO - Filling up the DagBag from /home/airflow/.local/lib/python3.12/site-packages/airflow/example_dags/tutorial_taskflow_api_virtualenv.py
[2026-06-08T14:05:39.626+0000] {processor.py:840} INFO - DAG(s) 'tutorial_taskflow_api_virtualenv' retrieved from /home/airflow/.local/lib/python3.12/site-packages/airflow/example_dags/tutorial_taskflow_api_virtualenv.py
[2026-06-08T14:05:39.647+0000] {logging_mixin.py:188} INFO - [2026-06-08T14:05:39.646+0000] {dag.py:3096} INFO - Sync 1 DAGs
[2026-06-08T14:05:39.659+0000] {logging_mixin.py:188} INFO - [2026-06-08T14:05:39.659+0000] {dag.py:3954} INFO - Setting next_dagrun for tutorial_taskflow_api_virtualenv to None, run_after=None
[2026-06-08T14:05:39.682+0000] {processor.py:183} INFO - Processing /home/airflow/.local/lib/python3.12/site-packages/airflow/example_dags/tutorial_taskflow_api_virtualenv.py took 0.073 seconds
[2026-06-08T14:06:09.794+0000] {processor.py:161} INFO - Started process (PID=114777) to work on /home/airflow/.local/lib/python3.12/site-packages/airflow/example_dags/tutorial_taskflow_api_virtualenv.py
[2026-06-08T14:06:09.795+0000] {processor.py:830} INFO - Processing file /home/airflow/.local/lib/python3.12/site-packages/airflow/example_dags/tutorial_taskflow_api_virtualenv.py for tasks to queue
[2026-06-08T14:06:09.797+0000] {logging_mixin.py:188} INFO - [2026-06-08T14:06:09.796+0000] {dagbag.py:545} INFO - Filling up the DagBag from /home/airflow/.local/lib/python3.12/site-packages/airflow/example_dags/tutorial_taskflow_api_virtualenv.py
[2026-06-08T14:06:09.806+0000] {processor.py:840} INFO - DAG(s) 'tutorial_taskflow_api_virtualenv' retrieved from /home/airflow/.local/lib/python3.12/site-packages/airflow/example_dags/tutorial_taskflow_api_virtualenv.py
[2026-06-08T14:06:09.827+0000] {logging_mixin.py:188} INFO - [2026-06-08T14:06:09.827+0000] {dag.py:3096} INFO - Sync 1 DAGs
[2026-06-08T14:06:09.840+0000] {logging_mixin.py:188} INFO - [2026-06-08T14:06:09.840+0000] {dag.py:3954} INFO - Setting next_dagrun for tutorial_taskflow_api_virtualenv to None, run_after=None
[2026-06-08T14:06:09.865+0000] {processor.py:183} INFO - Processing /home/airflow/.local/lib/python3.12/site-packages/airflow/example_dags/tutorial_taskflow_api_virtualenv.py took 0.076 seconds
[2026-06-08T14:06:40.579+0000] {processor.py:161} INFO - Started process (PID=115037) to work on /home/airflow/.local/lib/python3.12/site-packages/airflow/example_dags/tutorial_taskflow_api_virtualenv.py
[2026-06-08T14:06:40.580+0000] {processor.py:830} INFO - Processing file /home/airflow/.local/lib/python3.12/site-packages/airflow/example_dags/tutorial_taskflow_api_virtualenv.py for tasks to queue
[2026-06-08T14:06:40.582+0000] {logging_mixin.py:188} INFO - [2026-06-08T14:06:40.581+0000] {dagbag.py:545} INFO - Filling up the DagBag from /home/airflow/.local/lib/python3.12/site-packages/airflow/example_dags/tutorial_taskflow_api_virtualenv.py
[2026-06-08T14:06:40.590+0000] {processor.py:840} INFO - DAG(s) 'tutorial_taskflow_api_virtualenv' retrieved from /home/airflow/.local/lib/python3.12/site-packages/airflow/example_dags/tutorial_taskflow_api_virtualenv.py
[2026-06-08T14:06:40.608+0000] {logging_mixin.py:188} INFO - [2026-06-08T14:06:40.608+0000] {dag.py:3096} INFO - Sync 1 DAGs
[2026-06-08T14:06:40.620+0000] {logging_mixin.py:188} INFO - [2026-06-08T14:06:40.620+0000] {dag.py:3954} INFO - Setting next_dagrun for tutorial_taskflow_api_virtualenv to None, run_after=None
[2026-06-08T14:06:40.640+0000] {processor.py:183} INFO - Processing /home/airflow/.local/lib/python3.12/site-packages/airflow/example_dags/tutorial_taskflow_api_virtualenv.py took 0.066 seconds
[2026-06-08T14:07:11.450+0000] {processor.py:161} INFO - Started process (PID=115299) to work on /home/airflow/.local/lib/python3.12/site-packages/airflow/example_dags/tutorial_taskflow_api_virtualenv.py
[2026-06-08T14:07:11.451+0000] {processor.py:830} INFO - Processing file /home/airflow/.local/lib/python3.12/site-packages/airflow/example_dags/tutorial_taskflow_api_virtualenv.py for tasks to queue
[2026-06-08T14:07:11.453+0000] {logging_mixin.py:188} INFO - [2026-06-08T14:07:11.453+0000] {dagbag.py:545} INFO - Filling up the DagBag from /home/airflow/.local/lib/python3.12/site-packages/airflow/example_dags/tutorial_taskflow_api_virtualenv.py
[2026-06-08T14:07:11.464+0000] {processor.py:840} INFO - DAG(s) 'tutorial_taskflow_api_virtualenv' retrieved from /home/airflow/.local/lib/python3.12/site-packages/airflow/example_dags/tutorial_taskflow_api_virtualenv.py
[2026-06-08T14:07:11.485+0000] {logging_mixin.py:188} INFO - [2026-06-08T14:07:11.485+0000] {dag.py:3096} INFO - Sync 1 DAGs
[2026-06-08T14:07:11.500+0000] {logging_mixin.py:188} INFO - [2026-06-08T14:07:11.499+0000] {dag.py:3954} INFO - Setting next_dagrun for tutorial_taskflow_api_virtualenv to None, run_after=None
[2026-06-08T14:07:11.524+0000] {processor.py:183} INFO - Processing /home/airflow/.local/lib/python3.12/site-packages/airflow/example_dags/tutorial_taskflow_api_virtualenv.py took 0.081 seconds
[2026-06-08T14:07:41.778+0000] {processor.py:161} INFO - Started process (PID=115563) to work on /home/airflow/.local/lib/python3.12/site-packages/airflow/example_dags/tutorial_taskflow_api_virtualenv.py
[2026-06-08T14:07:41.780+0000] {processor.py:830} INFO - Processing file /home/airflow/.local/lib/python3.12/site-packages/airflow/example_dags/tutorial_taskflow_api_virtualenv.py for tasks to queue
[2026-06-08T14:07:41.782+0000] {logging_mixin.py:188} INFO - [2026-06-08T14:07:41.781+0000] {dagbag.py:545} INFO - Filling up the DagBag from /home/airflow/.local/lib/python3.12/site-packages/airflow/example_dags/tutorial_taskflow_api_virtualenv.py
[2026-06-08T14:07:41.790+0000] {processor.py:840} INFO - DAG(s) 'tutorial_taskflow_api_virtualenv' retrieved from /home/airflow/.local/lib/python3.12/site-packages/airflow/example_dags/tutorial_taskflow_api_virtualenv.py
[2026-06-08T14:07:41.812+0000] {logging_mixin.py:188} INFO - [2026-06-08T14:07:41.812+0000] {dag.py:3096} INFO - Sync 1 DAGs
[2026-06-08T14:07:41.824+0000] {logging_mixin.py:188} INFO - [2026-06-08T14:07:41.823+0000] {dag.py:3954} INFO - Setting next_dagrun for tutorial_taskflow_api_virtualenv to None, run_after=None
[2026-06-08T14:07:41.844+0000] {processor.py:183} INFO - Processing /home/airflow/.local/lib/python3.12/site-packages/airflow/example_dags/tutorial_taskflow_api_virtualenv.py took 0.071 seconds
[2026-06-08T14:08:12.078+0000] {processor.py:161} INFO - Started process (PID=115825) to work on /home/airflow/.local/lib/python3.12/site-packages/airflow/example_dags/tutorial_taskflow_api_virtualenv.py
[2026-06-08T14:08:12.080+0000] {processor.py:830} INFO - Processing file /home/airflow/.local/lib/python3.12/site-packages/airflow/example_dags/tutorial_taskflow_api_virtualenv.py for tasks to queue
[2026-06-08T14:08:12.081+0000] {logging_mixin.py:188} INFO - [2026-06-08T14:08:12.081+0000] {dagbag.py:545} INFO - Filling up the DagBag from /home/airflow/.local/lib/python3.12/site-packages/airflow/example_dags/tutorial_taskflow_api_virtualenv.py
[2026-06-08T14:08:12.089+0000] {processor.py:840} INFO - DAG(s) 'tutorial_taskflow_api_virtualenv' retrieved from /home/airflow/.local/lib/python3.12/site-packages/airflow/example_dags/tutorial_taskflow_api_virtualenv.py
[2026-06-08T14:08:12.106+0000] {logging_mixin.py:188} INFO - [2026-06-08T14:08:12.106+0000] {dag.py:3096} INFO - Sync 1 DAGs
[2026-06-08T14:08:12.116+0000] {logging_mixin.py:188} INFO - [2026-06-08T14:08:12.116+0000] {dag.py:3954} INFO - Setting next_dagrun for tutorial_taskflow_api_virtualenv to None, run_after=None
[2026-06-08T14:08:12.138+0000] {processor.py:183} INFO - Processing /home/airflow/.local/lib/python3.12/site-packages/airflow/example_dags/tutorial_taskflow_api_virtualenv.py took 0.065 seconds
[2026-06-08T14:08:42.482+0000] {processor.py:161} INFO - Started process (PID=116087) to work on /home/airflow/.local/lib/python3.12/site-packages/airflow/example_dags/tutorial_taskflow_api_virtualenv.py
[2026-06-08T14:08:42.483+0000] {processor.py:830} INFO - Processing file /home/airflow/.local/lib/python3.12/site-packages/airflow/example_dags/tutorial_taskflow_api_virtualenv.py for tasks to queue
[2026-06-08T14:08:42.486+0000] {logging_mixin.py:188} INFO - [2026-06-08T14:08:42.485+0000] {dagbag.py:545} INFO - Filling up the DagBag from /home/airflow/.local/lib/python3.12/site-packages/airflow/example_dags/tutorial_taskflow_api_virtualenv.py
[2026-06-08T14:08:42.495+0000] {processor.py:840} INFO - DAG(s) 'tutorial_taskflow_api_virtualenv' retrieved from /home/airflow/.local/lib/python3.12/site-packages/airflow/example_dags/tutorial_taskflow_api_virtualenv.py
[2026-06-08T14:08:42.518+0000] {logging_mixin.py:188} INFO - [2026-06-08T14:08:42.517+0000] {dag.py:3096} INFO - Sync 1 DAGs
[2026-06-08T14:08:42.531+0000] {logging_mixin.py:188} INFO - [2026-06-08T14:08:42.531+0000] {dag.py:3954} INFO - Setting next_dagrun for tutorial_taskflow_api_virtualenv to None, run_after=None
[2026-06-08T14:08:42.554+0000] {processor.py:183} INFO - Processing /home/airflow/.local/lib/python3.12/site-packages/airflow/example_dags/tutorial_taskflow_api_virtualenv.py took 0.078 seconds
[2026-06-08T14:09:13.331+0000] {processor.py:161} INFO - Started process (PID=116347) to work on /home/airflow/.local/lib/python3.12/site-packages/airflow/example_dags/tutorial_taskflow_api_virtualenv.py
[2026-06-08T14:09:13.332+0000] {processor.py:830} INFO - Processing file /home/airflow/.local/lib/python3.12/site-packages/airflow/example_dags/tutorial_taskflow_api_virtualenv.py for tasks to queue
[2026-06-08T14:09:13.334+0000] {logging_mixin.py:188} INFO - [2026-06-08T14:09:13.334+0000] {dagbag.py:545} INFO - Filling up the DagBag from /home/airflow/.local/lib/python3.12/site-packages/airflow/example_dags/tutorial_taskflow_api_virtualenv.py
[2026-06-08T14:09:13.345+0000] {processor.py:840} INFO - DAG(s) 'tutorial_taskflow_api_virtualenv' retrieved from /home/airflow/.local/lib/python3.12/site-packages/airflow/example_dags/tutorial_taskflow_api_virtualenv.py
[2026-06-08T14:09:13.368+0000] {logging_mixin.py:188} INFO - [2026-06-08T14:09:13.368+0000] {dag.py:3096} INFO - Sync 1 DAGs
[2026-06-08T14:09:13.382+0000] {logging_mixin.py:188} INFO - [2026-06-08T14:09:13.382+0000] {dag.py:3954} INFO - Setting next_dagrun for tutorial_taskflow_api_virtualenv to None, run_after=None
[2026-06-08T14:09:13.405+0000] {processor.py:183} INFO - Processing /home/airflow/.local/lib/python3.12/site-packages/airflow/example_dags/tutorial_taskflow_api_virtualenv.py took 0.083 seconds
[2026-06-08T14:09:43.892+0000] {processor.py:161} INFO - Started process (PID=116609) to work on /home/airflow/.local/lib/python3.12/site-packages/airflow/example_dags/tutorial_taskflow_api_virtualenv.py
[2026-06-08T14:09:43.893+0000] {processor.py:830} INFO - Processing file /home/airflow/.local/lib/python3.12/site-packages/airflow/example_dags/tutorial_taskflow_api_virtualenv.py for tasks to queue
[2026-06-08T14:09:43.896+0000] {logging_mixin.py:188} INFO - [2026-06-08T14:09:43.895+0000] {dagbag.py:545} INFO - Filling up the DagBag from /home/airflow/.local/lib/python3.12/site-packages/airflow/example_dags/tutorial_taskflow_api_virtualenv.py
[2026-06-08T14:09:43.907+0000] {processor.py:840} INFO - DAG(s) 'tutorial_taskflow_api_virtualenv' retrieved from /home/airflow/.local/lib/python3.12/site-packages/airflow/example_dags/tutorial_taskflow_api_virtualenv.py
[2026-06-08T14:09:43.932+0000] {logging_mixin.py:188} INFO - [2026-06-08T14:09:43.931+0000] {dag.py:3096} INFO - Sync 1 DAGs
[2026-06-08T14:09:43.946+0000] {logging_mixin.py:188} INFO - [2026-06-08T14:09:43.946+0000] {dag.py:3954} INFO - Setting next_dagrun for tutorial_taskflow_api_virtualenv to None, run_after=None
[2026-06-08T14:09:43.970+0000] {processor.py:183} INFO - Processing /home/airflow/.local/lib/python3.12/site-packages/airflow/example_dags/tutorial_taskflow_api_virtualenv.py took 0.085 seconds
[2026-06-08T14:10:15.019+0000] {processor.py:161} INFO - Started process (PID=116871) to work on /home/airflow/.local/lib/python3.12/site-packages/airflow/example_dags/tutorial_taskflow_api_virtualenv.py
[2026-06-08T14:10:15.021+0000] {processor.py:830} INFO - Processing file /home/airflow/.local/lib/python3.12/site-packages/airflow/example_dags/tutorial_taskflow_api_virtualenv.py for tasks to queue
[2026-06-08T14:10:15.024+0000] {logging_mixin.py:188} INFO - [2026-06-08T14:10:15.023+0000] {dagbag.py:545} INFO - Filling up the DagBag from /home/airflow/.local/lib/python3.12/site-packages/airflow/example_dags/tutorial_taskflow_api_virtualenv.py
[2026-06-08T14:10:15.036+0000] {processor.py:840} INFO - DAG(s) 'tutorial_taskflow_api_virtualenv' retrieved from /home/airflow/.local/lib/python3.12/site-packages/airflow/example_dags/tutorial_taskflow_api_virtualenv.py
[2026-06-08T14:10:15.063+0000] {logging_mixin.py:188} INFO - [2026-06-08T14:10:15.062+0000] {dag.py:3096} INFO - Sync 1 DAGs
[2026-06-08T14:10:15.082+0000] {logging_mixin.py:188} INFO - [2026-06-08T14:10:15.082+0000] {dag.py:3954} INFO - Setting next_dagrun for tutorial_taskflow_api_virtualenv to None, run_after=None
[2026-06-08T14:10:15.109+0000] {processor.py:183} INFO - Processing /home/airflow/.local/lib/python3.12/site-packages/airflow/example_dags/tutorial_taskflow_api_virtualenv.py took 0.098 seconds
[2026-06-08T14:10:45.295+0000] {processor.py:161} INFO - Started process (PID=117133) to work on /home/airflow/.local/lib/python3.12/site-packages/airflow/example_dags/tutorial_taskflow_api_virtualenv.py
[2026-06-08T14:10:45.296+0000] {processor.py:830} INFO - Processing file /home/airflow/.local/lib/python3.12/site-packages/airflow/example_dags/tutorial_taskflow_api_virtualenv.py for tasks to queue
[2026-06-08T14:10:45.298+0000] {logging_mixin.py:188} INFO - [2026-06-08T14:10:45.298+0000] {dagbag.py:545} INFO - Filling up the DagBag from /home/airflow/.local/lib/python3.12/site-packages/airflow/example_dags/tutorial_taskflow_api_virtualenv.py
[2026-06-08T14:10:45.311+0000] {processor.py:840} INFO - DAG(s) 'tutorial_taskflow_api_virtualenv' retrieved from /home/airflow/.local/lib/python3.12/site-packages/airflow/example_dags/tutorial_taskflow_api_virtualenv.py
[2026-06-08T14:10:45.337+0000] {logging_mixin.py:188} INFO - [2026-06-08T14:10:45.337+0000] {dag.py:3096} INFO - Sync 1 DAGs
[2026-06-08T14:10:45.351+0000] {logging_mixin.py:188} INFO - [2026-06-08T14:10:45.351+0000] {dag.py:3954} INFO - Setting next_dagrun for tutorial_taskflow_api_virtualenv to None, run_after=None
[2026-06-08T14:10:45.377+0000] {processor.py:183} INFO - Processing /home/airflow/.local/lib/python3.12/site-packages/airflow/example_dags/tutorial_taskflow_api_virtualenv.py took 0.089 seconds
[2026-06-08T14:11:15.984+0000] {processor.py:161} INFO - Started process (PID=117397) to work on /home/airflow/.local/lib/python3.12/site-packages/airflow/example_dags/tutorial_taskflow_api_virtualenv.py
[2026-06-08T14:11:15.985+0000] {processor.py:830} INFO - Processing file /home/airflow/.local/lib/python3.12/site-packages/airflow/example_dags/tutorial_taskflow_api_virtualenv.py for tasks to queue
[2026-06-08T14:11:15.987+0000] {logging_mixin.py:188} INFO - [2026-06-08T14:11:15.987+0000] {dagbag.py:545} INFO - Filling up the DagBag from /home/airflow/.local/lib/python3.12/site-packages/airflow/example_dags/tutorial_taskflow_api_virtualenv.py
[2026-06-08T14:11:15.998+0000] {processor.py:840} INFO - DAG(s) 'tutorial_taskflow_api_virtualenv' retrieved from /home/airflow/.local/lib/python3.12/site-packages/airflow/example_dags/tutorial_taskflow_api_virtualenv.py
[2026-06-08T14:11:16.023+0000] {logging_mixin.py:188} INFO - [2026-06-08T14:11:16.022+0000] {dag.py:3096} INFO - Sync 1 DAGs
[2026-06-08T14:11:16.039+0000] {logging_mixin.py:188} INFO - [2026-06-08T14:11:16.039+0000] {dag.py:3954} INFO - Setting next_dagrun for tutorial_taskflow_api_virtualenv to None, run_after=None
[2026-06-08T14:11:16.064+0000] {processor.py:183} INFO - Processing /home/airflow/.local/lib/python3.12/site-packages/airflow/example_dags/tutorial_taskflow_api_virtualenv.py took 0.087 seconds
[2026-06-08T14:11:46.861+0000] {processor.py:161} INFO - Started process (PID=117657) to work on /home/airflow/.local/lib/python3.12/site-packages/airflow/example_dags/tutorial_taskflow_api_virtualenv.py
[2026-06-08T14:11:46.862+0000] {processor.py:830} INFO - Processing file /home/airflow/.local/lib/python3.12/site-packages/airflow/example_dags/tutorial_taskflow_api_virtualenv.py for tasks to queue
[2026-06-08T14:11:46.865+0000] {logging_mixin.py:188} INFO - [2026-06-08T14:11:46.865+0000] {dagbag.py:545} INFO - Filling up the DagBag from /home/airflow/.local/lib/python3.12/site-packages/airflow/example_dags/tutorial_taskflow_api_virtualenv.py
[2026-06-08T14:11:46.877+0000] {processor.py:840} INFO - DAG(s) 'tutorial_taskflow_api_virtualenv' retrieved from /home/airflow/.local/lib/python3.12/site-packages/airflow/example_dags/tutorial_taskflow_api_virtualenv.py
[2026-06-08T14:11:46.902+0000] {logging_mixin.py:188} INFO - [2026-06-08T14:11:46.902+0000] {dag.py:3096} INFO - Sync 1 DAGs
[2026-06-08T14:11:46.918+0000] {logging_mixin.py:188} INFO - [2026-06-08T14:11:46.918+0000] {dag.py:3954} INFO - Setting next_dagrun for tutorial_taskflow_api_virtualenv to None, run_after=None
[2026-06-08T14:11:46.949+0000] {processor.py:183} INFO - Processing /home/airflow/.local/lib/python3.12/site-packages/airflow/example_dags/tutorial_taskflow_api_virtualenv.py took 0.094 seconds
[2026-06-08T14:12:18.119+0000] {processor.py:161} INFO - Started process (PID=117919) to work on /home/airflow/.local/lib/python3.12/site-packages/airflow/example_dags/tutorial_taskflow_api_virtualenv.py
[2026-06-08T14:12:18.121+0000] {processor.py:830} INFO - Processing file /home/airflow/.local/lib/python3.12/site-packages/airflow/example_dags/tutorial_taskflow_api_virtualenv.py for tasks to queue
[2026-06-08T14:12:18.124+0000] {logging_mixin.py:188} INFO - [2026-06-08T14:12:18.123+0000] {dagbag.py:545} INFO - Filling up the DagBag from /home/airflow/.local/lib/python3.12/site-packages/airflow/example_dags/tutorial_taskflow_api_virtualenv.py
[2026-06-08T14:12:18.137+0000] {processor.py:840} INFO - DAG(s) 'tutorial_taskflow_api_virtualenv' retrieved from /home/airflow/.local/lib/python3.12/site-packages/airflow/example_dags/tutorial_taskflow_api_virtualenv.py
[2026-06-08T14:12:18.166+0000] {logging_mixin.py:188} INFO - [2026-06-08T14:12:18.165+0000] {dag.py:3096} INFO - Sync 1 DAGs
[2026-06-08T14:12:18.182+0000] {logging_mixin.py:188} INFO - [2026-06-08T14:12:18.181+0000] {dag.py:3954} INFO - Setting next_dagrun for tutorial_taskflow_api_virtualenv to None, run_after=None
[2026-06-08T14:12:18.217+0000] {processor.py:183} INFO - Processing /home/airflow/.local/lib/python3.12/site-packages/airflow/example_dags/tutorial_taskflow_api_virtualenv.py took 0.105 seconds
[2026-06-08T14:12:48.321+0000] {processor.py:161} INFO - Started process (PID=118181) to work on /home/airflow/.local/lib/python3.12/site-packages/airflow/example_dags/tutorial_taskflow_api_virtualenv.py
[2026-06-08T14:12:48.322+0000] {processor.py:830} INFO - Processing file /home/airflow/.local/lib/python3.12/site-packages/airflow/example_dags/tutorial_taskflow_api_virtualenv.py for tasks to queue
[2026-06-08T14:12:48.325+0000] {logging_mixin.py:188} INFO - [2026-06-08T14:12:48.325+0000] {dagbag.py:545} INFO - Filling up the DagBag from /home/airflow/.local/lib/python3.12/site-packages/airflow/example_dags/tutorial_taskflow_api_virtualenv.py
[2026-06-08T14:12:48.337+0000] {processor.py:840} INFO - DAG(s) 'tutorial_taskflow_api_virtualenv' retrieved from /home/airflow/.local/lib/python3.12/site-packages/airflow/example_dags/tutorial_taskflow_api_virtualenv.py
[2026-06-08T14:12:48.366+0000] {logging_mixin.py:188} INFO - [2026-06-08T14:12:48.365+0000] {dag.py:3096} INFO - Sync 1 DAGs
[2026-06-08T14:12:48.382+0000] {logging_mixin.py:188} INFO - [2026-06-08T14:12:48.381+0000] {dag.py:3954} INFO - Setting next_dagrun for tutorial_taskflow_api_virtualenv to None, run_after=None
[2026-06-08T14:12:48.416+0000] {processor.py:183} INFO - Processing /home/airflow/.local/lib/python3.12/site-packages/airflow/example_dags/tutorial_taskflow_api_virtualenv.py took 0.102 seconds
[2026-06-08T14:13:18.477+0000] {processor.py:161} INFO - Started process (PID=118440) to work on /home/airflow/.local/lib/python3.12/site-packages/airflow/example_dags/tutorial_taskflow_api_virtualenv.py
[2026-06-08T14:13:18.479+0000] {processor.py:830} INFO - Processing file /home/airflow/.local/lib/python3.12/site-packages/airflow/example_dags/tutorial_taskflow_api_virtualenv.py for tasks to queue
[2026-06-08T14:13:18.481+0000] {logging_mixin.py:188} INFO - [2026-06-08T14:13:18.480+0000] {dagbag.py:545} INFO - Filling up the DagBag from /home/airflow/.local/lib/python3.12/site-packages/airflow/example_dags/tutorial_taskflow_api_virtualenv.py
[2026-06-08T14:13:18.491+0000] {processor.py:840} INFO - DAG(s) 'tutorial_taskflow_api_virtualenv' retrieved from /home/airflow/.local/lib/python3.12/site-packages/airflow/example_dags/tutorial_taskflow_api_virtualenv.py
[2026-06-08T14:13:18.515+0000] {logging_mixin.py:188} INFO - [2026-06-08T14:13:18.515+0000] {dag.py:3096} INFO - Sync 1 DAGs
[2026-06-08T14:13:18.531+0000] {logging_mixin.py:188} INFO - [2026-06-08T14:13:18.530+0000] {dag.py:3954} INFO - Setting next_dagrun for tutorial_taskflow_api_virtualenv to None, run_after=None
[2026-06-08T14:13:18.555+0000] {processor.py:183} INFO - Processing /home/airflow/.local/lib/python3.12/site-packages/airflow/example_dags/tutorial_taskflow_api_virtualenv.py took 0.086 seconds
[2026-06-08T14:13:48.649+0000] {processor.py:161} INFO - Started process (PID=118700) to work on /home/airflow/.local/lib/python3.12/site-packages/airflow/example_dags/tutorial_taskflow_api_virtualenv.py
[2026-06-08T14:13:48.650+0000] {processor.py:830} INFO - Processing file /home/airflow/.local/lib/python3.12/site-packages/airflow/example_dags/tutorial_taskflow_api_virtualenv.py for tasks to queue
[2026-06-08T14:13:48.652+0000] {logging_mixin.py:188} INFO - [2026-06-08T14:13:48.652+0000] {dagbag.py:545} INFO - Filling up the DagBag from /home/airflow/.local/lib/python3.12/site-packages/airflow/example_dags/tutorial_taskflow_api_virtualenv.py
[2026-06-08T14:13:48.666+0000] {processor.py:840} INFO - DAG(s) 'tutorial_taskflow_api_virtualenv' retrieved from /home/airflow/.local/lib/python3.12/site-packages/airflow/example_dags/tutorial_taskflow_api_virtualenv.py
[2026-06-08T14:13:48.697+0000] {logging_mixin.py:188} INFO - [2026-06-08T14:13:48.696+0000] {dag.py:3096} INFO - Sync 1 DAGs
[2026-06-08T14:13:48.715+0000] {logging_mixin.py:188} INFO - [2026-06-08T14:13:48.715+0000] {dag.py:3954} INFO - Setting next_dagrun for tutorial_taskflow_api_virtualenv to None, run_after=None
[2026-06-08T14:13:48.745+0000] {processor.py:183} INFO - Processing /home/airflow/.local/lib/python3.12/site-packages/airflow/example_dags/tutorial_taskflow_api_virtualenv.py took 0.102 seconds
[2026-06-08T14:14:18.843+0000] {processor.py:161} INFO - Started process (PID=118959) to work on /home/airflow/.local/lib/python3.12/site-packages/airflow/example_dags/tutorial_taskflow_api_virtualenv.py
[2026-06-08T14:14:18.844+0000] {processor.py:830} INFO - Processing file /home/airflow/.local/lib/python3.12/site-packages/airflow/example_dags/tutorial_taskflow_api_virtualenv.py for tasks to queue
[2026-06-08T14:14:18.846+0000] {logging_mixin.py:188} INFO - [2026-06-08T14:14:18.846+0000] {dagbag.py:545} INFO - Filling up the DagBag from /home/airflow/.local/lib/python3.12/site-packages/airflow/example_dags/tutorial_taskflow_api_virtualenv.py
[2026-06-08T14:14:18.857+0000] {processor.py:840} INFO - DAG(s) 'tutorial_taskflow_api_virtualenv' retrieved from /home/airflow/.local/lib/python3.12/site-packages/airflow/example_dags/tutorial_taskflow_api_virtualenv.py
[2026-06-08T14:14:18.881+0000] {logging_mixin.py:188} INFO - [2026-06-08T14:14:18.881+0000] {dag.py:3096} INFO - Sync 1 DAGs
[2026-06-08T14:14:18.894+0000] {logging_mixin.py:188} INFO - [2026-06-08T14:14:18.894+0000] {dag.py:3954} INFO - Setting next_dagrun for tutorial_taskflow_api_virtualenv to None, run_after=None
[2026-06-08T14:14:18.919+0000] {processor.py:183} INFO - Processing /home/airflow/.local/lib/python3.12/site-packages/airflow/example_dags/tutorial_taskflow_api_virtualenv.py took 0.083 seconds
[2026-06-08T14:14:50.254+0000] {processor.py:161} INFO - Started process (PID=119230) to work on /home/airflow/.local/lib/python3.12/site-packages/airflow/example_dags/tutorial_taskflow_api_virtualenv.py
[2026-06-08T14:14:50.255+0000] {processor.py:830} INFO - Processing file /home/airflow/.local/lib/python3.12/site-packages/airflow/example_dags/tutorial_taskflow_api_virtualenv.py for tasks to queue
[2026-06-08T14:14:50.258+0000] {logging_mixin.py:188} INFO - [2026-06-08T14:14:50.257+0000] {dagbag.py:545} INFO - Filling up the DagBag from /home/airflow/.local/lib/python3.12/site-packages/airflow/example_dags/tutorial_taskflow_api_virtualenv.py
[2026-06-08T14:14:50.267+0000] {processor.py:840} INFO - DAG(s) 'tutorial_taskflow_api_virtualenv' retrieved from /home/airflow/.local/lib/python3.12/site-packages/airflow/example_dags/tutorial_taskflow_api_virtualenv.py
[2026-06-08T14:14:50.290+0000] {logging_mixin.py:188} INFO - [2026-06-08T14:14:50.290+0000] {dag.py:3096} INFO - Sync 1 DAGs
[2026-06-08T14:14:50.303+0000] {logging_mixin.py:188} INFO - [2026-06-08T14:14:50.303+0000] {dag.py:3954} INFO - Setting next_dagrun for tutorial_taskflow_api_virtualenv to None, run_after=None
[2026-06-08T14:14:50.338+0000] {processor.py:183} INFO - Processing /home/airflow/.local/lib/python3.12/site-packages/airflow/example_dags/tutorial_taskflow_api_virtualenv.py took 0.089 seconds
[2026-06-08T14:15:21.200+0000] {processor.py:161} INFO - Started process (PID=119494) to work on /home/airflow/.local/lib/python3.12/site-packages/airflow/example_dags/tutorial_taskflow_api_virtualenv.py
[2026-06-08T14:15:21.202+0000] {processor.py:830} INFO - Processing file /home/airflow/.local/lib/python3.12/site-packages/airflow/example_dags/tutorial_taskflow_api_virtualenv.py for tasks to queue
[2026-06-08T14:15:21.204+0000] {logging_mixin.py:188} INFO - [2026-06-08T14:15:21.203+0000] {dagbag.py:545} INFO - Filling up the DagBag from /home/airflow/.local/lib/python3.12/site-packages/airflow/example_dags/tutorial_taskflow_api_virtualenv.py
[2026-06-08T14:15:21.215+0000] {processor.py:840} INFO - DAG(s) 'tutorial_taskflow_api_virtualenv' retrieved from /home/airflow/.local/lib/python3.12/site-packages/airflow/example_dags/tutorial_taskflow_api_virtualenv.py
[2026-06-08T14:15:21.242+0000] {logging_mixin.py:188} INFO - [2026-06-08T14:15:21.241+0000] {dag.py:3096} INFO - Sync 1 DAGs
[2026-06-08T14:15:21.258+0000] {logging_mixin.py:188} INFO - [2026-06-08T14:15:21.258+0000] {dag.py:3954} INFO - Setting next_dagrun for tutorial_taskflow_api_virtualenv to None, run_after=None
[2026-06-08T14:15:21.288+0000] {processor.py:183} INFO - Processing /home/airflow/.local/lib/python3.12/site-packages/airflow/example_dags/tutorial_taskflow_api_virtualenv.py took 0.095 seconds
[2026-06-08T14:15:51.537+0000] {processor.py:161} INFO - Started process (PID=119756) to work on /home/airflow/.local/lib/python3.12/site-packages/airflow/example_dags/tutorial_taskflow_api_virtualenv.py
[2026-06-08T14:15:51.539+0000] {processor.py:830} INFO - Processing file /home/airflow/.local/lib/python3.12/site-packages/airflow/example_dags/tutorial_taskflow_api_virtualenv.py for tasks to queue
[2026-06-08T14:15:51.541+0000] {logging_mixin.py:188} INFO - [2026-06-08T14:15:51.541+0000] {dagbag.py:545} INFO - Filling up the DagBag from /home/airflow/.local/lib/python3.12/site-packages/airflow/example_dags/tutorial_taskflow_api_virtualenv.py
[2026-06-08T14:15:51.552+0000] {processor.py:840} INFO - DAG(s) 'tutorial_taskflow_api_virtualenv' retrieved from /home/airflow/.local/lib/python3.12/site-packages/airflow/example_dags/tutorial_taskflow_api_virtualenv.py
[2026-06-08T14:15:51.578+0000] {logging_mixin.py:188} INFO - [2026-06-08T14:15:51.578+0000] {dag.py:3096} INFO - Sync 1 DAGs
[2026-06-08T14:15:51.594+0000] {logging_mixin.py:188} INFO - [2026-06-08T14:15:51.593+0000] {dag.py:3954} INFO - Setting next_dagrun for tutorial_taskflow_api_virtualenv to None, run_after=None
[2026-06-08T14:15:51.619+0000] {processor.py:183} INFO - Processing /home/airflow/.local/lib/python3.12/site-packages/airflow/example_dags/tutorial_taskflow_api_virtualenv.py took 0.089 seconds
[2026-06-08T14:16:22.341+0000] {processor.py:161} INFO - Started process (PID=120018) to work on /home/airflow/.local/lib/python3.12/site-packages/airflow/example_dags/tutorial_taskflow_api_virtualenv.py
[2026-06-08T14:16:22.342+0000] {processor.py:830} INFO - Processing file /home/airflow/.local/lib/python3.12/site-packages/airflow/example_dags/tutorial_taskflow_api_virtualenv.py for tasks to queue
[2026-06-08T14:16:22.345+0000] {logging_mixin.py:188} INFO - [2026-06-08T14:16:22.344+0000] {dagbag.py:545} INFO - Filling up the DagBag from /home/airflow/.local/lib/python3.12/site-packages/airflow/example_dags/tutorial_taskflow_api_virtualenv.py
[2026-06-08T14:16:22.356+0000] {processor.py:840} INFO - DAG(s) 'tutorial_taskflow_api_virtualenv' retrieved from /home/airflow/.local/lib/python3.12/site-packages/airflow/example_dags/tutorial_taskflow_api_virtualenv.py
[2026-06-08T14:16:22.382+0000] {logging_mixin.py:188} INFO - [2026-06-08T14:16:22.382+0000] {dag.py:3096} INFO - Sync 1 DAGs
[2026-06-08T14:16:22.398+0000] {logging_mixin.py:188} INFO - [2026-06-08T14:16:22.398+0000] {dag.py:3954} INFO - Setting next_dagrun for tutorial_taskflow_api_virtualenv to None, run_after=None
[2026-06-08T14:16:22.428+0000] {processor.py:183} INFO - Processing /home/airflow/.local/lib/python3.12/site-packages/airflow/example_dags/tutorial_taskflow_api_virtualenv.py took 0.093 seconds
[2026-06-08T14:16:52.998+0000] {processor.py:161} INFO - Started process (PID=120280) to work on /home/airflow/.local/lib/python3.12/site-packages/airflow/example_dags/tutorial_taskflow_api_virtualenv.py
[2026-06-08T14:16:52.999+0000] {processor.py:830} INFO - Processing file /home/airflow/.local/lib/python3.12/site-packages/airflow/example_dags/tutorial_taskflow_api_virtualenv.py for tasks to queue
[2026-06-08T14:16:53.002+0000] {logging_mixin.py:188} INFO - [2026-06-08T14:16:53.001+0000] {dagbag.py:545} INFO - Filling up the DagBag from /home/airflow/.local/lib/python3.12/site-packages/airflow/example_dags/tutorial_taskflow_api_virtualenv.py
[2026-06-08T14:16:53.014+0000] {processor.py:840} INFO - DAG(s) 'tutorial_taskflow_api_virtualenv' retrieved from /home/airflow/.local/lib/python3.12/site-packages/airflow/example_dags/tutorial_taskflow_api_virtualenv.py
[2026-06-08T14:16:53.047+0000] {logging_mixin.py:188} INFO - [2026-06-08T14:16:53.046+0000] {dag.py:3096} INFO - Sync 1 DAGs
[2026-06-08T14:16:53.062+0000] {logging_mixin.py:188} INFO - [2026-06-08T14:16:53.062+0000] {dag.py:3954} INFO - Setting next_dagrun for tutorial_taskflow_api_virtualenv to None, run_after=None
[2026-06-08T14:16:53.089+0000] {processor.py:183} INFO - Processing /home/airflow/.local/lib/python3.12/site-packages/airflow/example_dags/tutorial_taskflow_api_virtualenv.py took 0.098 seconds
[2026-06-08T14:17:23.198+0000] {processor.py:161} INFO - Started process (PID=120540) to work on /home/airflow/.local/lib/python3.12/site-packages/airflow/example_dags/tutorial_taskflow_api_virtualenv.py
[2026-06-08T14:17:23.199+0000] {processor.py:830} INFO - Processing file /home/airflow/.local/lib/python3.12/site-packages/airflow/example_dags/tutorial_taskflow_api_virtualenv.py for tasks to queue
[2026-06-08T14:17:23.201+0000] {logging_mixin.py:188} INFO - [2026-06-08T14:17:23.201+0000] {dagbag.py:545} INFO - Filling up the DagBag from /home/airflow/.local/lib/python3.12/site-packages/airflow/example_dags/tutorial_taskflow_api_virtualenv.py
[2026-06-08T14:17:23.212+0000] {processor.py:840} INFO - DAG(s) 'tutorial_taskflow_api_virtualenv' retrieved from /home/airflow/.local/lib/python3.12/site-packages/airflow/example_dags/tutorial_taskflow_api_virtualenv.py
[2026-06-08T14:17:23.237+0000] {logging_mixin.py:188} INFO - [2026-06-08T14:17:23.237+0000] {dag.py:3096} INFO - Sync 1 DAGs
[2026-06-08T14:17:23.252+0000] {logging_mixin.py:188} INFO - [2026-06-08T14:17:23.252+0000] {dag.py:3954} INFO - Setting next_dagrun for tutorial_taskflow_api_virtualenv to None, run_after=None
[2026-06-08T14:17:23.278+0000] {processor.py:183} INFO - Processing /home/airflow/.local/lib/python3.12/site-packages/airflow/example_dags/tutorial_taskflow_api_virtualenv.py took 0.085 seconds
[2026-06-08T14:17:54.002+0000] {processor.py:161} INFO - Started process (PID=120802) to work on /home/airflow/.local/lib/python3.12/site-packages/airflow/example_dags/tutorial_taskflow_api_virtualenv.py
[2026-06-08T14:17:54.003+0000] {processor.py:830} INFO - Processing file /home/airflow/.local/lib/python3.12/site-packages/airflow/example_dags/tutorial_taskflow_api_virtualenv.py for tasks to queue
[2026-06-08T14:17:54.005+0000] {logging_mixin.py:188} INFO - [2026-06-08T14:17:54.005+0000] {dagbag.py:545} INFO - Filling up the DagBag from /home/airflow/.local/lib/python3.12/site-packages/airflow/example_dags/tutorial_taskflow_api_virtualenv.py
[2026-06-08T14:17:54.018+0000] {processor.py:840} INFO - DAG(s) 'tutorial_taskflow_api_virtualenv' retrieved from /home/airflow/.local/lib/python3.12/site-packages/airflow/example_dags/tutorial_taskflow_api_virtualenv.py
[2026-06-08T14:17:54.048+0000] {logging_mixin.py:188} INFO - [2026-06-08T14:17:54.047+0000] {dag.py:3096} INFO - Sync 1 DAGs
[2026-06-08T14:17:54.063+0000] {logging_mixin.py:188} INFO - [2026-06-08T14:17:54.062+0000] {dag.py:3954} INFO - Setting next_dagrun for tutorial_taskflow_api_virtualenv to None, run_after=None
[2026-06-08T14:17:54.089+0000] {processor.py:183} INFO - Processing /home/airflow/.local/lib/python3.12/site-packages/airflow/example_dags/tutorial_taskflow_api_virtualenv.py took 0.096 seconds
[2026-06-08T14:18:24.791+0000] {processor.py:161} INFO - Started process (PID=121066) to work on /home/airflow/.local/lib/python3.12/site-packages/airflow/example_dags/tutorial_taskflow_api_virtualenv.py
[2026-06-08T14:18:24.792+0000] {processor.py:830} INFO - Processing file /home/airflow/.local/lib/python3.12/site-packages/airflow/example_dags/tutorial_taskflow_api_virtualenv.py for tasks to queue
[2026-06-08T14:18:24.795+0000] {logging_mixin.py:188} INFO - [2026-06-08T14:18:24.794+0000] {dagbag.py:545} INFO - Filling up the DagBag from /home/airflow/.local/lib/python3.12/site-packages/airflow/example_dags/tutorial_taskflow_api_virtualenv.py
[2026-06-08T14:18:24.806+0000] {processor.py:840} INFO - DAG(s) 'tutorial_taskflow_api_virtualenv' retrieved from /home/airflow/.local/lib/python3.12/site-packages/airflow/example_dags/tutorial_taskflow_api_virtualenv.py
[2026-06-08T14:18:24.834+0000] {logging_mixin.py:188} INFO - [2026-06-08T14:18:24.834+0000] {dag.py:3096} INFO - Sync 1 DAGs
[2026-06-08T14:18:24.851+0000] {logging_mixin.py:188} INFO - [2026-06-08T14:18:24.851+0000] {dag.py:3954} INFO - Setting next_dagrun for tutorial_taskflow_api_virtualenv to None, run_after=None
[2026-06-08T14:18:24.882+0000] {processor.py:183} INFO - Processing /home/airflow/.local/lib/python3.12/site-packages/airflow/example_dags/tutorial_taskflow_api_virtualenv.py took 0.098 seconds
[2026-06-08T14:18:55.364+0000] {processor.py:161} INFO - Started process (PID=121328) to work on /home/airflow/.local/lib/python3.12/site-packages/airflow/example_dags/tutorial_taskflow_api_virtualenv.py
[2026-06-08T14:18:55.365+0000] {processor.py:830} INFO - Processing file /home/airflow/.local/lib/python3.12/site-packages/airflow/example_dags/tutorial_taskflow_api_virtualenv.py for tasks to queue
[2026-06-08T14:18:55.367+0000] {logging_mixin.py:188} INFO - [2026-06-08T14:18:55.367+0000] {dagbag.py:545} INFO - Filling up the DagBag from /home/airflow/.local/lib/python3.12/site-packages/airflow/example_dags/tutorial_taskflow_api_virtualenv.py
[2026-06-08T14:18:55.379+0000] {processor.py:840} INFO - DAG(s) 'tutorial_taskflow_api_virtualenv' retrieved from /home/airflow/.local/lib/python3.12/site-packages/airflow/example_dags/tutorial_taskflow_api_virtualenv.py
[2026-06-08T14:18:55.404+0000] {logging_mixin.py:188} INFO - [2026-06-08T14:18:55.404+0000] {dag.py:3096} INFO - Sync 1 DAGs
[2026-06-08T14:18:55.418+0000] {logging_mixin.py:188} INFO - [2026-06-08T14:18:55.417+0000] {dag.py:3954} INFO - Setting next_dagrun for tutorial_taskflow_api_virtualenv to None, run_after=None
[2026-06-08T14:18:55.445+0000] {processor.py:183} INFO - Processing /home/airflow/.local/lib/python3.12/site-packages/airflow/example_dags/tutorial_taskflow_api_virtualenv.py took 0.088 seconds
[2026-06-08T14:19:25.904+0000] {processor.py:161} INFO - Started process (PID=121590) to work on /home/airflow/.local/lib/python3.12/site-packages/airflow/example_dags/tutorial_taskflow_api_virtualenv.py
[2026-06-08T14:19:25.906+0000] {processor.py:830} INFO - Processing file /home/airflow/.local/lib/python3.12/site-packages/airflow/example_dags/tutorial_taskflow_api_virtualenv.py for tasks to queue
[2026-06-08T14:19:25.908+0000] {logging_mixin.py:188} INFO - [2026-06-08T14:19:25.908+0000] {dagbag.py:545} INFO - Filling up the DagBag from /home/airflow/.local/lib/python3.12/site-packages/airflow/example_dags/tutorial_taskflow_api_virtualenv.py
[2026-06-08T14:19:25.920+0000] {processor.py:840} INFO - DAG(s) 'tutorial_taskflow_api_virtualenv' retrieved from /home/airflow/.local/lib/python3.12/site-packages/airflow/example_dags/tutorial_taskflow_api_virtualenv.py
[2026-06-08T14:19:25.946+0000] {logging_mixin.py:188} INFO - [2026-06-08T14:19:25.945+0000] {dag.py:3096} INFO - Sync 1 DAGs
[2026-06-08T14:19:25.962+0000] {logging_mixin.py:188} INFO - [2026-06-08T14:19:25.961+0000] {dag.py:3954} INFO - Setting next_dagrun for tutorial_taskflow_api_virtualenv to None, run_after=None
[2026-06-08T14:19:25.988+0000] {processor.py:183} INFO - Processing /home/airflow/.local/lib/python3.12/site-packages/airflow/example_dags/tutorial_taskflow_api_virtualenv.py took 0.091 seconds
[2026-06-08T14:19:56.432+0000] {processor.py:161} INFO - Started process (PID=121850) to work on /home/airflow/.local/lib/python3.12/site-packages/airflow/example_dags/tutorial_taskflow_api_virtualenv.py
[2026-06-08T14:19:56.434+0000] {processor.py:830} INFO - Processing file /home/airflow/.local/lib/python3.12/site-packages/airflow/example_dags/tutorial_taskflow_api_virtualenv.py for tasks to queue
[2026-06-08T14:19:56.436+0000] {logging_mixin.py:188} INFO - [2026-06-08T14:19:56.436+0000] {dagbag.py:545} INFO - Filling up the DagBag from /home/airflow/.local/lib/python3.12/site-packages/airflow/example_dags/tutorial_taskflow_api_virtualenv.py
[2026-06-08T14:19:56.452+0000] {processor.py:840} INFO - DAG(s) 'tutorial_taskflow_api_virtualenv' retrieved from /home/airflow/.local/lib/python3.12/site-packages/airflow/example_dags/tutorial_taskflow_api_virtualenv.py
[2026-06-08T14:19:56.482+0000] {logging_mixin.py:188} INFO - [2026-06-08T14:19:56.482+0000] {dag.py:3096} INFO - Sync 1 DAGs
[2026-06-08T14:19:56.499+0000] {logging_mixin.py:188} INFO - [2026-06-08T14:19:56.498+0000] {dag.py:3954} INFO - Setting next_dagrun for tutorial_taskflow_api_virtualenv to None, run_after=None
[2026-06-08T14:19:56.528+0000] {processor.py:183} INFO - Processing /home/airflow/.local/lib/python3.12/site-packages/airflow/example_dags/tutorial_taskflow_api_virtualenv.py took 0.104 seconds
[2026-06-08T14:20:27.182+0000] {processor.py:161} INFO - Started process (PID=122112) to work on /home/airflow/.local/lib/python3.12/site-packages/airflow/example_dags/tutorial_taskflow_api_virtualenv.py
[2026-06-08T14:20:27.183+0000] {processor.py:830} INFO - Processing file /home/airflow/.local/lib/python3.12/site-packages/airflow/example_dags/tutorial_taskflow_api_virtualenv.py for tasks to queue
[2026-06-08T14:20:27.186+0000] {logging_mixin.py:188} INFO - [2026-06-08T14:20:27.186+0000] {dagbag.py:545} INFO - Filling up the DagBag from /home/airflow/.local/lib/python3.12/site-packages/airflow/example_dags/tutorial_taskflow_api_virtualenv.py
[2026-06-08T14:20:27.197+0000] {processor.py:840} INFO - DAG(s) 'tutorial_taskflow_api_virtualenv' retrieved from /home/airflow/.local/lib/python3.12/site-packages/airflow/example_dags/tutorial_taskflow_api_virtualenv.py
[2026-06-08T14:20:27.227+0000] {logging_mixin.py:188} INFO - [2026-06-08T14:20:27.227+0000] {dag.py:3096} INFO - Sync 1 DAGs
[2026-06-08T14:20:27.244+0000] {logging_mixin.py:188} INFO - [2026-06-08T14:20:27.244+0000] {dag.py:3954} INFO - Setting next_dagrun for tutorial_taskflow_api_virtualenv to None, run_after=None
[2026-06-08T14:20:27.274+0000] {processor.py:183} INFO - Processing /home/airflow/.local/lib/python3.12/site-packages/airflow/example_dags/tutorial_taskflow_api_virtualenv.py took 0.099 seconds
[2026-06-08T14:20:57.517+0000] {processor.py:161} INFO - Started process (PID=122374) to work on /home/airflow/.local/lib/python3.12/site-packages/airflow/example_dags/tutorial_taskflow_api_virtualenv.py
[2026-06-08T14:20:57.519+0000] {processor.py:830} INFO - Processing file /home/airflow/.local/lib/python3.12/site-packages/airflow/example_dags/tutorial_taskflow_api_virtualenv.py for tasks to queue
[2026-06-08T14:20:57.522+0000] {logging_mixin.py:188} INFO - [2026-06-08T14:20:57.522+0000] {dagbag.py:545} INFO - Filling up the DagBag from /home/airflow/.local/lib/python3.12/site-packages/airflow/example_dags/tutorial_taskflow_api_virtualenv.py
[2026-06-08T14:20:57.536+0000] {processor.py:840} INFO - DAG(s) 'tutorial_taskflow_api_virtualenv' retrieved from /home/airflow/.local/lib/python3.12/site-packages/airflow/example_dags/tutorial_taskflow_api_virtualenv.py
[2026-06-08T14:20:57.566+0000] {logging_mixin.py:188} INFO - [2026-06-08T14:20:57.566+0000] {dag.py:3096} INFO - Sync 1 DAGs
[2026-06-08T14:20:57.587+0000] {logging_mixin.py:188} INFO - [2026-06-08T14:20:57.586+0000] {dag.py:3954} INFO - Setting next_dagrun for tutorial_taskflow_api_virtualenv to None, run_after=None
[2026-06-08T14:20:57.618+0000] {processor.py:183} INFO - Processing /home/airflow/.local/lib/python3.12/site-packages/airflow/example_dags/tutorial_taskflow_api_virtualenv.py took 0.111 seconds
[2026-06-08T14:21:27.922+0000] {processor.py:161} INFO - Started process (PID=122644) to work on /home/airflow/.local/lib/python3.12/site-packages/airflow/example_dags/tutorial_taskflow_api_virtualenv.py
[2026-06-08T14:21:27.923+0000] {processor.py:830} INFO - Processing file /home/airflow/.local/lib/python3.12/site-packages/airflow/example_dags/tutorial_taskflow_api_virtualenv.py for tasks to queue
[2026-06-08T14:21:27.927+0000] {logging_mixin.py:188} INFO - [2026-06-08T14:21:27.926+0000] {dagbag.py:545} INFO - Filling up the DagBag from /home/airflow/.local/lib/python3.12/site-packages/airflow/example_dags/tutorial_taskflow_api_virtualenv.py
[2026-06-08T14:21:27.942+0000] {processor.py:840} INFO - DAG(s) 'tutorial_taskflow_api_virtualenv' retrieved from /home/airflow/.local/lib/python3.12/site-packages/airflow/example_dags/tutorial_taskflow_api_virtualenv.py
[2026-06-08T14:21:27.970+0000] {logging_mixin.py:188} INFO - [2026-06-08T14:21:27.970+0000] {dag.py:3096} INFO - Sync 1 DAGs
[2026-06-08T14:21:27.992+0000] {logging_mixin.py:188} INFO - [2026-06-08T14:21:27.991+0000] {dag.py:3954} INFO - Setting next_dagrun for tutorial_taskflow_api_virtualenv to None, run_after=None
[2026-06-08T14:21:28.027+0000] {processor.py:183} INFO - Processing /home/airflow/.local/lib/python3.12/site-packages/airflow/example_dags/tutorial_taskflow_api_virtualenv.py took 0.113 seconds
[2026-06-08T14:21:58.761+0000] {processor.py:161} INFO - Started process (PID=122906) to work on /home/airflow/.local/lib/python3.12/site-packages/airflow/example_dags/tutorial_taskflow_api_virtualenv.py
[2026-06-08T14:21:58.762+0000] {processor.py:830} INFO - Processing file /home/airflow/.local/lib/python3.12/site-packages/airflow/example_dags/tutorial_taskflow_api_virtualenv.py for tasks to queue
[2026-06-08T14:21:58.768+0000] {logging_mixin.py:188} INFO - [2026-06-08T14:21:58.767+0000] {dagbag.py:545} INFO - Filling up the DagBag from /home/airflow/.local/lib/python3.12/site-packages/airflow/example_dags/tutorial_taskflow_api_virtualenv.py
[2026-06-08T14:21:58.786+0000] {processor.py:840} INFO - DAG(s) 'tutorial_taskflow_api_virtualenv' retrieved from /home/airflow/.local/lib/python3.12/site-packages/airflow/example_dags/tutorial_taskflow_api_virtualenv.py
[2026-06-08T14:21:58.825+0000] {logging_mixin.py:188} INFO - [2026-06-08T14:21:58.825+0000] {dag.py:3096} INFO - Sync 1 DAGs
[2026-06-08T14:21:58.847+0000] {logging_mixin.py:188} INFO - [2026-06-08T14:21:58.847+0000] {dag.py:3954} INFO - Setting next_dagrun for tutorial_taskflow_api_virtualenv to None, run_after=None
[2026-06-08T14:21:58.884+0000] {processor.py:183} INFO - Processing /home/airflow/.local/lib/python3.12/site-packages/airflow/example_dags/tutorial_taskflow_api_virtualenv.py took 0.134 seconds
[2026-06-08T14:22:29.195+0000] {processor.py:161} INFO - Started process (PID=123170) to work on /home/airflow/.local/lib/python3.12/site-packages/airflow/example_dags/tutorial_taskflow_api_virtualenv.py
[2026-06-08T14:22:29.196+0000] {processor.py:830} INFO - Processing file /home/airflow/.local/lib/python3.12/site-packages/airflow/example_dags/tutorial_taskflow_api_virtualenv.py for tasks to queue
[2026-06-08T14:22:29.199+0000] {logging_mixin.py:188} INFO - [2026-06-08T14:22:29.198+0000] {dagbag.py:545} INFO - Filling up the DagBag from /home/airflow/.local/lib/python3.12/site-packages/airflow/example_dags/tutorial_taskflow_api_virtualenv.py
[2026-06-08T14:22:29.210+0000] {processor.py:840} INFO - DAG(s) 'tutorial_taskflow_api_virtualenv' retrieved from /home/airflow/.local/lib/python3.12/site-packages/airflow/example_dags/tutorial_taskflow_api_virtualenv.py
[2026-06-08T14:22:29.235+0000] {logging_mixin.py:188} INFO - [2026-06-08T14:22:29.235+0000] {dag.py:3096} INFO - Sync 1 DAGs
[2026-06-08T14:22:29.249+0000] {logging_mixin.py:188} INFO - [2026-06-08T14:22:29.248+0000] {dag.py:3954} INFO - Setting next_dagrun for tutorial_taskflow_api_virtualenv to None, run_after=None
[2026-06-08T14:22:29.272+0000] {processor.py:183} INFO - Processing /home/airflow/.local/lib/python3.12/site-packages/airflow/example_dags/tutorial_taskflow_api_virtualenv.py took 0.083 seconds
[2026-06-08T14:22:59.410+0000] {processor.py:161} INFO - Started process (PID=123432) to work on /home/airflow/.local/lib/python3.12/site-packages/airflow/example_dags/tutorial_taskflow_api_virtualenv.py
[2026-06-08T14:22:59.411+0000] {processor.py:830} INFO - Processing file /home/airflow/.local/lib/python3.12/site-packages/airflow/example_dags/tutorial_taskflow_api_virtualenv.py for tasks to queue
[2026-06-08T14:22:59.414+0000] {logging_mixin.py:188} INFO - [2026-06-08T14:22:59.413+0000] {dagbag.py:545} INFO - Filling up the DagBag from /home/airflow/.local/lib/python3.12/site-packages/airflow/example_dags/tutorial_taskflow_api_virtualenv.py
[2026-06-08T14:22:59.423+0000] {processor.py:840} INFO - DAG(s) 'tutorial_taskflow_api_virtualenv' retrieved from /home/airflow/.local/lib/python3.12/site-packages/airflow/example_dags/tutorial_taskflow_api_virtualenv.py
[2026-06-08T14:22:59.446+0000] {logging_mixin.py:188} INFO - [2026-06-08T14:22:59.445+0000] {dag.py:3096} INFO - Sync 1 DAGs
[2026-06-08T14:22:59.459+0000] {logging_mixin.py:188} INFO - [2026-06-08T14:22:59.459+0000] {dag.py:3954} INFO - Setting next_dagrun for tutorial_taskflow_api_virtualenv to None, run_after=None
[2026-06-08T14:22:59.482+0000] {processor.py:183} INFO - Processing /home/airflow/.local/lib/python3.12/site-packages/airflow/example_dags/tutorial_taskflow_api_virtualenv.py took 0.078 seconds
[2026-06-08T14:23:29.784+0000] {processor.py:161} INFO - Started process (PID=123692) to work on /home/airflow/.local/lib/python3.12/site-packages/airflow/example_dags/tutorial_taskflow_api_virtualenv.py
[2026-06-08T14:23:29.786+0000] {processor.py:830} INFO - Processing file /home/airflow/.local/lib/python3.12/site-packages/airflow/example_dags/tutorial_taskflow_api_virtualenv.py for tasks to queue
[2026-06-08T14:23:29.788+0000] {logging_mixin.py:188} INFO - [2026-06-08T14:23:29.788+0000] {dagbag.py:545} INFO - Filling up the DagBag from /home/airflow/.local/lib/python3.12/site-packages/airflow/example_dags/tutorial_taskflow_api_virtualenv.py
[2026-06-08T14:23:29.800+0000] {processor.py:840} INFO - DAG(s) 'tutorial_taskflow_api_virtualenv' retrieved from /home/airflow/.local/lib/python3.12/site-packages/airflow/example_dags/tutorial_taskflow_api_virtualenv.py
[2026-06-08T14:23:29.826+0000] {logging_mixin.py:188} INFO - [2026-06-08T14:23:29.825+0000] {dag.py:3096} INFO - Sync 1 DAGs
[2026-06-08T14:23:29.846+0000] {logging_mixin.py:188} INFO - [2026-06-08T14:23:29.845+0000] {dag.py:3954} INFO - Setting next_dagrun for tutorial_taskflow_api_virtualenv to None, run_after=None
[2026-06-08T14:23:29.878+0000] {processor.py:183} INFO - Processing /home/airflow/.local/lib/python3.12/site-packages/airflow/example_dags/tutorial_taskflow_api_virtualenv.py took 0.100 seconds
[2026-06-08T14:24:00.496+0000] {processor.py:161} INFO - Started process (PID=123956) to work on /home/airflow/.local/lib/python3.12/site-packages/airflow/example_dags/tutorial_taskflow_api_virtualenv.py
[2026-06-08T14:24:00.499+0000] {processor.py:830} INFO - Processing file /home/airflow/.local/lib/python3.12/site-packages/airflow/example_dags/tutorial_taskflow_api_virtualenv.py for tasks to queue
[2026-06-08T14:24:00.501+0000] {logging_mixin.py:188} INFO - [2026-06-08T14:24:00.500+0000] {dagbag.py:545} INFO - Filling up the DagBag from /home/airflow/.local/lib/python3.12/site-packages/airflow/example_dags/tutorial_taskflow_api_virtualenv.py
[2026-06-08T14:24:00.511+0000] {processor.py:840} INFO - DAG(s) 'tutorial_taskflow_api_virtualenv' retrieved from /home/airflow/.local/lib/python3.12/site-packages/airflow/example_dags/tutorial_taskflow_api_virtualenv.py
[2026-06-08T14:24:00.534+0000] {logging_mixin.py:188} INFO - [2026-06-08T14:24:00.534+0000] {dag.py:3096} INFO - Sync 1 DAGs
[2026-06-08T14:24:00.547+0000] {logging_mixin.py:188} INFO - [2026-06-08T14:24:00.546+0000] {dag.py:3954} INFO - Setting next_dagrun for tutorial_taskflow_api_virtualenv to None, run_after=None
[2026-06-08T14:24:00.573+0000] {processor.py:183} INFO - Processing /home/airflow/.local/lib/python3.12/site-packages/airflow/example_dags/tutorial_taskflow_api_virtualenv.py took 0.082 seconds
[2026-06-08T14:39:33.621+0000] {processor.py:161} INFO - Started process (PID=124217) to work on /home/airflow/.local/lib/python3.12/site-packages/airflow/example_dags/tutorial_taskflow_api_virtualenv.py
[2026-06-08T14:39:33.624+0000] {processor.py:830} INFO - Processing file /home/airflow/.local/lib/python3.12/site-packages/airflow/example_dags/tutorial_taskflow_api_virtualenv.py for tasks to queue
[2026-06-08T14:39:33.627+0000] {logging_mixin.py:188} INFO - [2026-06-08T14:39:33.626+0000] {dagbag.py:545} INFO - Filling up the DagBag from /home/airflow/.local/lib/python3.12/site-packages/airflow/example_dags/tutorial_taskflow_api_virtualenv.py
[2026-06-08T14:39:33.651+0000] {processor.py:840} INFO - DAG(s) 'tutorial_taskflow_api_virtualenv' retrieved from /home/airflow/.local/lib/python3.12/site-packages/airflow/example_dags/tutorial_taskflow_api_virtualenv.py
[2026-06-08T14:39:33.701+0000] {logging_mixin.py:188} INFO - [2026-06-08T14:39:33.701+0000] {dag.py:3096} INFO - Sync 1 DAGs
[2026-06-08T14:39:33.722+0000] {logging_mixin.py:188} INFO - [2026-06-08T14:39:33.722+0000] {dag.py:3954} INFO - Setting next_dagrun for tutorial_taskflow_api_virtualenv to None, run_after=None
[2026-06-08T14:39:33.766+0000] {processor.py:183} INFO - Processing /home/airflow/.local/lib/python3.12/site-packages/airflow/example_dags/tutorial_taskflow_api_virtualenv.py took 0.168 seconds
